"Key","English","Japanese","Target"
"10","","",""
"11","","",""
"20","","",""
"21","","",""
"40","Equippable By","装備可能キャラクター","可装备角色
Equippable By"
"50","Please Pick One","選択してください","请选择一个
Please Pick One"
"1000","???","？？？","？？？
???"
"1010","Al'e","アルエ","阿尔埃
Al'e"
"1011","Girl","少女","少女
Girl"
"1012","Sharp-Dressed Guard","守り人の少女（正装）","盛装的守护者少女
Sharp-Dressed Guard"
"1013","Guard","守り人の少女","守护者少女
Guard"
"1020","L'gol","ルゴール","鲁戈尔
L'gol"
"1021","Mysterious Boy","謎の少年","神秘少年
Mysterious Boy"
"1022","True L'gol","ルゴール（真の姿）","鲁戈尔（真身）
True L'gol"
"1030","Pulche","プルケ","普尔凯
Pulche"
"1040","Tralis","トラリス","特拉利斯
Tralis"
"1050","Mizar","ミザル","米扎尔
Mizar"
"1051","Mother","ママ","妈妈
Mother"
"1052","Fused Mizar","ミザル（融合体）","米扎尔（融合体）
Fused Mizar"
"2010","Guard's Mother","守り人の少女の母親","守护者少女的母亲
Guard's Mother"
"2020","Senator","鋼の街・議員","议员
Senator"
"2030","Soldier","鋼の街・兵士","士兵
Soldier"
"2031","Dark Warrior","黒き戦士","黑衣战士
Dark Warrior"
"2040","Ringmaster","サーカス団・団長","马戏团团长
Ringmaster"
"2050","Aristocrat","炎の街・貴族","贵族
Aristocrat"
"2060","Orphan","炎の街・孤児","孤儿
Orphan"
"2070","Guru","光の村・教祖","教主
Guru"
"2071","Guru","教祖","教主
Guru"
"2080","Old Woman","氷の村・老婆","老妇人
Old Woman"
"2090","Fairy","妖精","妖精
Fairy"
"2100","Fairy","妖精","妖精
Fairy"
"2110","Wandering Merchant","さすらいの商人","流浪商人
Wandering Merchant"
"3310","Elderly Man","地下の民・お爺さん","地下居民·老人
Elderly Man"
"3320","Old Woman","地下の民・お婆さん","地下居民·老妇人
Old Woman"
"3330","Girl","地下の民・女の子","地下居民·女孩
Girl"
"3340","Young Man","地下の民・青年","地下居民·青年
Young Man"
"3341","Man","男","男子
Man"
"3350","Burly Boy","サーカス団・逞しい青年","马戏团·壮实青年
Burly Boy"
"3360","Mild-mannered Woman","サーカス団・柔和な女性","马戏团·温和女子
Mild-mannered Woman"
"3370","Acrobat","サーカス団・曲芸師","马戏团·杂技演员
Acrobat"
"3380","Clown","サーカス団・ピエロ","马戏团·小丑
Clown"
"3390","Elderly Believer","光の村・信者の老婆","光之村·老年信徒
Elderly Believer"
"3400","Amicable Old Man","光の村・穏やかな老人","光之村·和蔼老人
Amicable Old Man"
"3410","Youthful Believer","光の村・信者の少年","光之村·少年信徒
Youthful Believer"
"3420","Innkeeper","光の村・宿屋","光之村·旅店老板
Innkeeper"
"3430","Apothecary","光の村・薬剤師","光之村·药剂师
Apothecary"
"3440","Mature Woman","熟年の女性","中年女子
Mature Woman"
"3450","Mysterious Woman","謎めいた女性","神秘女子
Mysterious Woman"
"3460","Boy in Flower Crown","花冠の少年","花冠少年
Boy in Flower Crown"
"3470","Man","成人の男性","成年男子
Man"
"3480","Knowledgeable Old Woman","炎の街・物識りな老婆","炎之城·博学老妇
Knowledgeable Old Woman"
"3490","Overheated Man","炎の街・暑苦しい男","炎之城·热血男子
Overheated Man"
"3501","Item Shop Girl","道具屋の看板娘","道具店招牌娘
Item Shop Girl"
"3511","Blacksmith","武器屋の店主","武器店老板
Blacksmith"
"3531","Innkeeper","宿屋の女主人","旅店女老板
Innkeeper"
"3541","Game Parlor Reception","遊戯場の受付","游艺场接待员
Game Parlor Reception"
"3551","Carriage Master","馬車屋の主人","车行老板
Carriage Master"
"3571","Pet Shop Owner","ペットショップの店主","宠物店老板
Pet Shop Owner"
"3580","Iron Figure","鉄の人形","钢铁人偶
Iron Figure"
"4310","Steel Primal","鋼の神獣","钢之神兽
Steel Primal"
"4320","Flame Primal","炎の神獣","炎之神兽
Flame Primal"
"4330","Frost Primal","氷の神獣","冰之神兽
Frost Primal"
"4340","Monster","魔物","魔物
Monster"
"4510","Dark Warrior","黒き戦士","黑衣战士
Dark Warrior"
"4520","Sandprowler Czar","砂賊ノ王","沙贼之王
Sandprowler Czar"
"5001","Burly Boy","逞しい青年","壮实青年
Burly Boy"
"5002","Clown","ピエロ","小丑
Clown"
"5003","Soldier","兵士","士兵
Soldier"
"5004","Merchant","商人の男","男商人
Merchant"
"5005","Acrobat","曲芸師","杂技演员
Acrobat"
"5006","Mild-Mannered Woman","柔和な女性","温和女子
Mild-Mannered Woman"
"5007","Ringmaster","団長","团长
Ringmaster"
"5008","Knowledgeable Old Woman","物識りな老婆","博学老妇
Knowledgeable Old Woman"
"5009","Overheated Man","暑苦しい男","热血男子
Overheated Man"
"5010","Monster Seller","魔物売り","魔物商人
Monster Seller"
"5011","Shop Tout","店の看板娘","店铺招牌娘
Shop Tout"
"5012","Game Parlor Reception","遊戯場の受付","游艺场接待员
Game Parlor Reception"
"5013","Blacksmith","武器屋の店主","武器店老板
Blacksmith"
"10110","Slime","スライム","史莱姆
Slime"
"10120","Venomslime","ベノムスライム","毒史莱姆
Venomslime"
"10210","Yeti","イエティ","雪怪
Yeti"
"10220","Proto-Yeti","イエティ・祖","始祖雪怪
Proto-Yeti"
"10310","Furball","ケダマ","毛球
Furball"
"10320","Mouthy Furball","クチダマ","嘴毛球
Mouthy Furball"
"10410","Wererat","ウェアラット","鼠人
Wererat"
"10420","Proto-Wererat","ウェアラット・祖","始祖鼠人
Proto-Wererat"
"10510","Orc Child","オークキッド","兽人幼崽
Orc Child"
"10520","Orc Wildling","ワイルドオーク","狂野兽人
Orc Wildling"
"10610","Ogre","オーガ","食人魔
Ogre"
"10710","Skull Soldier","スケルトン","骷髅兵
Skull Soldier"
"10720","Lost Soul","ロストソウル","迷失之魂
Lost Soul"
"10730","Proto-Skull Soldier","スケルトン・祖","始祖骷髅兵
Proto-Skull Soldier"
"10810","Wolf","ウルフ","狼
Wolf"
"10820","Garm","ガルム","加尔姆
Garm"
"10910","Iron Tortoise","アイアンタートル","钢铁龟
Iron Tortoise"
"10920","Magma Tortoise","マグマタートル","熔岩龟
Magma Tortoise"
"10930","Ice Tortoise","アイスタートル","寒冰龟
Ice Tortoise"
"11010","Snowy Treant","スノートレント","雪原树人
Snowy Treant"
"11110","Dryad","ドライアド","树精
Dryad"
"11120","Salamander","サラマンダー","沙罗曼达
Salamander"
"11130","Undine","ウンディーネ","温蒂妮
Undine"
"11140","Sprite","スプライト","精灵
Sprite"
"11210","Red Fungo","レッドフンゴ","赤红菌怪
Red Fungo"
"11220","Gold Fungo","ゴールデンフンゴ","黄金菌怪
Gold Fungo"
"11310","Wyvern","ワイバーン","飞龙
Wyvern"
"11410","Tailtoad","テイルトード","尾蟾
Tailtoad"
"11420","Darktoad","ブラックトード","黑蟾
Darktoad"
"11430","Proto-Darktoad","テイルトード・祖","始祖尾蟾
Proto-Darktoad"
"11510","Ghost","ゴースト","幽灵
Ghost"
"11610","Wasp","ワスプ","黄蜂
Wasp"
"11620","Voltwasp","エレキワスプ","雷电蜂
Voltwasp"
"11630","Devilwasp","イービルワスプ","邪蜂
Devilwasp"
"11710","Wraith","レイス","怨灵
Wraith"
"11810","Lesser Troll","レッサートロル","小型巨魔
Lesser Troll"
"11811","Scarred Monster","傷アリの魔物","带伤魔物
Scarred Monster"
"11820","Troll","トロル","巨魔
Troll"
"11821","Scarred Monster","傷アリの魔物","带伤魔物
Scarred Monster"
"11830","Proto-Troll","トロル・祖","始祖巨魔
Proto-Troll"
"11910","Gargoyle","ガーゴイル","石像鬼
Gargoyle"
"11920","Living Statue","リビングスタチュー","活体雕像
Living Statue"
"11930","Proto-Gargoyle","ガーゴイル・祖","始祖石像鬼
Proto-Gargoyle"
"12010","Magemoth","メイジモス","魔法蛾
Magemoth"
"12110","Seastone","ウミメノウ","海玛瑙
Seastone"
"12210","Centaur","ケンタウロス","半人马
Centaur"
"12310","Fearock","フィアーロック","恐惧岩怪
Fearock"
"12320","Aquarock","ウェイブロック","浪潮岩怪
Aquarock"
"12330","Bizarrock","ミステリロック","神秘岩怪
Bizarrock"
"12340","Goldrock","ゴールドロック","黄金岩怪
Goldrock"
"12350","Treasurock","トレジャーロック","宝藏岩怪
Treasurock"
"12410","Malice Aberrant","睥睨の異形","睥睨异形
Malice Aberrant"
"12420","Fury Aberrant","憤激の異形","愤激异形
Fury Aberrant"
"12510","Death Crawler","デスクローラー","死亡爬行者
Death Crawler"
"13010","Steel Primal","鋼の神獣","钢之神兽
Steel Primal"
"13020","Flame Primal","炎の神獣","炎之神兽
Flame Primal"
"13030","Frost Primal","氷の神獣","冰之神兽
Frost Primal"
"13110","Mizar: Steel Core","融合体・鋼の神臓","米扎尔：钢之核心
Mizar: Steel Core"
"13111","Mizar: Flame Aspect","融合体・炎の半神","米扎尔：炎之化身
Mizar: Flame Aspect"
"13112","Mizar: Ice Aspect","融合体・氷の半神","米扎尔：冰之化身
Mizar: Ice Aspect"
"13210","The Forebear","祖タル者","始祖
The Forebear"
"13211","Forebear Thunderroar","祖タル者・雷咆","始祖·雷咆
Forebear Thunderroar"
"13212","Forebear Ragesea","祖タル者・暴海","始祖·暴海
Forebear Ragesea"
"13213","Forebear Scorchlight","祖タル者・灼光","始祖·灼光
Forebear Scorchlight"
"13214","Forebear Lunardark","祖タル者・月闇","始祖·月暗
Forebear Lunardark"
"13310","Pulche?","プルケ？","普尔凯？
Pulche?"
"13320","Tralis?","トラリス？","特拉利斯？
Tralis?"
"20100","Pass","何もしない","待机
Pass"
"20551","Hustle","ハッスルボディ","活力之躯
Hustle"
"26000","Defend","防御","防御
Defend"
"26001","Slash","斬りつける","斩击
Slash"
"26101","Slash$$","斬りつける$$","斩击$$
Slash$$"
"26151","Dreaming Maiden","夢見る乙女","逐梦少女
Dreaming Maiden"
"26152","Lightproof","レジストライト","抗光
Lightproof"
"26153","Starseek","星探し","寻星
Starseek"
"26201","Slice$$","斬りかかる$$","挥斩$$
Slice$$"
"26251","Will to Live","生きる意志","求生意志
Will to Live"
"26252","Darkproof","レジストダーク","抗暗
Darkproof"
"26253","Revenge","復讐","复仇
Revenge"
"26301","Deliberate$$","熟考$$","深思$$
Deliberate$$"
"26351","Inquisitive","探求心","求知欲
Inquisitive"
"26352","Doubleproof","レジストダブル","双重抗性
Doubleproof"
"26353","Applied Knowledge","知識の応用","学以致用
Applied Knowledge"
"26401","Whip Strike$$","ムチで打つ$$","鞭击$$
Whip Strike$$"
"26451","Drain Whip","ドレインウィップ","吸血鞭
Drain Whip"
"26452","Innocence","天真爛漫","天真烂漫
Innocence"
"26453","Training's Reward","修行の成果","修行成果
Training's Reward"
"27101","Ballista Shot$$","バリスタを撃つ$$","弩炮射击$$
Ballista Shot$$"
"27102","Pitfall$$","落とし穴に落とす$$","落穴$$
Pitfall$$"
"27103","Rock Trap$$","落石罠を使う$$","落石陷阱$$
Rock Trap$$"
"28010","Wasp$Stab$","ワスプ$突く$","黄蜂$刺击$
Wasp$Stab$"
"28020","Wererat$Slice$","ウェアラット$斬る$","鼠人$斩击$
Wererat$Slice$"
"28030","Skull Soldier$Frenzy$","スケルトン$みだれ斬り$","骷髅兵$乱斩$
Skull Soldier$Frenzy$"
"28040","Wolf$Chomp$","ウルフ$かみつく$","狼$撕咬$
Wolf$Chomp$"
"28050","Fearock$Flatten$","フィアーロック$押しつぶす$","恐惧岩怪$碾压$
Fearock$Flatten$"
"28060","Ogre$Helmsplitter$","オーガ$兜割り$","食人魔$破盔$
Ogre$Helmsplitter$"
"28070","Red Fungo$Absorb$","レッドフンゴ$吸い取る$","赤红菌怪$汲取$
Red Fungo$Absorb$"
"28080","Devilwasp$Envenoming Stinger$","イービルワスプ$猛毒針$","邪蜂$猛毒针$
Devilwasp$Envenoming Stinger$"
"28090","Orc Wildling$Assault$","ワイルドオーク$強襲$","狂野兽人$强袭$
Orc Wildling$Assault$"
"28100","Troll$Rampage$","トロル$暴れる$","巨魔$狂暴$
Troll$Rampage$"
"28110","Lost Soul$Great Blast$","ロストソウル$ハイブラスト$","迷失之魂$强力爆破$
Lost Soul$Great Blast$"
"28120","Steel Primal$Metal Punisher$","鋼の神獣$メタルパニッシャー$","钢之神兽$钢铁制裁$
Steel Primal$Metal Punisher$"
"28130","Magma Tortoise$Flamebreath$","マグマタートル$ヒートブレス$","熔岩龟$灼热吐息$
Magma Tortoise$Flamebreath$"
"28140","Salamander$Firestorm$","サラマンダー$ファイアストーム$","沙罗曼达$火焰风暴$
Salamander$Firestorm$"
"28150","Flame Primal$Flare Punisher$","炎の神獣$フレアパニッシャー$","炎之神兽$烈焰制裁$
Flame Primal$Flare Punisher$"
"28160","Tailtoad$Water Jet$","テイルトード$水鉄砲$","尾蟾$水枪$
Tailtoad$Water Jet$"
"28170","Ice Tortoise$Freezebreath$","アイスタートル$フリーズブレス$","寒冰龟$寒冰吐息$
Ice Tortoise$Freezebreath$"
"28180","Undine$Rain Call$","ウンディーネ$レインコール$","温蒂妮$唤雨$
Undine$Rain Call$"
"28190","Voltwasp$Electric Stinger$","エレキワスプ$電気針$","雷电蜂$电击针$
Voltwasp$Electric Stinger$"
"28200","Sprite$Lightning$","スプライト$スパーク$","精灵$雷击$
Sprite$Lightning$"
"28210","Wyvern$Tornado Dive$","ワイバーン$トルネードダイブ$","飞龙$龙卷俯冲$
Wyvern$Tornado Dive$"
"28220","Dryad$Galestorm$","ドライアド$ウィンドストーム$","树精$疾风风暴$
Dryad$Galestorm$"
"28230","Centaur$Spark Bolt$","ケンタウロス$シャインボルト$","半人马$闪光雷击$
Centaur$Spark Bolt$"
"28240","Gargoyle$Lightstorm$","ガーゴイル$シャインストーム$","石像鬼$光明风暴$
Gargoyle$Lightstorm$"
"28250","Garm$Dark Breath$","ガルム$ダークブレス$","加尔姆$暗黑吐息$
Garm$Dark Breath$"
"28260","Death Crawler$Drain Life$","デスクローラー$ライフドレイン$","死亡爬行者$生命汲取$
Death Crawler$Drain Life$"
"28270","Slime$Poison Sludge$","スライム$毒の体液$","史莱姆$毒液$
Slime$Poison Sludge$"
"28280","Venomslime$Deadly Poison Sludge$","ベノムスライム$猛毒の体液$","毒史莱姆$猛毒液$
Venomslime$Deadly Poison Sludge$"
"28290","Aquarock$Frost$","ウェイブロック$アイスロック$","浪潮岩怪$寒冰岩$
Aquarock$Frost$"
"28300","Lesser Troll$Intimidate$","レッサートロル$威嚇する$","小型巨魔$威吓$
Lesser Troll$Intimidate$"
"28310","Ghost$Soulstrike$","ゴースト$人魂$","幽灵$灵魂冲击$
Ghost$Soulstrike$"
"28320","Darktoad$Croak$","ブラックトード$カエルの鳴き声$","黑蟾$蛙鸣$
Darktoad$Croak$"
"28330","Furball$Heal$","ケダマ$癒やす$","毛球$治愈$
Furball$Heal$"
"28340","Mouthy Furball$First-Rate Healing$","クチダマ$極上の癒やし$","嘴毛球$极效治愈$
Mouthy Furball$First-Rate Healing$"
"28350","Magemoth$Soothing Flutter$","メイジモス$癒やしの羽ばたき$","魔法蛾$治愈振翅$
Magemoth$Soothing Flutter$"
"28360","Gold Fungo$Vigor Spore$","ゴールデンフンゴ$活力の胞子$","黄金菌怪$活力孢子$
Gold Fungo$Vigor Spore$"
"28370","Snowy Treant$Soothing Waters$","スノートレント$水の癒やし$","雪原树人$疗愈之水$
Snowy Treant$Soothing Waters$"
"28380","Seastone$Rejuvenate$","ウミメノウ$蘇生する$","海玛瑙$复苏$
Seastone$Rejuvenate$"
"28390","Orc Child$Orcish Power$","オークキッド$オークの力$","兽人幼崽$兽人之力$
Orc Child$Orcish Power$"
"28400","Iron Tortoise$Shell Guard$","アイアンタートル$甲羅の守り$","钢铁龟$甲壳守护$
Iron Tortoise$Shell Guard$"
"28410","Yeti$Spur On$","イエティ$激励する$","雪怪$激励$
Yeti$Spur On$"
"28420","Living Statue$Protect$","リビングスタチュー$守護する$","活体雕像$守护$
Living Statue$Protect$"
"28430","Wraith$Charge Spell$","レイス$チャージスペル$","怨灵$蓄能咒术$
Wraith$Charge Spell$"
"28440","The Forebear$Forebear's Guidance$","祖タル者$祖タル者の導き$","始祖$始祖指引$
The Forebear$Forebear's Guidance$"
"29211","Wasp$Stab$<sprite=""fontsprite"" index=1>","ワスプ$突く$<sprite=""fontsprite"" index=1>","黄蜂$刺击$<sprite=""fontsprite"" index=1>
Wasp$Stab$<sprite=""fontsprite"" index=1>"
"29212","Wasp$Stab$<sprite=""fontsprite"" index=1>","ワスプ$突く$<sprite=""fontsprite"" index=1>","黄蜂$刺击$<sprite=""fontsprite"" index=1>
Wasp$Stab$<sprite=""fontsprite"" index=1>"
"29213","Wasp$Stab$<sprite=""fontsprite"" index=1>","ワスプ$突く$<sprite=""fontsprite"" index=1>","黄蜂$刺击$<sprite=""fontsprite"" index=1>
Wasp$Stab$<sprite=""fontsprite"" index=1>"
"29214","Wasp$Stab$<sprite=""fontsprite"" index=1>","ワスプ$突く$<sprite=""fontsprite"" index=1>","黄蜂$刺击$<sprite=""fontsprite"" index=1>
Wasp$Stab$<sprite=""fontsprite"" index=1>"
"29215","Wasp$Stab$<sprite=""fontsprite"" index=1>","ワスプ$突く$<sprite=""fontsprite"" index=1>","黄蜂$刺击$<sprite=""fontsprite"" index=1>
Wasp$Stab$<sprite=""fontsprite"" index=1>"
"29221","Wererat$Slice$<sprite=""fontsprite"" index=1><sprite=""fontsprite"" index=1><sprite=""fontsprite"" index=1>","ウェアラット$斬る$<sprite=""fontsprite"" index=1><sprite=""fontsprite"" index=1><sprite=""fontsprite"" index=1>","鼠人$斩击$<sprite=""fontsprite"" index=1><sprite=""fontsprite"" index=1><sprite=""fontsprite"" index=1>
Wererat$Slice$<sprite=""fontsprite"" index=1><sprite=""fontsprite"" index=1><sprite=""fontsprite"" index=1>"
"29222","Wererat$Slice$<sprite=""fontsprite"" index=1><sprite=""fontsprite"" index=1><sprite=""fontsprite"" index=1>","ウェアラット$斬る$<sprite=""fontsprite"" index=1><sprite=""fontsprite"" index=1><sprite=""fontsprite"" index=1>","鼠人$斩击$<sprite=""fontsprite"" index=1><sprite=""fontsprite"" index=1><sprite=""fontsprite"" index=1>
Wererat$Slice$<sprite=""fontsprite"" index=1><sprite=""fontsprite"" index=1><sprite=""fontsprite"" index=1>"
"29223","Wererat$Slice$<sprite=""fontsprite"" index=1><sprite=""fontsprite"" index=1><sprite=""fontsprite"" index=1>","ウェアラット$斬る$<sprite=""fontsprite"" index=1><sprite=""fontsprite"" index=1><sprite=""fontsprite"" index=1>","鼠人$斩击$<sprite=""fontsprite"" index=1><sprite=""fontsprite"" index=1><sprite=""fontsprite"" index=1>
Wererat$Slice$<sprite=""fontsprite"" index=1><sprite=""fontsprite"" index=1><sprite=""fontsprite"" index=1>"
"29224","Wererat$Slice$<sprite=""fontsprite"" index=1><sprite=""fontsprite"" index=1><sprite=""fontsprite"" index=1>","ウェアラット$斬る$<sprite=""fontsprite"" index=1><sprite=""fontsprite"" index=1><sprite=""fontsprite"" index=1>","鼠人$斩击$<sprite=""fontsprite"" index=1><sprite=""fontsprite"" index=1><sprite=""fontsprite"" index=1>
Wererat$Slice$<sprite=""fontsprite"" index=1><sprite=""fontsprite"" index=1><sprite=""fontsprite"" index=1>"
"29225","Wererat$Slice$<sprite=""fontsprite"" index=1><sprite=""fontsprite"" index=1><sprite=""fontsprite"" index=1>","ウェアラット$斬る$<sprite=""fontsprite"" index=1><sprite=""fontsprite"" index=1><sprite=""fontsprite"" index=1>","鼠人$斩击$<sprite=""fontsprite"" index=1><sprite=""fontsprite"" index=1><sprite=""fontsprite"" index=1>
Wererat$Slice$<sprite=""fontsprite"" index=1><sprite=""fontsprite"" index=1><sprite=""fontsprite"" index=1>"
"29231","Skull Soldier$Frenzy$<sprite=""fontsprite"" index=1><sprite=""fontsprite"" index=1><sprite=""fontsprite"" index=1><sprite=""fontsprite"" index=1>","スケルトン$みだれ斬り$<sprite=""fontsprite"" index=1><sprite=""fontsprite"" index=1><sprite=""fontsprite"" index=1><sprite=""fontsprite"" index=1>","骷髅兵$乱斩$<sprite=""fontsprite"" index=1><sprite=""fontsprite"" index=1><sprite=""fontsprite"" index=1><sprite=""fontsprite"" index=1>
Skull Soldier$Frenzy$<sprite=""fontsprite"" index=1><sprite=""fontsprite"" index=1><sprite=""fontsprite"" index=1><sprite=""fontsprite"" index=1>"
"29232","Skull Soldier$Frenzy$<sprite=""fontsprite"" index=1><sprite=""fontsprite"" index=1><sprite=""fontsprite"" index=1>","スケルトン$みだれ斬り$<sprite=""fontsprite"" index=1><sprite=""fontsprite"" index=1><sprite=""fontsprite"" index=1>","骷髅兵$乱斩$<sprite=""fontsprite"" index=1><sprite=""fontsprite"" index=1><sprite=""fontsprite"" index=1>
Skull Soldier$Frenzy$<sprite=""fontsprite"" index=1><sprite=""fontsprite"" index=1><sprite=""fontsprite"" index=1>"
"29233","Skull Soldier$Frenzy$<sprite=""fontsprite"" index=1><sprite=""fontsprite"" index=1><sprite=""fontsprite"" index=1>","スケルトン$みだれ斬り$<sprite=""fontsprite"" index=1><sprite=""fontsprite"" index=1><sprite=""fontsprite"" index=1>","骷髅兵$乱斩$<sprite=""fontsprite"" index=1><sprite=""fontsprite"" index=1><sprite=""fontsprite"" index=1>
Skull Soldier$Frenzy$<sprite=""fontsprite"" index=1><sprite=""fontsprite"" index=1><sprite=""fontsprite"" index=1>"
"29234","Skull Soldier$Frenzy$<sprite=""fontsprite"" index=1><sprite=""fontsprite"" index=1><sprite=""fontsprite"" index=1>","スケルトン$みだれ斬り$<sprite=""fontsprite"" index=1><sprite=""fontsprite"" index=1><sprite=""fontsprite"" index=1>","骷髅兵$乱斩$<sprite=""fontsprite"" index=1><sprite=""fontsprite"" index=1><sprite=""fontsprite"" index=1>
Skull Soldier$Frenzy$<sprite=""fontsprite"" index=1><sprite=""fontsprite"" index=1><sprite=""fontsprite"" index=1>"
"29235","Skull Soldier$Frenzy$<sprite=""fontsprite"" index=1><sprite=""fontsprite"" index=1><sprite=""fontsprite"" index=1>","スケルトン$みだれ斬り$<sprite=""fontsprite"" index=1><sprite=""fontsprite"" index=1><sprite=""fontsprite"" index=1>","骷髅兵$乱斩$<sprite=""fontsprite"" index=1><sprite=""fontsprite"" index=1><sprite=""fontsprite"" index=1>
Skull Soldier$Frenzy$<sprite=""fontsprite"" index=1><sprite=""fontsprite"" index=1><sprite=""fontsprite"" index=1>"
"29241","Wolf$Chomp$<sprite=""fontsprite"" index=1>","ウルフ$かみつく$<sprite=""fontsprite"" index=1>","狼$撕咬$<sprite=""fontsprite"" index=1>
Wolf$Chomp$<sprite=""fontsprite"" index=1>"
"29242","Wolf$Chomp$<sprite=""fontsprite"" index=1>","ウルフ$かみつく$<sprite=""fontsprite"" index=1>","狼$撕咬$<sprite=""fontsprite"" index=1>
Wolf$Chomp$<sprite=""fontsprite"" index=1>"
"29243","Wolf$Chomp$<sprite=""fontsprite"" index=1>","ウルフ$かみつく$<sprite=""fontsprite"" index=1>","狼$撕咬$<sprite=""fontsprite"" index=1>
Wolf$Chomp$<sprite=""fontsprite"" index=1>"
"29244","Wolf$Chomp$","ウルフ$かみつく$","狼$撕咬$
Wolf$Chomp$"
"29245","Wolf$Chomp$","ウルフ$かみつく$","狼$撕咬$
Wolf$Chomp$"
"29251","Fearock$Flatten$<sprite=""fontsprite"" index=1><sprite=""fontsprite"" index=1><sprite=""fontsprite"" index=1>","フィアーロック$押しつぶす$<sprite=""fontsprite"" index=1><sprite=""fontsprite"" index=1><sprite=""fontsprite"" index=1>","恐惧岩怪$碾压$<sprite=""fontsprite"" index=1><sprite=""fontsprite"" index=1><sprite=""fontsprite"" index=1>
Fearock$Flatten$<sprite=""fontsprite"" index=1><sprite=""fontsprite"" index=1><sprite=""fontsprite"" index=1>"
"29252","Fearock$Flatten$<sprite=""fontsprite"" index=1><sprite=""fontsprite"" index=1><sprite=""fontsprite"" index=1>","フィアーロック$押しつぶす$<sprite=""fontsprite"" index=1><sprite=""fontsprite"" index=1><sprite=""fontsprite"" index=1>","恐惧岩怪$碾压$<sprite=""fontsprite"" index=1><sprite=""fontsprite"" index=1><sprite=""fontsprite"" index=1>
Fearock$Flatten$<sprite=""fontsprite"" index=1><sprite=""fontsprite"" index=1><sprite=""fontsprite"" index=1>"
"29253","Fearock$Flatten$<sprite=""fontsprite"" index=1><sprite=""fontsprite"" index=1><sprite=""fontsprite"" index=1>","フィアーロック$押しつぶす$<sprite=""fontsprite"" index=1><sprite=""fontsprite"" index=1><sprite=""fontsprite"" index=1>","恐惧岩怪$碾压$<sprite=""fontsprite"" index=1><sprite=""fontsprite"" index=1><sprite=""fontsprite"" index=1>
Fearock$Flatten$<sprite=""fontsprite"" index=1><sprite=""fontsprite"" index=1><sprite=""fontsprite"" index=1>"
"29254","Fearock$Flatten$<sprite=""fontsprite"" index=1><sprite=""fontsprite"" index=1><sprite=""fontsprite"" index=1>","フィアーロック$押しつぶす$<sprite=""fontsprite"" index=1><sprite=""fontsprite"" index=1><sprite=""fontsprite"" index=1>","恐惧岩怪$碾压$<sprite=""fontsprite"" index=1><sprite=""fontsprite"" index=1><sprite=""fontsprite"" index=1>
Fearock$Flatten$<sprite=""fontsprite"" index=1><sprite=""fontsprite"" index=1><sprite=""fontsprite"" index=1>"
"29255","Fearock$Flatten$<sprite=""fontsprite"" index=1><sprite=""fontsprite"" index=1><sprite=""fontsprite"" index=1>","フィアーロック$押しつぶす$<sprite=""fontsprite"" index=1><sprite=""fontsprite"" index=1><sprite=""fontsprite"" index=1>","恐惧岩怪$碾压$<sprite=""fontsprite"" index=1><sprite=""fontsprite"" index=1><sprite=""fontsprite"" index=1>
Fearock$Flatten$<sprite=""fontsprite"" index=1><sprite=""fontsprite"" index=1><sprite=""fontsprite"" index=1>"
"29261","Ogre$Helmsplitter$<sprite=""fontsprite"" index=1><sprite=""fontsprite"" index=1>","オーガ$兜割り$<sprite=""fontsprite"" index=1><sprite=""fontsprite"" index=1>","食人魔$破盔$<sprite=""fontsprite"" index=1><sprite=""fontsprite"" index=1>
Ogre$Helmsplitter$<sprite=""fontsprite"" index=1><sprite=""fontsprite"" index=1>"
"29262","Ogre$Helmsplitter$<sprite=""fontsprite"" index=1><sprite=""fontsprite"" index=1>","オーガ$兜割り$<sprite=""fontsprite"" index=1><sprite=""fontsprite"" index=1>","食人魔$破盔$<sprite=""fontsprite"" index=1><sprite=""fontsprite"" index=1>
Ogre$Helmsplitter$<sprite=""fontsprite"" index=1><sprite=""fontsprite"" index=1>"
"29263","Ogre$Helmsplitter$<sprite=""fontsprite"" index=1><sprite=""fontsprite"" index=1>","オーガ$兜割り$<sprite=""fontsprite"" index=1><sprite=""fontsprite"" index=1>","食人魔$破盔$<sprite=""fontsprite"" index=1><sprite=""fontsprite"" index=1>
Ogre$Helmsplitter$<sprite=""fontsprite"" index=1><sprite=""fontsprite"" index=1>"
"29264","Ogre$Helmsplitter$<sprite=""fontsprite"" index=1><sprite=""fontsprite"" index=1>","オーガ$兜割り$<sprite=""fontsprite"" index=1><sprite=""fontsprite"" index=1>","食人魔$破盔$<sprite=""fontsprite"" index=1><sprite=""fontsprite"" index=1>
Ogre$Helmsplitter$<sprite=""fontsprite"" index=1><sprite=""fontsprite"" index=1>"
"29265","Ogre$Helmsplitter$<sprite=""fontsprite"" index=1><sprite=""fontsprite"" index=1>","オーガ$兜割り$<sprite=""fontsprite"" index=1><sprite=""fontsprite"" index=1>","食人魔$破盔$<sprite=""fontsprite"" index=1><sprite=""fontsprite"" index=1>
Ogre$Helmsplitter$<sprite=""fontsprite"" index=1><sprite=""fontsprite"" index=1>"
"29271","Red Fungo$Absorb$<sprite=""fontsprite"" index=1><sprite=""fontsprite"" index=1><sprite=""fontsprite"" index=1>","レッドフンゴ$吸い取る$<sprite=""fontsprite"" index=1><sprite=""fontsprite"" index=1><sprite=""fontsprite"" index=1>","赤红菌怪$汲取$<sprite=""fontsprite"" index=1><sprite=""fontsprite"" index=1><sprite=""fontsprite"" index=1>
Red Fungo$Absorb$<sprite=""fontsprite"" index=1><sprite=""fontsprite"" index=1><sprite=""fontsprite"" index=1>"
"29272","Red Fungo$Absorb$<sprite=""fontsprite"" index=1><sprite=""fontsprite"" index=1><sprite=""fontsprite"" index=1>","レッドフンゴ$吸い取る$<sprite=""fontsprite"" index=1><sprite=""fontsprite"" index=1><sprite=""fontsprite"" index=1>","赤红菌怪$汲取$<sprite=""fontsprite"" index=1><sprite=""fontsprite"" index=1><sprite=""fontsprite"" index=1>
Red Fungo$Absorb$<sprite=""fontsprite"" index=1><sprite=""fontsprite"" index=1><sprite=""fontsprite"" index=1>"
"29273","Red Fungo$Absorb$<sprite=""fontsprite"" index=1><sprite=""fontsprite"" index=1><sprite=""fontsprite"" index=1>","レッドフンゴ$吸い取る$<sprite=""fontsprite"" index=1><sprite=""fontsprite"" index=1><sprite=""fontsprite"" index=1>","赤红菌怪$汲取$<sprite=""fontsprite"" index=1><sprite=""fontsprite"" index=1><sprite=""fontsprite"" index=1>
Red Fungo$Absorb$<sprite=""fontsprite"" index=1><sprite=""fontsprite"" index=1><sprite=""fontsprite"" index=1>"
"29274","Red Fungo$Absorb$<sprite=""fontsprite"" index=1><sprite=""fontsprite"" index=1>","レッドフンゴ$吸い取る$<sprite=""fontsprite"" index=1><sprite=""fontsprite"" index=1>","赤红菌怪$汲取$<sprite=""fontsprite"" index=1><sprite=""fontsprite"" index=1>
Red Fungo$Absorb$<sprite=""fontsprite"" index=1><sprite=""fontsprite"" index=1>"
"29275","Red Fungo$Absorb$<sprite=""fontsprite"" index=1><sprite=""fontsprite"" index=1>","レッドフンゴ$吸い取る$<sprite=""fontsprite"" index=1><sprite=""fontsprite"" index=1>","赤红菌怪$汲取$<sprite=""fontsprite"" index=1><sprite=""fontsprite"" index=1>
Red Fungo$Absorb$<sprite=""fontsprite"" index=1><sprite=""fontsprite"" index=1>"
"29281","Devilwasp$Envenoming Stinger$<sprite=""fontsprite"" index=1><sprite=""fontsprite"" index=1><sprite=""fontsprite"" index=1>","イービルワスプ$猛毒針$<sprite=""fontsprite"" index=1><sprite=""fontsprite"" index=1><sprite=""fontsprite"" index=1>","邪蜂$猛毒针$<sprite=""fontsprite"" index=1><sprite=""fontsprite"" index=1><sprite=""fontsprite"" index=1>
Devilwasp$Envenoming Stinger$<sprite=""fontsprite"" index=1><sprite=""fontsprite"" index=1><sprite=""fontsprite"" index=1>"
"29282","Devilwasp$Envenoming Stinger$<sprite=""fontsprite"" index=1><sprite=""fontsprite"" index=1><sprite=""fontsprite"" index=1>","イービルワスプ$猛毒針$<sprite=""fontsprite"" index=1><sprite=""fontsprite"" index=1><sprite=""fontsprite"" index=1>","邪蜂$猛毒针$<sprite=""fontsprite"" index=1><sprite=""fontsprite"" index=1><sprite=""fontsprite"" index=1>
Devilwasp$Envenoming Stinger$<sprite=""fontsprite"" index=1><sprite=""fontsprite"" index=1><sprite=""fontsprite"" index=1>"
"29283","Devilwasp$Envenoming Stinger$<sprite=""fontsprite"" index=1><sprite=""fontsprite"" index=1>","イービルワスプ$猛毒針$<sprite=""fontsprite"" index=1><sprite=""fontsprite"" index=1>","邪蜂$猛毒针$<sprite=""fontsprite"" index=1><sprite=""fontsprite"" index=1>
Devilwasp$Envenoming Stinger$<sprite=""fontsprite"" index=1><sprite=""fontsprite"" index=1>"
"29284","Devilwasp$Envenoming Stinger$<sprite=""fontsprite"" index=1><sprite=""fontsprite"" index=1>","イービルワスプ$猛毒針$<sprite=""fontsprite"" index=1><sprite=""fontsprite"" index=1>","邪蜂$猛毒针$<sprite=""fontsprite"" index=1><sprite=""fontsprite"" index=1>
Devilwasp$Envenoming Stinger$<sprite=""fontsprite"" index=1><sprite=""fontsprite"" index=1>"
"29285","Devilwasp$Envenoming Stinger$<sprite=""fontsprite"" index=1><sprite=""fontsprite"" index=1>","イービルワスプ$猛毒針$<sprite=""fontsprite"" index=1><sprite=""fontsprite"" index=1>","邪蜂$猛毒针$<sprite=""fontsprite"" index=1><sprite=""fontsprite"" index=1>
Devilwasp$Envenoming Stinger$<sprite=""fontsprite"" index=1><sprite=""fontsprite"" index=1>"
"29291","Orc Wildling$Assault$<sprite=""fontsprite"" index=1><sprite=""fontsprite"" index=1><sprite=""fontsprite"" index=1>","ワイルドオーク$強襲$<sprite=""fontsprite"" index=1><sprite=""fontsprite"" index=1><sprite=""fontsprite"" index=1>","狂野兽人$强袭$<sprite=""fontsprite"" index=1><sprite=""fontsprite"" index=1><sprite=""fontsprite"" index=1>
Orc Wildling$Assault$<sprite=""fontsprite"" index=1><sprite=""fontsprite"" index=1><sprite=""fontsprite"" index=1>"
"29292","Orc Wildling$Assault$<sprite=""fontsprite"" index=1><sprite=""fontsprite"" index=1><sprite=""fontsprite"" index=1>","ワイルドオーク$強襲$<sprite=""fontsprite"" index=1><sprite=""fontsprite"" index=1><sprite=""fontsprite"" index=1>","狂野兽人$强袭$<sprite=""fontsprite"" index=1><sprite=""fontsprite"" index=1><sprite=""fontsprite"" index=1>
Orc Wildling$Assault$<sprite=""fontsprite"" index=1><sprite=""fontsprite"" index=1><sprite=""fontsprite"" index=1>"
"29293","Orc Wildling$Assault$<sprite=""fontsprite"" index=1><sprite=""fontsprite"" index=1>","ワイルドオーク$強襲$<sprite=""fontsprite"" index=1><sprite=""fontsprite"" index=1>","狂野兽人$强袭$<sprite=""fontsprite"" index=1><sprite=""fontsprite"" index=1>
Orc Wildling$Assault$<sprite=""fontsprite"" index=1><sprite=""fontsprite"" index=1>"
"29294","Orc Wildling$Assault$<sprite=""fontsprite"" index=1><sprite=""fontsprite"" index=1>","ワイルドオーク$強襲$<sprite=""fontsprite"" index=1><sprite=""fontsprite"" index=1>","狂野兽人$强袭$<sprite=""fontsprite"" index=1><sprite=""fontsprite"" index=1>
Orc Wildling$Assault$<sprite=""fontsprite"" index=1><sprite=""fontsprite"" index=1>"
"29295","Orc Wildling$Assault$<sprite=""fontsprite"" index=1><sprite=""fontsprite"" index=1>","ワイルドオーク$強襲$<sprite=""fontsprite"" index=1><sprite=""fontsprite"" index=1>","狂野兽人$强袭$<sprite=""fontsprite"" index=1><sprite=""fontsprite"" index=1>
Orc Wildling$Assault$<sprite=""fontsprite"" index=1><sprite=""fontsprite"" index=1>"
"29301","Troll$Rampage$<sprite=""fontsprite"" index=1><sprite=""fontsprite"" index=1><sprite=""fontsprite"" index=1>","トロル$暴れる$<sprite=""fontsprite"" index=1><sprite=""fontsprite"" index=1><sprite=""fontsprite"" index=1>","巨魔$狂暴$<sprite=""fontsprite"" index=1><sprite=""fontsprite"" index=1><sprite=""fontsprite"" index=1>
Troll$Rampage$<sprite=""fontsprite"" index=1><sprite=""fontsprite"" index=1><sprite=""fontsprite"" index=1>"
"29302","Troll$Rampage$<sprite=""fontsprite"" index=1><sprite=""fontsprite"" index=1><sprite=""fontsprite"" index=1>","トロル$暴れる$<sprite=""fontsprite"" index=1><sprite=""fontsprite"" index=1><sprite=""fontsprite"" index=1>","巨魔$狂暴$<sprite=""fontsprite"" index=1><sprite=""fontsprite"" index=1><sprite=""fontsprite"" index=1>
Troll$Rampage$<sprite=""fontsprite"" index=1><sprite=""fontsprite"" index=1><sprite=""fontsprite"" index=1>"
"29303","Troll$Rampage$<sprite=""fontsprite"" index=1><sprite=""fontsprite"" index=1><sprite=""fontsprite"" index=1>","トロル$暴れる$<sprite=""fontsprite"" index=1><sprite=""fontsprite"" index=1><sprite=""fontsprite"" index=1>","巨魔$狂暴$<sprite=""fontsprite"" index=1><sprite=""fontsprite"" index=1><sprite=""fontsprite"" index=1>
Troll$Rampage$<sprite=""fontsprite"" index=1><sprite=""fontsprite"" index=1><sprite=""fontsprite"" index=1>"
"29304","Troll$Rampage$<sprite=""fontsprite"" index=1><sprite=""fontsprite"" index=1><sprite=""fontsprite"" index=1>","トロル$暴れる$<sprite=""fontsprite"" index=1><sprite=""fontsprite"" index=1><sprite=""fontsprite"" index=1>","巨魔$狂暴$<sprite=""fontsprite"" index=1><sprite=""fontsprite"" index=1><sprite=""fontsprite"" index=1>
Troll$Rampage$<sprite=""fontsprite"" index=1><sprite=""fontsprite"" index=1><sprite=""fontsprite"" index=1>"
"29305","Troll$Rampage$<sprite=""fontsprite"" index=1><sprite=""fontsprite"" index=1><sprite=""fontsprite"" index=1>","トロル$暴れる$<sprite=""fontsprite"" index=1><sprite=""fontsprite"" index=1><sprite=""fontsprite"" index=1>","巨魔$狂暴$<sprite=""fontsprite"" index=1><sprite=""fontsprite"" index=1><sprite=""fontsprite"" index=1>
Troll$Rampage$<sprite=""fontsprite"" index=1><sprite=""fontsprite"" index=1><sprite=""fontsprite"" index=1>"
"29311","Lost Soul$Great Blast$<sprite=""fontsprite"" index=1><sprite=""fontsprite"" index=1><sprite=""fontsprite"" index=1>","ロストソウル$ハイブラスト$<sprite=""fontsprite"" index=1><sprite=""fontsprite"" index=1><sprite=""fontsprite"" index=1>","迷失之魂$强力爆破$<sprite=""fontsprite"" index=1><sprite=""fontsprite"" index=1><sprite=""fontsprite"" index=1>
Lost Soul$Great Blast$<sprite=""fontsprite"" index=1><sprite=""fontsprite"" index=1><sprite=""fontsprite"" index=1>"
"29312","Lost Soul$Great Blast$<sprite=""fontsprite"" index=1><sprite=""fontsprite"" index=1><sprite=""fontsprite"" index=1>","ロストソウル$ハイブラスト$<sprite=""fontsprite"" index=1><sprite=""fontsprite"" index=1><sprite=""fontsprite"" index=1>","迷失之魂$强力爆破$<sprite=""fontsprite"" index=1><sprite=""fontsprite"" index=1><sprite=""fontsprite"" index=1>
Lost Soul$Great Blast$<sprite=""fontsprite"" index=1><sprite=""fontsprite"" index=1><sprite=""fontsprite"" index=1>"
"29313","Lost Soul$Great Blast$<sprite=""fontsprite"" index=1><sprite=""fontsprite"" index=1><sprite=""fontsprite"" index=1>","ロストソウル$ハイブラスト$<sprite=""fontsprite"" index=1><sprite=""fontsprite"" index=1><sprite=""fontsprite"" index=1>","迷失之魂$强力爆破$<sprite=""fontsprite"" index=1><sprite=""fontsprite"" index=1><sprite=""fontsprite"" index=1>
Lost Soul$Great Blast$<sprite=""fontsprite"" index=1><sprite=""fontsprite"" index=1><sprite=""fontsprite"" index=1>"
"29321","Steel Primal$Metal Punisher$<sprite=""fontsprite"" index=1><sprite=""fontsprite"" index=1><sprite=""fontsprite"" index=1><sprite=""fontsprite"" index=1><sprite=""fontsprite"" index=1>","鋼の神獣$メタルパニッシャー$<sprite=""fontsprite"" index=1><sprite=""fontsprite"" index=1><sprite=""fontsprite"" index=1><sprite=""fontsprite"" index=1><sprite=""fontsprite"" index=1>","钢之神兽$钢铁制裁$<sprite=""fontsprite"" index=1><sprite=""fontsprite"" index=1><sprite=""fontsprite"" index=1><sprite=""fontsprite"" index=1><sprite=""fontsprite"" index=1>
Steel Primal$Metal Punisher$<sprite=""fontsprite"" index=1><sprite=""fontsprite"" index=1><sprite=""fontsprite"" index=1><sprite=""fontsprite"" index=1><sprite=""fontsprite"" index=1>"
"29331","Magma Tortoise$Flamebreath$<sprite=""fontsprite"" index=1><sprite=""fontsprite"" index=1>","マグマタートル$ヒートブレス$<sprite=""fontsprite"" index=1><sprite=""fontsprite"" index=1>","熔岩龟$灼热吐息$<sprite=""fontsprite"" index=1><sprite=""fontsprite"" index=1>
Magma Tortoise$Flamebreath$<sprite=""fontsprite"" index=1><sprite=""fontsprite"" index=1>"
"29332","Magma Tortoise$Flamebreath$<sprite=""fontsprite"" index=1><sprite=""fontsprite"" index=1>","マグマタートル$ヒートブレス$<sprite=""fontsprite"" index=1><sprite=""fontsprite"" index=1>","熔岩龟$灼热吐息$<sprite=""fontsprite"" index=1><sprite=""fontsprite"" index=1>
Magma Tortoise$Flamebreath$<sprite=""fontsprite"" index=1><sprite=""fontsprite"" index=1>"
"29333","Magma Tortoise$Flamebreath$<sprite=""fontsprite"" index=1><sprite=""fontsprite"" index=1>","マグマタートル$ヒートブレス$<sprite=""fontsprite"" index=1><sprite=""fontsprite"" index=1>","熔岩龟$灼热吐息$<sprite=""fontsprite"" index=1><sprite=""fontsprite"" index=1>
Magma Tortoise$Flamebreath$<sprite=""fontsprite"" index=1><sprite=""fontsprite"" index=1>"
"29341","Salamander$Firestorm$<sprite=""fontsprite"" index=1><sprite=""fontsprite"" index=1><sprite=""fontsprite"" index=1>","サラマンダー$ファイアストーム$<sprite=""fontsprite"" index=1><sprite=""fontsprite"" index=1><sprite=""fontsprite"" index=1>","沙罗曼达$火焰风暴$<sprite=""fontsprite"" index=1><sprite=""fontsprite"" index=1><sprite=""fontsprite"" index=1>
Salamander$Firestorm$<sprite=""fontsprite"" index=1><sprite=""fontsprite"" index=1><sprite=""fontsprite"" index=1>"
"29342","Salamander$Firestorm$<sprite=""fontsprite"" index=1><sprite=""fontsprite"" index=1><sprite=""fontsprite"" index=1>","サラマンダー$ファイアストーム$<sprite=""fontsprite"" index=1><sprite=""fontsprite"" index=1><sprite=""fontsprite"" index=1>","沙罗曼达$火焰风暴$<sprite=""fontsprite"" index=1><sprite=""fontsprite"" index=1><sprite=""fontsprite"" index=1>
Salamander$Firestorm$<sprite=""fontsprite"" index=1><sprite=""fontsprite"" index=1><sprite=""fontsprite"" index=1>"
"29343","Salamander$Firestorm$<sprite=""fontsprite"" index=1><sprite=""fontsprite"" index=1><sprite=""fontsprite"" index=1>","サラマンダー$ファイアストーム$<sprite=""fontsprite"" index=1><sprite=""fontsprite"" index=1><sprite=""fontsprite"" index=1>","沙罗曼达$火焰风暴$<sprite=""fontsprite"" index=1><sprite=""fontsprite"" index=1><sprite=""fontsprite"" index=1>
Salamander$Firestorm$<sprite=""fontsprite"" index=1><sprite=""fontsprite"" index=1><sprite=""fontsprite"" index=1>"
"29344","Salamander$Firestorm$<sprite=""fontsprite"" index=1><sprite=""fontsprite"" index=1><sprite=""fontsprite"" index=1>","サラマンダー$ファイアストーム$<sprite=""fontsprite"" index=1><sprite=""fontsprite"" index=1><sprite=""fontsprite"" index=1>","沙罗曼达$火焰风暴$<sprite=""fontsprite"" index=1><sprite=""fontsprite"" index=1><sprite=""fontsprite"" index=1>
Salamander$Firestorm$<sprite=""fontsprite"" index=1><sprite=""fontsprite"" index=1><sprite=""fontsprite"" index=1>"
"29345","Salamander$Firestorm$<sprite=""fontsprite"" index=1><sprite=""fontsprite"" index=1><sprite=""fontsprite"" index=1>","サラマンダー$ファイアストーム$<sprite=""fontsprite"" index=1><sprite=""fontsprite"" index=1><sprite=""fontsprite"" index=1>","沙罗曼达$火焰风暴$<sprite=""fontsprite"" index=1><sprite=""fontsprite"" index=1><sprite=""fontsprite"" index=1>
Salamander$Firestorm$<sprite=""fontsprite"" index=1><sprite=""fontsprite"" index=1><sprite=""fontsprite"" index=1>"
"29351","Flame Primal$Flare Punisher$<sprite=""fontsprite"" index=1><sprite=""fontsprite"" index=1><sprite=""fontsprite"" index=1><sprite=""fontsprite"" index=1><sprite=""fontsprite"" index=1><sprite=""fontsprite"" index=1>","炎の神獣$フレアパニッシャー$<sprite=""fontsprite"" index=1><sprite=""fontsprite"" index=1><sprite=""fontsprite"" index=1><sprite=""fontsprite"" index=1><sprite=""fontsprite"" index=1><sprite=""fontsprite"" index=1>","炎之神兽$烈焰制裁$<sprite=""fontsprite"" index=1><sprite=""fontsprite"" index=1><sprite=""fontsprite"" index=1><sprite=""fontsprite"" index=1><sprite=""fontsprite"" index=1><sprite=""fontsprite"" index=1>
Flame Primal$Flare Punisher$<sprite=""fontsprite"" index=1><sprite=""fontsprite"" index=1><sprite=""fontsprite"" index=1><sprite=""fontsprite"" index=1><sprite=""fontsprite"" index=1><sprite=""fontsprite"" index=1>"
"29361","Tailtoad$Water Jet$<sprite=""fontsprite"" index=1><sprite=""fontsprite"" index=1>","テイルトード$水鉄砲$<sprite=""fontsprite"" index=1><sprite=""fontsprite"" index=1>","尾蟾$水枪$<sprite=""fontsprite"" index=1><sprite=""fontsprite"" index=1>
Tailtoad$Water Jet$<sprite=""fontsprite"" index=1><sprite=""fontsprite"" index=1>"
"29362","Tailtoad$Water Jet$<sprite=""fontsprite"" index=1><sprite=""fontsprite"" index=1>","テイルトード$水鉄砲$<sprite=""fontsprite"" index=1><sprite=""fontsprite"" index=1>","尾蟾$水枪$<sprite=""fontsprite"" index=1><sprite=""fontsprite"" index=1>
Tailtoad$Water Jet$<sprite=""fontsprite"" index=1><sprite=""fontsprite"" index=1>"
"29363","Tailtoad$Water Jet$<sprite=""fontsprite"" index=1><sprite=""fontsprite"" index=1>","テイルトード$水鉄砲$<sprite=""fontsprite"" index=1><sprite=""fontsprite"" index=1>","尾蟾$水枪$<sprite=""fontsprite"" index=1><sprite=""fontsprite"" index=1>
Tailtoad$Water Jet$<sprite=""fontsprite"" index=1><sprite=""fontsprite"" index=1>"
"29364","Tailtoad$Water Jet$<sprite=""fontsprite"" index=1><sprite=""fontsprite"" index=1>","テイルトード$水鉄砲$<sprite=""fontsprite"" index=1><sprite=""fontsprite"" index=1>","尾蟾$水枪$<sprite=""fontsprite"" index=1><sprite=""fontsprite"" index=1>
Tailtoad$Water Jet$<sprite=""fontsprite"" index=1><sprite=""fontsprite"" index=1>"
"29365","Tailtoad$Water Jet$<sprite=""fontsprite"" index=1><sprite=""fontsprite"" index=1>","テイルトード$水鉄砲$<sprite=""fontsprite"" index=1><sprite=""fontsprite"" index=1>","尾蟾$水枪$<sprite=""fontsprite"" index=1><sprite=""fontsprite"" index=1>
Tailtoad$Water Jet$<sprite=""fontsprite"" index=1><sprite=""fontsprite"" index=1>"
"29371","Ice Tortoise$Freezebreath$<sprite=""fontsprite"" index=1><sprite=""fontsprite"" index=1><sprite=""fontsprite"" index=1>","アイスタートル$フリーズブレス$<sprite=""fontsprite"" index=1><sprite=""fontsprite"" index=1><sprite=""fontsprite"" index=1>","寒冰龟$寒冰吐息$<sprite=""fontsprite"" index=1><sprite=""fontsprite"" index=1><sprite=""fontsprite"" index=1>
Ice Tortoise$Freezebreath$<sprite=""fontsprite"" index=1><sprite=""fontsprite"" index=1><sprite=""fontsprite"" index=1>"
"29372","Ice Tortoise$Freezebreath$<sprite=""fontsprite"" index=1><sprite=""fontsprite"" index=1><sprite=""fontsprite"" index=1>","アイスタートル$フリーズブレス$<sprite=""fontsprite"" index=1><sprite=""fontsprite"" index=1><sprite=""fontsprite"" index=1>","寒冰龟$寒冰吐息$<sprite=""fontsprite"" index=1><sprite=""fontsprite"" index=1><sprite=""fontsprite"" index=1>
Ice Tortoise$Freezebreath$<sprite=""fontsprite"" index=1><sprite=""fontsprite"" index=1><sprite=""fontsprite"" index=1>"
"29373","Ice Tortoise$Freezebreath$<sprite=""fontsprite"" index=1><sprite=""fontsprite"" index=1>","アイスタートル$フリーズブレス$<sprite=""fontsprite"" index=1><sprite=""fontsprite"" index=1>","寒冰龟$寒冰吐息$<sprite=""fontsprite"" index=1><sprite=""fontsprite"" index=1>
Ice Tortoise$Freezebreath$<sprite=""fontsprite"" index=1><sprite=""fontsprite"" index=1>"
"29374","Ice Tortoise$Freezebreath$<sprite=""fontsprite"" index=1><sprite=""fontsprite"" index=1>","アイスタートル$フリーズブレス$<sprite=""fontsprite"" index=1><sprite=""fontsprite"" index=1>","寒冰龟$寒冰吐息$<sprite=""fontsprite"" index=1><sprite=""fontsprite"" index=1>
Ice Tortoise$Freezebreath$<sprite=""fontsprite"" index=1><sprite=""fontsprite"" index=1>"
"29375","Ice Tortoise$Freezebreath$<sprite=""fontsprite"" index=1><sprite=""fontsprite"" index=1>","アイスタートル$フリーズブレス$<sprite=""fontsprite"" index=1><sprite=""fontsprite"" index=1>","寒冰龟$寒冰吐息$<sprite=""fontsprite"" index=1><sprite=""fontsprite"" index=1>
Ice Tortoise$Freezebreath$<sprite=""fontsprite"" index=1><sprite=""fontsprite"" index=1>"
"29381","Undine$Rain Call$<sprite=""fontsprite"" index=1><sprite=""fontsprite"" index=1>","ウンディーネ$レインコール$<sprite=""fontsprite"" index=1><sprite=""fontsprite"" index=1>","温蒂妮$唤雨$<sprite=""fontsprite"" index=1><sprite=""fontsprite"" index=1>
Undine$Rain Call$<sprite=""fontsprite"" index=1><sprite=""fontsprite"" index=1>"
"29382","Undine$Rain Call$<sprite=""fontsprite"" index=1><sprite=""fontsprite"" index=1>","ウンディーネ$レインコール$<sprite=""fontsprite"" index=1><sprite=""fontsprite"" index=1>","温蒂妮$唤雨$<sprite=""fontsprite"" index=1><sprite=""fontsprite"" index=1>
Undine$Rain Call$<sprite=""fontsprite"" index=1><sprite=""fontsprite"" index=1>"
"29383","Undine$Rain Call$<sprite=""fontsprite"" index=1><sprite=""fontsprite"" index=1>","ウンディーネ$レインコール$<sprite=""fontsprite"" index=1><sprite=""fontsprite"" index=1>","温蒂妮$唤雨$<sprite=""fontsprite"" index=1><sprite=""fontsprite"" index=1>
Undine$Rain Call$<sprite=""fontsprite"" index=1><sprite=""fontsprite"" index=1>"
"29384","Undine$Rain Call$<sprite=""fontsprite"" index=1><sprite=""fontsprite"" index=1>","ウンディーネ$レインコール$<sprite=""fontsprite"" index=1><sprite=""fontsprite"" index=1>","温蒂妮$唤雨$<sprite=""fontsprite"" index=1><sprite=""fontsprite"" index=1>
Undine$Rain Call$<sprite=""fontsprite"" index=1><sprite=""fontsprite"" index=1>"
"29385","Undine$Rain Call$<sprite=""fontsprite"" index=1><sprite=""fontsprite"" index=1>","ウンディーネ$レインコール$<sprite=""fontsprite"" index=1><sprite=""fontsprite"" index=1>","温蒂妮$唤雨$<sprite=""fontsprite"" index=1><sprite=""fontsprite"" index=1>
Undine$Rain Call$<sprite=""fontsprite"" index=1><sprite=""fontsprite"" index=1>"
"29391","Voltwasp$Electric Stinger$<sprite=""fontsprite"" index=1><sprite=""fontsprite"" index=1><sprite=""fontsprite"" index=1>","エレキワスプ$電気針$<sprite=""fontsprite"" index=1><sprite=""fontsprite"" index=1><sprite=""fontsprite"" index=1>","雷电蜂$电击针$<sprite=""fontsprite"" index=1><sprite=""fontsprite"" index=1><sprite=""fontsprite"" index=1>
Voltwasp$Electric Stinger$<sprite=""fontsprite"" index=1><sprite=""fontsprite"" index=1><sprite=""fontsprite"" index=1>"
"29392","Voltwasp$Electric Stinger$<sprite=""fontsprite"" index=1><sprite=""fontsprite"" index=1><sprite=""fontsprite"" index=1>","エレキワスプ$電気針$<sprite=""fontsprite"" index=1><sprite=""fontsprite"" index=1><sprite=""fontsprite"" index=1>","雷电蜂$电击针$<sprite=""fontsprite"" index=1><sprite=""fontsprite"" index=1><sprite=""fontsprite"" index=1>
Voltwasp$Electric Stinger$<sprite=""fontsprite"" index=1><sprite=""fontsprite"" index=1><sprite=""fontsprite"" index=1>"
"29393","Voltwasp$Electric Stinger$<sprite=""fontsprite"" index=1><sprite=""fontsprite"" index=1>","エレキワスプ$電気針$<sprite=""fontsprite"" index=1><sprite=""fontsprite"" index=1>","雷电蜂$电击针$<sprite=""fontsprite"" index=1><sprite=""fontsprite"" index=1>
Voltwasp$Electric Stinger$<sprite=""fontsprite"" index=1><sprite=""fontsprite"" index=1>"
"29394","Voltwasp$Electric Stinger$<sprite=""fontsprite"" index=1><sprite=""fontsprite"" index=1>","エレキワスプ$電気針$<sprite=""fontsprite"" index=1><sprite=""fontsprite"" index=1>","雷电蜂$电击针$<sprite=""fontsprite"" index=1><sprite=""fontsprite"" index=1>
Voltwasp$Electric Stinger$<sprite=""fontsprite"" index=1><sprite=""fontsprite"" index=1>"
"29395","Voltwasp$Electric Stinger$<sprite=""fontsprite"" index=1><sprite=""fontsprite"" index=1>","エレキワスプ$電気針$<sprite=""fontsprite"" index=1><sprite=""fontsprite"" index=1>","雷电蜂$电击针$<sprite=""fontsprite"" index=1><sprite=""fontsprite"" index=1>
Voltwasp$Electric Stinger$<sprite=""fontsprite"" index=1><sprite=""fontsprite"" index=1>"
"29401","Sprite$Spark$<sprite=""fontsprite"" index=1><sprite=""fontsprite"" index=1><sprite=""fontsprite"" index=1>","スプライト$スパーク$<sprite=""fontsprite"" index=1><sprite=""fontsprite"" index=1><sprite=""fontsprite"" index=1>","精灵$电光$<sprite=""fontsprite"" index=1><sprite=""fontsprite"" index=1><sprite=""fontsprite"" index=1>
Sprite$Spark$<sprite=""fontsprite"" index=1><sprite=""fontsprite"" index=1><sprite=""fontsprite"" index=1>"
"29402","Sprite$Spark$<sprite=""fontsprite"" index=1><sprite=""fontsprite"" index=1><sprite=""fontsprite"" index=1>","スプライト$スパーク$<sprite=""fontsprite"" index=1><sprite=""fontsprite"" index=1><sprite=""fontsprite"" index=1>","精灵$电光$<sprite=""fontsprite"" index=1><sprite=""fontsprite"" index=1><sprite=""fontsprite"" index=1>
Sprite$Spark$<sprite=""fontsprite"" index=1><sprite=""fontsprite"" index=1><sprite=""fontsprite"" index=1>"
"29403","Sprite$Spark$<sprite=""fontsprite"" index=1><sprite=""fontsprite"" index=1><sprite=""fontsprite"" index=1>","スプライト$スパーク$<sprite=""fontsprite"" index=1><sprite=""fontsprite"" index=1><sprite=""fontsprite"" index=1>","精灵$电光$<sprite=""fontsprite"" index=1><sprite=""fontsprite"" index=1><sprite=""fontsprite"" index=1>
Sprite$Spark$<sprite=""fontsprite"" index=1><sprite=""fontsprite"" index=1><sprite=""fontsprite"" index=1>"
"29404","Sprite$Spark$<sprite=""fontsprite"" index=1><sprite=""fontsprite"" index=1><sprite=""fontsprite"" index=1>","スプライト$スパーク$<sprite=""fontsprite"" index=1><sprite=""fontsprite"" index=1><sprite=""fontsprite"" index=1>","精灵$电光$<sprite=""fontsprite"" index=1><sprite=""fontsprite"" index=1><sprite=""fontsprite"" index=1>
Sprite$Spark$<sprite=""fontsprite"" index=1><sprite=""fontsprite"" index=1><sprite=""fontsprite"" index=1>"
"29405","Sprite$Spark$<sprite=""fontsprite"" index=1><sprite=""fontsprite"" index=1>","スプライト$スパーク$<sprite=""fontsprite"" index=1><sprite=""fontsprite"" index=1>","精灵$电光$<sprite=""fontsprite"" index=1><sprite=""fontsprite"" index=1>
Sprite$Spark$<sprite=""fontsprite"" index=1><sprite=""fontsprite"" index=1>"
"29411","Wyvern$Tornado Dive$<sprite=""fontsprite"" index=1><sprite=""fontsprite"" index=1><sprite=""fontsprite"" index=1>","ワイバーン$トルネードダイブ$<sprite=""fontsprite"" index=1><sprite=""fontsprite"" index=1><sprite=""fontsprite"" index=1>","飞龙$龙卷俯冲$<sprite=""fontsprite"" index=1><sprite=""fontsprite"" index=1><sprite=""fontsprite"" index=1>
Wyvern$Tornado Dive$<sprite=""fontsprite"" index=1><sprite=""fontsprite"" index=1><sprite=""fontsprite"" index=1>"
"29412","Wyvern$Tornado Dive$<sprite=""fontsprite"" index=1><sprite=""fontsprite"" index=1><sprite=""fontsprite"" index=1>","ワイバーン$トルネードダイブ$<sprite=""fontsprite"" index=1><sprite=""fontsprite"" index=1><sprite=""fontsprite"" index=1>","飞龙$龙卷俯冲$<sprite=""fontsprite"" index=1><sprite=""fontsprite"" index=1><sprite=""fontsprite"" index=1>
Wyvern$Tornado Dive$<sprite=""fontsprite"" index=1><sprite=""fontsprite"" index=1><sprite=""fontsprite"" index=1>"
"29413","Wyvern$Tornado Dive$<sprite=""fontsprite"" index=1><sprite=""fontsprite"" index=1><sprite=""fontsprite"" index=1>","ワイバーン$トルネードダイブ$<sprite=""fontsprite"" index=1><sprite=""fontsprite"" index=1><sprite=""fontsprite"" index=1>","飞龙$龙卷俯冲$<sprite=""fontsprite"" index=1><sprite=""fontsprite"" index=1><sprite=""fontsprite"" index=1>
Wyvern$Tornado Dive$<sprite=""fontsprite"" index=1><sprite=""fontsprite"" index=1><sprite=""fontsprite"" index=1>"
"29414","Wyvern$Tornado Dive$<sprite=""fontsprite"" index=1><sprite=""fontsprite"" index=1><sprite=""fontsprite"" index=1>","ワイバーン$トルネードダイブ$<sprite=""fontsprite"" index=1><sprite=""fontsprite"" index=1><sprite=""fontsprite"" index=1>","飞龙$龙卷俯冲$<sprite=""fontsprite"" index=1><sprite=""fontsprite"" index=1><sprite=""fontsprite"" index=1>
Wyvern$Tornado Dive$<sprite=""fontsprite"" index=1><sprite=""fontsprite"" index=1><sprite=""fontsprite"" index=1>"
"29415","Wyvern$Tornado Dive$<sprite=""fontsprite"" index=1><sprite=""fontsprite"" index=1><sprite=""fontsprite"" index=1>","ワイバーン$トルネードダイブ$<sprite=""fontsprite"" index=1><sprite=""fontsprite"" index=1><sprite=""fontsprite"" index=1>","飞龙$龙卷俯冲$<sprite=""fontsprite"" index=1><sprite=""fontsprite"" index=1><sprite=""fontsprite"" index=1>
Wyvern$Tornado Dive$<sprite=""fontsprite"" index=1><sprite=""fontsprite"" index=1><sprite=""fontsprite"" index=1>"
"29421","Dryad$Galestorm$<sprite=""fontsprite"" index=1><sprite=""fontsprite"" index=1>","ドライアド$ウィンドストーム$<sprite=""fontsprite"" index=1><sprite=""fontsprite"" index=1>","树精$疾风风暴$<sprite=""fontsprite"" index=1><sprite=""fontsprite"" index=1>
Dryad$Galestorm$<sprite=""fontsprite"" index=1><sprite=""fontsprite"" index=1>"
"29422","Dryad$Galestorm$<sprite=""fontsprite"" index=1><sprite=""fontsprite"" index=1>","ドライアド$ウィンドストーム$<sprite=""fontsprite"" index=1><sprite=""fontsprite"" index=1>","树精$疾风风暴$<sprite=""fontsprite"" index=1><sprite=""fontsprite"" index=1>
Dryad$Galestorm$<sprite=""fontsprite"" index=1><sprite=""fontsprite"" index=1>"
"29423","Dryad$Galestorm$<sprite=""fontsprite"" index=1><sprite=""fontsprite"" index=1>","ドライアド$ウィンドストーム$<sprite=""fontsprite"" index=1><sprite=""fontsprite"" index=1>","树精$疾风风暴$<sprite=""fontsprite"" index=1><sprite=""fontsprite"" index=1>
Dryad$Galestorm$<sprite=""fontsprite"" index=1><sprite=""fontsprite"" index=1>"
"29424","Dryad$Galestorm$<sprite=""fontsprite"" index=1><sprite=""fontsprite"" index=1>","ドライアド$ウィンドストーム$<sprite=""fontsprite"" index=1><sprite=""fontsprite"" index=1>","树精$疾风风暴$<sprite=""fontsprite"" index=1><sprite=""fontsprite"" index=1>
Dryad$Galestorm$<sprite=""fontsprite"" index=1><sprite=""fontsprite"" index=1>"
"29425","Dryad$Galestorm$<sprite=""fontsprite"" index=1><sprite=""fontsprite"" index=1>","ドライアド$ウィンドストーム$<sprite=""fontsprite"" index=1><sprite=""fontsprite"" index=1>","树精$疾风风暴$<sprite=""fontsprite"" index=1><sprite=""fontsprite"" index=1>
Dryad$Galestorm$<sprite=""fontsprite"" index=1><sprite=""fontsprite"" index=1>"
"29431","Centaur$Spark Bolt$<sprite=""fontsprite"" index=1><sprite=""fontsprite"" index=1>","ケンタウロス$シャインボルト$<sprite=""fontsprite"" index=1><sprite=""fontsprite"" index=1>","半人马$闪光雷击$<sprite=""fontsprite"" index=1><sprite=""fontsprite"" index=1>
Centaur$Spark Bolt$<sprite=""fontsprite"" index=1><sprite=""fontsprite"" index=1>"
"29432","Centaur$Spark Bolt$<sprite=""fontsprite"" index=1><sprite=""fontsprite"" index=1>","ケンタウロス$シャインボルト$<sprite=""fontsprite"" index=1><sprite=""fontsprite"" index=1>","半人马$闪光雷击$<sprite=""fontsprite"" index=1><sprite=""fontsprite"" index=1>
Centaur$Spark Bolt$<sprite=""fontsprite"" index=1><sprite=""fontsprite"" index=1>"
"29433","Centaur$Spark Bolt$<sprite=""fontsprite"" index=1><sprite=""fontsprite"" index=1>","ケンタウロス$シャインボルト$<sprite=""fontsprite"" index=1><sprite=""fontsprite"" index=1>","半人马$闪光雷击$<sprite=""fontsprite"" index=1><sprite=""fontsprite"" index=1>
Centaur$Spark Bolt$<sprite=""fontsprite"" index=1><sprite=""fontsprite"" index=1>"
"29434","Centaur$Spark Bolt$<sprite=""fontsprite"" index=1><sprite=""fontsprite"" index=1>","ケンタウロス$シャインボルト$<sprite=""fontsprite"" index=1><sprite=""fontsprite"" index=1>","半人马$闪光雷击$<sprite=""fontsprite"" index=1><sprite=""fontsprite"" index=1>
Centaur$Spark Bolt$<sprite=""fontsprite"" index=1><sprite=""fontsprite"" index=1>"
"29435","Centaur$Spark Bolt$<sprite=""fontsprite"" index=1><sprite=""fontsprite"" index=1>","ケンタウロス$シャインボルト$<sprite=""fontsprite"" index=1><sprite=""fontsprite"" index=1>","半人马$闪光雷击$<sprite=""fontsprite"" index=1><sprite=""fontsprite"" index=1>
Centaur$Spark Bolt$<sprite=""fontsprite"" index=1><sprite=""fontsprite"" index=1>"
"29441","Gargoyle$Lightstorm$<sprite=""fontsprite"" index=1><sprite=""fontsprite"" index=1><sprite=""fontsprite"" index=1>","ガーゴイル$シャインストーム$<sprite=""fontsprite"" index=1><sprite=""fontsprite"" index=1><sprite=""fontsprite"" index=1>","石像鬼$光明风暴$<sprite=""fontsprite"" index=1><sprite=""fontsprite"" index=1><sprite=""fontsprite"" index=1>
Gargoyle$Lightstorm$<sprite=""fontsprite"" index=1><sprite=""fontsprite"" index=1><sprite=""fontsprite"" index=1>"
"29442","Gargoyle$Lightstorm$<sprite=""fontsprite"" index=1><sprite=""fontsprite"" index=1><sprite=""fontsprite"" index=1>","ガーゴイル$シャインストーム$<sprite=""fontsprite"" index=1><sprite=""fontsprite"" index=1><sprite=""fontsprite"" index=1>","石像鬼$光明风暴$<sprite=""fontsprite"" index=1><sprite=""fontsprite"" index=1><sprite=""fontsprite"" index=1>
Gargoyle$Lightstorm$<sprite=""fontsprite"" index=1><sprite=""fontsprite"" index=1><sprite=""fontsprite"" index=1>"
"29443","Gargoyle$Lightstorm$<sprite=""fontsprite"" index=1><sprite=""fontsprite"" index=1><sprite=""fontsprite"" index=1>","ガーゴイル$シャインストーム$<sprite=""fontsprite"" index=1><sprite=""fontsprite"" index=1><sprite=""fontsprite"" index=1>","石像鬼$光明风暴$<sprite=""fontsprite"" index=1><sprite=""fontsprite"" index=1><sprite=""fontsprite"" index=1>
Gargoyle$Lightstorm$<sprite=""fontsprite"" index=1><sprite=""fontsprite"" index=1><sprite=""fontsprite"" index=1>"
"29444","Gargoyle$Lightstorm$<sprite=""fontsprite"" index=1><sprite=""fontsprite"" index=1><sprite=""fontsprite"" index=1>","ガーゴイル$シャインストーム$<sprite=""fontsprite"" index=1><sprite=""fontsprite"" index=1><sprite=""fontsprite"" index=1>","石像鬼$光明风暴$<sprite=""fontsprite"" index=1><sprite=""fontsprite"" index=1><sprite=""fontsprite"" index=1>
Gargoyle$Lightstorm$<sprite=""fontsprite"" index=1><sprite=""fontsprite"" index=1><sprite=""fontsprite"" index=1>"
"29445","Gargoyle$Lightstorm$<sprite=""fontsprite"" index=1><sprite=""fontsprite"" index=1><sprite=""fontsprite"" index=1>","ガーゴイル$シャインストーム$<sprite=""fontsprite"" index=1><sprite=""fontsprite"" index=1><sprite=""fontsprite"" index=1>","石像鬼$光明风暴$<sprite=""fontsprite"" index=1><sprite=""fontsprite"" index=1><sprite=""fontsprite"" index=1>
Gargoyle$Lightstorm$<sprite=""fontsprite"" index=1><sprite=""fontsprite"" index=1><sprite=""fontsprite"" index=1>"
"29451","Garm$Dark Breath$<sprite=""fontsprite"" index=1><sprite=""fontsprite"" index=1><sprite=""fontsprite"" index=1><sprite=""fontsprite"" index=1>","ガルム$ダークブレス$<sprite=""fontsprite"" index=1><sprite=""fontsprite"" index=1><sprite=""fontsprite"" index=1><sprite=""fontsprite"" index=1>","加尔姆$暗黑吐息$<sprite=""fontsprite"" index=1><sprite=""fontsprite"" index=1><sprite=""fontsprite"" index=1><sprite=""fontsprite"" index=1>
Garm$Dark Breath$<sprite=""fontsprite"" index=1><sprite=""fontsprite"" index=1><sprite=""fontsprite"" index=1><sprite=""fontsprite"" index=1>"
"29452","Garm$Dark Breath$<sprite=""fontsprite"" index=1><sprite=""fontsprite"" index=1><sprite=""fontsprite"" index=1>","ガルム$ダークブレス$<sprite=""fontsprite"" index=1><sprite=""fontsprite"" index=1><sprite=""fontsprite"" index=1>","加尔姆$暗黑吐息$<sprite=""fontsprite"" index=1><sprite=""fontsprite"" index=1><sprite=""fontsprite"" index=1>
Garm$Dark Breath$<sprite=""fontsprite"" index=1><sprite=""fontsprite"" index=1><sprite=""fontsprite"" index=1>"
"29453","Garm$Dark Breath$<sprite=""fontsprite"" index=1><sprite=""fontsprite"" index=1>","ガルム$ダークブレス$<sprite=""fontsprite"" index=1><sprite=""fontsprite"" index=1>","加尔姆$暗黑吐息$<sprite=""fontsprite"" index=1><sprite=""fontsprite"" index=1>
Garm$Dark Breath$<sprite=""fontsprite"" index=1><sprite=""fontsprite"" index=1>"
"29461","Death Crawler$Drain Life$<sprite=""fontsprite"" index=1><sprite=""fontsprite"" index=1><sprite=""fontsprite"" index=1>","デスクローラー$ライフドレイン$<sprite=""fontsprite"" index=1><sprite=""fontsprite"" index=1><sprite=""fontsprite"" index=1>","死亡爬行者$生命汲取$<sprite=""fontsprite"" index=1><sprite=""fontsprite"" index=1><sprite=""fontsprite"" index=1>
Death Crawler$Drain Life$<sprite=""fontsprite"" index=1><sprite=""fontsprite"" index=1><sprite=""fontsprite"" index=1>"
"29462","Death Crawler$Drain Life$<sprite=""fontsprite"" index=1><sprite=""fontsprite"" index=1><sprite=""fontsprite"" index=1>","デスクローラー$ライフドレイン$<sprite=""fontsprite"" index=1><sprite=""fontsprite"" index=1><sprite=""fontsprite"" index=1>","死亡爬行者$生命汲取$<sprite=""fontsprite"" index=1><sprite=""fontsprite"" index=1><sprite=""fontsprite"" index=1>
Death Crawler$Drain Life$<sprite=""fontsprite"" index=1><sprite=""fontsprite"" index=1><sprite=""fontsprite"" index=1>"
"29463","Death Crawler$Drain Life$<sprite=""fontsprite"" index=1><sprite=""fontsprite"" index=1><sprite=""fontsprite"" index=1>","デスクローラー$ライフドレイン$<sprite=""fontsprite"" index=1><sprite=""fontsprite"" index=1><sprite=""fontsprite"" index=1>","死亡爬行者$生命汲取$<sprite=""fontsprite"" index=1><sprite=""fontsprite"" index=1><sprite=""fontsprite"" index=1>
Death Crawler$Drain Life$<sprite=""fontsprite"" index=1><sprite=""fontsprite"" index=1><sprite=""fontsprite"" index=1>"
"29464","Death Crawler$Drain Life$<sprite=""fontsprite"" index=1><sprite=""fontsprite"" index=1>","デスクローラー$ライフドレイン$<sprite=""fontsprite"" index=1><sprite=""fontsprite"" index=1>","死亡爬行者$生命汲取$<sprite=""fontsprite"" index=1><sprite=""fontsprite"" index=1>
Death Crawler$Drain Life$<sprite=""fontsprite"" index=1><sprite=""fontsprite"" index=1>"
"29465","Death Crawler$Drain Life$<sprite=""fontsprite"" index=1><sprite=""fontsprite"" index=1>","デスクローラー$ライフドレイン$<sprite=""fontsprite"" index=1><sprite=""fontsprite"" index=1>","死亡爬行者$生命汲取$<sprite=""fontsprite"" index=1><sprite=""fontsprite"" index=1>
Death Crawler$Drain Life$<sprite=""fontsprite"" index=1><sprite=""fontsprite"" index=1>"
"29471","Slime$Poison Sludge$<sprite=""fontsprite"" index=1>","スライム$毒の体液$<sprite=""fontsprite"" index=1>","史莱姆$毒液$<sprite=""fontsprite"" index=1>
Slime$Poison Sludge$<sprite=""fontsprite"" index=1>"
"29472","Slime$Poison Sludge$<sprite=""fontsprite"" index=1>","スライム$毒の体液$<sprite=""fontsprite"" index=1>","史莱姆$毒液$<sprite=""fontsprite"" index=1>
Slime$Poison Sludge$<sprite=""fontsprite"" index=1>"
"29473","Slime$Poison Sludge$<sprite=""fontsprite"" index=1>","スライム$毒の体液$<sprite=""fontsprite"" index=1>","史莱姆$毒液$<sprite=""fontsprite"" index=1>
Slime$Poison Sludge$<sprite=""fontsprite"" index=1>"
"29474","Slime$Poison Sludge$<sprite=""fontsprite"" index=1>","スライム$毒の体液$<sprite=""fontsprite"" index=1>","史莱姆$毒液$<sprite=""fontsprite"" index=1>
Slime$Poison Sludge$<sprite=""fontsprite"" index=1>"
"29475","Slime$Poison Sludge$<sprite=""fontsprite"" index=1>","スライム$毒の体液$<sprite=""fontsprite"" index=1>","史莱姆$毒液$<sprite=""fontsprite"" index=1>
Slime$Poison Sludge$<sprite=""fontsprite"" index=1>"
"29481","Venomslime$Deadly Poison Sludge$<sprite=""fontsprite"" index=1><sprite=""fontsprite"" index=1>","ベノムスライム$猛毒の体液$<sprite=""fontsprite"" index=1><sprite=""fontsprite"" index=1>","毒史莱姆$猛毒液$<sprite=""fontsprite"" index=1><sprite=""fontsprite"" index=1>
Venomslime$Deadly Poison Sludge$<sprite=""fontsprite"" index=1><sprite=""fontsprite"" index=1>"
"29482","Venomslime$Deadly Poison Sludge$<sprite=""fontsprite"" index=1><sprite=""fontsprite"" index=1>","ベノムスライム$猛毒の体液$<sprite=""fontsprite"" index=1><sprite=""fontsprite"" index=1>","毒史莱姆$猛毒液$<sprite=""fontsprite"" index=1><sprite=""fontsprite"" index=1>
Venomslime$Deadly Poison Sludge$<sprite=""fontsprite"" index=1><sprite=""fontsprite"" index=1>"
"29483","Venomslime$Deadly Poison Sludge$<sprite=""fontsprite"" index=1><sprite=""fontsprite"" index=1>","ベノムスライム$猛毒の体液$<sprite=""fontsprite"" index=1><sprite=""fontsprite"" index=1>","毒史莱姆$猛毒液$<sprite=""fontsprite"" index=1><sprite=""fontsprite"" index=1>
Venomslime$Deadly Poison Sludge$<sprite=""fontsprite"" index=1><sprite=""fontsprite"" index=1>"
"29484","Venomslime$Deadly Poison Sludge$<sprite=""fontsprite"" index=1><sprite=""fontsprite"" index=1>","ベノムスライム$猛毒の体液$<sprite=""fontsprite"" index=1><sprite=""fontsprite"" index=1>","毒史莱姆$猛毒液$<sprite=""fontsprite"" index=1><sprite=""fontsprite"" index=1>
Venomslime$Deadly Poison Sludge$<sprite=""fontsprite"" index=1><sprite=""fontsprite"" index=1>"
"29485","Venomslime$Deadly Poison Sludge$<sprite=""fontsprite"" index=1><sprite=""fontsprite"" index=1>","ベノムスライム$猛毒の体液$<sprite=""fontsprite"" index=1><sprite=""fontsprite"" index=1>","毒史莱姆$猛毒液$<sprite=""fontsprite"" index=1><sprite=""fontsprite"" index=1>
Venomslime$Deadly Poison Sludge$<sprite=""fontsprite"" index=1><sprite=""fontsprite"" index=1>"
"29491","Aquarock$Frost$<sprite=""fontsprite"" index=1><sprite=""fontsprite"" index=1><sprite=""fontsprite"" index=1>","ウェイブロック$アイスロック$<sprite=""fontsprite"" index=1><sprite=""fontsprite"" index=1><sprite=""fontsprite"" index=1>","浪潮岩怪$寒冰岩$<sprite=""fontsprite"" index=1><sprite=""fontsprite"" index=1><sprite=""fontsprite"" index=1>
Aquarock$Frost$<sprite=""fontsprite"" index=1><sprite=""fontsprite"" index=1><sprite=""fontsprite"" index=1>"
"29492","Aquarock$Frost$<sprite=""fontsprite"" index=1><sprite=""fontsprite"" index=1><sprite=""fontsprite"" index=1>","ウェイブロック$アイスロック$<sprite=""fontsprite"" index=1><sprite=""fontsprite"" index=1><sprite=""fontsprite"" index=1>","浪潮岩怪$寒冰岩$<sprite=""fontsprite"" index=1><sprite=""fontsprite"" index=1><sprite=""fontsprite"" index=1>
Aquarock$Frost$<sprite=""fontsprite"" index=1><sprite=""fontsprite"" index=1><sprite=""fontsprite"" index=1>"
"29493","Aquarock$Frost$<sprite=""fontsprite"" index=1><sprite=""fontsprite"" index=1><sprite=""fontsprite"" index=1>","ウェイブロック$アイスロック$<sprite=""fontsprite"" index=1><sprite=""fontsprite"" index=1><sprite=""fontsprite"" index=1>","浪潮岩怪$寒冰岩$<sprite=""fontsprite"" index=1><sprite=""fontsprite"" index=1><sprite=""fontsprite"" index=1>
Aquarock$Frost$<sprite=""fontsprite"" index=1><sprite=""fontsprite"" index=1><sprite=""fontsprite"" index=1>"
"29494","Aquarock$Frost$<sprite=""fontsprite"" index=1><sprite=""fontsprite"" index=1>","ウェイブロック$アイスロック$<sprite=""fontsprite"" index=1><sprite=""fontsprite"" index=1>","浪潮岩怪$寒冰岩$<sprite=""fontsprite"" index=1><sprite=""fontsprite"" index=1>
Aquarock$Frost$<sprite=""fontsprite"" index=1><sprite=""fontsprite"" index=1>"
"29495","Aquarock$Frost$<sprite=""fontsprite"" index=1>","ウェイブロック$アイスロック$<sprite=""fontsprite"" index=1>","浪潮岩怪$寒冰岩$<sprite=""fontsprite"" index=1>
Aquarock$Frost$<sprite=""fontsprite"" index=1>"
"29501","Lesser Troll$Intimidate$<sprite=""fontsprite"" index=1>","レッサートロル$威嚇する$<sprite=""fontsprite"" index=1>","小型巨魔$威吓$<sprite=""fontsprite"" index=1>
Lesser Troll$Intimidate$<sprite=""fontsprite"" index=1>"
"29502","Lesser Troll$Intimidate$<sprite=""fontsprite"" index=1>","レッサートロル$威嚇する$<sprite=""fontsprite"" index=1>","小型巨魔$威吓$<sprite=""fontsprite"" index=1>
Lesser Troll$Intimidate$<sprite=""fontsprite"" index=1>"
"29503","Lesser Troll$Intimidate$<sprite=""fontsprite"" index=1>","レッサートロル$威嚇する$<sprite=""fontsprite"" index=1>","小型巨魔$威吓$<sprite=""fontsprite"" index=1>
Lesser Troll$Intimidate$<sprite=""fontsprite"" index=1>"
"29504","Lesser Troll$Intimidate$<sprite=""fontsprite"" index=1>","レッサートロル$威嚇する$<sprite=""fontsprite"" index=1>","小型巨魔$威吓$<sprite=""fontsprite"" index=1>
Lesser Troll$Intimidate$<sprite=""fontsprite"" index=1>"
"29505","Lesser Troll$Intimidate$<sprite=""fontsprite"" index=1>","レッサートロル$威嚇する$<sprite=""fontsprite"" index=1>","小型巨魔$威吓$<sprite=""fontsprite"" index=1>
Lesser Troll$Intimidate$<sprite=""fontsprite"" index=1>"
"29511","Ghost$Soulstrike$<sprite=""fontsprite"" index=1><sprite=""fontsprite"" index=1><sprite=""fontsprite"" index=1>","ゴースト$人魂$<sprite=""fontsprite"" index=1><sprite=""fontsprite"" index=1><sprite=""fontsprite"" index=1>","幽灵$灵魂冲击$<sprite=""fontsprite"" index=1><sprite=""fontsprite"" index=1><sprite=""fontsprite"" index=1>
Ghost$Soulstrike$<sprite=""fontsprite"" index=1><sprite=""fontsprite"" index=1><sprite=""fontsprite"" index=1>"
"29512","Ghost$Soulstrike$<sprite=""fontsprite"" index=1><sprite=""fontsprite"" index=1><sprite=""fontsprite"" index=1>","ゴースト$人魂$<sprite=""fontsprite"" index=1><sprite=""fontsprite"" index=1><sprite=""fontsprite"" index=1>","幽灵$灵魂冲击$<sprite=""fontsprite"" index=1><sprite=""fontsprite"" index=1><sprite=""fontsprite"" index=1>
Ghost$Soulstrike$<sprite=""fontsprite"" index=1><sprite=""fontsprite"" index=1><sprite=""fontsprite"" index=1>"
"29513","Ghost$Soulstrike$<sprite=""fontsprite"" index=1><sprite=""fontsprite"" index=1>","ゴースト$人魂$<sprite=""fontsprite"" index=1><sprite=""fontsprite"" index=1>","幽灵$灵魂冲击$<sprite=""fontsprite"" index=1><sprite=""fontsprite"" index=1>
Ghost$Soulstrike$<sprite=""fontsprite"" index=1><sprite=""fontsprite"" index=1>"
"29514","Ghost$Soulstrike$<sprite=""fontsprite"" index=1><sprite=""fontsprite"" index=1>","ゴースト$人魂$<sprite=""fontsprite"" index=1><sprite=""fontsprite"" index=1>","幽灵$灵魂冲击$<sprite=""fontsprite"" index=1><sprite=""fontsprite"" index=1>
Ghost$Soulstrike$<sprite=""fontsprite"" index=1><sprite=""fontsprite"" index=1>"
"29515","Ghost$Soulstrike$<sprite=""fontsprite"" index=1><sprite=""fontsprite"" index=1>","ゴースト$人魂$<sprite=""fontsprite"" index=1><sprite=""fontsprite"" index=1>","幽灵$灵魂冲击$<sprite=""fontsprite"" index=1><sprite=""fontsprite"" index=1>
Ghost$Soulstrike$<sprite=""fontsprite"" index=1><sprite=""fontsprite"" index=1>"
"29521","Darktoad$Croak$<sprite=""fontsprite"" index=1><sprite=""fontsprite"" index=1>","ブラックトード$カエルの鳴き声$<sprite=""fontsprite"" index=1><sprite=""fontsprite"" index=1>","黑蟾$蛙鸣$<sprite=""fontsprite"" index=1><sprite=""fontsprite"" index=1>
Darktoad$Croak$<sprite=""fontsprite"" index=1><sprite=""fontsprite"" index=1>"
"29522","Darktoad$Croak$<sprite=""fontsprite"" index=1><sprite=""fontsprite"" index=1>","ブラックトード$カエルの鳴き声$<sprite=""fontsprite"" index=1><sprite=""fontsprite"" index=1>","黑蟾$蛙鸣$<sprite=""fontsprite"" index=1><sprite=""fontsprite"" index=1>
Darktoad$Croak$<sprite=""fontsprite"" index=1><sprite=""fontsprite"" index=1>"
"29523","Darktoad$Croak$<sprite=""fontsprite"" index=1><sprite=""fontsprite"" index=1>","ブラックトード$カエルの鳴き声$<sprite=""fontsprite"" index=1><sprite=""fontsprite"" index=1>","黑蟾$蛙鸣$<sprite=""fontsprite"" index=1><sprite=""fontsprite"" index=1>
Darktoad$Croak$<sprite=""fontsprite"" index=1><sprite=""fontsprite"" index=1>"
"29524","Darktoad$Croak$<sprite=""fontsprite"" index=1><sprite=""fontsprite"" index=1>","ブラックトード$カエルの鳴き声$<sprite=""fontsprite"" index=1><sprite=""fontsprite"" index=1>","黑蟾$蛙鸣$<sprite=""fontsprite"" index=1><sprite=""fontsprite"" index=1>
Darktoad$Croak$<sprite=""fontsprite"" index=1><sprite=""fontsprite"" index=1>"
"29525","Darktoad$Croak$<sprite=""fontsprite"" index=1><sprite=""fontsprite"" index=1>","ブラックトード$カエルの鳴き声$<sprite=""fontsprite"" index=1><sprite=""fontsprite"" index=1>","黑蟾$蛙鸣$<sprite=""fontsprite"" index=1><sprite=""fontsprite"" index=1>
Darktoad$Croak$<sprite=""fontsprite"" index=1><sprite=""fontsprite"" index=1>"
"29531","Furball$Heal$<sprite=""fontsprite"" index=1>","ケダマ$癒やす$<sprite=""fontsprite"" index=1>","毛球$治愈$<sprite=""fontsprite"" index=1>
Furball$Heal$<sprite=""fontsprite"" index=1>"
"29532","Furball$Heal$<sprite=""fontsprite"" index=1>","ケダマ$癒やす$<sprite=""fontsprite"" index=1>","毛球$治愈$<sprite=""fontsprite"" index=1>
Furball$Heal$<sprite=""fontsprite"" index=1>"
"29533","Furball$Heal$<sprite=""fontsprite"" index=1>","ケダマ$癒やす$<sprite=""fontsprite"" index=1>","毛球$治愈$<sprite=""fontsprite"" index=1>
Furball$Heal$<sprite=""fontsprite"" index=1>"
"29534","Furball$Heal$<sprite=""fontsprite"" index=1>","ケダマ$癒やす$<sprite=""fontsprite"" index=1>","毛球$治愈$<sprite=""fontsprite"" index=1>
Furball$Heal$<sprite=""fontsprite"" index=1>"
"29535","Furball$Heal$<sprite=""fontsprite"" index=1>","ケダマ$癒やす$<sprite=""fontsprite"" index=1>","毛球$治愈$<sprite=""fontsprite"" index=1>
Furball$Heal$<sprite=""fontsprite"" index=1>"
"29541","Mouthy Furball$First-Rate Healing$<sprite=""fontsprite"" index=1><sprite=""fontsprite"" index=1>","クチダマ$極上の癒やし$<sprite=""fontsprite"" index=1><sprite=""fontsprite"" index=1>","嘴毛球$极效治愈$<sprite=""fontsprite"" index=1><sprite=""fontsprite"" index=1>
Mouthy Furball$First-Rate Healing$<sprite=""fontsprite"" index=1><sprite=""fontsprite"" index=1>"
"29542","Mouthy Furball$First-Rate Healing$<sprite=""fontsprite"" index=1><sprite=""fontsprite"" index=1>","クチダマ$極上の癒やし$<sprite=""fontsprite"" index=1><sprite=""fontsprite"" index=1>","嘴毛球$极效治愈$<sprite=""fontsprite"" index=1><sprite=""fontsprite"" index=1>
Mouthy Furball$First-Rate Healing$<sprite=""fontsprite"" index=1><sprite=""fontsprite"" index=1>"
"29543","Mouthy Furball$First-Rate Healing$<sprite=""fontsprite"" index=1><sprite=""fontsprite"" index=1>","クチダマ$極上の癒やし$<sprite=""fontsprite"" index=1><sprite=""fontsprite"" index=1>","嘴毛球$极效治愈$<sprite=""fontsprite"" index=1><sprite=""fontsprite"" index=1>
Mouthy Furball$First-Rate Healing$<sprite=""fontsprite"" index=1><sprite=""fontsprite"" index=1>"
"29544","Mouthy Furball$First-Rate Healing$<sprite=""fontsprite"" index=1><sprite=""fontsprite"" index=1>","クチダマ$極上の癒やし$<sprite=""fontsprite"" index=1><sprite=""fontsprite"" index=1>","嘴毛球$极效治愈$<sprite=""fontsprite"" index=1><sprite=""fontsprite"" index=1>
Mouthy Furball$First-Rate Healing$<sprite=""fontsprite"" index=1><sprite=""fontsprite"" index=1>"
"29545","Mouthy Furball$First-Rate Healing$<sprite=""fontsprite"" index=1><sprite=""fontsprite"" index=1>","クチダマ$極上の癒やし$<sprite=""fontsprite"" index=1><sprite=""fontsprite"" index=1>","嘴毛球$极效治愈$<sprite=""fontsprite"" index=1><sprite=""fontsprite"" index=1>
Mouthy Furball$First-Rate Healing$<sprite=""fontsprite"" index=1><sprite=""fontsprite"" index=1>"
"29551","Magemoth$Soothing Flutter$<sprite=""fontsprite"" index=1><sprite=""fontsprite"" index=1><sprite=""fontsprite"" index=1><sprite=""fontsprite"" index=1>","メイジモス$癒やしの羽ばたき$<sprite=""fontsprite"" index=1><sprite=""fontsprite"" index=1><sprite=""fontsprite"" index=1><sprite=""fontsprite"" index=1>","魔法蛾$治愈振翅$<sprite=""fontsprite"" index=1><sprite=""fontsprite"" index=1><sprite=""fontsprite"" index=1><sprite=""fontsprite"" index=1>
Magemoth$Soothing Flutter$<sprite=""fontsprite"" index=1><sprite=""fontsprite"" index=1><sprite=""fontsprite"" index=1><sprite=""fontsprite"" index=1>"
"29552","Magemoth$Soothing Flutter$<sprite=""fontsprite"" index=1><sprite=""fontsprite"" index=1><sprite=""fontsprite"" index=1><sprite=""fontsprite"" index=1>","メイジモス$癒やしの羽ばたき$<sprite=""fontsprite"" index=1><sprite=""fontsprite"" index=1><sprite=""fontsprite"" index=1><sprite=""fontsprite"" index=1>","魔法蛾$治愈振翅$<sprite=""fontsprite"" index=1><sprite=""fontsprite"" index=1><sprite=""fontsprite"" index=1><sprite=""fontsprite"" index=1>
Magemoth$Soothing Flutter$<sprite=""fontsprite"" index=1><sprite=""fontsprite"" index=1><sprite=""fontsprite"" index=1><sprite=""fontsprite"" index=1>"
"29553","Magemoth$Soothing Flutter$<sprite=""fontsprite"" index=1><sprite=""fontsprite"" index=1><sprite=""fontsprite"" index=1><sprite=""fontsprite"" index=1>","メイジモス$癒やしの羽ばたき$<sprite=""fontsprite"" index=1><sprite=""fontsprite"" index=1><sprite=""fontsprite"" index=1><sprite=""fontsprite"" index=1>","魔法蛾$治愈振翅$<sprite=""fontsprite"" index=1><sprite=""fontsprite"" index=1><sprite=""fontsprite"" index=1><sprite=""fontsprite"" index=1>
Magemoth$Soothing Flutter$<sprite=""fontsprite"" index=1><sprite=""fontsprite"" index=1><sprite=""fontsprite"" index=1><sprite=""fontsprite"" index=1>"
"29554","Magemoth$Soothing Flutter$<sprite=""fontsprite"" index=1><sprite=""fontsprite"" index=1><sprite=""fontsprite"" index=1>","メイジモス$癒やしの羽ばたき$<sprite=""fontsprite"" index=1><sprite=""fontsprite"" index=1><sprite=""fontsprite"" index=1>","魔法蛾$治愈振翅$<sprite=""fontsprite"" index=1><sprite=""fontsprite"" index=1><sprite=""fontsprite"" index=1>
Magemoth$Soothing Flutter$<sprite=""fontsprite"" index=1><sprite=""fontsprite"" index=1><sprite=""fontsprite"" index=1>"
"29555","Magemoth$Soothing Flutter$<sprite=""fontsprite"" index=1><sprite=""fontsprite"" index=1><sprite=""fontsprite"" index=1>","メイジモス$癒やしの羽ばたき$<sprite=""fontsprite"" index=1><sprite=""fontsprite"" index=1><sprite=""fontsprite"" index=1>","魔法蛾$治愈振翅$<sprite=""fontsprite"" index=1><sprite=""fontsprite"" index=1><sprite=""fontsprite"" index=1>
Magemoth$Soothing Flutter$<sprite=""fontsprite"" index=1><sprite=""fontsprite"" index=1><sprite=""fontsprite"" index=1>"
"29561","Gold Fungo$Vigor Spore$<sprite=""fontsprite"" index=1><sprite=""fontsprite"" index=1><sprite=""fontsprite"" index=1><sprite=""fontsprite"" index=1>","ゴールデンフンゴ$活力の胞子$<sprite=""fontsprite"" index=1><sprite=""fontsprite"" index=1><sprite=""fontsprite"" index=1><sprite=""fontsprite"" index=1>","黄金菌怪$活力孢子$<sprite=""fontsprite"" index=1><sprite=""fontsprite"" index=1><sprite=""fontsprite"" index=1><sprite=""fontsprite"" index=1>
Gold Fungo$Vigor Spore$<sprite=""fontsprite"" index=1><sprite=""fontsprite"" index=1><sprite=""fontsprite"" index=1><sprite=""fontsprite"" index=1>"
"29562","Gold Fungo$Vigor Spore$<sprite=""fontsprite"" index=1><sprite=""fontsprite"" index=1><sprite=""fontsprite"" index=1><sprite=""fontsprite"" index=1>","ゴールデンフンゴ$活力の胞子$<sprite=""fontsprite"" index=1><sprite=""fontsprite"" index=1><sprite=""fontsprite"" index=1><sprite=""fontsprite"" index=1>","黄金菌怪$活力孢子$<sprite=""fontsprite"" index=1><sprite=""fontsprite"" index=1><sprite=""fontsprite"" index=1><sprite=""fontsprite"" index=1>
Gold Fungo$Vigor Spore$<sprite=""fontsprite"" index=1><sprite=""fontsprite"" index=1><sprite=""fontsprite"" index=1><sprite=""fontsprite"" index=1>"
"29563","Gold Fungo$Vigor Spore$<sprite=""fontsprite"" index=1><sprite=""fontsprite"" index=1><sprite=""fontsprite"" index=1><sprite=""fontsprite"" index=1>","ゴールデンフンゴ$活力の胞子$<sprite=""fontsprite"" index=1><sprite=""fontsprite"" index=1><sprite=""fontsprite"" index=1><sprite=""fontsprite"" index=1>","黄金菌怪$活力孢子$<sprite=""fontsprite"" index=1><sprite=""fontsprite"" index=1><sprite=""fontsprite"" index=1><sprite=""fontsprite"" index=1>
Gold Fungo$Vigor Spore$<sprite=""fontsprite"" index=1><sprite=""fontsprite"" index=1><sprite=""fontsprite"" index=1><sprite=""fontsprite"" index=1>"
"29564","Gold Fungo$Vigor Spore$<sprite=""fontsprite"" index=1><sprite=""fontsprite"" index=1><sprite=""fontsprite"" index=1>","ゴールデンフンゴ$活力の胞子$<sprite=""fontsprite"" index=1><sprite=""fontsprite"" index=1><sprite=""fontsprite"" index=1>","黄金菌怪$活力孢子$<sprite=""fontsprite"" index=1><sprite=""fontsprite"" index=1><sprite=""fontsprite"" index=1>
Gold Fungo$Vigor Spore$<sprite=""fontsprite"" index=1><sprite=""fontsprite"" index=1><sprite=""fontsprite"" index=1>"
"29565","Gold Fungo$Vigor Spore$<sprite=""fontsprite"" index=1><sprite=""fontsprite"" index=1><sprite=""fontsprite"" index=1>","ゴールデンフンゴ$活力の胞子$<sprite=""fontsprite"" index=1><sprite=""fontsprite"" index=1><sprite=""fontsprite"" index=1>","黄金菌怪$活力孢子$<sprite=""fontsprite"" index=1><sprite=""fontsprite"" index=1><sprite=""fontsprite"" index=1>
Gold Fungo$Vigor Spore$<sprite=""fontsprite"" index=1><sprite=""fontsprite"" index=1><sprite=""fontsprite"" index=1>"
"29571","Snowy Treant$Soothing Waters$<sprite=""fontsprite"" index=1><sprite=""fontsprite"" index=1>","スノートレント$水の癒やし$<sprite=""fontsprite"" index=1><sprite=""fontsprite"" index=1>","雪原树人$疗愈之水$<sprite=""fontsprite"" index=1><sprite=""fontsprite"" index=1>
Snowy Treant$Soothing Waters$<sprite=""fontsprite"" index=1><sprite=""fontsprite"" index=1>"
"29581","Seastone$Rejuvenate$<sprite=""fontsprite"" index=1><sprite=""fontsprite"" index=1><sprite=""fontsprite"" index=1><sprite=""fontsprite"" index=1><sprite=""fontsprite"" index=1>","ウミメノウ$蘇生する$<sprite=""fontsprite"" index=1><sprite=""fontsprite"" index=1><sprite=""fontsprite"" index=1><sprite=""fontsprite"" index=1><sprite=""fontsprite"" index=1>","海玛瑙$复苏$<sprite=""fontsprite"" index=1><sprite=""fontsprite"" index=1><sprite=""fontsprite"" index=1><sprite=""fontsprite"" index=1><sprite=""fontsprite"" index=1>
Seastone$Rejuvenate$<sprite=""fontsprite"" index=1><sprite=""fontsprite"" index=1><sprite=""fontsprite"" index=1><sprite=""fontsprite"" index=1><sprite=""fontsprite"" index=1>"
"29582","Seastone$Rejuvenate$<sprite=""fontsprite"" index=1><sprite=""fontsprite"" index=1><sprite=""fontsprite"" index=1><sprite=""fontsprite"" index=1>","ウミメノウ$蘇生する$<sprite=""fontsprite"" index=1><sprite=""fontsprite"" index=1><sprite=""fontsprite"" index=1><sprite=""fontsprite"" index=1>","海玛瑙$复苏$<sprite=""fontsprite"" index=1><sprite=""fontsprite"" index=1><sprite=""fontsprite"" index=1><sprite=""fontsprite"" index=1>
Seastone$Rejuvenate$<sprite=""fontsprite"" index=1><sprite=""fontsprite"" index=1><sprite=""fontsprite"" index=1><sprite=""fontsprite"" index=1>"
"29583","Seastone$Rejuvenate$<sprite=""fontsprite"" index=1><sprite=""fontsprite"" index=1><sprite=""fontsprite"" index=1><sprite=""fontsprite"" index=1>","ウミメノウ$蘇生する$<sprite=""fontsprite"" index=1><sprite=""fontsprite"" index=1><sprite=""fontsprite"" index=1><sprite=""fontsprite"" index=1>","海玛瑙$复苏$<sprite=""fontsprite"" index=1><sprite=""fontsprite"" index=1><sprite=""fontsprite"" index=1><sprite=""fontsprite"" index=1>
Seastone$Rejuvenate$<sprite=""fontsprite"" index=1><sprite=""fontsprite"" index=1><sprite=""fontsprite"" index=1><sprite=""fontsprite"" index=1>"
"29591","Orc Child$Orcish Power$<sprite=""fontsprite"" index=1><sprite=""fontsprite"" index=1>","オークキッド$オークの力$<sprite=""fontsprite"" index=1><sprite=""fontsprite"" index=1>","兽人幼崽$兽人之力$<sprite=""fontsprite"" index=1><sprite=""fontsprite"" index=1>
Orc Child$Orcish Power$<sprite=""fontsprite"" index=1><sprite=""fontsprite"" index=1>"
"29592","Orc Child$Orcish Power$<sprite=""fontsprite"" index=1><sprite=""fontsprite"" index=1>","オークキッド$オークの力$<sprite=""fontsprite"" index=1><sprite=""fontsprite"" index=1>","兽人幼崽$兽人之力$<sprite=""fontsprite"" index=1><sprite=""fontsprite"" index=1>
Orc Child$Orcish Power$<sprite=""fontsprite"" index=1><sprite=""fontsprite"" index=1>"
"29593","Orc Child$Orcish Power$<sprite=""fontsprite"" index=1><sprite=""fontsprite"" index=1>","オークキッド$オークの力$<sprite=""fontsprite"" index=1><sprite=""fontsprite"" index=1>","兽人幼崽$兽人之力$<sprite=""fontsprite"" index=1><sprite=""fontsprite"" index=1>
Orc Child$Orcish Power$<sprite=""fontsprite"" index=1><sprite=""fontsprite"" index=1>"
"29594","Orc Child$Orcish Power$<sprite=""fontsprite"" index=1>","オークキッド$オークの力$<sprite=""fontsprite"" index=1>","兽人幼崽$兽人之力$<sprite=""fontsprite"" index=1>
Orc Child$Orcish Power$<sprite=""fontsprite"" index=1>"
"29595","Orc Child$Orcish Power$<sprite=""fontsprite"" index=1>","オークキッド$オークの力$<sprite=""fontsprite"" index=1>","兽人幼崽$兽人之力$<sprite=""fontsprite"" index=1>
Orc Child$Orcish Power$<sprite=""fontsprite"" index=1>"
"29601","Iron Tortoise$Shell Guard$<sprite=""fontsprite"" index=1><sprite=""fontsprite"" index=1>","アイアンタートル$甲羅の守り$<sprite=""fontsprite"" index=1><sprite=""fontsprite"" index=1>","钢铁龟$甲壳守护$<sprite=""fontsprite"" index=1><sprite=""fontsprite"" index=1>
Iron Tortoise$Shell Guard$<sprite=""fontsprite"" index=1><sprite=""fontsprite"" index=1>"
"29602","Iron Tortoise$Shell Guard$<sprite=""fontsprite"" index=1><sprite=""fontsprite"" index=1>","アイアンタートル$甲羅の守り$<sprite=""fontsprite"" index=1><sprite=""fontsprite"" index=1>","钢铁龟$甲壳守护$<sprite=""fontsprite"" index=1><sprite=""fontsprite"" index=1>
Iron Tortoise$Shell Guard$<sprite=""fontsprite"" index=1><sprite=""fontsprite"" index=1>"
"29603","Iron Tortoise$Shell Guard$<sprite=""fontsprite"" index=1><sprite=""fontsprite"" index=1>","アイアンタートル$甲羅の守り$<sprite=""fontsprite"" index=1><sprite=""fontsprite"" index=1>","钢铁龟$甲壳守护$<sprite=""fontsprite"" index=1><sprite=""fontsprite"" index=1>
Iron Tortoise$Shell Guard$<sprite=""fontsprite"" index=1><sprite=""fontsprite"" index=1>"
"29604","Iron Tortoise$Shell Guard$<sprite=""fontsprite"" index=1><sprite=""fontsprite"" index=1>","アイアンタートル$甲羅の守り$<sprite=""fontsprite"" index=1><sprite=""fontsprite"" index=1>","钢铁龟$甲壳守护$<sprite=""fontsprite"" index=1><sprite=""fontsprite"" index=1>
Iron Tortoise$Shell Guard$<sprite=""fontsprite"" index=1><sprite=""fontsprite"" index=1>"
"29605","Iron Tortoise$Shell Guard$<sprite=""fontsprite"" index=1>","アイアンタートル$甲羅の守り$<sprite=""fontsprite"" index=1>","钢铁龟$甲壳守护$<sprite=""fontsprite"" index=1>
Iron Tortoise$Shell Guard$<sprite=""fontsprite"" index=1>"
"29611","Yeti$Spur On$<sprite=""fontsprite"" index=1><sprite=""fontsprite"" index=1><sprite=""fontsprite"" index=1><sprite=""fontsprite"" index=1>","イエティ$激励する$<sprite=""fontsprite"" index=1><sprite=""fontsprite"" index=1><sprite=""fontsprite"" index=1><sprite=""fontsprite"" index=1>","雪怪$激励$<sprite=""fontsprite"" index=1><sprite=""fontsprite"" index=1><sprite=""fontsprite"" index=1><sprite=""fontsprite"" index=1>
Yeti$Spur On$<sprite=""fontsprite"" index=1><sprite=""fontsprite"" index=1><sprite=""fontsprite"" index=1><sprite=""fontsprite"" index=1>"
"29612","Yeti$Spur On$<sprite=""fontsprite"" index=1><sprite=""fontsprite"" index=1><sprite=""fontsprite"" index=1>","イエティ$激励する$<sprite=""fontsprite"" index=1><sprite=""fontsprite"" index=1><sprite=""fontsprite"" index=1>","雪怪$激励$<sprite=""fontsprite"" index=1><sprite=""fontsprite"" index=1><sprite=""fontsprite"" index=1>
Yeti$Spur On$<sprite=""fontsprite"" index=1><sprite=""fontsprite"" index=1><sprite=""fontsprite"" index=1>"
"29613","Yeti$Spur On$<sprite=""fontsprite"" index=1><sprite=""fontsprite"" index=1><sprite=""fontsprite"" index=1>","イエティ$激励する$<sprite=""fontsprite"" index=1><sprite=""fontsprite"" index=1><sprite=""fontsprite"" index=1>","雪怪$激励$<sprite=""fontsprite"" index=1><sprite=""fontsprite"" index=1><sprite=""fontsprite"" index=1>
Yeti$Spur On$<sprite=""fontsprite"" index=1><sprite=""fontsprite"" index=1><sprite=""fontsprite"" index=1>"
"29614","Yeti$Spur On$<sprite=""fontsprite"" index=1><sprite=""fontsprite"" index=1><sprite=""fontsprite"" index=1>","イエティ$激励する$<sprite=""fontsprite"" index=1><sprite=""fontsprite"" index=1><sprite=""fontsprite"" index=1>","雪怪$激励$<sprite=""fontsprite"" index=1><sprite=""fontsprite"" index=1><sprite=""fontsprite"" index=1>
Yeti$Spur On$<sprite=""fontsprite"" index=1><sprite=""fontsprite"" index=1><sprite=""fontsprite"" index=1>"
"29615","Yeti$Spur On$<sprite=""fontsprite"" index=1><sprite=""fontsprite"" index=1><sprite=""fontsprite"" index=1>","イエティ$激励する$<sprite=""fontsprite"" index=1><sprite=""fontsprite"" index=1><sprite=""fontsprite"" index=1>","雪怪$激励$<sprite=""fontsprite"" index=1><sprite=""fontsprite"" index=1><sprite=""fontsprite"" index=1>
Yeti$Spur On$<sprite=""fontsprite"" index=1><sprite=""fontsprite"" index=1><sprite=""fontsprite"" index=1>"
"29621","Living Statue$Protect$<sprite=""fontsprite"" index=1><sprite=""fontsprite"" index=1><sprite=""fontsprite"" index=1><sprite=""fontsprite"" index=1><sprite=""fontsprite"" index=1>","リビングスタチュー$守護する$<sprite=""fontsprite"" index=1><sprite=""fontsprite"" index=1><sprite=""fontsprite"" index=1><sprite=""fontsprite"" index=1><sprite=""fontsprite"" index=1>","活体雕像$守护$<sprite=""fontsprite"" index=1><sprite=""fontsprite"" index=1><sprite=""fontsprite"" index=1><sprite=""fontsprite"" index=1><sprite=""fontsprite"" index=1>
Living Statue$Protect$<sprite=""fontsprite"" index=1><sprite=""fontsprite"" index=1><sprite=""fontsprite"" index=1><sprite=""fontsprite"" index=1><sprite=""fontsprite"" index=1>"
"29622","Living Statue$Protect$<sprite=""fontsprite"" index=1><sprite=""fontsprite"" index=1><sprite=""fontsprite"" index=1><sprite=""fontsprite"" index=1>","リビングスタチュー$守護する$<sprite=""fontsprite"" index=1><sprite=""fontsprite"" index=1><sprite=""fontsprite"" index=1><sprite=""fontsprite"" index=1>","活体雕像$守护$<sprite=""fontsprite"" index=1><sprite=""fontsprite"" index=1><sprite=""fontsprite"" index=1><sprite=""fontsprite"" index=1>
Living Statue$Protect$<sprite=""fontsprite"" index=1><sprite=""fontsprite"" index=1><sprite=""fontsprite"" index=1><sprite=""fontsprite"" index=1>"
"29623","Living Statue$Protect$<sprite=""fontsprite"" index=1><sprite=""fontsprite"" index=1><sprite=""fontsprite"" index=1><sprite=""fontsprite"" index=1>","リビングスタチュー$守護する$<sprite=""fontsprite"" index=1><sprite=""fontsprite"" index=1><sprite=""fontsprite"" index=1><sprite=""fontsprite"" index=1>","活体雕像$守护$<sprite=""fontsprite"" index=1><sprite=""fontsprite"" index=1><sprite=""fontsprite"" index=1><sprite=""fontsprite"" index=1>
Living Statue$Protect$<sprite=""fontsprite"" index=1><sprite=""fontsprite"" index=1><sprite=""fontsprite"" index=1><sprite=""fontsprite"" index=1>"
"29624","Living Statue$Protect$<sprite=""fontsprite"" index=1><sprite=""fontsprite"" index=1><sprite=""fontsprite"" index=1><sprite=""fontsprite"" index=1>","リビングスタチュー$守護する$<sprite=""fontsprite"" index=1><sprite=""fontsprite"" index=1><sprite=""fontsprite"" index=1><sprite=""fontsprite"" index=1>","活体雕像$守护$<sprite=""fontsprite"" index=1><sprite=""fontsprite"" index=1><sprite=""fontsprite"" index=1><sprite=""fontsprite"" index=1>
Living Statue$Protect$<sprite=""fontsprite"" index=1><sprite=""fontsprite"" index=1><sprite=""fontsprite"" index=1><sprite=""fontsprite"" index=1>"
"29625","Living Statue$Protect$<sprite=""fontsprite"" index=1><sprite=""fontsprite"" index=1><sprite=""fontsprite"" index=1>","リビングスタチュー$守護する$<sprite=""fontsprite"" index=1><sprite=""fontsprite"" index=1><sprite=""fontsprite"" index=1>","活体雕像$守护$<sprite=""fontsprite"" index=1><sprite=""fontsprite"" index=1><sprite=""fontsprite"" index=1>
Living Statue$Protect$<sprite=""fontsprite"" index=1><sprite=""fontsprite"" index=1><sprite=""fontsprite"" index=1>"
"29631","Wraith$Charge Spell$","レイス$チャージスペル$","怨灵$蓄能咒术$
Wraith$Charge Spell$"
"29641","The Forebear$Forebear's Guidance$<sprite=""fontsprite"" index=1><sprite=""fontsprite"" index=1>","祖タル者$祖タル者の導き$<sprite=""fontsprite"" index=1><sprite=""fontsprite"" index=1>","始祖$始祖指引$<sprite=""fontsprite"" index=1><sprite=""fontsprite"" index=1>
The Forebear$Forebear's Guidance$<sprite=""fontsprite"" index=1><sprite=""fontsprite"" index=1>"
"30111","Ram","体当たり","冲撞
Ram"
"30112","Poison Sludge","毒の体液","毒液
Poison Sludge"
"30122","Deadly Poison Sludge","猛毒の体液","猛毒液
Deadly Poison Sludge"
"30211","Strike","叩く","猛击
Strike"
"30212","Flee","逃走","逃跑
Flee"
"30213","Spur On","激励する","激励
Spur On"
"30311","Scratch","ひっかく","抓挠
Scratch"
"30312","Heal","癒やす","治愈
Heal"
"30321","Chomp","かみつく","撕咬
Chomp"
"30322","First-Rate Healing","極上の癒やし","极效治愈
First-Rate Healing"
"30411","Slice","斬る","斩击
Slice"
"30412","Pierce","突き刺す","突刺
Pierce"
"30413","Thunderbolt","サンダー","雷击
Thunderbolt"
"30512","Bide","力をためる","蓄力
Bide"
"30522","Assault","強襲","强袭
Assault"
"30611","Charge","ぶちかます","猛冲
Charge"
"30612","Helmsplitter","兜割り","破盔
Helmsplitter"
"30712","Frenzy","みだれ斬り","乱斩
Frenzy"
"30721","Umbral Spear","ダークスピア","暗影长枪
Umbral Spear"
"30722","Great Blast","ハイブラスト","强力爆破
Great Blast"
"30723","Pox","生への恨み","怨恨
Pox"
"30812","Howl","おたけび","咆哮
Howl"
"30821","Rend","切り裂く","撕裂
Rend"
"30822","Incantation","呪縛の声","咒缚之声
Incantation"
"30823","Dark Breath","ダークブレス","暗黑吐息
Dark Breath"
"30911","Slam","のしかかる","压击
Slam"
"30912","Harden","硬化","硬化
Harden"
"30923","Flamebreath","ヒートブレス","灼热吐息
Flamebreath"
"30933","Freezebreath","フリーズブレス","寒冰吐息
Freezebreath"
"31011","Flatten","押しつぶす","碾压
Flatten"
"31012","Flare","ファイアショット","火焰弹
Flare"
"31013","Taking You with Me","道連れ","同归于尽
Taking You with Me"
"31021","Falling Rock","転がる","滚石
Falling Rock"
"31022","Splash","スプラッシュ","飞溅
Splash"
"31023","Frost","アイスロック","寒冰岩
Frost"
"31112","Glower","凝視","凝视
Glower"
"31122","Fling","ぶん投げる","投掷
Fling"
"31123","Berserk","バーサク","狂暴
Berserk"
"31124","Power Breaker","パワーブレイク","力量破坏
Power Breaker"
"31211","Entwine","からみつく","缠绕
Entwine"
"31212","Freeze","フリーズ","冻结
Freeze"
"31213","Soothing Waters","水の癒やし","疗愈之水
Soothing Waters"
"31311","Whirlwind","つむじ風","旋风
Whirlwind"
"31312","Sandstorm","砂嵐","沙暴
Sandstorm"
"31313","Galestorm","ウィンドストーム","疾风风暴
Galestorm"
"31321","Flame","フレイム","火焰
Flame"
"31322","Firestorm","ファイアストーム","火焰风暴
Firestorm"
"31323","Firestone","フレイムストーン","炎石
Firestone"
"31332","Rain Call","レインコール","唤雨
Rain Call"
"31341","Lightning","ライトニング","雷击
Lightning"
"31342","Spark","スパーク","电光
Spark"
"31343","Overload","オーバーロード","过载
Overload"
"31411","Stab","突く","刺击
Stab"
"31412","Poison Spore","毒の胞子","毒孢子
Poison Spore"
"31413","Absorb","吸い取る","汲取
Absorb"
"31422","Flashlight","フラッシュライト","闪光
Flashlight"
"31423","Vigor Spore","活力の胞子","活力孢子
Vigor Spore"
"31513","Tornado Dive","トルネードダイブ","龙卷俯冲
Tornado Dive"
"31514","Gust","大風起こし","狂风
Gust"
"31612","Water Jet","水鉄砲","水枪
Water Jet"
"31613","Croak","カエルの鳴き声","蛙鸣
Croak"
"31622","Poison Fang","猛毒の牙","猛毒牙
Poison Fang"
"31623","Frogsong","カエルの歌","蛙之歌
Frogsong"
"31711","Magic Strike","魔弾","魔弹
Magic Strike"
"31713","Soulstrike","人魂","灵魂冲击
Soulstrike"
"31714","Blizzard","ブリザード","暴风雪
Blizzard"
"31812","Poison Stinger","毒針","毒针
Poison Stinger"
"31822","Electric Stinger","電気針","电击针
Electric Stinger"
"31832","Envenoming Stinger","猛毒針","猛毒针
Envenoming Stinger"
"31911","Tailwhip","叩きつける","尾击
Tailwhip"
"31912","Constrict","しめつける","绞杀
Constrict"
"31913","Drain Life","ライフドレイン","生命汲取
Drain Life"
"31914","Flamethrower","バーンブレス","烈焰吐息
Flamethrower"
"32011","Attack Boost","アタックゲイン","攻击强化
Attack Boost"
"32012","Binding Light","光の楔","光之楔
Binding Light"
"32013","Thunderstorm","サンダーストーム","雷暴
Thunderstorm"
"32014","Charge Spell","チャージスペル","蓄能咒术
Charge Spell"
"32111","Metal Punisher","メタルパニッシャー","钢铁制裁
Metal Punisher"
"32112","Gear Change","ギアチェンジ","换挡
Gear Change"
"32113","Assault Ready","攻撃準備","攻击准备
Assault Ready"
"32114","Annihilating Blade","全滅剣","灭绝之刃
Annihilating Blade"
"32121","Flare Punisher","フレアパニッシャー","烈焰制裁
Flare Punisher"
"32122","Primal Sword","神獣の剣","神兽之剑
Primal Sword"
"32123","Cremation","火葬","火葬
Cremation"
"32124","Heat Up","ヒートアップ","升温
Heat Up"
"32131","Frost Punisher","フロストパニッシャー","寒霜制裁
Frost Punisher"
"32132","Ice Blade","氷の刃","冰刃
Ice Blade"
"32133","Hexed Snowstorm","呪詛の吹雪","咒雪暴
Hexed Snowstorm"
"32134","Ice Veil","アイスヴェール","冰之帷幕
Ice Veil"
"32211","Swing","振り回す","挥击
Swing"
"32212","Intimidate","威嚇する","威吓
Intimidate"
"32222","Rampage","暴れる","狂暴
Rampage"
"32313","Lightstorm","シャインストーム","光明风暴
Lightstorm"
"32321","Downward Strike","振り下ろす","劈落
Downward Strike"
"32322","Protect","守護する","守护
Protect"
"32412","Shock","ショック","震击
Shock"
"32413","Soothing Flutter","癒やしの羽ばたき","治愈振翅
Soothing Flutter"
"32511","White Light","ホワイトライト","白光
White Light"
"32512","Rejuvenate","蘇生する","复苏
Rejuvenate"
"32611","Loose Arrow","矢を撃つ","射箭
Loose Arrow"
"32612","Spark Bolt","シャインボルト","闪光雷击
Spark Bolt"
"32613","Barrage","みだれ撃ち","乱射
Barrage"
"32701","Sideslash","水平斬り","横斩
Sideslash"
"33001","Mature Woman$Charge$","熟年の女性$ぶちかます$","中年女子$猛冲$
Mature Woman$Charge$"
"33002","Man$Incite to Violence$","成人男性$暴れさせる$","成年男子$煽动暴乱$
Man$Incite to Violence$"
"33003","Woman$Order Aid$","成人女性$手当てさせる$","成年女子$命令救治$
Woman$Order Aid$"
"33004","Soldier$Order Protection$","兵士$守らせる$","士兵$命令守护$
Soldier$Order Protection$"
"33011","Charge","ぶちかます","猛冲
Charge"
"33012","Incite to Violence","暴れさせる","煽动暴乱
Incite to Violence"
"33013","Order Aid","手当てさせる","命令救治
Order Aid"
"33014","Order Protection","守らせる","命令守护
Order Protection"
"33101","神獣の庇護","神獣の庇護","神獣の庇護"
"33102","融合解除","融合解除","融合解除"
"33103","Chaos Punisher","カオスパニッシャー","混沌制裁
Chaos Punisher"
"33104","Steel Stance","鋼の構え","钢铁架势
Steel Stance"
"33105","Primal Steelblow","鋼の神撃","钢之神击
Primal Steelblow"
"33106","Regeneration","再生","再生
Regeneration"
"33107","Indignation","憤怒","愤怒
Indignation"
"33111","Primal Flamekiss","炎の神撃","炎之神击
Primal Flamekiss"
"33112","Primal Icebite","氷の神撃","冰之神击
Primal Icebite"
"34001","Limb from Limb","八つ裂き","碎尸万段
Limb from Limb"
"34002","Power Seal","力の封印","力量封印
Power Seal"
"34003","Readiness","構える","备战
Readiness"
"34004","Hellbound","地獄落とし","坠入地狱
Hellbound"
"34005","Rage of the Forebear","祖タル者の猛り","始祖之怒
Rage of the Forebear"
"34011","Thunder Break","サンダーブレイク","雷霆破
Thunder Break"
"34021","Rain Call","レインコール","唤雨
Rain Call"
"34022","Ameliorating Waters","大いなる水の癒やし","大治愈之水
Ameliorating Waters"
"34023","Bubble Shield","バブルシールド","泡沫护盾
Bubble Shield"
"34032","Javelin Flash","フラッシュジャベリン","闪光标枪
Javelin Flash"
"34033","Recovery","リカバー","恢复
Recovery"
"34041","Rotpollen","腐敗の粉","腐败粉尘
Rotpollen"
"34042","Black Sphere","ブラックスフィア","黑暗球体
Black Sphere"
"34043","Anti-Heal","アンチヒール","禁疗
Anti-Heal"
"35001","Gaze","見つめる","凝视
Gaze"
"35002","Panicked","焦る","慌乱
Panicked"
"35003","Flustered","慌てる","惊慌失措
Flustered"
"35004","Hands Together","手を合わせる","合掌
Hands Together"
"35006","Hesitant","ためらう","犹豫
Hesitant"
"35007","Worried","気遣う","担忧
Worried"
"50000","You don't have
any cards.","何も持っていません","你没有任何卡牌。
You don't have
any cards."
"50001","You haven't unlocked
this yet.","まだ解放されていません","尚未解锁。
You haven't unlocked
this yet."
"50002","You haven't acquired
this yet.","まだ習得していません","尚未习得。
You haven't acquired
this yet."
"50101","Salve","傷薬","伤药
Salve"
"50102","Quality Salve","上傷薬","优质伤药
Quality Salve"
"50103","Supreme Salve","高級傷薬","高级伤药
Supreme Salve"
"50111","Omnisalve","傷薬セット","伤药套装
Omnisalve"
"50112","Quality Omnisalve","上傷薬セット","优质伤药套装
Quality Omnisalve"
"50201","Antidote","毒消し薬","解毒药
Antidote"
"50202","Curative","気付け薬","清醒药
Curative"
"50203","Defroster","氷溶け薬","解冻药
Defroster"
"50204","Unsealer","封切り薬","解封药
Unsealer"
"50205","Dispeller","呪除け薬","驱咒药
Dispeller"
"50206","Pepper-Upper","元気薬","活力药
Pepper-Upper"
"50210","Serum","抗体薬","抗体药
Serum"
"50221","Panacea","万能薬","万能药
Panacea"
"50222","Omnipanacea","万能薬セット","万能药套装
Omnipanacea"
"50250","Inspirilixir","蘇生薬","复活药
Inspirilixir"
"50251","Supreme Inspirilixir","高級蘇生薬","高级复活药
Supreme Inspirilixir"
"50301","Bomb","爆弾","炸弹
Bomb"
"50401","Invigorant","活力薬","活力药
Invigorant"
"50402","Protectorant","護身薬","护身药
Protectorant"
"50411","Firestay","耐火薬","耐火药
Firestay"
"50412","Waterstay","耐水薬","耐水药
Waterstay"
"50413","Windstay","耐風薬","耐风药
Windstay"
"50414","Lightningstay","耐雷薬","耐雷药
Lightningstay"
"50450","Soothstone","魔石","魔石
Soothstone"
"50451","Large Soothstone","大魔石","大魔石
Large Soothstone"
"50501","Oil Pot","油壷","油壶
Oil Pot"
"50502","Corrosive","腐食水","腐蚀水
Corrosive"
"50503","Destruct-o-Box","破傷箱","破伤箱
Destruct-o-Box"
"50504","Zapsmoke","誘電煙","导电烟
Zapsmoke"
"50601","Torch","松明","火把
Torch"
"50610","Bellwether","導きの鈴","引路铃
Bellwether"
"50701","Smoke Bomb","けむり玉","烟雾弹
Smoke Bomb"
"50801","Little Gold Nugget","金塊・小","小金块
Little Gold Nugget"
"50802","Medium Gold Nugget","金塊・中","中金块
Medium Gold Nugget"
"50803","Chunky Gold Nugget","金塊・大","大金块
Chunky Gold Nugget"
"50901","Bill of Good Fortune","幸運のお札","幸运符
Bill of Good Fortune"
"50902","Bill of Godly Fortune","神運のお札","神运符
Bill of Godly Fortune"
"53001","Handmade Plush","手作りのぬいぐるみ","手制玩偶
Handmade Plush"
"53002","Tattered Plush Animal","潰れたぬいぐるみ","破损玩偶
Tattered Plush Animal"
"53101","Card Case","カードの束","卡牌盒
Card Case"
"53201","Simple Key","簡素なカギ","简易钥匙
Simple Key"
"53301","Slime Juice","スライムの絞り汁","史莱姆汁液
Slime Juice"
"53302","Lots of Food","大量の食料","大量食物
Lots of Food"
"53401","Old Tablet","古びた石板","古老石板
Old Tablet"
"53501","Fairy Dust","妖精の粉","妖精粉尘
Fairy Dust"
"53502","Metal Plates","鉄の板","铁板
Metal Plates"
"53503","Solnivea","白日草","白日草
Solnivea"
"53601","Scrap of Something 1","何かの切れ端１","不明碎片 1
Scrap of Something 1"
"53602","Scrap of Something 2","何かの切れ端２","不明碎片 2
Scrap of Something 2"
"53603","Scrap of Something 3","何かの切れ端３","不明碎片 3
Scrap of Something 3"
"53604","Newterra Map","新天地の地図","新天地地图
Newterra Map"
"53605","Stone","石ころ","石子
Stone"
"53606","Mayor's Residence Key","村長の屋敷のカギ","村长宅邸钥匙
Mayor's Residence Key"
"53607","Wooden Plate","木製の皿","木盘
Wooden Plate"
"53701","Canned Goods","缶詰","罐头
Canned Goods"
"55001","Treasure Map","宝の地図","藏宝图
Treasure Map"
"55002","Friend's Memo","仲間のメモ","同伴的笔记
Friend's Memo"
"55003","Bloodied Doll","血に塗れた人形","血染人偶
Bloodied Doll"
"55004","Tarnished Bangle","古びた腕輪","陈旧手镯
Tarnished Bangle"
"55005","Orc Child Info","オークキッドの情報","兽人幼崽情报
Orc Child Info"
"55006","Venomslime Info","ベノムスライムの情報","毒史莱姆情报
Venomslime Info"
"55007","Gargoyle Info","ガーゴイルの情報","石像鬼情报
Gargoyle Info"
"55008","Ice Tortoise Info","アイスタートルの情報","寒冰龟情报
Ice Tortoise Info"
"55009","Tailtoad Info","テイルトードの情報","尾蟾情报
Tailtoad Info"
"55010","Magemoth Info","メイジモスの情報","魔法蛾情报
Magemoth Info"
"55011","Seastone Info","ウミメノウの情報","海玛瑙情报
Seastone Info"
"60000","Weapons","武器","武器
Weapons"
"60101","Guardian's Blades","守り人の双刃","守护者双刃
Guardian's Blades"
"60102","Steel Blades","鋼の双刃","钢铁双刃
Steel Blades"
"60103","Mercenary's Blades","風雲児の双刃","风云双刃
Mercenary's Blades"
"60104","Hawksblade","赫鷹","赫鹰
Hawksblade"
"60105","Flashpoint","光芒一閃","光芒一闪
Flashpoint"
"60201","Iron Sword","鉄の剣","铁剑
Iron Sword"
"60202","Mercenary's Sword","傭兵の剣","佣兵之剑
Mercenary's Sword"
"60203","Mistralblade","ウィンドソード","疾风剑
Mistralblade"
"60204","Evilsbane","イビルスレイヤー","破邪剑
Evilsbane"
"60205","Dark Honor","黒の誉れ","黑之誉
Dark Honor"
"60301","Sacred Staff","霊木の杖","灵木杖
Sacred Staff"
"60302","Magic Staff","マジックロッド","魔法杖
Magic Staff"
"60303","Thunderstaff","サンダーケイン","雷霆杖
Thunderstaff"
"60304","Sage's Staff","賢者の杖","贤者之杖
Sage's Staff"
"60305","Godsguide","神々の導き","众神指引
Godsguide"
"60402","Tamer's Whip","猛獣使いの鞭","驯兽师之鞭
Tamer's Whip"
"60403","Femme Fatale's Whip","ファムファタルの鞭","妖姬之鞭
Femme Fatale's Whip"
"60404","Dragontwist Whip","螺旋竜の鞭","螺旋龙鞭
Dragontwist Whip"
"60405","Shepherd's Lament","牧神の嘆き","牧神之叹
Shepherd's Lament"
"62000","Armor","防具","防具
Armor"
"62100","Iron Armor","鉄の鎧","铁甲
Iron Armor"
"62110","Knight's Armor","騎士の鎧","骑士铠甲
Knight's Armor"
"62120","Frostmail","アイスアーマー","寒冰铠甲
Frostmail"
"62130","Darkmail","ダークメイル","暗黑铠甲
Darkmail"
"62140","Heavensgrace","天帝の恩寵","天帝恩宠
Heavensgrace"
"62200","Simple Breastplate","簡素な胸当て","简易胸甲
Simple Breastplate"
"62210","Steel Breastplate","鋼の胸当て","钢制胸甲
Steel Breastplate"
"62220","Knight's Chainmail","戦士の鉄帷子","战士锁子甲
Knight's Chainmail"
"62230","Warrior's Mail","野戦士の強帷子","野战士重甲
Warrior's Mail"
"62240","Wild God's Breastplate","荒ぶる武神の胸当て","狂武神胸甲
Wild God's Breastplate"
"62300","Traveler's Apparel","旅の装束","旅装
Traveler's Apparel"
"62310","Adventurer's Attire","流行の冒険装","冒险装
Adventurer's Attire"
"62320","Martialist's Garb","疾風演武衣","疾风演武衣
Martialist's Garb"
"62330","Spangle Dancewear","黒揚羽の舞踏服","黑凤蝶舞衣
Spangle Dancewear"
"62340","Stardust Raiment","星屑の天衣","星屑天衣
Stardust Raiment"
"62350","回避100の服","回避100の服","回避100の服"
"63000","Accessories","装飾品","饰品
Accessories"
"63100","Ring of Protection","守りの指輪","守护戒指
Ring of Protection"
"63110","Firestay Ring","耐火の指輪","耐火戒指
Firestay Ring"
"63120","Waterstay Ring","耐水の指輪","耐水戒指
Waterstay Ring"
"63130","Lightningstay Ring","耐雷の指輪","耐雷戒指
Lightningstay Ring"
"63140","Windstay Ring","耐風の指輪","耐风戒指
Windstay Ring"
"63150","Lightstay Ring","耐光の指輪","耐光戒指
Lightstay Ring"
"63160","Darkstay Ring","耐闇の指輪","耐暗戒指
Darkstay Ring"
"63170","Poisonstay Ring","耐毒の指輪","耐毒戒指
Poisonstay Ring"
"63180","Numbstay Ring","耐痺の指輪","耐麻痹戒指
Numbstay Ring"
"63190","Freezestay Ring","耐凍の指輪","耐冻结戒指
Freezestay Ring"
"63200","Bindstay Ring","耐封の指輪","耐封印戒指
Bindstay Ring"
"63210","Cursestay Ring","耐呪の指輪","耐诅咒戒指
Cursestay Ring"
"63220","Ring of Life","命の指輪","生命戒指
Ring of Life"
"63230","Ring of Compassion","会心の指輪","会心戒指
Ring of Compassion"
"63240","Ring of Evasion","回避の指輪","回避戒指
Ring of Evasion"
"63250","Gemstone Ring","魔石の指輪","魔石戒指
Gemstone Ring"
"63260","Ring of Bravery","勇猛の指輪","勇猛戒指
Ring of Bravery"
"63270","Ring of Perseverance","堅忍の指輪","坚忍戒指
Ring of Perseverance"
"63280","Ring of Sharpness","俊敏の指輪","俊敏戒指
Ring of Sharpness"
"63290","Ring of Omnipotence","全能の指輪","全能戒指
Ring of Omnipotence"
"63900","Evilbane Ring","退魔の指輪","退魔戒指
Evilbane Ring"
"63991","回避100の指輪","回避100の指輪","回避100の指輪"
"63992","防御90の服","防御90の服","防御90の服"
"63993","防御‐50の防具","防御‐50の防具","防御‐50の防具"
"63994","攻撃防御ダウン耐性","攻撃防御ダウン耐性","攻撃防御ダウン耐性"
"63995","全状態異常耐性","全状態異常耐性","全状態異常耐性"
"63996","回避100の服","回避100の服","回避100の服"
"80010","Chest","宝箱","宝箱
Chest"
"80020","Sign","看板","告示牌
Sign"
"80030","Door","扉","门
Door"
"81000","An Enemy Appears!","敵が現れた！","敌人出现！
An Enemy Appears!"
"81001","Attacked A Monster!","魔物に襲い掛かった！","主动袭击魔物！
Attacked A Monster!"
"81010","Event","イベント発生","事件
Event"
"90300","Desert","砂漠","沙漠
Desert"
"90310","Wasteland","荒れ地","荒地
Wasteland"
"90320","Snowfield","雪原","雪原
Snowfield"
"90330","Newterra","新天地","新天地
Newterra"
"91310","Subterranean Village","地下の村","地下村落
Subterranean Village"
"91311","Subterranean Village B5","地下の村／地下５階","地下村落／地下 5 层
Subterranean Village B5"
"91312","Subterranean Village B6","地下の村／地下６階","地下村落／地下 6 层
Subterranean Village B6"
"91313","Subterranean Village B7","地下の村／地下７階","地下村落／地下 7 层
Subterranean Village B7"
"91320","Steelborough","鋼の街","钢铁城
Steelborough"
"91321","Steel Hall","鋼の街／鋼の議事堂","钢铁城／钢铁议事堂
Steel Hall"
"91330","Desert Circus","砂漠のサーカス","沙漠马戏团
Desert Circus"
"91340","Roving Market","移動商店","流动商店
Roving Market"
"91350","City of Flame","炎の街","炎之城
City of Flame"
"91360","Village of Light","光の村","光之村
Village of Light"
"91361","Shrine of Light","光の村／光の社","光之村／光之祠
Shrine of Light"
"91370","Icevale","氷の村","冰之村
Icevale"
"91380","Silent Village","静かな村","寂静村落
Silent Village"
"91390","Monster Town","魔物の集落","魔物聚落
Monster Town"
"92310","Subterranean Cave","地下洞窟","地下洞窟
Subterranean Cave"
"92311","Subterranean Cave B1","地下洞窟／地下１階","地下洞窟／地下 1 层
Subterranean Cave B1"
"92312","Subterranean Cave B2","地下洞窟／地下２階","地下洞窟／地下 2 层
Subterranean Cave B2"
"92313","Subterranean Cave B3","地下洞窟／地下３階","地下洞窟／地下 3 层
Subterranean Cave B3"
"92314","Subterranean Cave B4","地下洞窟／地下４階","地下洞窟／地下 4 层
Subterranean Cave B4"
"92315","Subterranean Cave B5","地下洞窟／地下５階","地下洞窟／地下 5 层
Subterranean Cave B5"
"92320","Mine","鉱山","矿山
Mine"
"92321","Mine 1F","鉱山／１階","矿山／1 层
Mine 1F"
"92322","Mine B1","鉱山／地下１階","矿山／地下 1 层
Mine B1"
"92323","Mine B2","鉱山／地下２階","矿山／地下 2 层
Mine B2"
"92330","Sand Ruins","砂の遺跡","沙之遗迹
Sand Ruins"
"92331","Sand Ruins 1F","砂の遺跡／１階","沙之遗迹／1 层
Sand Ruins 1F"
"92332","Sand Ruins B1","砂の遺跡／地下１階","沙之遗迹／地下 1 层
Sand Ruins B1"
"92333","Sand Ruins B2","砂の遺跡／地下２階","沙之遗迹／地下 2 层
Sand Ruins B2"
"92334","Sand Ruins B3","砂の遺跡／地下３階","沙之遗迹／地下 3 层
Sand Ruins B3"
"92340","Lake of Fire","火の湖","火之湖
Lake of Fire"
"92350","Ruined Edifice","宗教遺跡","宗教遗迹
Ruined Edifice"
"92351","Ruined Edifice 1F","宗教遺跡／１階","宗教遗迹／1 层
Ruined Edifice 1F"
"92352","Ruined Edifice 2F","宗教遺跡／２階","宗教遗迹／2 层
Ruined Edifice 2F"
"92353","Ruined Edifice 3F","宗教遺跡／３階","宗教遗迹／3 层
Ruined Edifice 3F"
"92354","Ruined Edifice 4F","宗教遺跡／４階","宗教遗迹／4 层
Ruined Edifice 4F"
"92360","Endwall","果ての崖","尽头之崖
Endwall"
"92361","Endwall Approach","果ての崖／入口","尽头之崖／入口
Endwall Approach"
"92362","Endwall 44F","果ての崖／地上４４階","尽头之崖／地上 44 层
Endwall 44F"
"92363","Endwall 45F","果ての崖／地上４５階","尽头之崖／地上 45 层
Endwall 45F"
"92364","Endwall — Midpoint","果ての崖／外壁・中層","尽头之崖／外壁·中层
Endwall — Midpoint"
"92365","Endwall 72F","果ての崖／地上７２階","尽头之崖／地上 72 层
Endwall 72F"
"92366","Endwall — Upper Reaches","果ての崖／外壁・上層","尽头之崖／外壁·上层
Endwall — Upper Reaches"
"92367","Endwall 99F","果ての崖／地上９９階","尽头之崖／地上 99 层
Endwall 99F"
"92368","Endwall — Top","果ての崖／最上階","尽头之崖／最上层
Endwall — Top"
"92369","果ての壁-9","果ての壁-9","果ての壁-9"
"92370","果ての壁-10","果ての壁-10","果ての壁-10"
"92371","果ての壁-11","果ての壁-11","果ての壁-11"
"92380","Subsurface Ruins","謎の地下遺跡","神秘地下遗迹
Subsurface Ruins"
"92381","Underground Passage","地下通路","地下通道
Underground Passage"
"92382","Subsurface Ruins B2","謎の地下遺跡／地下２階","神秘地下遗迹／地下 2 层
Subsurface Ruins B2"
"92383","Subsurface Ruins B3","謎の地下遺跡／地下３階","神秘地下遗迹／地下 3 层
Subsurface Ruins B3"
"92384","Subsurface Ruins B4","謎の地下遺跡／地下４階","神秘地下遗迹／地下 4 层
Subsurface Ruins B4"
"92385","Subsurface Ruins B5","謎の地下遺跡／地下５階","神秘地下遗迹／地下 5 层
Subsurface Ruins B5"
"92386","Subsurface Ruins — Urbania","謎の地下遺跡／都市空間","神秘地下遗迹／都市空间
Subsurface Ruins — Urbania"
"92387","Subsurface Ruins — Cinema","謎の地下遺跡／映画館","神秘地下遗迹／电影院
Subsurface Ruins — Cinema"
"92390","Deciding Grounds","決戦の地","决战之地
Deciding Grounds"
"92400","Village Memory","とある村の記録","某村的记录
Village Memory"
"92410","The Depths","地下の深層","地下深处
The Depths"
"101010","石床","石床","石床"
"101020","城の床","城の床","城の床"
"101030","町の床","町の床","町の床"
"101040","草原","草原","草原"
"101050","森","森","森"
"101060","荒野","荒野","荒野"
"101070","橋","橋","橋"
"101080","草道","草道","草道"
"101090","浜辺","浜辺","浜辺"
"101100","塔の床","塔の床","塔の床"
"101120","火山の床","火山の床","火山の床"
"101130","霊廟の床","霊廟の床","霊廟の床"
"101140","カーペット中","カーペット中","カーペット中"
"101141","カーペット左","カーペット左","カーペット左"
"101142","カーペット右","カーペット右","カーペット右"
"101150","王座","王座","王座"
"102010","岩壁","岩壁","岩壁"
"102020","湖","湖","湖"
"102030","岩山","岩山","岩山"
"102040","大木","大木","大木"
"102050","海","海","海"
"102070","塔の壁","塔の壁","塔の壁"
"102080","塔の床（穴）","塔の床（穴）","塔の床（穴）"
"102090","火山岩","火山岩","火山岩"
"102100","溶岩","溶岩","溶岩"
"102110","霊廟の壁","霊廟の壁","霊廟の壁"
"103010","Item Shop","道具屋","道具店
Item Shop"
"103011","Armorer","武器屋","武器店
Armorer"
"103012","Apothecary","薬屋","药店
Apothecary"
"103013","Game Parlor","遊戯場","游艺场
Game Parlor"
"103015","Pet Shop","ペットショップ","宠物店
Pet Shop"
"103020","Inn","宿屋","旅店
Inn"
"103030","Cabin","小屋","小屋
Cabin"
"103036","House","家","民宅
House"
"103038","Home","自宅","自宅
Home"
"103041","Manor","貴族の館","贵族宅邸
Manor"
"103042","Mayor's Residence","村長の屋敷","村长宅邸
Mayor's Residence"
"103330","Circus Tent","サーカステント","马戏团帐篷
Circus Tent"
"103350","Stall","屋台","摊位
Stall"
"103360","Shrine of Light","光の社","光之祠
Shrine of Light"
"103370","Ruin","廃墟","废墟
Ruin"
"103371","Claw-Marked Ruin","爪痕のある廃墟","留有爪痕的废墟
Claw-Marked Ruin"
"103372","Weapon Shop Ruin","武器屋らしき廃墟","疑似武器店的废墟
Weapon Shop Ruin"
"103373","Eerie Ruin","不気味な廃墟","阴森废墟
Eerie Ruin"
"103374","Apothecary Ruin","薬屋らしき廃墟","疑似药店的废墟
Apothecary Ruin"
"103375","Inn Ruin","宿屋らしき廃墟","疑似旅店的废墟
Inn Ruin"
"103376","Sturdy Building","頑丈な作りの建物","坚固建筑
Sturdy Building"
"103380","Steel Hall","鋼の議事堂","钢铁议事堂
Steel Hall"
"103390","Meeting Place","集会所","集会所
Meeting Place"
"104050","Cave","洞窟","洞窟
Cave"
"104311","Tent","テント","帐篷
Tent"
"105010","Door","扉","门
Door"
"105011","Gilded Door","豪華な扉","华丽大门
Gilded Door"
"105012","Gate","門","门扉
Gate"
"105014","Open Door","開いた扉","敞开的门
Open Door"
"105015","Open Gilded Door","開いた豪華な扉","敞开的华丽大门
Open Gilded Door"
"105016","Open Gate","開いた門","敞开的门扉
Open Gate"
"105018","Heavy Door","重々しい扉","沉重大门
Heavy Door"
"105019","Open Heavy Door","開いた重々しい扉","敞开的沉重大门
Open Heavy Door"
"105020","Chest","宝箱","宝箱
Chest"
"105030","Throne","玉座","王座
Throne"
"105040","Castle Gate","城門","城门
Castle Gate"
"105050","Sign","看板","告示牌
Sign"
"105060","Stela","石碑","石碑
Stela"
"105061","Weathered Stela","古びた石碑","风化石碑
Weathered Stela"
"105070","Well","井戸","井
Well"
"105080","Wharf","船着き場","码头
Wharf"
"105090","Ship","船","船
Ship"
"105380","Statue","彫像","雕像
Statue"
"105422","Big Iron Box","大きな鉄の箱","大铁箱
Big Iron Box"
"105423","Small Iron Box","小さな鉄の箱","小铁箱
Small Iron Box"
"105430","Sandskiff","砂船","沙舟
Sandskiff"
"105431","Sandskiff Mk.II","砂船・改","沙舟·改
Sandskiff Mk.II"
"105432","Sandskiff Mk.III","砂船・改弐","沙舟·改二
Sandskiff Mk.III"
"105433","Sandskiff Mk.IV","砂船・改参","沙舟·改三
Sandskiff Mk.IV"
"105470","Gravestone","墓標","墓碑
Gravestone"
"200001","Chapter 0","第０章","第 0 章
Chapter 0"
"200010","Chapter 1","第一章","第 1 章
Chapter 1"
"200020","Chapter 2","第二章","第 2 章
Chapter 2"
"200030","Chapter 3","第三章","第 3 章
Chapter 3"
"200040","Chapter 4","第四章","第 4 章
Chapter 4"
"200050","Chapter 5","第五章","第 5 章
Chapter 5"
"200060","Chapter 6","第六章","第 6 章
Chapter 6"
"200070","Chapter 7","第七章","第 7 章
Chapter 7"
"290300","Desert","砂漠","沙漠
Desert"
"290310","Wasteland","荒れ地","荒地
Wasteland"
"290320","Snowfield","雪原","雪原
Snowfield"
"290330","Newterra","新天地","新天地
Newterra"
"291310","Subterranean
Village","地下の村","地下村落
Subterranean
Village"
"291311","Subterranean
Village B5","地下の村<br>地下５階","地下村落<br>地下 5 层
Subterranean
Village B5"
"291312","Subterranean
Village B6","地下の村<br>地下６階","地下村落<br>地下 6 层
Subterranean
Village B6"
"291313","Subterranean
Village B7","地下の村<br>地下７階","地下村落<br>地下 7 层
Subterranean
Village B7"
"291320","Steelborough","鋼の街","钢铁城
Steelborough"
"291321","Steelborough
Steel Hall","鋼の街<br>鋼の議事堂","钢铁城<br>钢铁议事堂
Steelborough
Steel Hall"
"291330","Desert Circus","砂漠のサーカス","沙漠马戏团
Desert Circus"
"291340","Roving Market","移動商店","流动商店
Roving Market"
"291350","City of Flame","炎の街","炎之城
City of Flame"
"291360","Village of Light","光の村","光之村
Village of Light"
"291361","Village of Light
Shrine of Light","光の村<br>光の社","光之村<br>光之祠
Village of Light
Shrine of Light"
"291370","Icevale","氷の村","冰之村
Icevale"
"291380","Silent Village","静かな村","寂静村落
Silent Village"
"291390","Monster Town","魔物の集落","魔物聚落
Monster Town"
"292310","Subterranean
Cave","地下洞窟","地下洞窟
Subterranean
Cave"
"292311","Subterranean
Cave B1","地下洞窟<br>地下１階","地下洞窟<br>地下 1 层
Subterranean
Cave B1"
"292312","Subterranean
Cave B2","地下洞窟<br>地下２階","地下洞窟<br>地下 2 层
Subterranean
Cave B2"
"292313","Subterranean
Cave B3","地下洞窟<br>地下３階","地下洞窟<br>地下 3 层
Subterranean
Cave B3"
"292314","Subterranean
Cave B4","地下洞窟<br>地下４階","地下洞窟<br>地下 4 层
Subterranean
Cave B4"
"292315","Subterranean
Cave B5","地下洞窟<br>地下５階","地下洞窟<br>地下 5 层
Subterranean
Cave B5"
"292320","Mine","鉱山","矿山
Mine"
"292321","Mine 1F","鉱山<br>１階","矿山<br>1 层
Mine 1F"
"292322","Mine B1","鉱山<br>地下１階","矿山<br>地下 1 层
Mine B1"
"292323","Mine B2","鉱山<br>地下２階","矿山<br>地下 2 层
Mine B2"
"292330","Sand Ruins","砂の遺跡","沙之遗迹
Sand Ruins"
"292331","Sand Ruins 1F","砂の遺跡<br>１階","沙之遗迹<br>1 层
Sand Ruins 1F"
"292332","Sand Ruins B1","砂の遺跡<br>地下１階","沙之遗迹<br>地下 1 层
Sand Ruins B1"
"292333","Sand Ruins B2","砂の遺跡<br>地下２階","沙之遗迹<br>地下 2 层
Sand Ruins B2"
"292334","Sand Ruins B3","砂の遺跡<br>地下３階","沙之遗迹<br>地下 3 层
Sand Ruins B3"
"292340","Lake of Fire","火の湖","火之湖
Lake of Fire"
"292350","Ruined Edifice","宗教遺跡","宗教遗迹
Ruined Edifice"
"292351","Ruined Edifice
1F","宗教遺跡<br>１階","宗教遗迹<br>1 层
Ruined Edifice
1F"
"292352","Ruined Edifice
2F","宗教遺跡<br>２階","宗教遗迹<br>2 层
Ruined Edifice
2F"
"292353","Ruined Edifice
3F","宗教遺跡<br>３階","宗教遗迹<br>3 层
Ruined Edifice
3F"
"292354","Ruined Edifice
4F","宗教遺跡<br>４階","宗教遗迹<br>4 层
Ruined Edifice
4F"
"292360","Endwall","果ての崖","尽头之崖
Endwall"
"292361","Endwall
Approach","果ての崖<br>入口","尽头之崖<br>入口
Endwall
Approach"
"292362","Endwall 44F","果ての崖<br>地上４４階","尽头之崖<br>地上 44 层
Endwall 44F"
"292363","Endwall 45F","果ての崖<br>地上４５階","尽头之崖<br>地上 45 层
Endwall 45F"
"292364","Endwall
Midpoint","果ての崖<br>外壁・中層","尽头之崖<br>外壁·中层
Endwall
Midpoint"
"292365","Endwall 72F","果ての崖<br>地上７２階","尽头之崖<br>地上 72 层
Endwall 72F"
"292366","Endwall
Upper Reaches","果ての崖<br>外壁・上層","尽头之崖<br>外壁·上层
Endwall
Upper Reaches"
"292367","Endwall 99F","果ての崖<br>地上９９階","尽头之崖<br>地上 99 层
Endwall 99F"
"292368","Endwall
Top","果ての崖<br>最上階","尽头之崖<br>最上层
Endwall
Top"
"292369","果ての壁-9","果ての壁-9","果ての壁-9"
"292370","果ての壁-10","果ての壁-10","果ての壁-10"
"292371","果ての壁-11","果ての壁-11","果ての壁-11"
"292380","Subsurface Ruins","謎の地下遺跡","神秘地下遗迹
Subsurface Ruins"
"292381","Underground Passage","地下通路","地下通道
Underground Passage"
"292382","Subsurface Ruins
B2","謎の地下遺跡<br>地下２階","神秘地下遗迹<br>地下 2 层
Subsurface Ruins
B2"
"292383","Subsurface Ruins
B3","謎の地下遺跡<br>地下３階","神秘地下遗迹<br>地下 3 层
Subsurface Ruins
B3"
"292384","Subsurface Ruins
B4","謎の地下遺跡<br>地下４階","神秘地下遗迹<br>地下 4 层
Subsurface Ruins
B4"
"292385","Subsurface Ruins
B5","謎の地下遺跡<br>地下５階","神秘地下遗迹<br>地下 5 层
Subsurface Ruins
B5"
"292386","Subsurface Ruins
Urbania","謎の地下遺跡<br>都市空間","神秘地下遗迹<br>都市空间
Subsurface Ruins
Urbania"
"292387","Subsurface Ruins
Cinema","謎の地下遺跡<br>映画館","神秘地下遗迹<br>电影院
Subsurface Ruins
Cinema"
"292390","Deciding Grounds","決戦の地","决战之地
Deciding Grounds"
"292400","Village Memory","とある村の記録","某村的记录
Village Memory"
"292410","The Depths","地下の深層","地下深处
The Depths"
"400001","<sprite=15>","<sprite=15>","<sprite=15>
<sprite=15>"
"400010","Greetings! Oh, did I surprise you...?","こんにちは。突然で驚かれたでしょうか……？","你好！……吓到你了吗？
Greetings! Oh, did I surprise you...?"
"400011","I am the game master.","私は、本作のゲームマスターです。","我是本作的游戏主持人。
I am the game master."
"400012","Pleased to make your acquaintance!","よろしくお願いしますね！","请多关照！
Pleased to make your acquaintance!"
"400013","Let's begin, shall we?","それでは、さっそくゲームを始めましょう。","那么，我们开始吧。
Let's begin, shall we?"
"400014","My job is to draw you into this world with my voice and cards.","私の役割は、「おしゃべり」と「カード」で貴方を物語の世界に誘うこと。","我的职责，就是用声音和卡牌，引你走进这个世界。
My job is to draw you into this world with my voice and cards."
"400015","So I'd be very pleased if you would play with the sound on.","ですから、私の声が届くように音を出してプレイしてもらえると、<br>嬉しいなーと思っています。","所以，希望你打开声音游玩，<br>让我也能陪你走完这段旅程。
So I'd be very pleased if you would play with the sound on."
"400016","素敵な音楽でも物語を盛り上げますので、ぜひ音出しプレイでお楽しみください。","【カット】素敵な音楽でも物語を盛り上げますので、ぜひ音出しプレイでお楽しみください。","素敵な音楽でも物語を盛り上げますので、ぜひ音出しプレイでお楽しみください。"
"400017","That being said...","……と言っても、","话虽如此……
That being said..."
"400018","My voice is also subtitled, just like this, for your reading enjoyment.","こんな感じで字幕も表示されますから、<br>音を出さずに文字だけでも遊べます。","像这样，字幕也会同步显示，<br>不开声音，只看文字也能游玩。
My voice is also subtitled, just like this, for your reading enjoyment."
"400019","It looks like you're all set.","準備が整ったようですね。","看来准备好了。
It looks like you're all set."
"400020","Well then, let's begin.","では、始めさせていただきます。","那么，容我开始。
Well then, let's begin."
"400021","ん゛（喉の調子を整えて）","ん゛（喉の調子を整えて）","ん゛（喉の調子を整えて）"
"400030","That's the spirit!","頼もしいお返事ですね！","真有精神！
That's the spirit!"
"400031","Haha. I look forward to seeing where the journey takes you.","私も貴方の旅の行く末が楽しみです！","哈哈，我也很期待你的旅途会走向何方。
Haha. I look forward to seeing where the journey takes you."
"401110","A battle right off the bat. Drive back the monster!","いきなりですが戦闘です。魔物を撃退してください！","一上来就是战斗。击退魔物吧！
A battle right off the bat. Drive back the monster!"
"400111","お気づきだとは思いますが……","【カット】お気づきだとは思いますが……","お気づきだとは思いますが……"
"400120","What an adorable plushie!","可愛らしいぬいぐるみですね！","好可爱的玩偶！
What an adorable plushie!"
"400121","That's a wonderful name!","ステキなお名前ですね！","好名字！
That's a wonderful name!"
"400122","You must not be used to battles yet, so I'll make an exception this time.","まだバトルに慣れていないでしょうから、今回は特別ですよ？","你应该还没习惯战斗，这次就破例照顾一下吧。
You must not be used to battles yet, so I'll make an exception this time."
"400123","When you're prepared, go on—give it another try!","準備ができたら、再挑戦してくださいね！","准备好后，再试一次！
When you're prepared, go on—give it another try!"
"401010","You can't see the stars when there's light out.","星は、暗くならないと見えませんからね。","有光的时候，可看不见星星。
You can't see the stars when there's light out."
"401020","流砂は、徒歩では渡れません。危ないですよ？","【カット】流砂は、徒歩では渡れません。危ないですよ？","流砂は、徒歩では渡れません。危ないですよ？"
"401030","I'm so sorry...","残念です……","真遗憾……
I'm so sorry..."
"401040","この街には、地下の村にはなかったものがたくさんあるようです。","【カット】この街には、地下の村にはなかったものがたくさんあるようです。","この街には、地下の村にはなかったものがたくさんあるようです。"
"401050","Those clothes suit you perfectly.","素敵なお洋服ですね！","这身衣服很适合你。
Those clothes suit you perfectly."
"401060","A mine cart is a wheeled vehicle that moves upon a rail and is used to transport sediment.","トロッコは土砂の運搬用に使われる手押し車で、<br>レールの上を走る乗り物です。","矿车是沿轨道行驶、<br>用来运输土石的车辆。
A mine cart is a wheeled vehicle that moves upon a rail and is used to transport sediment."
"401070","If you choose ""Leave,"" you'll be whisked outside right away.","「脱出」を選んでもらえれば、すぐにお外までお連れします。","选择“脱出”，就能立刻送你到外面。
If you choose ""Leave,"" you'll be whisked outside right away."
"401071","Time is money, as they say.","時は金なり、ですね。","一寸光阴一寸金嘛。
Time is money, as they say."
"402010","This guy sure can talk...","本当に、よく喋るひとですね……","这人可真能说……
This guy sure can talk..."
"402020","Choose ""Get Me Out Now"" if you're in a hurry.","急ぐなら「脱出」を選んでくださいね。","赶时间的话，就选“脱出”吧。
Choose ""Get Me Out Now"" if you're in a hurry."
"402021","Perhaps a wall could be broken.","何処かの壁が、壊せるかもしれませんよ？ ","说不定有哪面墙能打破？
Perhaps a wall could be broken."
"402030","Let's take a shortcut.","ショートカットしましょう。","抄个近道吧。
Let's take a shortcut."
"402040","What do you think they'll show at the...uh...show?","ショーを見に行きましょう？……しょー……","去看场秀吧？……秀……
What do you think they'll show at the...uh...show?"
"403010","Well... That's not good.","……しまったのだ。","……糟了。
Well... That's not good."
"403020","Poor Pulche. His strength is at its limit.","彼の体力は限界です……","普尔凯的体力已经到极限了……
Poor Pulche. His strength is at its limit."
"403030","...Maybe don't go that way.","……やめておこう。","……还是别往那边走了。
...Maybe don't go that way."
"403031","Maybe go and check on things.","様子を見に行ってみましょう……","去看看情况吧……
Maybe go and check on things."
"403040","Slay this beast! For the children!","子供達のためにも、打ち倒しましょう！","为了孩子们，打倒它！
Slay this beast! For the children!"
"404010","Sometimes, a different perspective can be illuminating.","たまには、別の視点も……","偶尔换个角度看看，或许会有发现。
Sometimes, a different perspective can be illuminating."
"405010","I swear I've seen something like this before...","この模様、どこかで見覚えが……","这个图案……我好像在哪见过。
I swear I've seen something like this before..."
"405020","The Frost Primal is mighty, but if you work together...!","強力な相手ですが、仲間と力を合わせれば……！","冰之神兽虽强，但只要大家齐心……！
The Frost Primal is mighty, but if you work together...!"
"406010","You have a history with this one, but don't lose your cool.","因縁の相手ですが、冷静に……","虽是宿敌，也别乱了阵脚。
You have a history with this one, but don't lose your cool."
"407010","Well, unfortunately, the conflict between monsters and humans will continue.","人間と魔物の対立は、残念ながらこれからも続くでしょう。","遗憾的是，人类与魔物的冲突今后还会继续。
Well, unfortunately, the conflict between monsters and humans will continue."
"407020","But maybe one day, the friendship these four share will be the norm...","けれど、いつかこの四人のように……","但愿有一天，人与魔物都能像这四人一样……
But maybe one day, the friendship these four share will be the norm..."
"407030","Someday, you'll be victorious.","貴方達の勝利を信じます。","我相信，你们终会取胜。
Someday, you'll be victorious."
"408010","Okay. It seems like there was a massive earthquake somewhere.","どこかで、大きな地殻変動があったようです。","看来某处发生了剧烈地壳变动。
Okay. It seems like there was a massive earthquake somewhere."
"408020","What if you went back home?","村を見に行ってみてはどうでしょう……？ ","要不要回村看看？
What if you went back home?"
"408030","Let's press on...","奥に進んでみましょう……","继续往深处走吧……
Let's press on..."
"408040","A fearsome foe indeed, but you've fought your share of those!","強敵ですが、ここまできた貴方なら……！","是强敌，但一路走到这里的你，定能应付……！
A fearsome foe indeed, but you've fought your share of those!"
"408050","I think it'll be all right to stop the story for a little while and prepare.","物語を止めて、準備を整えるのもアリかなと思います。","暂且停下故事，整顿一番也无妨。
I think it'll be all right to stop the story for a little while and prepare."
"408051","So, once you're ready, it's on to the decisive battle.","準備が整ったら、決戦に臨みましょう。","准备妥当，就去决战吧。
So, once you're ready, it's on to the decisive battle."
"410010","You can't cross quicksand on foot. It's too dangerous.","流砂は、徒歩では渡れません。危ないですよ？","流沙不能徒步穿越，太危险了。
You can't cross quicksand on foot. It's too dangerous."
"410011","You won't survive if the quicksand pulls you under, you know.","流砂に飲まれたら、無事ではいられません。","被流沙吞没，可没法安然无恙。
You won't survive if the quicksand pulls you under, you know."
"410012","If only there were some way for you to just, like...glide across the sand.","「あれ」があれば、渡れるようになるんですけど……","要是有“那个”，或许就能滑过沙地了……
If only there were some way for you to just, like...glide across the sand."
"410020","I wouldn't want you to get burned!","火傷ではすみませんよ？","这可不只是烫伤那么简单！
I wouldn't want you to get burned!"
"410021","Careful! You'll get burnt to a crisp.","黒焦げになっちゃいますよ？","小心，真会烧成焦炭的！
Careful! You'll get burnt to a crisp."
"410022","Look, it's not my fault if you roast yourself.","消し炭になっても知りませんからね。","真把自己烤焦了，我可不负责。
Look, it's not my fault if you roast yourself."
"410030","The fire's out, but it's not exactly safe to swim...","火は消えましたが、泳ぐのは危険です。","火虽然灭了，下水游过去还是危险。
The fire's out, but it's not exactly safe to swim..."
"410040","Scaling this sheer, icy cliff is a tall order.","この崖を登るのは難しそうです。","这片冰崖太陡，恐怕爬不上去。
Scaling this sheer, icy cliff is a tall order."
"410041","You can keep trying, but it won't get any easier.","何度挑戦しても、よじ登れませんよ？","再试多少次也爬不上去哦？
You can keep trying, but it won't get any easier."
"410042","You WILL get frostbite. Listen, sometimes it's okay to give up.","手が霜焼けになっちゃいますよ？時には諦めも肝心です。","手都要冻伤了。有时放弃也不失为明智之举。
You WILL get frostbite. Listen, sometimes it's okay to give up."
"410100","Ahem, sorry... Throat's a bit dry...","……喉が、渇きました。","……抱歉，嗓子有点干。
Ahem, sorry... Throat's a bit dry..."
"410110","I can feel the chill from here.","見ているだけで、凍えそうです。","光看着都觉得冷。
I can feel the chill from here."
"410200","Yaaawn...","ふあぁ…………","哈啊——……
Yaaawn..."
"410210","Are you asleep over there? Sweet dreams.","寝ちゃいました？……よい夢を。","睡着了吗？……做个好梦。
Are you asleep over there? Sweet dreams."
"410300","How about it?","どうです？","怎么样？
How about it?"
"410301","Just this once, okay?","特別ですよ？","就这一次哦？
Just this once, okay?"
"410302","All right. Best of luck building your fortune!","では、がんばって稼ぎましょう。","那就努力赚个盆满钵满吧！
All right. Best of luck building your fortune!"
"421001","Battle time.","さあ、戦闘です。","开战吧。
Battle time."
"421002","Get 'em!","やっつけましょう。","干掉它们！
Get 'em!"
"421003","To battle!","ファイトです。","上吧！
To battle!"
"421011","Beautiful.","お見事。","漂亮。
Beautiful."
"421012","Ooh!","おぉ……！","哦——！
Ooh!"
"421013","Sometimes you get lucky.","運も実力のうち。","运气也是实力的一部分。
Sometimes you get lucky."
"421021","Fear not. Though their card shows a coffin, they're not actually dead.","心配しないでください。棺桶カードになっても、<br>本当に死んだわけではありませんので。","别担心。卡牌虽然变成了棺材，<br>人可没真死。
Fear not. Though their card shows a coffin, they're not actually dead."
"421022","Oops.","おや……","哎呀。
Oops."
"421023","Ahh...","あー……","啊……
Ahh..."
"421024","Oh no...","あらら……","糟了……
Oh no..."
"421031","Unfortunately, it seems this is the end of your journey...","残念ですが、貴方の旅路はここまでのようです……","遗憾，你的旅途似乎到此为止了……
Unfortunately, it seems this is the end of your journey..."
"421041","A masterful victory.","見事な勝利です。","赢得漂亮。
A masterful victory."
"421042","I expected nothing less.","さすがです。","果然没让我失望。
I expected nothing less."
"421043","That's how it's done!","その調子で行きましょう。","就是这样！
That's how it's done!"
"421051","That enemy's gathering power...","敵が力を溜めています。","敌人正在蓄力……
That enemy's gathering power..."
"421052","Get ready to defend against that attack...","強力な攻撃に備えましょう……","准备防住那一击……
Get ready to defend against that attack..."
"421053","Shields up.","守りを固めてください。","稳住防线。
Shields up."
"430010","That's a good way to break your weapon... Maybe try something else?","武器、壊れちゃいますよ……もうやめておきましょう？","再砍下去武器都要坏了……换个办法吧？
That's a good way to break your weapon... Maybe try something else?"
"430020","You're surprised? He is a merchant, after all...","さすが商人ですね……","不愧是商人……
You're surprised? He is a merchant, after all..."
"700010","Happenstance Cards","ハプニングカード","突发事件卡
Happenstance Cards"
"800010","Menu","メニュー","菜单
Menu"
"800020","Items","アイテム","道具
Items"
"800030","Run Away","逃げる","逃跑
Run Away"
"800040","Card Details","カード詳細","卡牌详情
Card Details"
"800050","Back","戻る","返回
Back"
"800060","Next Objective","次の目的","下一目标
Next Objective"
"800070","Next","次へ","下一步
Next"
"800080","Flip Over","裏返す","翻面
Flip Over"
"800090","Inspect","よく見る","查看
Inspect"
"800100","Rotate","回転","旋转
Rotate"
"800110","Move","移動","移动
Move"
"800120","Zoom","ズーム","缩放
Zoom"
"800130","Options","オプション","选项
Options"
"800140","Skip","スキップ","跳过
Skip"
"800150","Finish","終了","结束
Finish"
"800170","Default","デフォルト","默认
Default"
"800180","Applicable in regards to
transactions in Japan.","特定商取引法に<br>関する表示","日本境内交易<br>相关说明
Applicable in regards to
transactions in Japan."
"800190","Exchange Cards","カード切替","切换卡牌
Exchange Cards"
"800200","Return to Top","先頭へ戻る","返回开头
Return to Top"
"800210","See All","全体を見る","查看全貌
See All"
"800220","Look Right","右を見る","向右看
Look Right"
"800230","Look Left","左を見る","向左看
Look Left"
"800240","Lower Hand","手札を下げる","放下手牌
Lower Hand"
"800250","Menu","メニュー","菜单
Menu"
"800260","Current Equipment","今の装備品","当前装备
Current Equipment"
"800270","Main","メイン","主力
Main"
"800280","Reserve","控え","后备
Reserve"
"800290","Play","再生する","播放
Play"
"800300","Autosaving...","Autosaving...","自动保存中……
Autosaving..."
"800310","Back","前へ","上一页
Back"
"800320","Close","閉じる","关闭
Close"
"800330","Skills","スキル","技能
Skills"
"800340","Fast-Forward","早送り","快进
Fast-Forward"
"800400","Connecting","Connecting","连接中
Connecting"
"800410","Moving...","移動中","移动中……
Moving..."
"800500","Speed Changed","Speed Changed","速度已更改
Speed Changed"
"860001","Chapter 0","第０章","第 0 章
Chapter 0"
"860002","Chapter 1","第一章","第 1 章
Chapter 1"
"860003","Chapter 2","第二章","第 2 章
Chapter 2"
"860004","Chapter 3","第三章","第 3 章
Chapter 3"
"860005","Chapter 4","第四章","第 4 章
Chapter 4"
"860006","Chapter 5","第五章","第 5 章
Chapter 5"
"860007","Chapter 6","第六章","第 6 章
Chapter 6"
"860008","Chapter 7","第七章","第 7 章
Chapter 7"
"900030","Level Up","レベルアップ","升级
Level Up"
"999903","Run Away","逃げる","逃跑
Run Away"
"999904","Cancel","やめる","取消
Cancel"
"999909","Success Rate","成功率","成功率
Success Rate"
"999910","Success","成功","成功
Success"
"999911","Failure","失敗","失败
Failure"
"999920","Dice Roll","ダイスロール","掷骰
Dice Roll"
"911010","Next Objective","次の目的","下一目标
Next Objective"
"911020","Your Objective","君達の目的","当前目标
Your Objective"
"1000000","Voice of the Game Master","Voice of the Game Master","游戏主持人配音
Voice of the Game Master"
"1000010","DEVELOPMENT DEPT","DEVELOPMENT DEPT","开发部
DEVELOPMENT DEPT"
"1000020","PRODUCTION DEPT.","PRODUCTION DEPT.","制作部
PRODUCTION DEPT."
"1000030","GRAPHIC DESIGN DEPT.","GRAPHIC DESIGN DEPT.","图形设计部
GRAPHIC DESIGN DEPT."
"1000040","QUALITY ASSURANCE","QUALITY ASSURANCE","质量保证
QUALITY ASSURANCE"
"1000050","CREATIVE BUSINESS UNIT II","CREATIVE BUSINESS UNIT II","创意事业部 II
CREATIVE BUSINESS UNIT II"
"1000060","CREATIVE BUSINESS UNIT II","CREATIVE BUSINESS UNIT II","创意事业部 II
CREATIVE BUSINESS UNIT II"
"1000070","SALES DIVISION","SALES DIVISION","销售部
SALES DIVISION"
"1000080","EC BUSINESS UNIT","EC BUSINESS UNIT","电商事业部
EC BUSINESS UNIT"
"1000090","MARKETING DIVISION","MARKETING DIVISION","市场部
MARKETING DIVISION"
"1000100","BOOK EDITING DIVISION","BOOK EDITING DIVISION","图书编辑部
BOOK EDITING DIVISION"
"1000110","MEDIA & ARTS BUSINESS DIVISION","MEDIA & ARTS BUSINESS DIVISION","媒体与艺术事业部
MEDIA & ARTS BUSINESS DIVISION"
"1000120","QUALITY ASSURANCE","QUALITY ASSURANCE","质量保证
QUALITY ASSURANCE"
"1000130","LOCALIZATION","LOCALIZATION","本地化
LOCALIZATION"
"1000140","INFORMATION TECHNOLOGY DIVISION","INFORMATION TECHNOLOGY DIVISION","信息技术部
INFORMATION TECHNOLOGY DIVISION"
"1000150","QA & LOCALISATION SERVICES","QA & LOCALISATION SERVICES","QA 与本地化服务
QA & LOCALISATION SERVICES"
"1000160","JAPANESE LANGUAGE SUPPORT","JAPANESE LANGUAGE SUPPORT","日语支持
JAPANESE LANGUAGE SUPPORT"
"1000170","SQUARE ENIX EUROPE MARKETING","SQUARE ENIX EUROPE MARKETING","SQUARE ENIX 欧洲市场部
SQUARE ENIX EUROPE MARKETING"
"1000180","UK/EXPORT SALES AND MARKETING","UK/EXPORT SALES AND MARKETING","英国／出口销售与市场
UK/EXPORT SALES AND MARKETING"
"1000190","FRANCE/BENELUX SALES AND MARKETING","FRANCE/BENELUX SALES AND MARKETING","法国／比荷卢销售与市场
FRANCE/BENELUX SALES AND MARKETING"
"1000200","G/A/S SALES AND MARKETING","G/A/S SALES AND MARKETING","德奥瑞销售与市场
G/A/S SALES AND MARKETING"
"1000210","EUROPEAN COMMERCIAL AND PUBLISHING SERVICES","EUROPEAN COMMERCIAL AND PUBLISHING SERVICES","欧洲商务与发行服务
EUROPEAN COMMERCIAL AND PUBLISHING SERVICES"
"1000220","EUROPEAN MERCHANDISING","EUROPEAN MERCHANDISING","欧洲商品业务
EUROPEAN MERCHANDISING"
"1000230","EUROPEAN COMMUNITY AND SERVICE","EUROPEAN COMMUNITY AND SERVICE","欧洲社区与服务
EUROPEAN COMMUNITY AND SERVICE"
"1000240","PTW International UK","PTW International UK","PTW International UK
PTW International UK"
"1450010","Default","デフォルト","默认
Default"
"1450021","Vintage Pattern","ヴィンテージ風模様","复古花纹
Vintage Pattern"
"1450020","Default Music","デフォルトの曲","默认音乐
Default Music"
"1451010","Stuffed-Toy-from-
Mother Avatar","母親から貰った<br>ぬいぐるみのコマ","母亲赠予的<br>布偶棋子
Stuffed-Toy-from-
Mother Avatar"
"1451020","Storybook Starry
Sky Pattern","絵本で見た星空模様","绘本星空花纹
Storybook Starry
Sky Pattern"
"1451030","Rusted Steel
Plate Board","錆びた鋼鈑のボード","锈蚀钢板棋盘
Rusted Steel
Plate Board"
"1451040","Steel Table","鋼鉄製のテーブル","钢制桌面
Steel Table"
"1451050","Titanium Dice","チタン製のダイス","钛制骰子
Titanium Dice"
"1452010","Mama Avatar","ママのコマ","妈妈棋子
Mama Avatar"
"1452020","Handbook Pattern","何かの技術書の模様","技术手册花纹
Handbook Pattern"
"1452030","The Cage Board","砂の檻（ケージ）風<br>ボード","沙之笼<br>棋盘
The Cage Board"
"1452040","Aid Table","救済のテーブル","救济桌面
Aid Table"
"1452050","Story Collectors'
Dice","物語を集めし者達の<br>ダイス","故事收藏者<br>骰子
Story Collectors'
Dice"
"1452060","Decoration of
Those in the Cage","檻（ケージ）に集う<br>者達の装束","笼中众人<br>装束
Decoration of
Those in the Cage"
"1452070","Melody of
reincarnation","輪廻の調べ","轮回之调
Melody of
reincarnation"
"1452100","Mama's Collection
Set","ママの愛蔵セット","妈妈珍藏<br>套装
Mama's Collection
Set"
"1453020","Pixel Art Set","ドットアートセット","像素画套装
Pixel Art Set"
"1454010","Iron Avatar","黒金色のコマ","黑金棋子
Iron Avatar"
"1454020","Somber Girl's
Abstract Pattern","物憂げな少女の<br>抽象模様","忧郁少女<br>抽象花纹
Somber Girl's
Abstract Pattern"
"1600001","Abilities","特性とは","特性说明
Abilities"
"2000001","Dud","スカ","落空
Dud"
"2000002","Attack","アタック","攻击
Attack"
"2000003","Steal","スティール","偷取
Steal"
"2000004","Draw","ドロー","抽牌
Draw"
"2000005","Double Draw","ダブルドロー","双重抽牌
Double Draw"
"2000006","Reverse","リバース","反转
Reverse"
"2000007","Skip","スキップ","跳过
Skip"
"2000008","Bomb","ボム","炸弹
Bomb"
"2000009","Reload Events","イベントリロード","重置事件牌
Reload Events"
"2000010","Reload Cards","トランプリロード","重置卡牌
Reload Cards"
"2000011","Lost","ロスト","丢失
Lost"
"2000012","All Lost","オールロスト","全部丢失
All Lost"
"2000013","Cleanup","クリーンアップ","清场
Cleanup"
"2000014","Skillbind","スキルバインド","技能封锁
Skillbind"
"2000015","Release","リリース","解除
Release"
"2010001","Attack","アタック","攻击
Attack"
"2010002","Swipe Set","セット強奪","抢夺牌组
Swipe Set"
"2010003","Pass","１回休み","休息一回合
Pass"
"2010004","Discard Shared Card","共有カード破棄","弃置共享卡牌
Discard Shared Card"
"2010005","Capture","乗っ取り","夺取
Capture"
"2010006","Shuffle Set","セットシャッフル","洗牌组
Shuffle Set"
"2010007","No Draw","配布手札消し","清空手牌
No Draw"
"2010008","Discard Skill Effect","スキル発動破棄","取消技能效果
Discard Skill Effect"
"2010101","No Target Card","対象カードなし","无目标卡牌
No Target Card"
"2010102","No Target Player","対象プレイヤーなし","无目标玩家
No Target Player"
"2010103","Deck Empty","山札なし","牌堆为空
Deck Empty"
"2010201","Instant Effect","即時発動","即时发动
Instant Effect"
"2010202","Takes Effect Every Turn","毎ターン発動","每回合发动
Takes Effect Every Turn"
"2010203","Conditional Effect","条件発動","条件发动
Conditional Effect"
"2010204","Takes Effect When Drawn","出現時発動","抽到时发动
Takes Effect When Drawn"
"2010205","Triple Activation","3連発動","连续发动 3 次
Triple Activation"
"2011001","Set Up Game","ゲーム開始","开始游戏
Set Up Game"
"2020000","Go Back","戻る","返回
Go Back"
"2020001","Prepare Game","ゲームの準備","游戏准备
Prepare Game"
"2020002","Play on One System","1台で遊ぶ","单机游玩
Play on One System"
"2020003","Play with Nearby Players","近くの人と遊ぶ","与附近玩家游玩
Play with Nearby Players"
"2020004","Number of Players","参加人数","玩家人数
Number of Players"
"2020005","Two Players","2人","2 人
Two Players"
"2020006","Three Players","3人","3 人
Three Players"
"2020007","Four Players","4人","4 人
Four Players"
"2020008","Play with Nearby Players","近くの人と遊ぶ","与附近玩家游玩
Play with Nearby Players"
"2020009","Find Players","参加者を募集する","招募玩家
Find Players"
"2020010","Find a Game","誰かのゲームに参加する","加入他人游戏
Find a Game"
"2020011","Find Players","参加者を募集する","招募玩家
Find Players"
"2020012","Find a Game","誰かのゲームに参加する","加入他人游戏
Find a Game"
"2020013","Find Players","参加者を募集する","招募玩家
Find Players"
"2020014","Start Game","ゲームを始める","开始游戏
Start Game"
"2020015","Find a Game","誰かのゲームに参加する","加入他人游戏
Find a Game"
"2020016","Start","ゲーム開始","开始
Start"
"2020017","操作選択へ進む","操作選択へ進む","操作選択へ進む"
"2020018","Select Play Style","操作方法の選択","选择操作方式
Select Play Style"
"2020019","Pass-and-Play","1個を順に回して遊ぶ","轮流操作
Pass-and-Play"
"2020020","Play Individually","別々に持って遊ぶ","各自操作
Play Individually"
"2020021","Ready","準備完了","准备完毕
Ready"
"2020022","Set Rules","ルールを選ぶ","选择规则
Set Rules"
"2020023","Additional Opponents","対戦相手の追加","追加对手
Additional Opponents"
"2020024","自分たちで操作する","自分たちで操作する","自分たちで操作する"
"2020025","操作してもらう","操作してもらう","操作してもらう"
"2020026","Play with These Settings","このまま遊ぶ","按当前设置游玩
Play with These Settings"
"2020027","参加してもらう","参加してもらう","参加してもらう"
"2020028","Additional Opponents","対戦相手の追加","追加对手
Additional Opponents"
"2020029","Additional Opponents","対戦相手の追加","追加对手
Additional Opponents"
"2020030","ゲームルール","ゲームルール","ゲームルール"
"2020031","Simple","シンプル","简单
Simple"
"2020032","Add Skills","スキル追加","追加技能
Add Skills"
"2020033","Add Events","イベント追加","追加事件
Add Events"
"2020034","Include All","すべて解放","全部开放
Include All"
"2020035","Prepare Game","ゲームの準備","游戏准备
Prepare Game"
"2020036","ルールを選んで下さい","ルールを選んで下さい","ルールを選んで下さい"
"2020037","リーダーが選択中","リーダーが選択中","リーダーが選択中"
"2020038","ゲームスタート","ゲームスタート","ゲームスタート"
"2020039","Play an Additional Opponent","対戦相手を<br>1人追加する","追加<br>1 名对手
Play an Additional Opponent"
"2020040","Play 2 Additional Opponents","対戦相手を<br>2人追加する","追加<br>2 名对手
Play 2 Additional Opponents"
"2020041","ゲームの遊び方","ゲームの遊び方","ゲームの遊び方"
"2020042","No","いいえ","否
No"
"2020043","Yes","はい","是
Yes"
"2020044","No","いいえ","否
No"
"2020045","Next","次に進む","下一步
Next"
"2020046","ルールの説明を聞く","ルールの説明を聞く","ルールの説明を聞く"
"2020047","ゲームの基本","ゲームの基本","ゲームの基本"
"2020048","カードのスキルとは","カードのスキルとは","カードのスキルとは"
"2020049","イベントカードとは","イベントカードとは","イベントカードとは"
"2020050","Prepare Game","ゲームの準備","游戏准备
Prepare Game"
"2020051","ゲームの準備を始める","ゲームの準備を始める","ゲームの準備を始める"
"2020052","How to Play","遊び方を見る","查看玩法
How to Play"
"2020053","Start","ゲーム開始","开始
Start"
"2020054","Start","ゲーム開始","开始
Start"
"2020055","Start","ゲーム開始","开始
Start"
"2020056","Start","ゲーム開始","开始
Start"
"2020057","Single Player","1人で遊ぶ","单人游戏
Single Player"
"2020058","Multiplayer","2人以上で<br>対戦する","2 人以上<br>对战
Multiplayer"
"2020059","Play with These Rules","このルールで遊ぶ","按此规则游玩
Play with These Rules"
"2020060","Confirm Rules","ルールを確認する","确认规则
Confirm Rules"
"2020061","Game Parlor","遊戯場","游艺场
Game Parlor"
"2020062","Game Parlor","遊戯場","游艺场
Game Parlor"
"2020063","Game Parlor","遊戯場","游艺场
Game Parlor"
"2020064","Prepare Game","ゲームの準備","游戏准备
Prepare Game"
"2020065","Rule Selection","ルール選択へ進む","进入规则选择
Rule Selection"
"2020066","Start","ゲーム開始","开始
Start"
"2020067","Player Card Selection","プレイヤーカード
選択へ進む","进入玩家卡牌<br>选择
Player Card Selection"
"2020068","Player Card Selection","プレイヤーカードの選択","选择玩家卡牌
Player Card Selection"
"2020069","Choose player card.","好きなプレイヤーカードを
選んでください","请选择喜欢的玩家卡牌。
Choose player card."
"2020070","Choose Player {0}'s Card","Player {0}のカードを
選んでください","请选择玩家 {0} 的卡牌。
Choose Player {0}'s Card"
"2020071","Select Play Style","操作方法の選択","选择操作方式
Select Play Style"
"2020072","Next","次へ","下一步
Next"
"2020073","Prepare Game","ゲームの準備","游戏准备
Prepare Game"
"2020074","Additional Opponents","対戦相手の追加","追加对手
Additional Opponents"
"2020075","Next","次に進む","下一步
Next"
"2020076","Change Player Card","プレイヤーカードを<br>選択しなおす","重新选择<br>玩家卡牌
Change Player Card"
"2020077","Quit Local Play and Go Back","ローカル通信をやめて<br>戻る","退出本地联机并<br>返回
Quit Local Play and Go Back"
"2020078","Find Players","参加者を募集する","招募玩家
Find Players"
"2020079","Find Players","参加者を募集する","招募玩家
Find Players"
"2020080","Change Player Card","プレイヤーカードを<br>選択しなおす","重新选择<br>玩家卡牌
Change Player Card"
"2020081","Quit Local Play and Go Back","ローカル通信をやめて<br>戻る","退出本地联机并<br>返回
Quit Local Play and Go Back"
"2020082","Pass-and-Play","1台を順に回して遊ぶ","轮流操作
Pass-and-Play"
"2020083","Play with {0} Players","{0}人で遊ぶ","{0} 人游玩
Play with {0} Players"
"2020084","Confirm Number of Players","プレイヤー人数決定","确定玩家人数
Confirm Number of Players"
"2020085","Everyone Is Ready","全員揃っている","全员到齐
Everyone Is Ready"
"2021000","Simple","シンプル","简单
Simple"
"2021001","Simple","シンプル","简单
Simple"
"2021002","Simple","シンプル","简单
Simple"
"2021010","Add Skills","スキル追加","追加技能
Add Skills"
"2021011","Add Skills","スキル追加","追加技能
Add Skills"
"2021012","Add Skills","スキル追加","追加技能
Add Skills"
"2021020","Add Events","イベント追加","追加事件
Add Events"
"2021021","Add Events","イベント追加","追加事件
Add Events"
"2021022","Add Events","イベント追加","追加事件
Add Events"
"2021023","Add Events","イベント追加","追加事件
Add Events"
"2021030","Include All","すべて開放","全部开放
Include All"
"2021031","Include All","すべて開放","全部开放
Include All"
"2021032","Include All","すべて開放","全部开放
Include All"
"2040010","How to Play","遊び方","玩法
How to Play"
"2050000","Menu","メニュー","菜单
Menu"
"2050001","Rules","ルールを確認する","规则
Rules"
"2050002","Give Up","ギブアップする","认输
Give Up"
"2050003","Back to Game","ゲームに戻る","返回游戏
Back to Game"
"2050010","Give Up","ギブアップ","认输
Give Up"
"2050011","Yes","はい","是
Yes"
"2050012","No","いいえ","否
No"
"3000000","New Game","最初から遊ぶ","新游戏
New Game"
