"Key","English","Japanese","Target"
"1","【Poison】@Takes between 1 to 6 
damage each turn.","【毒状態】@ターン毎に１～６ダメージを受ける。","【中毒】@每回合受到1～6点伤害。
【Poison】@Takes between 1 to 6 
damage each turn."
"2","【Deadly Poison】@Takes between 2 to 12 
damage each turn.","【猛毒状態】@ターン毎に２～１２ダメージを受ける。","【猛毒】@每回合受到2～12点伤害。
【Deadly Poison】@Takes between 2 to 12 
damage each turn."
"3","【Paralysis】@Unable to perform 
actions due to 
paralysis.","【麻痺状態】@身体がしびれて行動不能となる。","【麻痹】@身体麻痹，无法行动。
【Paralysis】@Unable to perform 
actions due to 
paralysis."
"4","【Freeze】@Cannot act. Takes 2×
damage. Released upon
taking damage.","【凍結状態】@行動不能となり２倍のダメージを受ける。ダメージを受けると解除される。","【冻结】@无法行动，受到的伤害变为2倍。受到伤害后解除。
【Freeze】@Cannot act. Takes 2×
damage. Released upon
taking damage."
"5","【Seal】@Unable to use skills 
that require gems.","【封印状態】@ジェムを使用するスキルが使用不可能になる。","【封印】@无法使用需要宝石的技能。
【Seal】@Unable to use skills 
that require gems."
"6","【Curse】@Takes damage from
recovery effects
instead of healing.","【呪い状態】@回復を行うとダメージを受けてしまう。","【诅咒】@受到恢复效果时，反而会受到伤害。
【Curse】@Takes damage from
recovery effects
instead of healing."
"7","【ATK ↓】@Decreases attack.","【攻撃ダウン状態】@攻撃が減少する。","【攻击下降】@攻击降低。
【ATK ↓】@Decreases attack."
"8","【DEF ↓】@Decreases defense.","【防御ダウン状態】@防御が減少する。","【防御下降】@防御降低。
【DEF ↓】@Decreases defense."
"10","【Fire Res. ↓】@Takes 5 additional fire damage.","【火耐性ダウン】@火ダメージが５追加される。","【火属性抗性下降】@受到的火属性伤害 +5。
【Fire Res. ↓】@Takes 5 additional fire damage."
"11","【Water Res. ↓】@Takes 5 additional water damage.","【水耐性ダウン】@水ダメージが５追加される。","【水属性抗性下降】@受到的水属性伤害 +5。
【Water Res. ↓】@Takes 5 additional water damage."
"12","【Bolt Res. ↓】@Takes 5 additional bolt damage.","【雷耐性ダウン】@雷ダメージが５追加される。","【雷属性抗性下降】@受到的雷属性伤害 +5。
【Bolt Res. ↓】@Takes 5 additional bolt damage."
"13","【Wind Res. ↓】@Takes 5 additional wind damage.","【風耐性ダウン】@風ダメージが５追加される。","【风属性抗性下降】@受到的风属性伤害 +5。
【Wind Res. ↓】@Takes 5 additional wind damage."
"14","【Light Res. ↓】@Takes 5 additional light damage.","【光耐性ダウン】@光ダメージが５追加される。","【光属性抗性下降】@受到的光属性伤害 +5。
【Light Res. ↓】@Takes 5 additional light damage."
"15","【Dark Res. ↓】@Takes 5 additional dark damage.","【闇耐性ダウン】@闇ダメージが５追加される。","【暗属性抗性下降】@受到的暗属性伤害 +5。
【Dark Res. ↓】@Takes 5 additional dark damage."
"17","【Barrier】@Negates all attacks.","【バリア】@あらゆる攻撃を受け付けない。","【屏障】@免疫一切攻击。
【Barrier】@Negates all attacks."
"18","【Doubt】@Unable to use monsters.","【迷い】@魔物の使役ができなくなる。","【迷惘】@无法驱使魔物。
【Doubt】@Unable to use monsters."
"19","【Despair】@Cannot act.","【絶望】@行動不能となる。","【绝望】@无法行动。
【Despair】@Cannot act."
"20","【Gate】@Not acting.","【門】@行動しない。","【门】@不会行动。
【Gate】@Not acting."
"21","No Ailments@","状態異常なし@","无异常状态@
No Ailments@"
"40","Not equippable by any characters in your current party.","現在のパーティ内に<br>装備可能キャラクターが<br>いません。","当前队伍中<br>无人可以<br>装备。
Not equippable by any characters in your current party."
"100","【ATK ↑】@Adds <%1> to attack.","【攻撃UP】@攻撃を<%1>追加","【攻击提升】@攻击 +<%1>。
【ATK ↑】@Adds <%1> to attack."
"101","【DEF ↑】@Adds <%1> to defense.","【防御UP】@防御を<%1>追加","【防御提升】@防御 +<%1>。
【DEF ↑】@Adds <%1> to defense."
"102","【Regen】@Restores <%1> HP each turn.","【持続回復】@毎ターン<%1>回復","【持续恢复】@每回合恢复<%1>点HP。
【Regen】@Restores <%1> HP each turn."
"20551","Recover 3 HP
when attacking.","攻撃する度に自身のＨＰを３回復する。","攻击时恢复自身3点HP。
Recover 3 HP
when attacking."
"26000","Take half damage until the next turn.","次の行動まで、<br>攻撃によって受ける<br>ダメージを半分にする。","下一次行动前，<br>受到的攻击<br>伤害减半。
Take half damage until the next turn."
"26101","Deal damage.","ダメージを与える。","造成伤害。
Deal damage."
"26151","Recovery skills and items used by self heal 5 extra HP.","自身が使用した<br>回復スキルや道具のＨＰ<br>回復量に５追加する。","自身使用恢复<br>技能或道具时，<br>HP恢复量 +5。
Recovery skills and items used by self heal 5 extra HP."
"26152","Decrease light
damage by 5.","受ける光ダメージを<br>５減少する。","受到的光属性<br>伤害减少5。
Decrease light
damage by 5."
"26153","Generate 1 gem at the start of battle.","戦闘開始時にジェムを<br>１個生成する。","战斗开始时<br>生成1枚宝石。
Generate 1 gem at the start of battle."
"26201","Deal damage.","ダメージを与える。","造成伤害。
Deal damage."
"26251","Recover 4 HP after 
combat ends.","戦闘終了時にＨＰを<br>４回復する。","战斗结束时<br>恢复4点HP。
Recover 4 HP after 
combat ends."
"26252","Decrease dark
damage by 5.","受ける闇ダメージを<br>５減少する。","受到的暗属性<br>伤害减少5。
Decrease dark
damage by 5."
"26253","Attacks deal 5 extra damage when HP is below 25%.","自身のＨＰが最大値の<br>４分の１以下の時、<br>与えるダメージに<br>５追加する。","HP不高于<br>最大值25%时，<br>造成的伤害<br> +5。
Attacks deal 5 extra damage when HP is below 25%."
"26301","Generate 1 gem.","ジェムを１個生成する。","生成1枚宝石。
Generate 1 gem."
"26351","Gain immunity to seal.","封印状態に<br>ならなくなる。","不会陷入<br>封印。
Gain immunity to seal."
"26352","Decrease fire, water damage by 5.","受ける火ダメージと<br>水ダメージを<br>５減少する。","受到的火、<br>水属性伤害<br>减少5。
Decrease fire, water damage by 5."
"26353","Add 5 to damage
if target is afflicted
by status ailment.","状態異常にかかっている<br>敵への攻撃時、<br>ダメージに５追加する。","攻击处于异常状态<br>的敌人时，<br>伤害 +5。
Add 5 to damage
if target is afflicted
by status ailment."
"26401","Deal damage.","ダメージを与える。","造成伤害。
Deal damage."
"26451","Recover 4 HP
when attacking.","攻撃するたびに、自身の<br>ＨＰが４回復する。","攻击时恢复<br>自身4点HP。
Recover 4 HP
when attacking."
"26452","Gain immunity 
to paralysis.","麻痺状態に<br>ならなくなる。","不会陷入<br>麻痹。
Gain immunity 
to paralysis."
"26453","Slightly increase the chance of landing a critical strike.","クリティカル確率が<br>少し上昇する。","暴击率<br>小幅提升。
Slightly increase the chance of landing a critical strike."
"27101","Add value of roll to ATK and deal damage.","ダイスで出た値を<br>攻撃に追加し、<br>ダメージを与える。","将掷骰结果<br>加到攻击上，<br>造成伤害。
Add value of roll to ATK and deal damage."
"27102","Deal 10 damage.","１０ダメージを与える。","造成10点伤害。
Deal 10 damage."
"27103","Deal damage to all 
enemies.","敵全体にダメージを<br>与える。","对所有敌人<br>造成伤害。
Deal damage to all 
enemies."
"28010","Deal ATK + extra damage.","攻撃を一定量追加し、<br>ダメージを与える。","攻击增加一定数值，<br>造成伤害。
Deal ATK + extra damage."
"28011","Deal ATK + 3 
damage.","攻撃を３追加し、<br>ダメージを与える。","攻击 +3，<br>造成伤害。
Deal ATK + 3 
damage."
"28012","Deal ATK + 4 
damage.","攻撃を４追加し、<br>ダメージを与える。","攻击 +4，<br>造成伤害。
Deal ATK + 4 
damage."
"28013","Deal ATK + 5 
damage.","攻撃を５追加し、<br>ダメージを与える。","攻击 +5，<br>造成伤害。
Deal ATK + 5 
damage."
"28014","Deal ATK + 6 
damage.","攻撃を６追加し、<br>ダメージを与える。","攻击 +6，<br>造成伤害。
Deal ATK + 6 
damage."
"28015","Deal ATK + 7 
damage.","攻撃を７追加し、<br>ダメージを与える。","攻击 +7，<br>造成伤害。
Deal ATK + 7 
damage."
"28020","Deal ATK + extra damage.","攻撃を一定量追加し、<br>ダメージを与える。","攻击增加一定数值，<br>造成伤害。
Deal ATK + extra damage."
"28021","Deal ATK + 5 
damage.","攻撃を５追加し、<br>ダメージを与える。","攻击 +5，<br>造成伤害。
Deal ATK + 5 
damage."
"28022","Deal ATK + 7 
damage.","攻撃を７追加し、<br>ダメージを与える。","攻击 +7，<br>造成伤害。
Deal ATK + 7 
damage."
"28023","Deal ATK + 9 
damage.","攻撃を９追加し、<br>ダメージを与える。","攻击 +9，<br>造成伤害。
Deal ATK + 9 
damage."
"28024","Deal ATK + 12 
damage.","攻撃を１２追加し、<br>ダメージを与える。","攻击 +12，<br>造成伤害。
Deal ATK + 12 
damage."
"28025","Deal ATK + 15 
damage.","攻撃を１５追加し、<br>ダメージを与える。","攻击 +15，<br>造成伤害。
Deal ATK + 15 
damage."
"28030","Deal damage with a set multiplier.","一定倍のダメージを<br>与える。","按一定倍率<br>造成伤害。
Deal damage with a set multiplier."
"28031","Deal 1.5× damage.","１．５倍のダメージを<br>与える。","造成1.<br>5倍伤害。
Deal 1.5× damage."
"28032","Deal 1.5× damage.","１．５倍のダメージを<br>与える。","造成1.<br>5倍伤害。
Deal 1.5× damage."
"28033","Deal 2× damage.","２倍のダメージを<br>与える。","造成2<br>倍伤害。
Deal 2× damage."
"28034","Deal 2.5× damage.","２．５倍のダメージを<br>与える。","造成2.<br>5倍伤害。
Deal 2.5× damage."
"28035","Deal 3× damage.","３倍のダメージを<br>与える。","造成3<br>倍伤害。
Deal 3× damage."
"28040","Deal set damage.","一定のダメージを<br>与える。","造成一定<br>数值的伤害。
Deal set damage."
"28041","Deal 7 damage.","７ダメージを与える。","造成7点伤害。
Deal 7 damage."
"28042","Deal 8 damage.","８ダメージを与える。","造成8点伤害。
Deal 8 damage."
"28043","Deal 9 damage.","９ダメージを与える。","造成9点伤害。
Deal 9 damage."
"28044","Deal 9 damage.","９ダメージを与える。","造成9点伤害。
Deal 9 damage."
"28045","Deal 10 damage.","１０ダメージを与える。","造成10点伤害。
Deal 10 damage."
"28050","Deal set damage.","一定のダメージを<br>与える。","造成一定<br>数值的伤害。
Deal set damage."
"28051","Deal 10 damage.","１０ダメージを与える。","造成10点伤害。
Deal 10 damage."
"28052","Deal 13 damage.","１３ダメージを与える。","造成13点伤害。
Deal 13 damage."
"28053","Deal 15 damage.","１５ダメージを与える。","造成15点伤害。
Deal 15 damage."
"28054","Deal 18 damage.","１８ダメージを与える。","造成18点伤害。
Deal 18 damage."
"28055","Deal 20 damage.","２０ダメージを与える。","造成20点伤害。
Deal 20 damage."
"28060","Inflict set damage if roll is 5 or greater.","ダイスで５以上出れば<br>一定のダメージを<br>与える。","若掷骰达到5点，<br>造成一定<br>数值的伤害。
Inflict set damage if roll is 5 or greater."
"28061","Inflict 12 damage if roll is <highlight>5 or greater</highlight>.","ダイスで<highlight>５以上</highlight>出れば<br>１２ダメージを与える。","若掷骰结果为<highlight>5点以上</highlight>，<br>造成12点伤害。
Inflict 12 damage if roll is <highlight>5 or greater</highlight>."
"28062","Inflict 14 damage if roll is <highlight>5 or greater</highlight>.","ダイスで<highlight>５以上</highlight>出れば<br>１４ダメージを与える。","若掷骰结果为<highlight>5点以上</highlight>，<br>造成14点伤害。
Inflict 14 damage if roll is <highlight>5 or greater</highlight>."
"28063","Inflict 16 damage if roll is <highlight>5 or greater</highlight>.","ダイスで<highlight>５以上</highlight>出れば<br>１６ダメージを与える。","若掷骰结果为<highlight>5点以上</highlight>，<br>造成16点伤害。
Inflict 16 damage if roll is <highlight>5 or greater</highlight>."
"28064","Inflict 18 damage if roll is <highlight>5 or greater</highlight>.","ダイスで<highlight>５以上</highlight>出れば<br>１８ダメージを与える。","若掷骰结果为<highlight>5点以上</highlight>，<br>造成18点伤害。
Inflict 18 damage if roll is <highlight>5 or greater</highlight>."
"28065","Inflict 20 damage if roll is <highlight>5 or greater</highlight>.","ダイスで<highlight>５以上</highlight>出れば<br>２０ダメージを与える。","若掷骰结果为<highlight>5点以上</highlight>，<br>造成20点伤害。
Inflict 20 damage if roll is <highlight>5 or greater</highlight>."
"28070","Deal damage to target and recover HP equal to a percentage of the amount dealt.","対象にダメージを与え、<br>自身のＨＰを与えた量に<br>応じた％分回復する。","对目标造成伤害，<br>并按伤害量的一定<br>比例恢复HP。
Deal damage to target and recover HP equal to a percentage of the amount dealt."
"28071","Deal damage 
to target and 
recover HP.","対象にダメージを与え、<br>自身のＨＰを与えた量の<br>５０％分回復する。","对目标造成伤害，<br>并恢复相当于伤害<br>量50%的HP。
Deal damage 
to target and 
recover HP."
"28072","Deal damage to target and recover HP equal to the amount dealt.","対象にダメージを与え、<br>自身のＨＰを与えた量と<br>同じだけ回復する。","对目标造成伤害，<br>并恢复与伤害<br>量相同的HP。
Deal damage to target and recover HP equal to the amount dealt."
"28073","Deal damage to target and recover HP equal to 1.5× the amount dealt.","対象にダメージを与え、<br>自身のＨＰを与えた量の<br>１．５倍分回復する。","对目标造成伤害，<br>并恢复伤害量的<br>1.5倍的HP。
Deal damage to target and recover HP equal to 1.5× the amount dealt."
"28074","Deal damage to target and recover HP equal to 1.5× the amount dealt.","対象にダメージを与え、<br>自身のＨＰを与えた量の<br>１．５倍分回復する。","对目标造成伤害，<br>并恢复伤害量的<br>1.5倍的HP。
Deal damage to target and recover HP equal to 1.5× the amount dealt."
"28075","Deal damage to target and recover HP equal to 2× the amount dealt.","対象にダメージを与え、<br>自身のＨＰを与えた量の<br>２倍分回復する。","对目标造成伤害，<br>并恢复伤害量<br>的2倍的HP。
Deal damage to target and recover HP equal to 2× the amount dealt."
"28080","Deal damage. Inflict deadly poison if roll is target value or higher.","ダメージを与え、<br>ダイスで目標の値以上<br>出れば猛毒状態にする。","造成伤害；<br>若掷骰达到目标点数，<br>使目标陷入猛毒。
Deal damage. Inflict deadly poison if roll is target value or higher."
"28081","Deal damage. Inflict deadly poison if roll is <highlight>6 or higher</highlight>.","ダメージを与え、<br>ダイスで<highlight>６以上</highlight>出れば<br>猛毒状態にする。","造成伤害。<br>若掷骰结果为<highlight>6点以上</highlight>，<br>使目标陷入猛毒。
Deal damage. Inflict deadly poison if roll is <highlight>6 or higher</highlight>."
"28082","Deal damage. Inflict deadly poison if roll is <highlight>5 or higher</highlight>.","ダメージを与え、<br>ダイスで<highlight>５以上</highlight>出れば<br>猛毒状態にする。","造成伤害。<br>若掷骰结果为<highlight>5点以上</highlight>，<br>使目标陷入猛毒。
Deal damage. Inflict deadly poison if roll is <highlight>5 or higher</highlight>."
"28083","Deal damage. Inflict deadly poison if roll is <highlight>5 or higher</highlight>.","ダメージを与え、<br>ダイスで<highlight>５以上</highlight>出れば<br>猛毒状態にする。","造成伤害。<br>若掷骰结果为<highlight>5点以上</highlight>，<br>使目标陷入猛毒。
Deal damage. Inflict deadly poison if roll is <highlight>5 or higher</highlight>."
"28084","Deal damage. Inflict deadly poison if roll is <highlight>4 or higher</highlight>.","ダメージを与え、<br>ダイスで<highlight>４以上</highlight>出れば<br>猛毒状態にする。","造成伤害。<br>若掷骰结果为<highlight>4点以上</highlight>，<br>使目标陷入猛毒。
Deal damage. Inflict deadly poison if roll is <highlight>4 or higher</highlight>."
"28085","Deal damage. Inflict deadly poison if roll is <highlight>3 or higher</highlight>.","ダメージを与え、<br>ダイスで<highlight>３以上</highlight>出れば<br>猛毒状態にする。","造成伤害。<br>若掷骰结果为<highlight>3点以上</highlight>，<br>使目标陷入猛毒。
Deal damage. Inflict deadly poison if roll is <highlight>3 or higher</highlight>."
"28090","Deal damage. Inflict ATK ↓ if roll is target value or greater.","ダメージを与え、<br>ダイスで目標の値以上<br>出れば攻撃ダウン状態<br>にする。","造成伤害；<br>若掷骰达到<br>目标点数，<br>使目标陷入攻击下降。
Deal damage. Inflict ATK ↓ if roll is target value or greater."
"28091","Deal damage.
Inflict ATK ↓ if roll
is <highlight>6 or greater</highlight>.","ダメージを与え、<br>ダイスで<highlight>６以上</highlight>出れば<br>攻撃ダウン状態にする。","造成伤害。<br>若掷骰结果为<highlight>6点以上</highlight>，<br>使目标陷入攻击下降。
Deal damage.
Inflict ATK ↓ if roll
is <highlight>6 or greater</highlight>."
"28092","Deal damage.
Inflict ATK ↓ if roll
is <highlight>5 or greater</highlight>.","ダメージを与え、<br>ダイスで<highlight>５以上</highlight>出れば<br>攻撃ダウン状態にする。","造成伤害。<br>若掷骰结果为<highlight>5点以上</highlight>，<br>使目标陷入攻击下降。
Deal damage.
Inflict ATK ↓ if roll
is <highlight>5 or greater</highlight>."
"28093","Deal damage.
Inflict ATK ↓ if roll
is <highlight>5 or greater</highlight>.","ダメージを与え、<br>ダイスで<highlight>５以上</highlight>出れば<br>攻撃ダウン状態にする。","造成伤害。<br>若掷骰结果为<highlight>5点以上</highlight>，<br>使目标陷入攻击下降。
Deal damage.
Inflict ATK ↓ if roll
is <highlight>5 or greater</highlight>."
"28094","Deal damage.
Inflict ATK ↓ if roll
is <highlight>4 or greater</highlight>.","ダメージを与え、<br>ダイスで<highlight>４以上</highlight>出れば<br>攻撃ダウン状態にする。","造成伤害。<br>若掷骰结果为<highlight>4点以上</highlight>，<br>使目标陷入攻击下降。
Deal damage.
Inflict ATK ↓ if roll
is <highlight>4 or greater</highlight>."
"28095","Deal damage.
Inflict ATK ↓ if roll
is <highlight>3 or greater</highlight>.","ダメージを与え、<br>ダイスで<highlight>３以上</highlight>出れば<br>攻撃ダウン状態にする。","造成伤害。<br>若掷骰结果为<highlight>3点以上</highlight>，<br>使目标陷入攻击下降。
Deal damage.
Inflict ATK ↓ if roll
is <highlight>3 or greater</highlight>."
"28100","Deal ATK + extra damage to all enemies.","攻撃を一定量追加し、<br>敵全体にダメージを<br>与える。","攻击增加一定数值，<br>对所有敌人<br>造成伤害。
Deal ATK + extra damage to all enemies."
"28101","Deal ATK + 4 
damage to all enemies.","攻撃を４追加し、<br>敵全体にダメージを<br>与える。","攻击 +4，<br>对所有敌人<br>造成伤害。
Deal ATK + 4 
damage to all enemies."
"28102","Deal ATK + 6 
damage to all enemies.","攻撃を６追加し、<br>敵全体にダメージを<br>与える。","攻击 +6，<br>对所有敌人<br>造成伤害。
Deal ATK + 6 
damage to all enemies."
"28103","Deal ATK + 8 
damage to all enemies.","攻撃を８追加し、<br>敵全体にダメージを<br>与える。","攻击 +8，<br>对所有敌人<br>造成伤害。
Deal ATK + 8 
damage to all enemies."
"28104","Deal ATK + 10 
damage to all enemies.","攻撃を１０追加し、<br>敵全体にダメージを<br>与える。","攻击 +10，<br>对所有敌人<br>造成伤害。
Deal ATK + 10 
damage to all enemies."
"28105","Deal ATK + 12 
damage to all enemies.","攻撃を１２追加し、<br>敵全体にダメージを<br>与える。","攻击 +12，<br>对所有敌人<br>造成伤害。
Deal ATK + 12 
damage to all enemies."
"28110","Deal damage equal to the value of all rolled dice to all enemies.","敵全体に、<br>ダイス数個で出た値の<br>ダメージを与える。","对所有敌人造成<br>等同于全部骰子<br>点数总和的伤害。
Deal damage equal to the value of all rolled dice to all enemies."
"28111","Deal damage equal to the value of 2 rolled dice to all enemies.","敵全体にダイス２個で<br>出た値のダメージを<br>与える。","对所有敌人造成<br>等同于2枚骰子<br>点数总和的伤害。
Deal damage equal to the value of 2 rolled dice to all enemies."
"28112","Deal damage equal to the value of 3 rolled dice to all enemies.","敵全体にダイス３個で<br>出た値のダメージを<br>与える。","对所有敌人造成<br>等同于3枚骰子<br>点数总和的伤害。
Deal damage equal to the value of 3 rolled dice to all enemies."
"28113","Deal damage equal to the value of 4 rolled dice to all enemies.","敵全体にダイス４個で<br>出た値のダメージを<br>与える。","对所有敌人造成<br>等同于4枚骰子<br>点数总和的伤害。
Deal damage equal to the value of 4 rolled dice to all enemies."
"28120","Deal damage equal to the value of 3 rolled dice to all enemies, then inflict ATK ↓ for 3 turns.","敵全体にダイス３個で出<br>た値のダメージを与え、<br>その後３ターン敵全体を<br>攻撃ダウン状態にする。","对所有敌人造成<br>等同于3枚骰子<br>点数总和的伤害，<br>随后使其攻击下降3回合。
Deal damage equal to the value of 3 rolled dice to all enemies, then inflict ATK ↓ for 3 turns."
"28121","Deal damage equal to the value of 3 rolled dice to all enemies, then inflict ATK ↓ for 3 turns.","敵全体にダイス３個で出<br>た値のダメージを与え、<br>その後３ターン敵全体を<br>攻撃ダウン状態にする。","对所有敌人造成<br>等同于3枚骰子<br>点数总和的伤害，<br>随后使其攻击下降3回合。
Deal damage equal to the value of 3 rolled dice to all enemies, then inflict ATK ↓ for 3 turns."
"28130","Add value of rolled dice to ATK and deal fire damage.","ダイス数個で出た値を<br>攻撃に追加し、<br>火ダメージを与える。","将若干枚骰子的点数<br>总和加到攻击上，<br>造成火属性伤害。
Add value of rolled dice to ATK and deal fire damage."
"28131","Add value of roll to ATK and deal fire damage.","ダイスで出た値を<br>攻撃に追加し、<br>火ダメージを与える。","将掷骰结果<br>加到攻击上，<br>造成火属性伤害。
Add value of roll to ATK and deal fire damage."
"28132","Add value of 2 rolled dice to ATK and deal fire damage.","ダイス２個で出た値を<br>攻撃に追加し、<br>火ダメージを与える。","将2枚骰子的点数<br>总和加到攻击上，<br>造成火属性伤害。
Add value of 2 rolled dice to ATK and deal fire damage."
"28133","Add value of 3 rolled dice to ATK and deal fire damage.","ダイス３個で出た値を<br>攻撃に追加し、<br>火ダメージを与える。","将3枚骰子的点数<br>总和加到攻击上，<br>造成火属性伤害。
Add value of 3 rolled dice to ATK and deal fire damage."
"28140","Deal set fire damage to all enemies.","敵全体に一定の<br>火ダメージを与える。","对所有敌人造成一定<br>数值的火属性伤害。
Deal set fire damage to all enemies."
"28141","Deal 8 fire damage to all enemies.","敵全体に８の<br>火ダメージを与える。","对所有敌人造成<br>8点火属性伤害。
Deal 8 fire damage to all enemies."
"28142","Deal 9 fire damage to all enemies.","敵全体に９の<br>火ダメージを与える。","对所有敌人造成<br>9点火属性伤害。
Deal 9 fire damage to all enemies."
"28143","Deal 10 fire damage to all enemies.","敵全体に１０の<br>火ダメージを与える。","对所有敌人造成1<br>0点火属性伤害。
Deal 10 fire damage to all enemies."
"28144","Deal 11 fire damage to all enemies.","敵全体に１１の<br>火ダメージを与える。","对所有敌人造成1<br>1点火属性伤害。
Deal 11 fire damage to all enemies."
"28145","Deal 12 fire damage to all enemies.","敵全体に１２の<br>火ダメージを与える。","对所有敌人造成1<br>2点火属性伤害。
Deal 12 fire damage to all enemies."
"28150","Add 6 to ATK, deal fire damage to all enemies, and inflict DEF ↓ for 3 turns.","攻撃を６追加し、敵全体<br>に火ダメージを与え、<br>その後３ターン敵全体を<br>防御ダウン状態にする。","攻击 +6，<br>对所有敌人造成<br>火属性伤害，<br>并使其防御下降3回合。
Add 6 to ATK, deal fire damage to all enemies, and inflict DEF ↓ for 3 turns."
"28151","Add 6 to ATK, deal fire damage to all enemies, and inflict DEF ↓ for 3 turns.","攻撃を６追加し、敵全体<br>に火ダメージを与え、<br>その後３ターン敵全体を<br>防御ダウン状態にする。","攻击 +6，<br>对所有敌人造成<br>火属性伤害，<br>并使其防御下降3回合。
Add 6 to ATK, deal fire damage to all enemies, and inflict DEF ↓ for 3 turns."
"28160","Deal ATK + extra water damage.","攻撃を一定量追加し、<br>水ダメージを与える。","攻击增加一定数值，<br>造成水属性伤害。
Deal ATK + extra water damage."
"28161","Deal ATK + 4 
water damage.","攻撃を４追加し、<br>水ダメージを与える。","攻击 +4，<br>造成水属性伤害。
Deal ATK + 4 
water damage."
"28162","Deal ATK + 6 
water damage.","攻撃を６追加し、<br>水ダメージを与える。","攻击 +6，<br>造成水属性伤害。
Deal ATK + 6 
water damage."
"28163","Deal ATK + 8 
water damage.","攻撃を８追加し、<br>水ダメージを与える。","攻击 +8，<br>造成水属性伤害。
Deal ATK + 8 
water damage."
"28164","Deal ATK + 10 
water damage.","攻撃を１０追加し、<br>水ダメージを与える。","攻击 +10，<br>造成水属性伤害。
Deal ATK + 10 
water damage."
"28165","Deal ATK + 12 
water damage.","攻撃を１２追加し、<br>水ダメージを与える。","攻击 +12，<br>造成水属性伤害。
Deal ATK + 12 
water damage."
"28170","Deal water damage. Inflict freeze if roll is target value or greater.","水ダメージを与え、<br>ダイスで目標の値以上<br>出れば凍結状態にする。","造成水属性伤害；<br>若掷骰达到目标点数，<br>使目标陷入冻结。
Deal water damage. Inflict freeze if roll is target value or greater."
"28171","Deal water damage. 
Inflict freeze if
roll is <highlight>6 or greater</highlight>.","水ダメージを与え、<br>ダイスで<highlight>６以上</highlight>出れば<br>凍結状態にする。","造成水属性伤害。<br>若掷骰结果为<highlight>6点以上</highlight>，<br>使目标陷入冻结。
Deal water damage. 
Inflict freeze if
roll is <highlight>6 or greater</highlight>."
"28172","Deal water damage. 
Inflict freeze if
roll is <highlight>5 or greater</highlight>.","水ダメージを与え、<br>ダイスで<highlight>５以上</highlight>出れば<br>凍結状態にする。","造成水属性伤害。<br>若掷骰结果为<highlight>5点以上</highlight>，<br>使目标陷入冻结。
Deal water damage. 
Inflict freeze if
roll is <highlight>5 or greater</highlight>."
"28173","Deal water damage. 
Inflict freeze if
roll is <highlight>5 or greater</highlight>.","水ダメージを与え、<br>ダイスで<highlight>５以上</highlight>出れば<br>凍結状態にする。","造成水属性伤害。<br>若掷骰结果为<highlight>5点以上</highlight>，<br>使目标陷入冻结。
Deal water damage. 
Inflict freeze if
roll is <highlight>5 or greater</highlight>."
"28174","Deal water damage. 
Inflict freeze if
roll is <highlight>4 or greater</highlight>.","水ダメージを与え、<br>ダイスで<highlight>４以上</highlight>出れば<br>凍結状態にする。","造成水属性伤害。<br>若掷骰结果为<highlight>4点以上</highlight>，<br>使目标陷入冻结。
Deal water damage. 
Inflict freeze if
roll is <highlight>4 or greater</highlight>."
"28175","Deal water damage. 
Inflict freeze if
roll is <highlight>3 or greater</highlight>.","水ダメージを与え、<br>ダイスで<highlight>３以上</highlight>出れば<br>凍結状態にする。","造成水属性伤害。<br>若掷骰结果为<highlight>3点以上</highlight>，<br>使目标陷入冻结。
Deal water damage. 
Inflict freeze if
roll is <highlight>3 or greater</highlight>."
"28180","Deal ATK + extra water damage to all enemies.
","攻撃を一定量追加し、<br>敵全体に水ダメージを<br>与える。","攻击增加一定数值，<br>对所有敌人造成<br>水属性伤害。
Deal ATK + extra water damage to all enemies.
"
"28181","Deal ATK + 3 water damage to all enemies.","攻撃を３追加し、<br>敵全体に水ダメージを<br>与える。","攻击 +3，<br>对所有敌人造成<br>水属性伤害。
Deal ATK + 3 water damage to all enemies."
"28182","Deal ATK + 4 water damage to all enemies.","攻撃を４追加し、<br>敵全体に水ダメージを<br>与える。","攻击 +4，<br>对所有敌人造成<br>水属性伤害。
Deal ATK + 4 water damage to all enemies."
"28183","Deal ATK + 5 water damage to all enemies.","攻撃を５追加し、<br>敵全体に水ダメージを<br>与える。","攻击 +5，<br>对所有敌人造成<br>水属性伤害。
Deal ATK + 5 water damage to all enemies."
"28184","Deal ATK + 6 water damage to all enemies.","攻撃を６追加し、<br>敵全体に水ダメージを<br>与える。","攻击 +6，<br>对所有敌人造成<br>水属性伤害。
Deal ATK + 6 water damage to all enemies."
"28185","Deal ATK + 7 water damage to all enemies.","攻撃を７追加し、<br>敵全体に水ダメージを<br>与える。","攻击 +7，<br>对所有敌人造成<br>水属性伤害。
Deal ATK + 7 water damage to all enemies."
"28190","Deal bolt damage. Inflict paralysis if roll is target value or greater.","雷ダメージを与え、<br>ダイスで目標の値以上<br>出れば麻痺状態にする。","造成雷属性伤害；<br>若掷骰达到目标点数，<br>使目标陷入麻痹。
Deal bolt damage. Inflict paralysis if roll is target value or greater."
"28191","Deal bolt damage. 
Inflict paralysis if
roll is <highlight>6 or greater</highlight>.","雷ダメージを与え、<br>ダイスで<highlight>６以上</highlight>出れば<br>麻痺状態にする。","造成雷属性伤害。<br>若掷骰结果为<highlight>6点以上</highlight>，<br>使目标陷入麻痹。
Deal bolt damage. 
Inflict paralysis if
roll is <highlight>6 or greater</highlight>."
"28192","Deal bolt damage. 
Inflict paralysis if
roll is <highlight>5 or greater</highlight>.","雷ダメージを与え、<br>ダイスで<highlight>５以上</highlight>出れば<br>麻痺状態にする。","造成雷属性伤害。<br>若掷骰结果为<highlight>5点以上</highlight>，<br>使目标陷入麻痹。
Deal bolt damage. 
Inflict paralysis if
roll is <highlight>5 or greater</highlight>."
"28193","Deal bolt damage. 
Inflict paralysis if
roll is <highlight>5 or greater</highlight>.","雷ダメージを与え、<br>ダイスで<highlight>５以上</highlight>出れば<br>麻痺状態にする。","造成雷属性伤害。<br>若掷骰结果为<highlight>5点以上</highlight>，<br>使目标陷入麻痹。
Deal bolt damage. 
Inflict paralysis if
roll is <highlight>5 or greater</highlight>."
"28194","Deal bolt damage. 
Inflict paralysis if
roll is <highlight>4 or greater</highlight>.","雷ダメージを与え、<br>ダイスで<highlight>４以上</highlight>出れば<br>麻痺状態にする。","造成雷属性伤害。<br>若掷骰结果为<highlight>4点以上</highlight>，<br>使目标陷入麻痹。
Deal bolt damage. 
Inflict paralysis if
roll is <highlight>4 or greater</highlight>."
"28195","Deal bolt damage. 
Inflict paralysis if
roll is <highlight>3 or greater</highlight>.","雷ダメージを与え、<br>ダイスで<highlight>３以上</highlight>出れば<br>麻痺状態にする。","造成雷属性伤害。<br>若掷骰结果为<highlight>3点以上</highlight>，<br>使目标陷入麻痹。
Deal bolt damage. 
Inflict paralysis if
roll is <highlight>3 or greater</highlight>."
"28200","Deal ATK + extra bolt damage to all enemies.","攻撃を一定量追加し、<br>敵全体に雷ダメージを<br>与える。","攻击增加一定数值，<br>对所有敌人造成<br>雷属性伤害。
Deal ATK + extra bolt damage to all enemies."
"28201","Deal ATK + 5 
bolt damage to
all enemies.","攻撃を５追加し、<br>敵全体に雷ダメージを<br>与える。","攻击 +5，<br>对所有敌人造成<br>雷属性伤害。
Deal ATK + 5 
bolt damage to
all enemies."
"28202","Deal ATK + 6 
bolt damage to
all enemies.","攻撃を６追加し、<br>敵全体に雷ダメージを<br>与える。","攻击 +6，<br>对所有敌人造成<br>雷属性伤害。
Deal ATK + 6 
bolt damage to
all enemies."
"28203","Deal ATK + 7 
bolt damage to
all enemies.","攻撃を７追加し、<br>敵全体に雷ダメージを<br>与える。","攻击 +7，<br>对所有敌人造成<br>雷属性伤害。
Deal ATK + 7 
bolt damage to
all enemies."
"28204","Deal ATK + 8 
bolt damage to
all enemies.","攻撃を８追加し、<br>敵全体に雷ダメージを<br>与える。","攻击 +8，<br>对所有敌人造成<br>雷属性伤害。
Deal ATK + 8 
bolt damage to
all enemies."
"28205","Deal ATK + 8 
bolt damage to
all enemies.","攻撃を８追加し、<br>敵全体に雷ダメージを<br>与える。","攻击 +8，<br>对所有敌人造成<br>雷属性伤害。
Deal ATK + 8 
bolt damage to
all enemies."
"28210","Deal ATK + extra wind damage.","攻撃を一定量追加し、<br>風ダメージを与える。","攻击增加一定数值，<br>造成风属性伤害。
Deal ATK + extra wind damage."
"28211","Deal ATK + 6 
wind damage.","攻撃を６追加し、<br>風ダメージを与える。","攻击 +6，<br>造成风属性伤害。
Deal ATK + 6 
wind damage."
"28212","Deal ATK + 8 
wind damage.","攻撃を８追加し、<br>風ダメージを与える。","攻击 +8，<br>造成风属性伤害。
Deal ATK + 8 
wind damage."
"28213","Deal ATK + 10 
wind damage.","攻撃を１０追加し、<br>風ダメージを与える。","攻击 +10，<br>造成风属性伤害。
Deal ATK + 10 
wind damage."
"28214","Deal ATK + 13 
wind damage.","攻撃を１３追加し、<br>風ダメージを与える。","攻击 +13，<br>造成风属性伤害。
Deal ATK + 13 
wind damage."
"28215","Deal ATK + 16 
wind damage.","攻撃を１６追加し、<br>風ダメージを与える。","攻击 +16，<br>造成风属性伤害。
Deal ATK + 16 
wind damage."
"28220","Deal ATK + extra wind damage to all enemies.","攻撃を一定量追加し、<br>敵全体に風ダメージを<br>与える。","攻击增加一定数值，<br>对所有敌人造成<br>风属性伤害。
Deal ATK + extra wind damage to all enemies."
"28221","Deal ATK + 1 wind damage to all enemies.","攻撃を１追加し、<br>敵全体に風ダメージを<br>与える。","攻击 +1，<br>对所有敌人造成<br>风属性伤害。
Deal ATK + 1 wind damage to all enemies."
"28222","Deal ATK + 2 wind damage to all enemies.","攻撃を２追加し、<br>敵全体に風ダメージを<br>与える。","攻击 +2，<br>对所有敌人造成<br>风属性伤害。
Deal ATK + 2 wind damage to all enemies."
"28223","Deal ATK + 3 wind damage to all enemies.","攻撃を３追加し、<br>敵全体に風ダメージを<br>与える。","攻击 +3，<br>对所有敌人造成<br>风属性伤害。
Deal ATK + 3 wind damage to all enemies."
"28224","Deal ATK + 4 wind damage to all enemies.","攻撃を４追加し、<br>敵全体に風ダメージを<br>与える。","攻击 +4，<br>对所有敌人造成<br>风属性伤害。
Deal ATK + 4 wind damage to all enemies."
"28225","Deal ATK + 5 wind damage to all enemies.","攻撃を５追加し、<br>敵全体に風ダメージを<br>与える。","攻击 +5，<br>对所有敌人造成<br>风属性伤害。
Deal ATK + 5 wind damage to all enemies."
"28230","Deal ATK + extra light damage.","攻撃を一定量追加し、<br>光ダメージを与える。","攻击增加一定数值，<br>造成光属性伤害。
Deal ATK + extra light damage."
"28231","Deal ATK + 4 
light damage.","攻撃を４追加し、<br>光ダメージを与える。","攻击 +4，<br>造成光属性伤害。
Deal ATK + 4 
light damage."
"28232","Deal ATK + 5 
light damage.","攻撃を５追加し、<br>光ダメージを与える。","攻击 +5，<br>造成光属性伤害。
Deal ATK + 5 
light damage."
"28233","Deal ATK + 6 
light damage.","攻撃を６追加し、<br>光ダメージを与える。","攻击 +6，<br>造成光属性伤害。
Deal ATK + 6 
light damage."
"28234","Deal ATK + 8 
light damage.","攻撃を８追加し、<br>光ダメージを与える。","攻击 +8，<br>造成光属性伤害。
Deal ATK + 8 
light damage."
"28235","Deal ATK + 10 
light damage.","攻撃を１０追加し、<br>光ダメージを与える。","攻击 +10，<br>造成光属性伤害。
Deal ATK + 10 
light damage."
"28240","Deal ATK + extra light damage to all enemies.","攻撃を一定量追加し、<br>敵全体に光ダメージを<br>与える。","攻击增加一定数值，<br>对所有敌人造成<br>光属性伤害。
Deal ATK + extra light damage to all enemies."
"28241","Deal ATK + 4 
light damage to all 
enemies.","攻撃を４追加し、<br>敵全体に光ダメージを<br>与える。","攻击 +4，<br>对所有敌人造成<br>光属性伤害。
Deal ATK + 4 
light damage to all 
enemies."
"28242","Deal ATK + 6 
light damage to all 
enemies.","攻撃を６追加し、<br>敵全体に光ダメージを<br>与える。","攻击 +6，<br>对所有敌人造成<br>光属性伤害。
Deal ATK + 6 
light damage to all 
enemies."
"28243","Deal ATK + 8 
light damage to all 
enemies.","攻撃を８追加し、<br>敵全体に光ダメージを<br>与える。","攻击 +8，<br>对所有敌人造成<br>光属性伤害。
Deal ATK + 8 
light damage to all 
enemies."
"28244","Deal ATK + 10 
light damage to all 
enemies.","攻撃を１０追加し、<br>敵全体に光ダメージを<br>与える。","攻击 +10，<br>对所有敌人造成<br>光属性伤害。
Deal ATK + 10 
light damage to all 
enemies."
"28245","Deal ATK + 12 
light damage to all 
enemies.","攻撃を１２追加し、<br>敵全体に光ダメージを<br>与える。","攻击 +12，<br>对所有敌人造成<br>光属性伤害。
Deal ATK + 12 
light damage to all 
enemies."
"28250","Deal dark damage equal to the value of 3 rolled dice.","ダイス３個で出た値の<br>闇ダメージを与える。","造成等同于3枚骰子<br>点数总和的暗属性伤害。
Deal dark damage equal to the value of 3 rolled dice."
"28251","Deal dark damage equal to the value of 3 rolled dice.","ダイス３個で出た値の<br>闇ダメージを与える。","造成等同于3枚骰子<br>点数总和的暗属性伤害。
Deal dark damage equal to the value of 3 rolled dice."
"28252","Deal dark damage equal to the value of 3 rolled dice.","ダイス３個で出た値の<br>闇ダメージを与える。","造成等同于3枚骰子<br>点数总和的暗属性伤害。
Deal dark damage equal to the value of 3 rolled dice."
"28253","Deal dark damage equal to the value of 3 rolled dice.","ダイス３個で出た値の<br>闇ダメージを与える。","造成等同于3枚骰子<br>点数总和的暗属性伤害。
Deal dark damage equal to the value of 3 rolled dice."
"28260","Deal dark damage to target and recover HP equal to a percentage of the amount dealt.","対象に闇ダメージを与え<br>自身のＨＰを与えた量に<br>応じた％分回復する。","对目标造成暗属性伤害，<br>并按伤害量的一定<br>比例恢复HP。
Deal dark damage to target and recover HP equal to a percentage of the amount dealt."
"28261","Deal dark damage to target and recover HP equal to 50% of the amount dealt.","対象に闇ダメージを与え<br>自身のＨＰを与えた量の<br>５０％分回復する。","对目标造成暗属性伤害，<br>并恢复相当于伤害<br>量50%的HP。
Deal dark damage to target and recover HP equal to 50% of the amount dealt."
"28262","Deal dark damage to target and recover HP equal to the amount dealt.","対象に闇ダメージを与え<br>自身のＨＰを与えた量と<br>同じだけ回復する。","对目标造成暗属性伤害，<br>并恢复与伤害<br>量相同的HP。
Deal dark damage to target and recover HP equal to the amount dealt."
"28263","Deal dark damage to target and recover HP equal to 1.5× of the amount dealt.","対象に闇ダメージを与え<br>自身のＨＰを与えた量の<br>１．５倍分回復する。","对目标造成暗属性伤害，<br>并恢复相当于伤害<br>量1.5倍的HP。
Deal dark damage to target and recover HP equal to 1.5× of the amount dealt."
"28264","Deal dark damage to target and recover HP equal to 1.5× of the amount dealt.","対象に闇ダメージを与え<br>自身のＨＰを与えた量の<br>１．５倍分回復する。","对目标造成暗属性伤害，<br>并恢复相当于伤害<br>量1.5倍的HP。
Deal dark damage to target and recover HP equal to 1.5× of the amount dealt."
"28265","Deal dark damage to target and recover HP equal to 2× of the amount dealt.","対象に闇ダメージを与え<br>自身のＨＰを与えた量の<br>２倍分回復する。","对目标造成暗属性伤害，<br>并恢复相当于伤害<br>量2倍的HP。
Deal dark damage to target and recover HP equal to 2× of the amount dealt."
"28270","Inflict poison if roll is target value or greater.","ダイスで目標の値以上<br>出れば<br>毒状態にする。","若掷骰达到<br>目标点数，<br>使目标陷入中毒。
Inflict poison if roll is target value or greater."
"28271","Inflict poison if 
roll is <highlight>6 or greater</highlight>.","ダイスで<highlight>６以上</highlight>出れば<br>毒状態にする。","若掷骰结果为<highlight>6点以上</highlight>，<br>使目标陷入中毒。
Inflict poison if 
roll is <highlight>6 or greater</highlight>."
"28272","Inflict poison if 
roll is <highlight>5 or greater</highlight>.","ダイスで<highlight>５以上</highlight>出れば<br>毒状態にする。","若掷骰结果为<highlight>5点以上</highlight>，<br>使目标陷入中毒。
Inflict poison if 
roll is <highlight>5 or greater</highlight>."
"28273","Inflict poison if 
roll is <highlight>4 or greater</highlight>.","ダイスで<highlight>４以上</highlight>出れば<br>毒状態にする。","若掷骰结果为<highlight>4点以上</highlight>，<br>使目标陷入中毒。
Inflict poison if 
roll is <highlight>4 or greater</highlight>."
"28274","Inflict poison if 
roll is <highlight>3 or greater</highlight>.","ダイスで<highlight>３以上</highlight>出れば<br>毒状態にする。","若掷骰结果为<highlight>3点以上</highlight>，<br>使目标陷入中毒。
Inflict poison if 
roll is <highlight>3 or greater</highlight>."
"28275","Inflict poison if 
roll is <highlight>2 or greater</highlight>.","ダイスで<highlight>２以上</highlight>出れば<br>毒状態にする。","若掷骰结果为<highlight>2点以上</highlight>，<br>使目标陷入中毒。
Inflict poison if 
roll is <highlight>2 or greater</highlight>."
"28280","Inflict deadly poison if roll is target value or higher.","ダイスで目標の値以上<br>出れば<br>猛毒状態にする。","若掷骰达到<br>目标点数，<br>使目标陷入猛毒。
Inflict deadly poison if roll is target value or higher."
"28281","Inflict deadly poison if 
roll is <highlight>6 or higher</highlight>.","ダイスで<highlight>６以上</highlight>出れば<br>猛毒状態にする。","若掷骰结果为<highlight>6点以上</highlight>，<br>使目标陷入猛毒。
Inflict deadly poison if 
roll is <highlight>6 or higher</highlight>."
"28282","Inflict deadly poison if 
roll is <highlight>5 or higher</highlight>.","ダイスで<highlight>５以上</highlight>出れば<br>猛毒状態にする。","若掷骰结果为<highlight>5点以上</highlight>，<br>使目标陷入猛毒。
Inflict deadly poison if 
roll is <highlight>5 or higher</highlight>."
"28283","Inflict deadly poison if 
roll is <highlight>4 or higher</highlight>.","ダイスで<highlight>４以上</highlight>出れば<br>猛毒状態にする。","若掷骰结果为<highlight>4点以上</highlight>，<br>使目标陷入猛毒。
Inflict deadly poison if 
roll is <highlight>4 or higher</highlight>."
"28284","Inflict deadly poison if 
roll is <highlight>3 or higher</highlight>.","ダイスで<highlight>３以上</highlight>出れば<br>猛毒状態にする。","若掷骰结果为<highlight>3点以上</highlight>，<br>使目标陷入猛毒。
Inflict deadly poison if 
roll is <highlight>3 or higher</highlight>."
"28285","Inflict deadly poison if 
roll is <highlight>2 or higher</highlight>.","ダイスで<highlight>２以上</highlight>出れば<br>猛毒状態にする。","若掷骰结果为<highlight>2点以上</highlight>，<br>使目标陷入猛毒。
Inflict deadly poison if 
roll is <highlight>2 or higher</highlight>."
"28290","Inflict freeze if roll is target value or greater.","ダイスで目標の値以上<br>出れば<br>凍結状態にする。","若掷骰达到<br>目标点数，<br>使目标陷入冻结。
Inflict freeze if roll is target value or greater."
"28291","Inflict freeze if 
roll is <highlight>5 or greater</highlight>.","ダイスで<highlight>５以上</highlight>出れば<br>凍結状態にする。","若掷骰结果为<highlight>5点以上</highlight>，<br>使目标陷入冻结。
Inflict freeze if 
roll is <highlight>5 or greater</highlight>."
"28292","Inflict freeze if 
roll is <highlight>4 or greater</highlight>.","ダイスで<highlight>４以上</highlight>出れば<br>凍結状態にする。","若掷骰结果为<highlight>4点以上</highlight>，<br>使目标陷入冻结。
Inflict freeze if 
roll is <highlight>4 or greater</highlight>."
"28293","Inflict freeze if 
roll is <highlight>3 or greater</highlight>.","ダイスで<highlight>３以上</highlight>出れば<br>凍結状態にする。","若掷骰结果为<highlight>3点以上</highlight>，<br>使目标陷入冻结。
Inflict freeze if 
roll is <highlight>3 or greater</highlight>."
"28294","Inflict freeze if 
roll is <highlight>3 or greater</highlight>.","ダイスで<highlight>３以上</highlight>出れば<br>凍結状態にする。","若掷骰结果为<highlight>3点以上</highlight>，<br>使目标陷入冻结。
Inflict freeze if 
roll is <highlight>3 or greater</highlight>."
"28295","Inflict freeze if 
roll is <highlight>2 or greater</highlight>.","ダイスで<highlight>２以上</highlight>出れば<br>凍結状態にする。","若掷骰结果为<highlight>2点以上</highlight>，<br>使目标陷入冻结。
Inflict freeze if 
roll is <highlight>2 or greater</highlight>."
"28300","Inflict DEF ↓ if roll is target value or greater.","ダイスで目標の値以上<br>出れば<br>防御ダウン状態にする。","若掷骰达到<br>目标点数，<br>使目标陷入防御下降。
Inflict DEF ↓ if roll is target value or greater."
"28301","Inflict DEF ↓ if 
roll is <highlight>6 or greater</highlight>.","ダイスで<highlight>６以上</highlight>出れば<br>防御ダウン状態にする。","若掷骰结果为<highlight>6点以上</highlight>，<br>使目标陷入防御下降。
Inflict DEF ↓ if 
roll is <highlight>6 or greater</highlight>."
"28302","Inflict DEF ↓ if 
roll is <highlight>5 or greater</highlight>.","ダイスで<highlight>５以上</highlight>出れば<br>防御ダウン状態にする。","若掷骰结果为<highlight>5点以上</highlight>，<br>使目标陷入防御下降。
Inflict DEF ↓ if 
roll is <highlight>5 or greater</highlight>."
"28303","Inflict DEF ↓ if 
roll is <highlight>4 or greater</highlight>.","ダイスで<highlight>４以上</highlight>出れば<br>防御ダウン状態にする。","若掷骰结果为<highlight>4点以上</highlight>，<br>使目标陷入防御下降。
Inflict DEF ↓ if 
roll is <highlight>4 or greater</highlight>."
"28304","Inflict DEF ↓ if 
roll is <highlight>3 or greater</highlight>.","ダイスで<highlight>３以上</highlight>出れば<br>防御ダウン状態にする。","若掷骰结果为<highlight>3点以上</highlight>，<br>使目标陷入防御下降。
Inflict DEF ↓ if 
roll is <highlight>3 or greater</highlight>."
"28305","Inflict DEF ↓ if 
roll is <highlight>2 or greater</highlight>.","ダイスで<highlight>２以上</highlight>出れば<br>防御ダウン状態にする。","若掷骰结果为<highlight>2点以上</highlight>，<br>使目标陷入防御下降。
Inflict DEF ↓ if 
roll is <highlight>2 or greater</highlight>."
"28310","Inflict random ailment if roll is target value or greater.","ダイスで目標の値以上<br>出れば、<br>対象にランダムな<br>状態異常を与える。","若掷骰达到<br>目标点数，<br>随机赋予目标<br>一种异常状态。
Inflict random ailment if roll is target value or greater."
"28311","Inflict random ailment 
on target if roll is 
<highlight>6 or greater</highlight>.","ダイスで<highlight>６以上</highlight>出れば、<br>対象にランダムな<br>状態異常を与える。","若掷骰结果为<highlight>6点以上</highlight>，<br>随机赋予目标<br>一种异常状态。
Inflict random ailment 
on target if roll is 
<highlight>6 or greater</highlight>."
"28312","Inflict random ailment 
on target if roll is 
<highlight>5 or greater</highlight>.","ダイスで<highlight>５以上</highlight>出れば、<br>対象にランダムな<br>状態異常を与える。","若掷骰结果为<highlight>5点以上</highlight>，<br>随机赋予目标<br>一种异常状态。
Inflict random ailment 
on target if roll is 
<highlight>5 or greater</highlight>."
"28313","Inflict random ailment 
on target if roll is 
<highlight>5 or greater</highlight>.","ダイスで<highlight>５以上</highlight>出れば、<br>対象にランダムな<br>状態異常を与える。","若掷骰结果为<highlight>5点以上</highlight>，<br>随机赋予目标<br>一种异常状态。
Inflict random ailment 
on target if roll is 
<highlight>5 or greater</highlight>."
"28314","Inflict random ailment 
on target if roll is 
<highlight>4 or greater</highlight>.","ダイスで<highlight>４以上</highlight>出れば、<br>対象にランダムな<br>状態異常を与える。","若掷骰结果为<highlight>4点以上</highlight>，<br>随机赋予目标<br>一种异常状态。
Inflict random ailment 
on target if roll is 
<highlight>4 or greater</highlight>."
"28315","Inflict random ailment 
on target if roll is 
<highlight>3 or greater</highlight>.","ダイスで<highlight>３以上</highlight>出れば、<br>対象にランダムな<br>状態異常を与える。","若掷骰结果为<highlight>3点以上</highlight>，<br>随机赋予目标<br>一种异常状态。
Inflict random ailment 
on target if roll is 
<highlight>3 or greater</highlight>."
"28320","Inflict seal if roll is target value or greater.","ダイスで目標の値以上<br>出れば<br>封印状態にする。","若掷骰达到<br>目标点数，<br>使目标陷入封印。
Inflict seal if roll is target value or greater."
"28321","Inflict seal if roll is <highlight>6 or greater</highlight>.","ダイスで<highlight>６以上</highlight>出れば<br>封印状態にする。","若掷骰结果为<highlight>6点以上</highlight>，<br>使目标陷入封印。
Inflict seal if roll is <highlight>6 or greater</highlight>."
"28322","Inflict seal if roll is <highlight>5 or greater</highlight>.","ダイスで<highlight>５以上</highlight>出れば<br>封印状態にする。","若掷骰结果为<highlight>5点以上</highlight>，<br>使目标陷入封印。
Inflict seal if roll is <highlight>5 or greater</highlight>."
"28323","Inflict seal if roll is <highlight>4 or greater</highlight>.","ダイスで<highlight>４以上</highlight>出れば<br>封印状態にする。","若掷骰结果为<highlight>4点以上</highlight>，<br>使目标陷入封印。
Inflict seal if roll is <highlight>4 or greater</highlight>."
"28324","Inflict seal if roll is <highlight>3 or greater</highlight>.","ダイスで<highlight>３以上</highlight>出れば<br>封印状態にする。","若掷骰结果为<highlight>3点以上</highlight>，<br>使目标陷入封印。
Inflict seal if roll is <highlight>3 or greater</highlight>."
"28325","Inflict seal if roll is <highlight>2 or greater</highlight>.","ダイスで<highlight>２以上</highlight>出れば<br>封印状態にする。","若掷骰结果为<highlight>2点以上</highlight>，<br>使目标陷入封印。
Inflict seal if roll is <highlight>2 or greater</highlight>."
"28330","Restore a set amount of HP to target.","対象のＨＰを<br>一定量回復する。","为目标恢复<br>一定量HP。
Restore a set amount of HP to target."
"28331","Restore 8 HP 
to target.","対象のＨＰを<br>８回復する。","为目标恢复<br>8点HP。
Restore 8 HP 
to target."
"28332","Restore 9 HP 
to target.","対象のＨＰを<br>９回復する。","为目标恢复<br>9点HP。
Restore 9 HP 
to target."
"28333","Restore 10 HP 
to target.","対象のＨＰを<br>１０回復する。","为目标恢复<br>10点HP。
Restore 10 HP 
to target."
"28334","Restore 11 HP 
to target.","対象のＨＰを<br>１１回復する。","为目标恢复<br>11点HP。
Restore 11 HP 
to target."
"28335","Restore 12 HP 
to target.","対象のＨＰを<br>１２回復する。","为目标恢复<br>12点HP。
Restore 12 HP 
to target."
"28340","Restore a set amount of HP to target.","対象のＨＰを<br>一定量回復する。","为目标恢复<br>一定量HP。
Restore a set amount of HP to target."
"28341","Restore 16 HP 
to target.","対象のＨＰを<br>１６回復する。","为目标恢复<br>16点HP。
Restore 16 HP 
to target."
"28342","Restore 18 HP 
to target.","対象のＨＰを<br>１８回復する。","为目标恢复<br>18点HP。
Restore 18 HP 
to target."
"28343","Restore 20 HP 
to target.","対象のＨＰを<br>２０回復する。","为目标恢复<br>20点HP。
Restore 20 HP 
to target."
"28344","Restore 22 HP 
to target.","対象のＨＰを<br>２２回復する。","为目标恢复<br>22点HP。
Restore 22 HP 
to target."
"28345","Restore 25 HP 
to target.","対象のＨＰを<br>２５回復する。","为目标恢复<br>25点HP。
Restore 25 HP 
to target."
"28350","Restore a set amount of HP to all allies.","味方全体のＨＰを<br>一定量回復する。","为全体我方恢复<br>一定量HP。
Restore a set amount of HP to all allies."
"28351","Restore 10 HP to 
all allies. ","味方全体のＨＰを<br>１０回復する。","为全体我方恢复<br>10点HP。
Restore 10 HP to 
all allies. "
"28352","Restore 12 HP to 
all allies. ","味方全体のＨＰを<br>１２回復する。","为全体我方恢复<br>12点HP。
Restore 12 HP to 
all allies. "
"28353","Restore 14 HP to 
all allies. ","味方全体のＨＰを<br>１４回復する。","为全体我方恢复<br>14点HP。
Restore 14 HP to 
all allies. "
"28354","Restore 14 HP to 
all allies. ","味方全体のＨＰを<br>１４回復する。","为全体我方恢复<br>14点HP。
Restore 14 HP to 
all allies. "
"28355","Restore 16 HP to 
all allies. ","味方全体のＨＰを<br>１６回復する。","为全体我方恢复<br>16点HP。
Restore 16 HP to 
all allies. "
"28360","Restore 10 HP to party, then restore a set amount of HP per turn to party for 3 turns.","味方全体のＨＰを１０<br>回復し、その後３ターン<br>味方全体のＨＰを<br>一定量ずつ回復する。","全体我方恢复<br>10点HP，<br>随后3回合内每回合<br>恢复一定量HP。
Restore 10 HP to party, then restore a set amount of HP per turn to party for 3 turns."
"28361","Restore 10 HP to party, then restore 5 HP per turn to party for 3 turns.","味方全体のＨＰを<br>１０回復し、その後<br>３ターン、味方全体の<br>ＨＰを５ずつ回復する。","全体我方恢复<br>10点HP，<br>随后3回合内每回合<br>恢复5点HP。
Restore 10 HP to party, then restore 5 HP per turn to party for 3 turns."
"28362","Restore 10 HP to party, then restore 6 HP per turn to party for 3 turns.","味方全体のＨＰを<br>１０回復し、その後<br>３ターン、味方全体の<br>ＨＰを６ずつ回復する。","全体我方恢复<br>10点HP，<br>随后3回合内每回合<br>恢复6点HP。
Restore 10 HP to party, then restore 6 HP per turn to party for 3 turns."
"28363","Restore 10 HP to party, then restore 8 HP per turn to party for 3 turns.","味方全体のＨＰを<br>１０回復し、その後<br>３ターン、味方全体の<br>ＨＰを８ずつ回復する。","全体我方恢复<br>10点HP，<br>随后3回合内每回合<br>恢复8点HP。
Restore 10 HP to party, then restore 8 HP per turn to party for 3 turns."
"28364","Restore 10 HP to party, then restore 8 HP per turn to party for 3 turns.","味方全体のＨＰを<br>１０回復し、その後<br>３ターン、味方全体の<br>ＨＰを８ずつ回復する。","全体我方恢复<br>10点HP，<br>随后3回合内每回合<br>恢复8点HP。
Restore 10 HP to party, then restore 8 HP per turn to party for 3 turns."
"28365","Restore 10 HP to party, then restore 10 HP per turn to party for 3 turns.","味方全体のＨＰを１０<br>回復し、その後３ターン<br>味方全体のＨＰを<br>１０ずつ回復する。","全体我方恢复<br>10点HP，<br>随后3回合内每回合<br>恢复10点HP。
Restore 10 HP to party, then restore 10 HP per turn to party for 3 turns."
"28370","Cure target of all 
status ailments
except KO.","対象の「戦闘不能」を<br>除くすべての状態異常を<br>回復する。","解除目标除<br>战斗不能外的<br>所有异常状态。
Cure target of all 
status ailments
except KO."
"28371","Cure target of all 
status ailments
except KO.","対象の「戦闘不能」を<br>除くすべての状態異常を<br>回復する。","解除目标除<br>战斗不能外的<br>所有异常状态。
Cure target of all 
status ailments
except KO."
"28380","Revive target and restore 50% of HP.","対象を復活させ、<br>ＨＰを最大値の半分か<br>最大値まで回復する。","复活目标，<br>并将HP恢复至5<br>0%或100%。
Revive target and restore 50% of HP."
"28381","Revive target and restore 50% of HP.","対象を復活させ、<br>ＨＰを最大値の半分まで<br>回復する。","复活目标，<br>并将HP恢复<br>至50%。
Revive target and restore 50% of HP."
"28382","Revive target and restore 50% of HP.","対象を復活させ、<br>ＨＰを最大値の半分まで<br>回復する。","复活目标，<br>并将HP恢复<br>至50%。
Revive target and restore 50% of HP."
"28383","Revive target and completely restore HP.","対象を復活させ、<br>ＨＰを最大値まで<br>回復する。","复活目标，<br>并将HP<br>完全恢复。
Revive target and completely restore HP."
"28390","Add a set amount to target's ATK for 3 turns.","３ターン、対象の攻撃に<br>一定量追加する。","3回合内，<br>目标攻击增加一定数值。
Add a set amount to target's ATK for 3 turns."
"28391","Add 4 to target's 
ATK for 3 turns.","３ターン、対象の攻撃に<br>４追加する。","3回合内，<br>目标攻击 +4。
Add 4 to target's 
ATK for 3 turns."
"28392","Add 6 to target's 
ATK for 3 turns.","３ターン、対象の攻撃に<br>６追加する。","3回合内，<br>目标攻击 +6。
Add 6 to target's 
ATK for 3 turns."
"28393","Add 8 to target's 
ATK for 3 turns.","３ターン、対象の攻撃に<br>８追加する。","3回合内，<br>目标攻击 +8。
Add 8 to target's 
ATK for 3 turns."
"28394","Add 8 to target's 
ATK for 3 turns.","３ターン、対象の攻撃に<br>８追加する。","3回合内，<br>目标攻击 +8。
Add 8 to target's 
ATK for 3 turns."
"28395","Add 10 to target's 
ATK for 3 turns.","３ターン、対象の攻撃に<br>１０追加する。","3回合内，<br>目标攻击 +10。
Add 10 to target's 
ATK for 3 turns."
"28400","Add a set amount to target's DEF for 3 turns.","３ターン、対象の防御に<br>一定量追加する。","3回合内，<br>目标防御增加一定数值。
Add a set amount to target's DEF for 3 turns."
"28401","Add 4 to target's 
DEF for 3 turns.","３ターン、対象の防御に<br>４追加する。","3回合内，<br>目标防御 +4。
Add 4 to target's 
DEF for 3 turns."
"28402","Add 5 to target's 
DEF for 3 turns.","３ターン、対象の防御に<br>５追加する。","3回合内，<br>目标防御 +5。
Add 5 to target's 
DEF for 3 turns."
"28403","Add 6 to target's 
DEF for 3 turns.","３ターン、対象の防御に<br>６追加する。","3回合内，<br>目标防御 +6。
Add 6 to target's 
DEF for 3 turns."
"28404","Add 6 to target's 
DEF for 3 turns.","３ターン、対象の防御に<br>６追加する。","3回合内，<br>目标防御 +6。
Add 6 to target's 
DEF for 3 turns."
"28405","Add 7 to target's 
DEF for 3 turns.","３ターン、対象の防御に<br>７追加する。","3回合内，<br>目标防御 +7。
Add 7 to target's 
DEF for 3 turns."
"28410","Add a set amount to all allies' ATK for 3 turns.","３ターン、味方全体の<br>攻撃に一定量追加する。","3回合内，<br>全体我方攻击增加一定数值。
Add a set amount to all allies' ATK for 3 turns."
"28411","Add 4 to all allies' ATK for 3 turns.","３ターン、味方全体の<br>攻撃に４追加する。","3回合内，<br>全体我方攻击 +4。
Add 4 to all allies' ATK for 3 turns."
"28412","Add 4 to all allies' ATK for 3 turns.","３ターン、味方全体の<br>攻撃に４追加する。","3回合内，<br>全体我方攻击 +4。
Add 4 to all allies' ATK for 3 turns."
"28413","Add 6 to all allies' ATK for 3 turns.","３ターン、味方全体の<br>攻撃に６追加する。","3回合内，<br>全体我方攻击 +6。
Add 6 to all allies' ATK for 3 turns."
"28414","Add 8 to all allies' ATK for 3 turns.","３ターン、味方全体の<br>攻撃に８追加する。","3回合内，<br>全体我方攻击 +8。
Add 8 to all allies' ATK for 3 turns."
"28415","Add 10 to all allies' ATK for 3 turns.","３ターン、味方全体の<br>攻撃に１０追加する。","3回合内，<br>全体我方攻击 +10。
Add 10 to all allies' ATK for 3 turns."
"28420","Add a set amount to all allies' DEF for 3 turns.","３ターン、味方全体の<br>防御に一定量追加する。","3回合内，<br>全体我方防御增加一定数值。
Add a set amount to all allies' DEF for 3 turns."
"28421","Add 3 to all allies' 
DEF for 3 turns.","３ターン、味方全体の<br>防御に３追加する。","3回合内，<br>全体我方防御 +3。
Add 3 to all allies' 
DEF for 3 turns."
"28422","Add 3 to all allies' 
DEF for 3 turns.","３ターン、味方全体の<br>防御に３追加する。","3回合内，<br>全体我方防御 +3。
Add 3 to all allies' 
DEF for 3 turns."
"28423","Add 4 to all allies' 
DEF for 3 turns.","３ターン、味方全体の<br>防御に４追加する。","3回合内，<br>全体我方防御 +4。
Add 4 to all allies' 
DEF for 3 turns."
"28424","Add 5 to all allies' 
DEF for 3 turns.","３ターン、味方全体の<br>防御に５追加する。","3回合内，<br>全体我方防御 +5。
Add 5 to all allies' 
DEF for 3 turns."
"28425","Add 5 to all allies' 
DEF for 3 turns.","３ターン、味方全体の<br>防御に５追加する。","3回合内，<br>全体我方防御 +5。
Add 5 to all allies' 
DEF for 3 turns."
"28430","Generate 3 gems.","ジェムを３個生成する。","生成3枚宝石。
Generate 3 gems."
"28431","Generate 3 gems.","ジェムを３個生成する。","生成3枚宝石。
Generate 3 gems."
"28440","Guaranteed discovery of a treasure chest upon victory.","戦闘勝利時、必ず宝箱を<br>発見できる。","战斗胜利后<br>必定发现宝箱。
Guaranteed discovery of a treasure chest upon victory."
"28441","Guaranteed discovery of a treasure chest upon victory.","戦闘勝利時、必ず宝箱を<br>発見できる。","战斗胜利后<br>必定发现宝箱。
Guaranteed discovery of a treasure chest upon victory."
"30000","Nothing happens.","何も起こらない。","什么也没发生。
Nothing happens."
"30111","Deal ATK + 2 
damage.","攻撃を２追加し、<br>ダメージを与える。","攻击 +2，<br>造成伤害。
Deal ATK + 2 
damage."
"30112","Inflict poison if 
roll is <highlight>4 or greater</highlight>.","ダイスで<highlight>４以上</highlight>出れば<br>毒状態にする。","若掷骰结果为<highlight>4点以上</highlight>，<br>使目标陷入中毒。
Inflict poison if 
roll is <highlight>4 or greater</highlight>."
"30121","Deal ATK + 3 
damage.","攻撃を３追加し、<br>ダメージを与える。","攻击 +3，<br>造成伤害。
Deal ATK + 3 
damage."
"30122","Inflict deadly poison if 
roll is <highlight>4 or higher</highlight>.","ダイスで<highlight>４以上</highlight>出れば<br>猛毒状態にする。","若掷骰结果为<highlight>4点以上</highlight>，<br>使目标陷入猛毒。
Inflict deadly poison if 
roll is <highlight>4 or higher</highlight>."
"30211","Deal ATK + 4 
damage.","攻撃を４追加し、<br>ダメージを与える。","攻击 +4，<br>造成伤害。
Deal ATK + 4 
damage."
"30212","Initiate flight 
from combat.","戦闘から逃走する。","逃离战斗。
Initiate flight 
from combat."
"30213","Add 4 to all allies' ATK for 3 turns.","３ターン、味方全体の<br>攻撃に４追加する。","3回合内，<br>全体我方攻击 +4。
Add 4 to all allies' ATK for 3 turns."
"30311","Deal ATK + 2 
damage.","攻撃を２追加し、<br>ダメージを与える。","攻击 +2，<br>造成伤害。
Deal ATK + 2 
damage."
"30312","Restore 8 HP 
to target.","対象のＨＰを<br>８回復する。","为目标恢复<br>8点HP。
Restore 8 HP 
to target."
"30321","Deal 10 damage.","１０ダメージを与える。","造成10点伤害。
Deal 10 damage."
"30322","Restore 15 HP 
to target.","対象のＨＰを<br>１５回復する。","为目标恢复<br>15点HP。
Restore 15 HP 
to target."
"30411","Deal ATK + 5 
damage.","攻撃を５追加し、<br>ダメージを与える。","攻击 +5，<br>造成伤害。
Deal ATK + 5 
damage."
"30412","Deal damage.
Inflict DEF ↓ if roll
is <highlight>4 or greater</highlight>.","ダメージを与え、<br>ダイスで<highlight>４以上</highlight>出れば<br>防御ダウン状態にする。","造成伤害。<br>若掷骰结果为<highlight>4点以上</highlight>，<br>使目标陷入防御下降。
Deal damage.
Inflict DEF ↓ if roll
is <highlight>4 or greater</highlight>."
"30413","Deal ATK + 3 
bolt damage.","攻撃を３追加し、<br>雷ダメージを与える。","攻击 +3，<br>造成雷属性伤害。
Deal ATK + 3 
bolt damage."
"30511","Deal ATK + 4 
damage.","攻撃を４追加し、<br>ダメージを与える。","攻击 +4，<br>造成伤害。
Deal ATK + 4 
damage."
"30512","Add 4 to own 
ATK for 3 turns.","３ターン、自身の攻撃に<br>４追加する。","3回合内，<br>自身攻击 +4。
Add 4 to own 
ATK for 3 turns."
"30521","Deal ATK + 4 
damage.","攻撃を４追加し、<br>ダメージを与える。","攻击 +4，<br>造成伤害。
Deal ATK + 4 
damage."
"30522","Deal damage.
Inflict ATK ↓ if roll
is <highlight>4 or greater</highlight>.","ダメージを与え、<br>ダイスで<highlight>４以上</highlight>出れば<br>攻撃ダウン状態にする。","造成伤害。<br>若掷骰结果为<highlight>4点以上</highlight>，<br>使目标陷入攻击下降。
Deal damage.
Inflict ATK ↓ if roll
is <highlight>4 or greater</highlight>."
"30611","Deal ATK + 5 
damage.","攻撃を５追加し、<br>ダメージを与える。","攻击 +5，<br>造成伤害。
Deal ATK + 5 
damage."
"30612","Inflict 20 damage if roll is <highlight>4 or greater</highlight>.","ダイスで<highlight>４以上</highlight>出れば<br>２０ダメージを与える。","若掷骰结果为<highlight>4点以上</highlight>，<br>造成20点伤害。
Inflict 20 damage if roll is <highlight>4 or greater</highlight>."
"30613","Add 4 to own 
ATK for 3 turns.","３ターン、自身の攻撃に<br>４追加する。","3回合内，<br>自身攻击 +4。
Add 4 to own 
ATK for 3 turns."
"30711","Deal ATK + 5 
damage.","攻撃を５追加し、<br>ダメージを与える。","攻击 +5，<br>造成伤害。
Deal ATK + 5 
damage."
"30712","Deal 2× damage.","２倍のダメージを<br>与える。","造成2<br>倍伤害。
Deal 2× damage."
"30721","Deal 10 dark
damage.","１０の闇ダメージを<br>与える。","造成10点<br>暗属性伤害。
Deal 10 dark
damage."
"30722","Deal damage equal to the value of 2 rolled dice to all enemies.","敵全体にダイス２個で<br>出た値のダメージを<br>与える。","对所有敌人造成<br>等同于2枚骰子<br>点数总和的伤害。
Deal damage equal to the value of 2 rolled dice to all enemies."
"30723","Inflict curse if 
roll is <highlight>4 or greater</highlight>.","ダイスで<highlight>４以上</highlight>出れば<br>呪い状態にする。","若掷骰结果为<highlight>4点以上</highlight>，<br>使目标陷入诅咒。
Inflict curse if 
roll is <highlight>4 or greater</highlight>."
"30811","Deal 6 damage.","６ダメージを与える。","造成6点伤害。
Deal 6 damage."
"30812","Inflict ATK ↓ if 
roll is <highlight>4 or greater</highlight>.","ダイスで<highlight>４以上</highlight>出れば<br>攻撃ダウン状態にする。","若掷骰结果为<highlight>4点以上</highlight>，<br>使目标陷入攻击下降。
Inflict ATK ↓ if 
roll is <highlight>4 or greater</highlight>."
"30821","Deal ATK + 8 
damage.","攻撃を８追加し、<br>ダメージを与える。","攻击 +8，<br>造成伤害。
Deal ATK + 8 
damage."
"30822","Inflict paralysis if 
roll is <highlight>4 or greater</highlight>.","ダイスで<highlight>４以上</highlight>出れば<br>麻痺状態にする。","若掷骰结果为<highlight>4点以上</highlight>，<br>使目标陷入麻痹。
Inflict paralysis if 
roll is <highlight>4 or greater</highlight>."
"30823","Deal dark damage equal to the value of 3 rolled dice.","ダイス３個で出た値の<br>闇ダメージを与える。","造成等同于3枚骰子<br>点数总和的暗属性伤害。
Deal dark damage equal to the value of 3 rolled dice."
"30911","Deal ATK + 4 
damage.","攻撃を４追加し、<br>ダメージを与える。","攻击 +4，<br>造成伤害。
Deal ATK + 4 
damage."
"30912","Add 4 to own 
DEF for 3 turns.","３ターン、自身の防御に<br>４追加する。","3回合内，<br>自身防御 +4。
Add 4 to own 
DEF for 3 turns."
"30921","Deal ATK + 5 
damage.","攻撃を５追加し、<br>ダメージを与える。","攻击 +5，<br>造成伤害。
Deal ATK + 5 
damage."
"30922","Add 5 to own 
DEF for 3 turns.","３ターン、自身の防御に<br>５追加する。","3回合内，<br>自身防御 +5。
Add 5 to own 
DEF for 3 turns."
"30923","Add value of roll to ATK and deal fire damage.","ダイスで出た値を<br>攻撃に追加し、<br>火ダメージを与える。","将掷骰结果<br>加到攻击上，<br>造成火属性伤害。
Add value of roll to ATK and deal fire damage."
"30931","Deal ATK + 4 
damage.","攻撃を４追加し、<br>ダメージを与える。","攻击 +4，<br>造成伤害。
Deal ATK + 4 
damage."
"30932","Add 5 to own 
DEF for 3 turns.","３ターン、自身の防御に<br>５追加する。","3回合内，<br>自身防御 +5。
Add 5 to own 
DEF for 3 turns."
"30933","Deal water damage. 
Inflict freeze if
roll is <highlight>5 or greater</highlight>.","水ダメージを与え、<br>ダイスで<highlight>５以上</highlight>出れば<br>凍結状態にする。","造成水属性伤害。<br>若掷骰结果为<highlight>5点以上</highlight>，<br>使目标陷入冻结。
Deal water damage. 
Inflict freeze if
roll is <highlight>5 or greater</highlight>."
"31011","Deal 10 damage.","１０ダメージを与える。","造成10点伤害。
Deal 10 damage."
"31012","Deal ATK + 5 
fire damage.","攻撃を５追加し、<br>火ダメージを与える。","攻击 +5，<br>造成火属性伤害。
Deal ATK + 5 
fire damage."
"31013","Deal massive damage to 
target. Take own
damage in return.","対象に大ダメージを<br>与え、自身もダメージを<br>受ける。","对目标造成<br>巨大伤害，<br>自身也会受到伤害。
Deal massive damage to 
target. Take own
damage in return."
"31021","Deal ATK + 3 
damage.","攻撃を３追加し、<br>ダメージを与える。","攻击 +3，<br>造成伤害。
Deal ATK + 3 
damage."
"31022","Deal ATK + 5 
water damage.","攻撃を５追加し、<br>水ダメージを与える。","攻击 +5，<br>造成水属性伤害。
Deal ATK + 5 
water damage."
"31023","Inflict freeze if 
roll is <highlight>4 or greater</highlight>.","ダイスで<highlight>４以上</highlight>出れば<br>凍結状態にする。","若掷骰结果为<highlight>4点以上</highlight>，<br>使目标陷入冻结。
Inflict freeze if 
roll is <highlight>4 or greater</highlight>."
"31111","Deal ATK + 4 
damage.","攻撃を４追加し、<br>ダメージを与える。","攻击 +4，<br>造成伤害。
Deal ATK + 4 
damage."
"31112","Inflict seal if roll is <highlight>4 or greater</highlight>.","ダイスで<highlight>４以上</highlight>出れば<br>封印状態にする。","若掷骰结果为<highlight>4点以上</highlight>，<br>使目标陷入封印。
Inflict seal if roll is <highlight>4 or greater</highlight>."
"31113","Deal 10 dark 
damage.","１０の闇ダメージを<br>与える。","造成10点<br>暗属性伤害。
Deal 10 dark 
damage."
"31121","Deal ATK + 10 
damage.","攻撃を１０追加し、<br>ダメージを与える。","攻击 +10，<br>造成伤害。
Deal ATK + 10 
damage."
"31122","Deal 15 damage.","１５ダメージを与える。","造成15点伤害。
Deal 15 damage."
"31123","Add 8 to ATK
for 10 turns.
Become afflicted with
DEF ↓ in return.","１０ターン、自身の攻撃<br>に８追加する。<br>代わりに防御ダウン状態<br>になる。","10回合内，<br>自身攻击 +8；<br>代价是陷入<br>防御下降。
Add 8 to ATK
for 10 turns.
Become afflicted with
DEF ↓ in return."
"31124","Deal damage, and nullify all status enhancements and healing effects applied to target. ","ダメージを与え、<br>能力値上昇・持続回復を<br>無効化する。","造成伤害，<br>并解除目标所有能力<br>提升与持续恢复效果。
Deal damage, and nullify all status enhancements and healing effects applied to target. "
"31211","Deal ATK + 4 
damage.","攻撃を４追加し、<br>ダメージを与える。","攻击 +4，<br>造成伤害。
Deal ATK + 4 
damage."
"31212","Deal water damage. 
Inflict freeze if
roll is <highlight>5 or greater</highlight>.","水ダメージを与え、<br>ダイスで<highlight>５以上</highlight>出れば<br>凍結状態にする。","造成水属性伤害。<br>若掷骰结果为<highlight>5点以上</highlight>，<br>使目标陷入冻结。
Deal water damage. 
Inflict freeze if
roll is <highlight>5 or greater</highlight>."
"31213","Cure target of all 
status ailments
except KO.","対象の「戦闘不能」を<br>除くすべての状態異常を<br>回復する。","解除目标除<br>战斗不能外的<br>所有异常状态。
Cure target of all 
status ailments
except KO."
"31311","Deal ATK + 4 
wind damage.","攻撃を４追加し、<br>風ダメージを与える。","攻击 +4，<br>造成风属性伤害。
Deal ATK + 4 
wind damage."
"31312","Inflict wind res. ↓ on all
enemies if roll is
<highlight>4 or greater</highlight>.","ダイスで<highlight>４以上</highlight>出れば、<br>敵全体を風属性ダウン<br>状態にする。","若掷骰结果为<highlight>4点以上</highlight>，<br>使所有敌人的<br>风属性抗性下降。
Inflict wind res. ↓ on all
enemies if roll is
<highlight>4 or greater</highlight>."
"31313","Deal wind damage 
to all enemies.","敵全体に風ダメージを<br>与える。","对所有敌人造成<br>风属性伤害。
Deal wind damage 
to all enemies."
"31321","Deal ATK + 5 
fire damage.","攻撃を５追加し、<br>火ダメージを与える。","攻击 +5，<br>造成火属性伤害。
Deal ATK + 5 
fire damage."
"31322","Deal 8 fire damage to all enemies.","敵全体に８の<br>火ダメージを与える。","对所有敌人造成<br>8点火属性伤害。
Deal 8 fire damage to all enemies."
"31323","Deal ATK + 10 fire damage if roll is <highlight>4 or greater</highlight>.","ダイスで<highlight>４以上</highlight>出れば、<br>攻撃に１０追加した<br>火ダメージを与える。","若掷骰结果为<highlight>4点以上</highlight>，<br>攻击 +10并<br>造成火属性伤害。
Deal ATK + 10 fire damage if roll is <highlight>4 or greater</highlight>."
"31331","Deal water damage. 
Inflict freeze if
roll is <highlight>5 or greater</highlight>.","水ダメージを与え、<br>ダイスで<highlight>５以上</highlight>出れば<br>凍結状態にする。","造成水属性伤害。<br>若掷骰结果为<highlight>5点以上</highlight>，<br>使目标陷入冻结。
Deal water damage. 
Inflict freeze if
roll is <highlight>5 or greater</highlight>."
"31332","Deal water damage to all enemies.","敵全体に水ダメージを<br>与える。","对所有敌人造成<br>水属性伤害。
Deal water damage to all enemies."
"31333","Cure target of all 
status ailments
except KO.","対象の「戦闘不能」を<br>除くすべての状態異常を<br>回復する。","解除目标除<br>战斗不能外的<br>所有异常状态。
Cure target of all 
status ailments
except KO."
"31341","Add value of roll 
to ATK and 
deal bolt damage.","ダイスで出た値を攻撃に<br>追加し、雷ダメージを<br>与える。","将掷骰结果<br>加到攻击上，<br>造成雷属性伤害。
Add value of roll 
to ATK and 
deal bolt damage."
"31342","Deal bolt damage 
to all enemies.","敵全体に雷ダメージを<br>与える。","对所有敌人造成<br>雷属性伤害。
Deal bolt damage 
to all enemies."
"31343","Add 10 to ATK for 3 turns. Take 5 damage in return.","３ターン、自身の攻撃に<br>１０追加する。<br>代わりに５ダメージを<br>受ける。","3回合内，<br>自身攻击 +10；<br>代价是受到<br>5点伤害。
Add 10 to ATK for 3 turns. Take 5 damage in return."
"31411","Deal ATK + 2 
damage.","攻撃を２追加し、<br>ダメージを与える。","攻击 +2，<br>造成伤害。
Deal ATK + 2 
damage."
"31412","Inflict poison if 
roll is <highlight>4 or greater</highlight>.","ダイスで<highlight>４以上</highlight>出れば<br>毒状態にする。","若掷骰结果为<highlight>4点以上</highlight>，<br>使目标陷入中毒。
Inflict poison if 
roll is <highlight>4 or greater</highlight>."
"31413","Deal damage 
to target and 
recover HP.","対象にダメージを与え、<br>自身のＨＰを与えた量の<br>５０％分回復する。","对目标造成伤害，<br>并恢复相当于伤害<br>量50%的HP。
Deal damage 
to target and 
recover HP."
"31421","Deal ATK + 2 
damage.","攻撃を２追加し、<br>ダメージを与える。","攻击 +2，<br>造成伤害。
Deal ATK + 2 
damage."
"31422","Deal ATK + 4 
light damage.","攻撃を４追加し、<br>光ダメージを与える。","攻击 +4，<br>造成光属性伤害。
Deal ATK + 4 
light damage."
"31423","Restore 10 HP to party, then restore 3 HP per turn to party for 3 turns.","味方全体のＨＰを<br>１０回復し、その後<br>３ターン、味方全体の<br>ＨＰを３ずつ回復する。","全体我方恢复<br>10点HP，<br>随后3回合内每回合<br>恢复3点HP。
Restore 10 HP to party, then restore 3 HP per turn to party for 3 turns."
"31511","Deal 10 damage.","１０ダメージを与える。","造成10点伤害。
Deal 10 damage."
"31512","Deal damage.
Inflict ATK ↓ if roll
is <highlight>4 or greater</highlight>.","ダメージを与え、<br>ダイスで<highlight>４以上</highlight>出れば<br>攻撃ダウン状態にする。","造成伤害。<br>若掷骰结果为<highlight>4点以上</highlight>，<br>使目标陷入攻击下降。
Deal damage.
Inflict ATK ↓ if roll
is <highlight>4 or greater</highlight>."
"31513","Deal ATK + 7 
wind damage.","攻撃を７追加し、<br>風ダメージを与える。","攻击 +7，<br>造成风属性伤害。
Deal ATK + 7 
wind damage."
"31514","Deal wind damage 
to all enemies.","敵全体に風ダメージを<br>与える。","对所有敌人造成<br>风属性伤害。
Deal wind damage 
to all enemies."
"31611","Deal ATK + 2 
damage.","攻撃を２追加し、<br>ダメージを与える。","攻击 +2，<br>造成伤害。
Deal ATK + 2 
damage."
"31612","Deal ATK + 3 
water damage.","攻撃を３追加し、<br>水ダメージを与える。","攻击 +3，<br>造成水属性伤害。
Deal ATK + 3 
water damage."
"31613","Inflict seal if roll is <highlight>4 or greater</highlight>.","ダイスで<highlight>４以上</highlight>出れば<br>封印状態にする。","若掷骰结果为<highlight>4点以上</highlight>，<br>使目标陷入封印。
Inflict seal if roll is <highlight>4 or greater</highlight>."
"31621","Deal ATK + 3 
damage.","攻撃を３追加し、<br>ダメージを与える。","攻击 +3，<br>造成伤害。
Deal ATK + 3 
damage."
"31622","Deal damage. Inflict deadly poison if roll is <highlight>4 or higher</highlight>.","ダメージを与え、<br>ダイスで<highlight>４以上</highlight>出れば<br>猛毒状態にする。","造成伤害。<br>若掷骰结果为<highlight>4点以上</highlight>，<br>使目标陷入猛毒。
Deal damage. Inflict deadly poison if roll is <highlight>4 or higher</highlight>."
"31623","Inflict seal on
all enemies if
roll is <highlight>4 or greater</highlight>.","ダイスで<highlight>４以上</highlight>出れば、<br>敵全体を封印状態<br>にする。","若掷骰结果<br>为<highlight>4点以上</highlight>，<br>使所有敌人陷入封印。
Inflict seal on
all enemies if
roll is <highlight>4 or greater</highlight>."
"31711","Deal ATK + 3 
damage.","攻撃を３追加し、<br>ダメージを与える。","攻击 +3，<br>造成伤害。
Deal ATK + 3 
damage."
"31712","Deal water damage. 
Inflict freeze if
roll is <highlight>5 or greater</highlight>.","水ダメージを与え、<br>ダイスで<highlight>５以上</highlight>出れば<br>凍結状態にする。","造成水属性伤害。<br>若掷骰结果为<highlight>5点以上</highlight>，<br>使目标陷入冻结。
Deal water damage. 
Inflict freeze if
roll is <highlight>5 or greater</highlight>."
"31713","Inflict random ailment 
on target if roll is 
<highlight>4 or greater</highlight>.","ダイスで<highlight>４以上</highlight>出れば、<br>対象にランダムな<br>状態異常を与える。","若掷骰结果为<highlight>4点以上</highlight>，<br>随机赋予目标<br>一种异常状态。
Inflict random ailment 
on target if roll is 
<highlight>4 or greater</highlight>."
"31714","Deal water damage to all enemies.","敵全体に水ダメージを<br>与える。","对所有敌人造成<br>水属性伤害。
Deal water damage to all enemies."
"31811","Deal ATK + 2 
damage.","攻撃を２追加し、<br>ダメージを与える。","攻击 +2，<br>造成伤害。
Deal ATK + 2 
damage."
"31812","Deal damage. Inflict poison if roll is <highlight>4 or greater</highlight>.","ダメージを与え、<br>ダイスで<highlight>４以上</highlight>出れば<br>毒状態にする。","造成伤害。<br>若掷骰结果为<highlight>4点以上</highlight>，<br>使目标陷入中毒。
Deal damage. Inflict poison if roll is <highlight>4 or greater</highlight>."
"31821","Deal ATK + 2 
damage.","攻撃を２追加し、<br>ダメージを与える。","攻击 +2，<br>造成伤害。
Deal ATK + 2 
damage."
"31822","Deal bolt damage. 
Inflict paralysis if
roll is <highlight>4 or greater</highlight>.","雷ダメージを与え、<br>ダイスで<highlight>４以上</highlight>出れば<br>麻痺状態にする。","造成雷属性伤害。<br>若掷骰结果为<highlight>4点以上</highlight>，<br>使目标陷入麻痹。
Deal bolt damage. 
Inflict paralysis if
roll is <highlight>4 or greater</highlight>."
"31831","Deal ATK + 2 
damage.","攻撃を２追加し、<br>ダメージを与える。","攻击 +2，<br>造成伤害。
Deal ATK + 2 
damage."
"31832","Deal damage. Inflict deadly poison if roll is <highlight>4 or higher</highlight>.","ダメージを与え、<br>ダイスで<highlight>４以上</highlight>出れば<br>猛毒状態にする。","造成伤害。<br>若掷骰结果为<highlight>4点以上</highlight>，<br>使目标陷入猛毒。
Deal damage. Inflict deadly poison if roll is <highlight>4 or higher</highlight>."
"31911","Deal ATK + 3 
damage.","攻撃を３追加し、<br>ダメージを与える。","攻击 +3，<br>造成伤害。
Deal ATK + 3 
damage."
"31912","Deal damage. Inflict paralysis if roll is <highlight>4 or greater</highlight>.","ダメージを与え、<br>ダイスで<highlight>４以上</highlight>出れば<br>麻痺状態にする。","造成伤害。<br>若掷骰结果为<highlight>4点以上</highlight>，<br>使目标陷入麻痹。
Deal damage. Inflict paralysis if roll is <highlight>4 or greater</highlight>."
"31913","Deal dark damage to target and recover HP equal to 50% of the amount dealt.","対象に闇ダメージを与え<br>自身のＨＰを与えた量の<br>５０％分回復する。","对目标造成暗属性伤害，<br>并恢复相当于伤害<br>量50%的HP。
Deal dark damage to target and recover HP equal to 50% of the amount dealt."
"31914","Deal fire damage 
to all enemies.","敵全体に火ダメージを<br>与える。","对所有敌人造成<br>火属性伤害。
Deal fire damage 
to all enemies."
"32011","Add 10 to own 
ATK for 3 turns.","３ターン、自身の攻撃に<br>１０追加する。","3回合内，<br>自身攻击 +10。
Add 10 to own 
ATK for 3 turns."
"32012","Deal light damage. Inflict seal if roll is <highlight>4 or greater</highlight>.","光ダメージを与え、<br>ダイスで<highlight>４以上</highlight>出れば<br>封印状態にする。","造成光属性伤害。<br>若掷骰结果为<highlight>4点以上</highlight>，<br>使目标陷入封印。
Deal light damage. Inflict seal if roll is <highlight>4 or greater</highlight>."
"32013","Deal bolt damage 
to all enemies.","敵全体に雷ダメージを<br>与える。","对所有敌人造成<br>雷属性伤害。
Deal bolt damage 
to all enemies."
"32014","Generate 2 gems.","ジェムを２個生成する。","生成2枚宝石。
Generate 2 gems."
"32111","Deal damage equal to the value of 3 rolled dice to all enemies, then inflict ATK ↓ for 3 turns.","敵全体にダイス３個で出<br>た値のダメージを与え、<br>その後３ターン敵全体を<br>攻撃ダウン状態にする。","对所有敌人造成<br>等同于3枚骰子<br>点数总和的伤害，<br>随后使其攻击下降3回合。
Deal damage equal to the value of 3 rolled dice to all enemies, then inflict ATK ↓ for 3 turns."
"32112","Add 5 to own 
ATK for 99 turns.","９９ターン、自身の<br>攻撃に５追加する。","99回合内，<br>自身攻击 +5。
Add 5 to own 
ATK for 99 turns."
"32113","Prepare for a powerful attack. Take half damage until the next turn.","強力な攻撃を放つ準備を<br>行う。次の行動まで、<br>攻撃によって受ける<br>ダメージを半分にする。","蓄力准备强力攻击。<br>下一次行动前，<br>受到的攻击<br>伤害减半。
Prepare for a powerful attack. Take half damage until the next turn."
"32114","Deals the value of target's HP to all enemies.","敵全体に、対象のＨＰと<br>同じだけのダメージを<br>与える。","对所有敌人造成<br>等同于目标当前<br>HP的伤害。
Deals the value of target's HP to all enemies."
"32115","Add value of roll to ATK and deal damage.","ダイスで出た値を<br>攻撃に追加し、<br>ダメージを与える。","将掷骰结果<br>加到攻击上，<br>造成伤害。
Add value of roll to ATK and deal damage."
"32116","Deal 2× damage.","２倍のダメージを<br>与える。","造成2<br>倍伤害。
Deal 2× damage."
"32121","Add 6 to ATK, deal fire damage to all enemies, and inflict DEF ↓ for 3 turns.","攻撃を６追加し、敵全体<br>に火ダメージを与え、<br>その後３ターン敵全体を<br>防御ダウン状態にする。","攻击 +6，<br>对所有敌人造成<br>火属性伤害，<br>并使其防御下降3回合。
Add 6 to ATK, deal fire damage to all enemies, and inflict DEF ↓ for 3 turns."
"32122","Add value of roll to ATK and deal damage.","ダイスで出た値を<br>攻撃に追加し、<br>ダメージを与える。","将掷骰结果<br>加到攻击上，<br>造成伤害。
Add value of roll to ATK and deal damage."
"32123","Deal 2× fire damage.","２倍の火ダメージを<br>与える。","造成2倍<br>火属性伤害。
Deal 2× fire damage."
"32124","Recover 30 HP now and then add 3 to ATK for 99 turns.","自身のＨＰを<br>３０回復し、その後<br>９９ターン、自身の<br>攻撃に３追加する。","恢复自身3<br>0点HP，<br>随后99回合内<br>攻击 +3。
Recover 30 HP now and then add 3 to ATK for 99 turns."
"32125","Deal 10 fire damage to all enemies.","敵全体に１０の<br>火ダメージを与える。","对所有敌人造成1<br>0点火属性伤害。
Deal 10 fire damage to all enemies."
"32131","Deal 15 water damage to all enemies. Nullify status enhancements and healing effects.","敵全体に１５の<br>水ダメージを与え、<br>能力値上昇・持続回復を<br>無効化する。","对所有敌人造成1<br>5点水属性伤害，<br>并解除其能力提升<br>与持续恢复效果。
Deal 15 water damage to all enemies. Nullify status enhancements and healing effects."
"32132","Deal water damage and inflict freeze.","水ダメージを与え、<br>凍結状態にする。","造成水属性伤害，<br>并使目标陷入冻结。
Deal water damage and inflict freeze."
"32133","Inflict curse on all enemies if roll is <highlight>4 or greater</highlight>.","ダイスで<highlight>４以上</highlight>出れば、<br>敵全体を呪い状態に<br>する。","若掷骰结果<br>为<highlight>4点以上</highlight>，<br>使所有敌人陷入诅咒。
Inflict curse on all enemies if roll is <highlight>4 or greater</highlight>."
"32134","Periodically recover 20 HP for 99 turns.","９９ターン、<br>自身のＨＰを<br>２０ずつ回復する。","99回合内，<br>自身每回合恢复<br>20点HP。
Periodically recover 20 HP for 99 turns."
"32135","Deal water damage to all enemies.","敵全体に水ダメージを<br>与える。","对所有敌人造成<br>水属性伤害。
Deal water damage to all enemies."
"32211","Deal ATK + 4 
damage.","攻撃を４追加し、<br>ダメージを与える。","攻击 +4，<br>造成伤害。
Deal ATK + 4 
damage."
"32212","Inflict DEF ↓ if 
roll is <highlight>4 or greater</highlight>.","ダイスで<highlight>４以上</highlight>出れば<br>防御ダウン状態にする。","若掷骰结果为<highlight>4点以上</highlight>，<br>使目标陷入防御下降。
Inflict DEF ↓ if 
roll is <highlight>4 or greater</highlight>."
"32221","Deal ATK + 8 
damage.","攻撃を８追加し、<br>ダメージを与える。","攻击 +8，<br>造成伤害。
Deal ATK + 8 
damage."
"32222","Deal damage to all 
enemies.","敵全体にダメージを<br>与える。","对所有敌人<br>造成伤害。
Deal damage to all 
enemies."
"32223","Add 8 to ATK
for 10 turns.
Become afflicted with
DEF ↓ in return.","１０ターン、自身の攻撃<br>に８追加する。<br>代わりに防御ダウン状態<br>になる。","10回合内，<br>自身攻击 +8；<br>代价是陷入<br>防御下降。
Add 8 to ATK
for 10 turns.
Become afflicted with
DEF ↓ in return."
"32311","Deal ATK + 4 
damage.","攻撃を４追加し、<br>ダメージを与える。","攻击 +4，<br>造成伤害。
Deal ATK + 4 
damage."
"32312","Add 4 to own 
DEF for 3 turns.","３ターン、自身の防御に<br>４追加する。","3回合内，<br>自身防御 +4。
Add 4 to own 
DEF for 3 turns."
"32313","Deal light damage to all enemies.","敵全体に光ダメージを<br>与える。","对所有敌人造成<br>光属性伤害。
Deal light damage to all enemies."
"32321","Deal ATK + 4 
damage.","攻撃を４追加し、<br>ダメージを与える。","攻击 +4，<br>造成伤害。
Deal ATK + 4 
damage."
"32322","Add 4 to all allies' 
DEF for 3 turns.","３ターン、味方全体の<br>防御に４追加する。","3回合内，<br>全体我方防御 +4。
Add 4 to all allies' 
DEF for 3 turns."
"32323","Deal light damage to all enemies.","敵全体に光ダメージを<br>与える。","对所有敌人造成<br>光属性伤害。
Deal light damage to all enemies."
"32411","Deal ATK + 4 
damage.","攻撃を４追加し、<br>ダメージを与える。","攻击 +4，<br>造成伤害。
Deal ATK + 4 
damage."
"32412","Deal light damage. Inflict paralysis if roll is <highlight>4 or greater</highlight>.","光ダメージを与え、<br>ダイスで<highlight>４以上</highlight>出れば<br>麻痺状態にする。","造成光属性伤害。<br>若掷骰结果为<highlight>4点以上</highlight>，<br>使目标陷入麻痹。
Deal light damage. Inflict paralysis if roll is <highlight>4 or greater</highlight>."
"32413","Restore 10 HP to 
all allies. ","味方全体のＨＰを<br>１０回復する。","为全体我方恢复<br>10点HP。
Restore 10 HP to 
all allies. "
"32511","Deal ATK + 10 
light damage.","攻撃を１０追加し、<br>光ダメージを与える。","攻击 +10，<br>造成光属性伤害。
Deal ATK + 10 
light damage."
"32512","Revive target and restore 50% of HP.","対象を復活させ、ＨＰを<br>半分まで回復する。","复活目标，<br>并将HP恢复至50%。
Revive target and restore 50% of HP."
"32611","Deal ATK + 3 
damage.","攻撃を３追加し、<br>ダメージを与える。","攻击 +3，<br>造成伤害。
Deal ATK + 3 
damage."
"32612","Deal ATK + 4 
light damage.","攻撃を４追加し、<br>光ダメージを与える。","攻击 +4，<br>造成光属性伤害。
Deal ATK + 4 
light damage."
"32613","Deal damage to all enemies if roll is <highlight>4 or greater</highlight>.","ダイスで<highlight>４以上</highlight>出れば、<br>敵全体にダメージを<br>与える。","若掷骰结果<br>为<highlight>4点以上</highlight>，<br>对所有敌人造成伤害。
Deal damage to all enemies if roll is <highlight>4 or greater</highlight>."
"32701","Deal damage to all 
enemies.","敵全体にダメージを<br>与える。","对所有敌人<br>造成伤害。
Deal damage to all 
enemies."
"33001","Deal ATK + 10 
damage.","攻撃を１０追加し、<br>ダメージを与える。","攻击 +10，<br>造成伤害。
Deal ATK + 10 
damage."
"33002","Deal damage to all 
enemies.","敵全体にダメージを<br>与える。","对所有敌人<br>造成伤害。
Deal damage to all 
enemies."
"33003","Cure all status ailments and recover 30 HP.","自身の状態異常を<br>すべて回復し、<br>ＨＰを３０回復する。","解除自身所<br>有异常状态，<br>并恢复30点HP。
Cure all status ailments and recover 30 HP."
"33004","Add 8 to own 
DEF for 3 turns.","３ターン、自身の防御に<br>８追加する。","3回合内，<br>自身防御 +8。
Add 8 to own 
DEF for 3 turns."
"33101","ミザルは神獣の力で護られている。","ミザルは神獣の力で<br>護られている。","ミザルは神獣の力で護られている。"
"33102","ミザルと神獣は融合状態を保てなくなった。","ミザルと神獣は<br>融合状態を<br>保てなくなった。","ミザルと神獣は融合状態を保てなくなった。"
"33103","Deal ATK + 15 damage to all enemies and inflict a random status ailment.","攻撃を１５追加し、<br>敵全体にダメージを<br>与え、ランダムな<br>状態異常を与える。","攻击 +15，<br>对所有敌人造成伤害，<br>并随机赋予一<br>种异常状态。
Deal ATK + 15 damage to all enemies and inflict a random status ailment."
"33104","Prepare for a powerful attack. Take half damage until the next turn.","強力な攻撃を放つ準備を<br>行う。次の行動まで、<br>攻撃によって受ける<br>ダメージを半分にする。","蓄力准备强力攻击。<br>下一次行动前，<br>受到的攻击<br>伤害减半。
Prepare for a powerful attack. Take half damage until the next turn."
"33105","Deals the value of target's HP to all enemies.","敵全体に、対象のＨＰと<br>同じだけのダメージを<br>与える。","对所有敌人造成<br>等同于目标当前<br>HP的伤害。
Deals the value of target's HP to all enemies."
"33106","Periodically recover 20 HP for 99 turns.","９９ターン、<br>自身のＨＰを<br>２０ずつ回復する。","99回合内，<br>自身每回合恢复<br>20点HP。
Periodically recover 20 HP for 99 turns."
"33107","Add 10 to own 
ATK for 99 turns.","９９ターン、自身の<br>攻撃に１０追加する。","99回合内，<br>自身攻击 +10。
Add 10 to own 
ATK for 99 turns."
"33108","Deal damage equal to the value of 4 rolled dice to all enemies, then inflict ATK ↓ for 3 turns.","敵全体にダイス４個で出<br>た値のダメージを与え、<br>その後３ターン敵全体を<br>攻撃ダウン状態にする。","对所有敌人造成<br>等同于4枚骰子<br>点数总和的伤害，<br>随后使其攻击下降3回合。
Deal damage equal to the value of 4 rolled dice to all enemies, then inflict ATK ↓ for 3 turns."
"33109","Add 8 to ATK, deal fire damage to all enemies, and inflict DEF ↓ for 3 turns.","攻撃を８追加し、敵全体<br>に火ダメージを与え、<br>その後３ターン敵全体を<br>防御ダウン状態にする。","攻击 +8，<br>对所有敌人造成<br>火属性伤害，<br>并使其防御下降3回合。
Add 8 to ATK, deal fire damage to all enemies, and inflict DEF ↓ for 3 turns."
"33110","Deal 20 water damage to all enemies. Nullify status enhancements and healing effects.","敵全体に２０の<br>水ダメージを与え、<br>能力値上昇・持続回復を<br>無効化する。","对所有敌人造成2<br>0点水属性伤害，<br>并解除其能力提升<br>与持续恢复效果。
Deal 20 water damage to all enemies. Nullify status enhancements and healing effects."
"33111","Deal 2× fire damage.","２倍の火ダメージを<br>与える。","造成2倍<br>火属性伤害。
Deal 2× fire damage."
"33112","Deal water damage and inflict freeze.","水ダメージを与え、<br>凍結状態にする。","造成水属性伤害，<br>并使目标陷入冻结。
Deal water damage and inflict freeze."
"33113","Deal 10 fire damage to all enemies.","敵全体に１０の<br>火ダメージを与える。","对所有敌人造成1<br>0点火属性伤害。
Deal 10 fire damage to all enemies."
"33114","Deal water damage to all enemies.","敵全体に水ダメージを<br>与える。","对所有敌人造成<br>水属性伤害。
Deal water damage to all enemies."
"33115","Add value of roll to ATK and deal damage.","ダイスで出た値を<br>攻撃に追加し、<br>ダメージを与える。","将掷骰结果<br>加到攻击上，<br>造成伤害。
Add value of roll to ATK and deal damage."
"34001","Deal 2× damage.","２倍のダメージを<br>与える。","造成2<br>倍伤害。
Deal 2× damage."
"34002","Inflict seal on the target.","対象を封印状態にする。","使目标陷入封印。
Inflict seal on the target."
"34003","Deal damage to all 
enemies.","敵全体にダメージを<br>与える。","对所有敌人<br>造成伤害。
Deal damage to all 
enemies."
"34004","Prepare for a powerful attack. Take half damage until the next turn.","強力な攻撃を放つ準備を<br>行う。次の行動まで、<br>攻撃によって受ける<br>ダメージを半分にする。","蓄力准备强力攻击。<br>下一次行动前，<br>受到的攻击<br>伤害减半。
Prepare for a powerful attack. Take half damage until the next turn."
"34005","Deals the value of target's HP to all enemies.","敵全体に、対象のＨＰと<br>同じだけのダメージを<br>与える。","对所有敌人造成<br>等同于目标当前<br>HP的伤害。
Deals the value of target's HP to all enemies."
"34006","Add 15 to own 
ATK for 99 turns.","９９ターン、自身の<br>攻撃に１５追加する。","99回合内，<br>自身攻击 +15。
Add 15 to own 
ATK for 99 turns."
"34011","Deal 2× bolt damage. Nullify target's status enhancements and healing effects. ","２倍の雷ダメージを与え<br>能力値上昇・持続回復を<br>無効化する。","造成2倍雷属性伤害，<br>并解除目标的能力<br>提升与持续恢复效果。
Deal 2× bolt damage. Nullify target's status enhancements and healing effects. "
"34012","Deal ATK + 5 
bolt damage to
all enemies.","攻撃を５追加し、<br>敵全体に雷ダメージを<br>与える。","攻击 +5，<br>对所有敌人造成<br>雷属性伤害。
Deal ATK + 5 
bolt damage to
all enemies."
"34013","Add value of 2 rolled dice to ATK and deal bolt damage.","ダイス２個で出た値を<br>攻撃に追加し、<br>雷ダメージを与える。","将2枚骰子的点数<br>总和加到攻击上，<br>造成雷属性伤害。
Add value of 2 rolled dice to ATK and deal bolt damage."
"34014","Add 10 to ATK for 5 turns. Take 10 damage in return.","５ターン、自身の攻撃に<br>１０追加する。代わりに<br>１０ダメージを受ける。","5回合内，<br>自身攻击 +10；<br>代价是受到10点伤害。
Add 10 to ATK for 5 turns. Take 10 damage in return."
"34021","Deal water damage to all enemies.","敵全体に水ダメージを<br>与える。","对所有敌人造成<br>水属性伤害。
Deal water damage to all enemies."
"34022","Restore 30 HP to 
all allies. ","味方全体のＨＰを<br>３０回復する。","为全体我方恢复<br>30点HP。
Restore 30 HP to 
all allies. "
"34023","Add 10 to own 
DEF for 3 turns.","３ターン、自身の防御に<br>１０追加する。","3回合内，<br>自身防御 +10。
Add 10 to own 
DEF for 3 turns."
"34024","Deal ATK + 5
water damage.
Inflict freeze if
roll is <highlight>4 or greater</highlight>.","攻撃を５追加した<br>水ダメージを与え、<br>ダイスで<highlight>４以上</highlight>出れば<br>凍結状態にする。","攻击 +5，<br>造成水属性伤害；<br>若掷骰结果为<highlight>4点以上</highlight>，<br>使目标陷入冻结。
Deal ATK + 5
water damage.
Inflict freeze if
roll is <highlight>4 or greater</highlight>."
"34031","Deal ATK + 5 
light damage to all 
enemies.","攻撃を５追加し、<br>敵全体に光ダメージを<br>与える。","攻击 +5，<br>对所有敌人造成<br>光属性伤害。
Deal ATK + 5 
light damage to all 
enemies."
"34032","Add value of roll to ATK and deal light damage.","ダイスで出た値を<br>攻撃に追加し、<br>光ダメージを与える。","将掷骰结果<br>加到攻击上，<br>造成光属性伤害。
Add value of roll to ATK and deal light damage."
"34033","Periodically recover 20 HP for 5 turns.","５ターン、自身のＨＰを<br>２０ずつ回復する。","5回合内，<br>自身每回合恢复20点HP。
Periodically recover 20 HP for 5 turns."
"34034","Deal light damage. Inflict paralysis if roll is <highlight>4 or greater</highlight>.","光ダメージを与え、
ダイスで<highlight>４以上</highlight>出れば
麻痺状態にする。","造成光属性伤害。若掷骰结果为<highlight>4点以上</highlight>，使目标陷入麻痹。
Deal light damage. Inflict paralysis if roll is <highlight>4 or greater</highlight>."
"34041","Deal ATK + 5 dark damage to all enemies.","攻撃を５追加し、<br>敵全体に闇ダメージを<br>与える。","攻击 +5，<br>对所有敌人造成<br>暗属性伤害。
Deal ATK + 5 dark damage to all enemies."
"34042","Deal 15 dark 
damage.","１５の闇ダメージを<br>与える。","造成15点<br>暗属性伤害。
Deal 15 dark 
damage."
"34043","Inflict curse on target.","対象を呪い状態にする。","使目标陷入诅咒。
Inflict curse on target."
"34044","Deal dark damage to target and recover HP equal to the amount dealt.","対象に闇ダメージを与え<br>自身のＨＰを与えた量と<br>同じだけ回復する。","对目标造成暗属性伤害，<br>并恢复与伤害<br>量相同的HP。
Deal dark damage to target and recover HP equal to the amount dealt."
"35002","The ogre is acting suspiciously.","明らかに挙動が不審だ。","食人魔举止可疑。
The ogre is acting suspiciously."
"35003","The magma tortoise looks quite flustered.","あたふたしているように<br>見える。","熔岩龟似<br>乎慌了神。
The magma tortoise looks quite flustered."
"35004","The lost soul gently places both hands together.","両手を静かに<br>合わせている。","迷失之魂轻<br>轻合起双手。
The lost soul gently places both hands together."
"35005","The skull soldier has let its guard down.","戦いの構えを<br>解いている。","骷髅兵放<br>松了戒备。
The skull soldier has let its guard down."
"35006","The undine seems hesitant to attack.","攻撃をためらっている<br>ように見える。","温蒂妮似乎<br>不愿出手。
The undine seems hesitant to attack."
"35007","The monsters seem worried about their friends.","仲間を気遣うような<br>そぶりを見せている。","魔物们似乎<br>在担心同伴。
The monsters seem worried about their friends."
"16001","アイテム説明1","アイテム説明1","アイテム説明1"
"50101","Restore 10 HP 
to target.","対象のＨＰが<br>１０回復する。","为目标恢复<br>10点HP。
Restore 10 HP 
to target."
"50102","Restore 20 HP 
to target.","対象のＨＰが<br>２０回復する。","为目标恢复<br>20点HP。
Restore 20 HP 
to target."
"50103","Restore 40 HP 
to target.","対象のＨＰが<br>４０回復する。","为目标恢复<br>40点HP。
Restore 40 HP 
to target."
"50111","All allies recover
10 HP.","味方全体のＨＰが<br>１０回復する。","全体我方恢复<br>10点HP。
All allies recover
10 HP."
"50112","All allies recover
20 HP.","味方全体のＨＰが<br>２０回復する。","全体我方恢复<br>20点HP。
All allies recover
20 HP."
"50201","Cure target of
poison, deadly poison.","対象の毒、猛毒状態を<br>回復する。","解除目标的中毒、<br>猛毒。
Cure target of
poison, deadly poison."
"50202","Cure target of
paralysis.","対象の麻痺状態を<br>回復する。","解除目标<br>的麻痹。
Cure target of
paralysis."
"50203","Cure target of
freeze.","対象の凍結状態を<br>回復する。","解除目标<br>的冻结。
Cure target of
freeze."
"50204","Cure target of
seal.","対象の封印状態を<br>回復する。","解除目标<br>的封印。
Cure target of
seal."
"50205","Cure target of
curse.","対象の呪い状態を<br>回復する。","解除目标<br>的诅咒。
Cure target of
curse."
"50206","Cure target of
ATK ↓, DEF ↓.","対象の攻撃、防御ダウン状態を回復する。","解除目标的攻击下降、防御下降。
Cure target of
ATK ↓, DEF ↓."
"50210","Cure target of
elem. res. ↓.","対象の属性耐性ダウン状態を回復する。","解除目标的属性抗性下降。
Cure target of
elem. res. ↓."
"50221","Cure target of all 
status ailments
except KO.","対象の「戦闘不能」を<br>除くすべての状態異常を<br>回復する。","解除目标除<br>战斗不能外的<br>所有异常状态。
Cure target of all 
status ailments
except KO."
"50222","Cure all allies of all status ailments except KO.","味方全体の「戦闘不能」を除くすべての状態異常を回復する。","解除全体我方除战斗不能外的所有异常状态。
Cure all allies of all status ailments except KO."
"50250","Revive target and restore 50% of HP.","対象を復活させ、ＨＰを<br>半分まで回復する。","复活目标，<br>并将HP恢复至50%。
Revive target and restore 50% of HP."
"50251","Revive target and completely restore HP.","対象を復活させ、ＨＰを<br>最大まで回復する。","复活目标，<br>并将HP完全恢复。
Revive target and completely restore HP."
"50301","Deal 5 damage 
to target.","対象に５ダメージを<br>与える。","对目标造成<br>5点伤害。
Deal 5 damage 
to target."
"50401","Add 5 to target's 
ATK for 3 turns.","３ターン、対象の攻撃に<br>５追加する。","3回合内，<br>目标攻击 +5。
Add 5 to target's 
ATK for 3 turns."
"50402","Add 5 to target's 
DEF for 3 turns.","３ターン、対象の防御に<br>５追加する。","3回合内，<br>目标防御 +5。
Add 5 to target's 
DEF for 3 turns."
"50403","Restores 5 HP to target.","３ターン、対象の速度を５上昇させる。","3回合内，目标速度 +5。
Restores 5 HP to target."
"50411","Decreases Fire damage all allies take by 5 for 3 turns.","３ターン、味方全体の火属性で受けるダメージを５軽減する。","3回合内，全体我方受到的火属性伤害减少5。
Decreases Fire damage all allies take by 5 for 3 turns."
"50412","Decreases Water damage all allies take by 5 for 3 turns.","３ターン、味方全体の水属性で受けるダメージを５軽減する。","3回合内，全体我方受到的水属性伤害减少5。
Decreases Water damage all allies take by 5 for 3 turns."
"50413","Decreases Wind damage all allies take by 5 for 3 turns.","３ターン、味方全体の風属性で受けるダメージを５軽減する。","3回合内，全体我方受到的风属性伤害减少5。
Decreases Wind damage all allies take by 5 for 3 turns."
"50414","Decreases Bolt damage all allies take by 5 for 3 turns.","３ターン、味方全体の雷属性で受けるダメージを５軽減する。","3回合内，全体我方受到的雷属性伤害减少5。
Decreases Bolt damage all allies take by 5 for 3 turns."
"50450","Generate 3 gems.","ジェムを３個生成する。","生成3枚宝石。
Generate 3 gems."
"50451","Generate gems equal to value of roll plus 3.","ダイスで出た値に３追加した数のジェムを生成する。","生成等同于掷骰结果 +3的宝石。
Generate gems equal to value of roll plus 3."
"50501","Add 5 to fire 
damage target takes
for 3 turns.","３ターン、対象の受ける<br>火ダメージが<br>５追加される。","3回合内，<br>目标受到的火属性<br>伤害 +5。
Add 5 to fire 
damage target takes
for 3 turns."
"50502","Add 5 to water 
damage target takes
for 3 turns.","３ターン、対象の受ける<br>水ダメージが<br>５追加される。","3回合内，<br>目标受到的水属性<br>伤害 +5。
Add 5 to water 
damage target takes
for 3 turns."
"50503","Add 5 to wind 
damage target takes
for 3 turns.","３ターン、対象の受ける<br>風ダメージが<br>５追加される。","3回合内，<br>目标受到的风属性<br>伤害 +5。
Add 5 to wind 
damage target takes
for 3 turns."
"50504","Add 5 to bolt 
damage target takes
for 3 turns.","３ターン、対象の受ける<br>雷ダメージが<br>５追加される。","3回合内，<br>目标受到的雷属性<br>伤害 +5。
Add 5 to bolt 
damage target takes
for 3 turns."
"50601","Shine a light 
in the darkness.","暗闇を照らすことができる。","照亮黑暗。
Shine a light 
in the darkness."
"50610","Facilitate escape 
from dungeons.","ダンジョンから脱出する。","离开迷宫。
Facilitate escape 
from dungeons."
"50701","Initiate flight 
from combat.","戦闘から逃走する。","逃离战斗。
Initiate flight 
from combat."
"50801","Sells for 100G. How nice!","お店で売れば<br>１００Ｇになる。","可卖得100G。<br>还不错！
Sells for 100G. How nice!"
"50802","Sells for 500G. That's lucky!","お店で売れば<br>５００Ｇになる。","可卖得500G。<br>运气真好！
Sells for 500G. That's lucky!"
"50803","Sells for 2000G. What a windfall!","お店で売れば<br>2000Ｇになる。","可卖得2000G。<br>发了笔横财！
Sells for 2000G. What a windfall!"
"50901","70% chance of discovering a treasure chest upon victory.","戦闘勝利時、７０％の確率で宝箱を発見できる。","战斗胜利后有70%的概率发现宝箱。
70% chance of discovering a treasure chest upon victory."
"50902","Guaranteed discovery of a treasure chest upon victory.","戦闘勝利時、必ず宝箱を発見できる。","战斗胜利后必定发现宝箱。
Guaranteed discovery of a treasure chest upon victory."
"53201","A simple key for a simple lock.","簡素な錠前なら開けるこ<br>とができそうなカギ。","一把简朴的钥匙，<br>足以打开普通锁具。
A simple key for a simple lock."
"53001","A birthday present from your mother. It's a little misshapen, but clearly stuffed with love.","母親からの誕生日プレゼント。少々不恰好だが、愛情が込められている。","母亲送你的生日礼物。虽然做得不太规整，却满载爱意。
A birthday present from your mother. It's a little misshapen, but clearly stuffed with love."
"53002","A birthday gift from your mother. None of its once-adorable appearance remains.","母親からの誕生日プレゼ<br>ント。可愛らしかった以<br>前の面影はない。","母亲送你的生日礼物。<br>昔日可爱的模<br>样已荡然无存。
A birthday gift from your mother. None of its once-adorable appearance remains."
"53101","A pack of cards used by subterrans to control monsters.","地下の民が魔物を使役するために使用する、カードの束。","地下居民用来驱使魔物的一叠卡牌。
A pack of cards used by subterrans to control monsters."
"53301","Bright green liquid wrung from a slime.","鮮やかな緑色をした<br>スライムの体液。","从史莱姆身上挤<br>出的鲜绿色体液。
Bright green liquid wrung from a slime."
"53302","An impressive amount of food given to you by the aristocrat in the City of Flame.","炎の街の貴族から貰った<br>たくさんの食べ物。","炎之城贵族赠<br>予的大量食物。
An impressive amount of food given to you by the aristocrat in the City of Flame."
"53401","A stone tablet engraved with information about Newterra.","新天地の情報が書かれて<br>いるという石板。","记载着新天地<br>情报的石板。
A stone tablet engraved with information about Newterra."
"53501","Sparkly dust harvested from a fairy's wings. It grants the user the power to shapeshift.","妖精の羽から採れるキラキラとした粉。使用者の姿を変える力がある。","从妖精翅膀上采得的闪亮粉末，能改变使用者的外貌。
Sparkly dust harvested from a fairy's wings. It grants the user the power to shapeshift."
"53502","Two thin but sturdy metal plates fashioned by the Steel Primal. The undersides of the plates are slick.","鋼の神獣の能力で造り出した、細くて丈夫な鉄の板。表面は滑らか。","钢之神兽以能力造出的两块细长铁板，坚固且表面光滑。
Two thin but sturdy metal plates fashioned by the Steel Primal. The undersides of the plates are slick."
"53503","A rare flower that blooms in the snow. Quite hardy, but has low fecundity.","雪の中に咲く珍しい花。<br>生命力は強いが、繁殖力<br>は弱い。","开在雪中的珍稀花朵。<br>生命力顽强，<br>却不易繁殖。
A rare flower that blooms in the snow. Quite hardy, but has low fecundity."
"53601","A scrap on which appears to be part of a picture. Both ends have been torn.","絵のような模様が描かれ<br>た何かの切れ端。両端に<br>破れたような痕がある。","绘有部分图<br>案的碎片，<br>两端都有撕裂痕迹。
A scrap on which appears to be part of a picture. Both ends have been torn."
"53602","A scrap on which appears to be part of a picture. The right end has been torn.","絵のような模様が描かれ<br>た何かの切れ端。右端に<br>破れたような痕がある。","绘有部分图<br>案的碎片，<br>右端有撕裂痕迹。
A scrap on which appears to be part of a picture. The right end has been torn."
"53603","A scrap on which appears to be part of a picture. The left end has been torn.","絵のような模様が描かれ<br>た何かの切れ端。左端に<br>破れたような痕がある。","绘有部分图<br>案的碎片，<br>左端有撕裂痕迹。
A scrap on which appears to be part of a picture. The left end has been torn."
"53604","A map assembled from scraps found in the Silent Village. It bears a distinctive mark.","静かな村で拾った切れ端<br>を繋ぎ合わせた地図。特<br>徴的な印がついている。","将寂静村落捡到的<br>碎片拼成的地图，<br>上面留有醒目标记。
A map assembled from scraps found in the Silent Village. It bears a distinctive mark."
"53605","An utterly and completely ordinary stone.","なんの変哲もない<br>ただの石ころ","一块再普通<br>不过的石头。
An utterly and completely ordinary stone."
"53606","Key to a Monster Town residence. It's scratched up like someone was munching on it.","魔物の集落にある屋敷の<br>カギ。かじったような痕<br>がたくさんついている。","魔物聚落某座<br>宅邸的钥匙，<br>上面满是啃咬似的划痕。
Key to a Monster Town residence. It's scratched up like someone was munching on it."
"53607","A large plate carved from wood.","木を削り出して作られた<br>大きめのお皿。","由整块木头削<br>成的大盘子。
A large plate carved from wood."
"53701","An iron cylinder on which is drawn delicious-looking fruit.","美味しそうな果実の絵が<br>描かれた、鉄の筒。","画着诱人果<br>实的铁筒。
An iron cylinder on which is drawn delicious-looking fruit."
"55001","A map depicting a treasure chest between a lake, white mountains, and rocky crags.","湖と白い山と岩山に囲ま<br>れた場所に、宝箱の絵が<br>描かれている地図。","一张藏宝图：湖泊、<br>白色群山与岩山<br>之间画着宝箱。
A map depicting a treasure chest between a lake, white mountains, and rocky crags."
"55002","Ice, massive boulders... Who hides treasure in such an inaccessible place?","氷、岩、歩きにくい場所<br>宝を隠すのに良い？","冰块、巨石……竟有人把<br>宝物藏在如此难行之地？
Ice, massive boulders... Who hides treasure in such an inaccessible place?"
"55003","A worn, weathered, and blood-stained doll you found in the snow.","雪の中で見つけたボロボ<br>ロの人形。赤黒い血が染<br>み付いている。","在雪中发现的破旧人偶，<br>早已风化，<br>还沾着暗红血迹。
A worn, weathered, and blood-stained doll you found in the snow."
"55004","A bracelet for breaking the seal on the Sandprowler Czar. Authenticity unknown.","砂賊ノ王の封印を解く為<br>の腕輪。真偽は不明。","据说能解除沙贼之王封印的手镯，<br>真假不明。
A bracelet for breaking the seal on the Sandprowler Czar. Authenticity unknown."
"55005","Prefers dark places. Perhaps indoors?","砂漠の暗所を好む<br>建造物等の中かも？","喜爱黑暗处。<br>也许藏在建筑里？
Prefers dark places. Perhaps indoors?"
"55006","Beautiful purple body. Jewel of the wasteland.","美しい紫色の体<br>別名「荒れ地の宝石」","通体紫艳，美丽非凡，<br>素有“荒地宝石”之称。
Beautiful purple body. Jewel of the wasteland."
"55007","Inhabits religious ruins and other old buildings. Pretends to be a sculpture, then attacks.","宗教的な遺跡などを好み<br>彫像のふりをして<br>冒険者を襲う","常栖于宗教遗<br>迹等古老建筑，<br>伪装成雕像袭击来客。
Inhabits religious ruins and other old buildings. Pretends to be a sculpture, then attacks."
"55008","Nests in cold areas.","寒い地域に棲息している","栖息于寒冷地区。
Nests in cold areas."
"55009","Likes high places. Lives upon cliffs.","高い場所が好きで<br>崖に棲みついている","喜爱高处，<br>常栖身悬崖。
Likes high places. Lives upon cliffs."
"55010","Found in Newterra. Precious material on body?","新天地に棲息する魔物<br>一部の個体からは<br>何かが採れるらしい","栖息于新天地。<br>部分个体身上似乎<br>能取得珍贵材料。
Found in Newterra. Precious material on body?"
"55011","A legendary creature. Dwells in the earth's dark depths. Beyond human reach.","人が立ち入らないような<br>深くて暗い地底を好む<br>伝説の魔物","传说中的魔物，<br>栖居在人迹罕<br>至的幽暗地底。
A legendary creature. Dwells in the earth's dark depths. Beyond human reach."
"60000","Empty","なにも着けていない","无装备
Empty"
"60101","<IME60101>Easily wielded, and made of sturdy iron.","<IME60101>鉄で造られた扱いやすい双刃。","<IME60101>铁制双刃，结实又易于上手。
<IME60101>Easily wielded, and made of sturdy iron."
"60102","<IME60102>Forged by a blacksmith of great renown.","<IME60102>人気の鍛冶職人が鍛えた頑丈な双刃。","<IME60102>名匠锻造的坚固双刃。
<IME60102>Forged by a blacksmith of great renown."
"60103","<IME60103>Light and exceedingly sharp.","<IME60103>軽やかだが切れ味は鋭い双刃。","<IME60103>轻巧锋利的双刃。
<IME60103>Light and exceedingly sharp."
"60104","<IME60104>Durable. Fashioned after a hawk's spread wings.","<IME60104>強靭な刃が翼を広げた鷹になぞらえられる双刃。","<IME60104>强韧双刃，形似展翅雄鹰。
<IME60104>Durable. Fashioned after a hawk's spread wings."
"60105","<IME60105>Said to have been made by an ancient civilization.","<IME60105>古の世に栄えた文明の遺物と伝わる、幻の双刃。","<IME60105>相传是古代文明遗留下来的梦幻双刃。
<IME60105>Said to have been made by an ancient civilization."
"60201","<IME60201>A blade beloved 
by adventurers.","<IME60201>冒険者の多くが愛用する片手剣。","<IME60201>深受冒险者喜爱的单手剑。
<IME60201>A blade beloved 
by adventurers."
"60202","<IME60202>Forged by a blacksmith 
of great renown.","<IME60202>人気の鍛冶職人が鍛えた頑丈な剣。","<IME60202>名匠锻造的坚固长剑。
<IME60202>Forged by a blacksmith 
of great renown."
"60203","<IME60203>The blade of a 
famous bounty hunter.","<IME60203>名高い賞金稼ぎが使っていた風の剣。","<IME60203>著名赏金猎人用过的风之剑。
<IME60203>The blade of a 
famous bounty hunter."
"60204","<IME60204>A sword only the 
strong may wield.","<IME60204>強者のみが持つことを許された業物。","<IME60204>只有强者才有资格挥舞的宝剑。
<IME60204>A sword only the 
strong may wield."
"60205","<IME60205>Once led an ancient hero to victory.","<IME60205>古の英雄を勝利に導いた伝説の宝剣。","<IME60205>曾引领古代英雄走向胜利的传说宝剑。
<IME60205>Once led an ancient hero to victory."
"60301","<IME60301>Crafted with sacred 
timber.","<IME60301>霊木から造られた一般的な杖。","<IME60301>以灵木制成的常见法杖。
<IME60301>Crafted with sacred 
timber."
"60302","<IME60302>Crafted by an artisan 
of great renown.","<IME60302>人気の細工師が造った丈夫な杖。","<IME60302>名匠制作的坚固法杖。
<IME60302>Crafted by an artisan 
of great renown."
"60303","<IME60303>The staff of a famous 
magician.","<IME60303>名高い術士が使用していた雷の杖。","<IME60303>著名术士用过的雷之杖。
<IME60303>The staff of a famous 
magician."
"60304","<IME60304>A staff only the wise 
may wield.","<IME60304>賢者のみが持つことを許された至高の杖。","<IME60304>只有贤者才有资格持有的至高法杖。
<IME60304>A staff only the wise 
may wield."
"60305","<IME60305>Contains the power of the old gods.","<IME60305>古の神々の力を宿す、聖なる杖。","<IME60305>寄宿着古神之力的圣杖。
<IME60305>Contains the power of the old gods."
"60402","<IME60402>A common whip favored by the circus.","<IME60402>サーカス団で用いられる一般的な鞭。","<IME60402>马戏团常用的普通长鞭。
<IME60402>A common whip favored by the circus."
"60403","<IME60403>A supple whip made from monster hides.","<IME60403>魔物の皮が用いられた、しなやかな鞭。","<IME60403>以魔物皮革制成，柔韧异常。
<IME60403>A supple whip made from monster hides."
"60404","<IME60404>Can crack boulders in twain.","<IME60404>岩をも砕く力を持つ、竜の形を模した鞭。","<IME60404>仿照巨龙而制，威力足以碎岩。
<IME60404>Can crack boulders in twain."
"60405","<IME60405>Figures prominently in many an ancient myth.","<IME60405>古の神話に登場する、伝説の鞭。","<IME60405>古老神话中出现的传说长鞭。
<IME60405>Figures prominently in many an ancient myth."
"62100","<IME62100>Armor beloved by 
adventurers.","<IME62100>多くの冒険者が愛用する鉄製の鎧。","<IME62100>深受冒险者喜爱的铁制铠甲。
<IME62100>Armor beloved by 
adventurers."
"62110","<IME62110>Forged by a blacksmith 
of great renown.","<IME62110>人気の鍛冶職人が造った頑丈な鎧。","<IME62110>名匠打造的坚固铠甲。
<IME62110>Forged by a blacksmith 
of great renown."
"62120","<IME62120>The armor of a famous 
admiral.","<IME62120>名高い海軍の将が愛用していた鎧。","<IME62120>著名海军将领爱用的铠甲。
<IME62120>The armor of a famous 
admiral."
"62130","<IME62130>The armor of an 
infamous soldier.","<IME62130>悪名高き闇の戦士が纏っていた鎧。","<IME62130>臭名昭著的黑暗战士曾穿过的铠甲。
<IME62130>The armor of an 
infamous soldier."
"62140","<IME62140>Heaven's gift to an ancient king.","<IME62140>古の覇王が天から授かった伝説の鎧。","<IME62140>古代霸王获上天赐予的传说铠甲。
<IME62140>Heaven's gift to an ancient king."
"62200","<IME62200>A breastplate beloved 
by adventurers.","<IME62200>多くの冒険者が愛用する胸当て。","<IME62200>深受冒险者喜爱的胸甲。
<IME62200>A breastplate beloved 
by adventurers."
"62210","<IME62210>Forged by a blacksmith 
of great renown.","<IME62210>人気の鍛冶職人が造った頑丈な胸当て。","<IME62210>名匠打造的坚固胸甲。
<IME62210>Forged by a blacksmith 
of great renown."
"62220","<IME62220>The breastplate of a 
famous sellsword.","<IME62220>名高い傭兵が使用していた胸当て。","<IME62220>著名佣兵曾使用的胸甲。
<IME62220>The breastplate of a 
famous sellsword."
"62230","<IME62230>A breastplate beloved 
by chieftains.","<IME62230>蛮族の将が愛用していた胸当て。","<IME62230>蛮族将领爱用的胸甲。
<IME62230>A breastplate beloved 
by chieftains."
"62240","<IME62240>Imbued with the power of the ancient gods of war.","<IME62240>古の武神の力を宿した胸当て。","<IME62240>寄宿着古代武神之力的胸甲。
<IME62240>Imbued with the power of the ancient gods of war."
"62300","<IME62300>Clothes favored by adventurers aplenty.","<IME62300>多くの冒険者が愛用する服。","<IME62300>深受冒险者喜爱的服装。
<IME62300>Clothes favored by adventurers aplenty."
"62310","<IME62310>Designed by a tailor 
of great renown.","<IME62310>人気の服飾家がデザインした軽量な服。","<IME62310>出自名服装设计师之手，轻便灵巧。
<IME62310>Designed by a tailor 
of great renown."
"62320","<IME62320>Attire gifted by a king to a renowned martialist.","<IME62320>名高い武芸家が王より賜りし装束。","<IME62320>国王赐予著名武艺家的衣装。
<IME62320>Attire gifted by a king to a renowned martialist."
"62330","<IME62330>Lightweight, and easy to dodge in.","<IME62330>巧みな動きで敵の攻撃を躱すことがある舞踏服。","<IME62330>轻便的舞衣，有时能巧妙避开敌袭。
<IME62330>Lightweight, and easy to dodge in."
"62340","<IME62340>Heavenly garb that reduces suffering.","<IME62340>古の英雄の導きで受難に遭いにくくなる天の衣。","<IME62340>天赐之衣，受古代英雄庇佑，不易遭难。
<IME62340>Heavenly garb that reduces suffering."
"62350","<IME62350>回避100の服。","<IME62350>回避100の服。","<IME62350>回避100の服。"
"63100","<IME63100>Imbued with 
protective magic.","<IME63100>込められた魔力により<br>身を守る指輪。","<IME63100>蕴含守护魔<br>力的戒指。
<IME63100>Imbued with 
protective magic."
"63110","<IME63110>Protects against 
fire.","<IME63110>火属性の攻撃から<br>身を守る指輪。","<IME63110>抵御火属性<br>攻击的戒指。
<IME63110>Protects against 
fire."
"63120","<IME63120>Protects against 
water.","<IME63120>水属性の攻撃から<br>身を守る指輪。","<IME63120>抵御水属性<br>攻击的戒指。
<IME63120>Protects against 
water."
"63130","<IME63130>Protects against 
bolt.","<IME63130>雷属性の攻撃から<br>身を守る指輪。","<IME63130>抵御雷属性<br>攻击的戒指。
<IME63130>Protects against 
bolt."
"63140","<IME63140>Protects against 
wind.","<IME63140>風属性の攻撃から<br>身を守る指輪。","<IME63140>抵御风属性<br>攻击的戒指。
<IME63140>Protects against 
wind."
"63150","<IME63150>Protects against 
light.","<IME63150>光属性の攻撃から<br>身を守る指輪。","<IME63150>抵御光属性<br>攻击的戒指。
<IME63150>Protects against 
light."
"63160","<IME63160>Protects against 
dark.","<IME63160>闇属性の攻撃から<br>身を守る指輪。","<IME63160>抵御暗属性<br>攻击的戒指。
<IME63160>Protects against 
dark."
"63170","<IME63170>Protects against 
poison.","<IME63170>毒から身を守る指輪。","<IME63170>防止中毒的戒指。
<IME63170>Protects against 
poison."
"63180","<IME63180>Protects against 
paralysis.","<IME63180>麻痺から身を守る指輪。","<IME63180>防止麻痹的戒指。
<IME63180>Protects against 
paralysis."
"63190","<IME63190>Protects against 
freeze.","<IME63190>凍結から身を守る指輪。","<IME63190>防止冻结的戒指。
<IME63190>Protects against 
freeze."
"63200","<IME63200>Protects against 
seal.","<IME63200>封印から身を守る指輪。","<IME63200>防止封印的戒指。
<IME63200>Protects against 
seal."
"63210","<IME63210>Protects against 
curse.","<IME63210>呪いから身を守る指輪。","<IME63210>防止诅咒的戒指。
<IME63210>Protects against 
curse."
"63220","<IME63220>Recover 3 HP at the start of each turn.","<IME63220>ターン毎にＨＰが<br>３回復する指輪。","<IME63220>每回合开始时<br>恢复3点HP的戒指。
<IME63220>Recover 3 HP at the start of each turn."
"63230","<IME63230>Increases critical chance.","<IME63230>クリティカル発生率が<br>上がる指輪。","<IME63230>提高暴击率<br>的戒指。
<IME63230>Increases critical chance."
"63240","<IME63240>Increases chance to evade attacks.","<IME63240>敵の攻撃を避ける確率が<br>上がる指輪。","<IME63240>提高闪避<br>率的戒指。
<IME63240>Increases chance to evade attacks."
"63250","<IME63250>Gain 1 extra gem at the start of battle.","<IME63250>戦闘開始時のジェムが<br>１個増える指輪。","<IME63250>战斗开始时额外获得<br>1枚宝石的戒指。
<IME63250>Gain 1 extra gem at the start of battle."
"63260","<IME63260>Raises ATK in exchange for DEF.","<IME63260>防御と引き換えに、攻撃を上げる指輪。","<IME63260>以防御为代价提高攻击的戒指。
<IME63260>Raises ATK in exchange for DEF."
"63270","<IME63270>Raises DEF and VIT in exchange for ATK.","<IME63270>攻撃と引き換えに、防御と体力を上げる指輪。","<IME63270>以攻击为代价提高防御与体力的戒指。
<IME63270>Raises DEF and VIT in exchange for ATK."
"63280","<IME63280>Raises SPD in exchange for ATK.","<IME63280>攻撃と引き換えに、速さを上げる指輪。","<IME63280>以攻击为代价提高速度的戒指。
<IME63280>Raises SPD in exchange for ATK."
"63290","<IME63290>Increases ATK, DEF, SPD, and VIT.","<IME63290>攻撃、防御、速さ、体力を全て上げる指輪。","<IME63290>同时提高攻击、防御、速度与体力的戒指。
<IME63290>Increases ATK, DEF, SPD, and VIT."
"63900","<IME63900>Wards off weaker monsters.","<IME63900>弱い魔物を退ける力を持つ特別な指輪。","<IME63900>拥有驱散弱小魔物之力的特殊戒指。
<IME63900>Wards off weaker monsters."
"63994","Gain immunity 
to ATK ↓, DEF ↓.","<IME63994>攻撃、防御ダウン状態にならなくなる。","<IME63994>不会陷入攻击下降或防御下降。
Gain immunity 
to ATK ↓, DEF ↓."
"63995","<IME63995>全ての状態異常にならなくなる。","<IME63995>全ての状態異常にならなくなる。","<IME63995>全ての状態異常にならなくなる。"
"70001","Apprentice Monster
Tamer Certificate","見習い魔物使い<br>認定証","见习魔物<br>使认证证书
Apprentice Monster
Tamer Certificate"
"70002","Rookie Monster
Tamer Certificate","新人魔物使い<br>認定証","新人魔物<br>使认证证书
Rookie Monster
Tamer Certificate"
"70003","Established Monster
Tamer Certificate","一人前の魔物使い<br>認定証","正式魔物<br>使认证证书
Established Monster
Tamer Certificate"
"70004","Skilled Monster
Tamer Certificate","中堅魔物使い<br>認定証","中坚魔物<br>使认证证书
Skilled Monster
Tamer Certificate"
"70005","Seasoned Monster
Tamer Certificate","熟練の魔物使い<br>認定証","熟练魔物<br>使认证证书
Seasoned Monster
Tamer Certificate"
"70006","Expert Monster
Tamer Certificate","大物の魔物使い<br>認定証","资深魔物<br>使认证证书
Expert Monster
Tamer Certificate"
"70007","Master Monster
Tamer Certificate","魔物使い師範代<br>認定証","魔物使师范<br>代认证证书
Master Monster
Tamer Certificate"
"70008","Legendary Monster
Tamer Certificate","伝説の魔物使い<br>認定証","传说魔物<br>使认证证书
Legendary Monster
Tamer Certificate"
"700000","You pulled a dud. Nothing happened.","ハズレを引いたようだ。<br>何も起こらなかった。","看来抽到了空签。<br>什么也没发生。
You pulled a dud. Nothing happened."
"701001","Add 3 to all allies'
and enemies' ATK.","敵味方全体の攻撃が３追加される。","敌我双方全体攻击 +3。
Add 3 to all allies'
and enemies' ATK."
"701002","Add 2 to all allies'
and enemies' DEF.","敵味方全体の防御が２追加される。","敌我双方全体防御 +2。
Add 2 to all allies'
and enemies' DEF."
"701003","Add 3 to all allies'
and enemies' recovery rate.","敵味方全体の回復量が３追加される。","敌我双方全体恢复量 +3。
Add 3 to all allies'
and enemies' recovery rate."
"701004","All allies and enemies
take 2 damage.","敵味方全体が２ダメージを受ける。","敌我双方全体受到2点伤害。
All allies and enemies
take 2 damage."
"701005","Gain an additional 150G upon victory.","戦闘勝利時、獲得ゴールドが１５０追加される。","战斗胜利时额外获得150G。
Gain an additional 150G upon victory."
"701006","Add 2 to all allies'
and enemies' ATK.","敵味方全体の攻撃が２追加される。","敌我双方全体攻击 +2。
Add 2 to all allies'
and enemies' ATK."
"701007","Add 3 to fire damage
dealt by all allies.","味方全体の与える火ダメージが３追加される。","全体我方造成的火属性伤害 +3。
Add 3 to fire damage
dealt by all allies."
"701008","Ensures all allies' and enemies'
attacks all land.","敵味方全体の攻撃が必中になる。","敌我双方所有攻击必定命中。
Ensures all allies' and enemies'
attacks all land."
"701009","Gain an additional 100 EXP upon victory.","戦闘勝利時、獲得経験値が１００追加される。","战斗胜利时额外获得100点EXP。
Gain an additional 100 EXP upon victory."
"701010","Decrease fire damage
dealt to all enemies
by 5.","敵全体の受ける火ダメージが５減少する。","全体敌方受到的火属性伤害减少5。
Decrease fire damage
dealt to all enemies
by 5."
"701011","Inflict paralysis
on all enemies
for 1 turn.","敵全体が１ターン、麻痺状態になる。","全体敌方陷入麻痹，持续1回合。
Inflict paralysis
on all enemies
for 1 turn."
"701012","Add 3 to water
damage dealt by
all allies.","味方全体の与える水ダメージが３追加される。","全体我方造成的水属性伤害 +3。
Add 3 to water
damage dealt by
all allies."
"701013","All allies consume
1 fewer gems.","味方全体のジェム消費数が１つ減少する。","全体我方技能消耗的宝石减少1枚。
All allies consume
1 fewer gems."
"701014","Gain 3 gems.","ジェムを３つ獲得する。","获得3枚宝石。
Gain 3 gems."
"701015","EXP earned from victory increases 2×.","戦闘勝利時、獲得経験値が２倍になる。","战斗胜利获得的EXP变为2倍。
EXP earned from victory increases 2×."
"701016","Cure all allies and enemies
of all status ailments
except KO.","敵味方全体の「戦闘不能」を除くすべての状態異常が回復する。","解除敌我双方除战斗不能外的所有异常状态。
Cure all allies and enemies
of all status ailments
except KO."
"701017","Gold earned from victory increases 2×.","戦闘勝利時、獲得ゴールドが２倍になる。","战斗胜利获得的G变为2倍。
Gold earned from victory increases 2×."
"701018","Add 2 to all allies'
DEF.","味方全体の防御が２追加される。","全体我方防御 +2。
Add 2 to all allies'
DEF."
"701019","All allies recover
5 HP.","味方全体のＨＰが５回復する。","全体我方恢复5点HP。
All allies recover
5 HP."
"701020","Add 3 to wind damage
dealt by all allies and enemies.","敵味方全体の与える風ダメージが３追加される。","敌我双方全体造成的风属性伤害 +3。
Add 3 to wind damage
dealt by all allies and enemies."
"710000","Happenstance Cards
will trigger each turn
during this battle.","このバトルはターン毎にハプニングが発生する。","本场战斗每回合都会触发突发事件。
Happenstance Cards
will trigger each turn
during this battle."
"710101","All allies and enemies take
1 damage.","敵味方全体が１ダメージを受ける。","敌我双方全体受到1点伤害。
All allies and enemies take
1 damage."
"710102","All allies and enemies take
2 damage.","敵味方全体が２ダメージを受ける。","敌我双方全体受到2点伤害。
All allies and enemies take
2 damage."
"710103","All allies and enemies take
3 damage.","敵味方全体が３ダメージを受ける。","敌我双方全体受到3点伤害。
All allies and enemies take
3 damage."
"710104","All allies and enemies take
4 damage.","敵味方全体が４ダメージを受ける。","敌我双方全体受到4点伤害。
All allies and enemies take
4 damage."
"710105","All allies and enemies take
5 damage.","敵味方全体が５ダメージを受ける。","敌我双方全体受到5点伤害。
All allies and enemies take
5 damage."
"710106","All allies and enemies take
6 damage.","敵味方全体が６ダメージを受ける。","敌我双方全体受到6点伤害。
All allies and enemies take
6 damage."
"710107","All allies and enemies take
7 damage.","敵味方全体が７ダメージを受ける。","敌我双方全体受到7点伤害。
All allies and enemies take
7 damage."
"710201","One ally or Enemy take
1 damage.","敵味方いずれか１体が１ダメージを受ける。","敌我双方随机1名角色受到1点伤害。
One ally or Enemy take
1 damage."
"710202","One ally or Enemy take
2 damage.","敵味方いずれか１体が２ダメージを受ける。","敌我双方随机1名角色受到2点伤害。
One ally or Enemy take
2 damage."
"710203","One ally or Enemy take
3 damage.","敵味方いずれか１体が３ダメージを受ける。","敌我双方随机1名角色受到3点伤害。
One ally or Enemy take
3 damage."
"710204","One ally or Enemy take
4 damage.","敵味方いずれか１体が４ダメージを受ける。","敌我双方随机1名角色受到4点伤害。
One ally or Enemy take
4 damage."
"710205","One ally or Enemy take
5 damage.","敵味方いずれか１体が５ダメージを受ける。","敌我双方随机1名角色受到5点伤害。
One ally or Enemy take
5 damage."
"710206","One ally or Enemy take
6 damage.","敵味方いずれか１体が６ダメージを受ける。","敌我双方随机1名角色受到6点伤害。
One ally or Enemy take
6 damage."
"710207","One ally or Enemy take
7 damage.","敵味方いずれか１体が７ダメージを受ける。","敌我双方随机1名角色受到7点伤害。
One ally or Enemy take
7 damage."
"710301","All allies take
1 damage.","味方全体が１ダメージを受ける。","全体我方受到1点伤害。
All allies take
1 damage."
"710302","All allies take
2 damage.","味方全体が２ダメージを受ける。","全体我方受到2点伤害。
All allies take
2 damage."
"710303","All allies take
3 damage.","味方全体が３ダメージを受ける。","全体我方受到3点伤害。
All allies take
3 damage."
"710304","All allies take
4 damage.","味方全体が４ダメージを受ける。","全体我方受到4点伤害。
All allies take
4 damage."
"710305","All allies take
5 damage.","味方全体が５ダメージを受ける。","全体我方受到5点伤害。
All allies take
5 damage."
"710306","All allies take
6 damage.","味方全体が６ダメージを受ける。","全体我方受到6点伤害。
All allies take
6 damage."
"710307","All allies take
7 damage.","味方全体が７ダメージを受ける。","全体我方受到7点伤害。
All allies take
7 damage."
"710311","Take 1 damage per turn from poison.","毒の影響で<br>１ダメージを受ける。","受中毒影响，<br>每回合受到1点伤害。
Take 1 damage per turn from poison."
"710312","Take 2 damage per turn from poison.","毒の影響で<br>２ダメージを受ける。","受中毒影响，<br>每回合受到2点伤害。
Take 2 damage per turn from poison."
"710313","Take 3 damage per turn from poison.","毒の影響で<br>３ダメージを受ける。","受中毒影响，<br>每回合受到3点伤害。
Take 3 damage per turn from poison."
"710314","Take 4 damage per turn from poison.","毒の影響で<br>４ダメージを受ける。","受中毒影响，<br>每回合受到4点伤害。
Take 4 damage per turn from poison."
"710315","Take 5 damage per turn from poison.","毒の影響で<br>５ダメージを受ける。","受中毒影响，<br>每回合受到5点伤害。
Take 5 damage per turn from poison."
"710316","Take 6 damage per turn from poison.","毒の影響で<br>６ダメージを受ける。","受中毒影响，<br>每回合受到6点伤害。
Take 6 damage per turn from poison."
"710401","All enemies take
1 damage.","敵全体が１ダメージを受ける。","全体敌方受到1点伤害。
All enemies take
1 damage."
"710402","All enemies take
2 damage.","敵全体が２ダメージを受ける。","全体敌方受到2点伤害。
All enemies take
2 damage."
"710403","All enemies take
3 damage.","敵全体が３ダメージを受ける。","全体敌方受到3点伤害。
All enemies take
3 damage."
"710404","All enemies take
4 damage.","敵全体が４ダメージを受ける。","全体敌方受到4点伤害。
All enemies take
4 damage."
"710405","All enemies take
5 damage.","敵全体が５ダメージを受ける。","全体敌方受到5点伤害。
All enemies take
5 damage."
"710406","All enemies take
6 damage.","敵全体が６ダメージを受ける。","全体敌方受到6点伤害。
All enemies take
6 damage."
"710407","All enemies take
7 damage.","敵全体が７ダメージを受ける。","全体敌方受到7点伤害。
All enemies take
7 damage."
"721101","Inflict poison on all allies and enemies for 1 turn.","敵味方全体が１ターンだけ、毒状態になる。","敌我双方全体陷入中毒，持续1回合。
Inflict poison on all allies and enemies for 1 turn."
"721102","Inflict poison on all allies and enemies for 2 turns.","敵味方全体が２ターン、毒状態になる。","敌我双方全体陷入中毒，持续2回合。
Inflict poison on all allies and enemies for 2 turns."
"721201","Inflict poison
on one ally or enemy
for 1 turn.","敵味方いずれか１体が１ターンだけ、毒状態になる。","敌我双方随机1名角色陷入中毒，持续1回合。
Inflict poison
on one ally or enemy
for 1 turn."
"721202","Inflict poison
on one ally or enemy
for 2 turns.","敵味方いずれか１体が２ターン、毒状態になる。","敌我双方随机1名角色陷入中毒，持续2回合。
Inflict poison
on one ally or enemy
for 2 turns."
"721301","Inflict poison
on all allies
for 1 turn.","味方全体が１ターンだけ、毒状態になる。","全体我方陷入中毒，持续1回合。
Inflict poison
on all allies
for 1 turn."
"721302","Inflict poison
on all allies
for 2 turns.","味方全体が２ターン、毒状態になる。","全体我方陷入中毒，持续2回合。
Inflict poison
on all allies
for 2 turns."
"721401","Inflict poison
on all enemies
for 1 turn.","敵全体が１ターンだけ、毒状態になる。","全体敌方陷入中毒，持续1回合。
Inflict poison
on all enemies
for 1 turn."
"721402","Inflict poison
on all enemies
for 2 turns.","敵全体が２ターン、毒状態になる。","全体敌方陷入中毒，持续2回合。
Inflict poison
on all enemies
for 2 turns."
"722101","Inflict deadly poison
on all allies and enemies
for 1 turn.","敵味方全体が１ターンだけ、猛毒状態になる。","敌我双方全体陷入猛毒，持续1回合。
Inflict deadly poison
on all allies and enemies
for 1 turn."
"722102","Inflict deadly poison
on all allies and enemies
for 2 turns.","敵味方全体が２ターン、猛毒状態になる。","敌我双方全体陷入猛毒，持续2回合。
Inflict deadly poison
on all allies and enemies
for 2 turns."
"722201","Inflict deadly poison
on One ally or Enemy
for 1 turn.","敵味方いずれか１体が１ターンだけ、猛毒状態になる。","敌我双方随机1名角色陷入猛毒，持续1回合。
Inflict deadly poison
on One ally or Enemy
for 1 turn."
"722202","Inflict deadly poison
on One ally or Enemy
for 2 turns.","敵味方いずれか１体が２ターン、猛毒状態になる。","敌我双方随机1名角色陷入猛毒，持续2回合。
Inflict deadly poison
on One ally or Enemy
for 2 turns."
"722301","Inflict deadly poison
on all allies
for 1 turn.","味方全体が１ターンだけ、猛毒状態になる。","全体我方陷入猛毒，持续1回合。
Inflict deadly poison
on all allies
for 1 turn."
"722302","Inflict deadly poison
on all allies
for 2 turns.","味方全体が２ターン、猛毒状態になる。","全体我方陷入猛毒，持续2回合。
Inflict deadly poison
on all allies
for 2 turns."
"722401","Inflict deadly poison
on all enemies
for 1 turn.","敵全体が１ターンだけ、猛毒状態になる。","全体敌方陷入猛毒，持续1回合。
Inflict deadly poison
on all enemies
for 1 turn."
"722402","Inflict deadly poison
on all enemies
for 2 turns.","敵全体が２ターン、猛毒状態になる。","全体敌方陷入猛毒，持续2回合。
Inflict deadly poison
on all enemies
for 2 turns."
"723101","Inflict paralysis
on all allies and enemies
for 1 turn.","敵味方全体が１ターンだけ、麻痺状態になる。","敌我双方全体陷入麻痹，持续1回合。
Inflict paralysis
on all allies and enemies
for 1 turn."
"723102","Inflict paralysis
on all allies and enemies
for 2 turns.","敵味方全体が２ターン、麻痺状態になる。","敌我双方全体陷入麻痹，持续2回合。
Inflict paralysis
on all allies and enemies
for 2 turns."
"723201","Inflict paralysis
on One ally or Enemy
for 1 turn.","敵味方いずれか１体が１ターンだけ、麻痺状態になる。","敌我双方随机1名角色陷入麻痹，持续1回合。
Inflict paralysis
on One ally or Enemy
for 1 turn."
"723202","Inflict paralysis
on One ally or Enemy
for 2 turns.","敵味方いずれか１体が２ターン、麻痺状態になる。","敌我双方随机1名角色陷入麻痹，持续2回合。
Inflict paralysis
on One ally or Enemy
for 2 turns."
"723301","Inflict paralysis
on all allies
for 1 turn.","味方全体が１ターンだけ、麻痺状態になる。","全体我方陷入麻痹，持续1回合。
Inflict paralysis
on all allies
for 1 turn."
"723302","Inflict paralysis
on all allies
for 2 turns.","味方全体が２ターン、麻痺状態になる。","全体我方陷入麻痹，持续2回合。
Inflict paralysis
on all allies
for 2 turns."
"723401","Inflict paralysis
on all enemies
for 1 turn.","敵全体が１ターンだけ、麻痺状態になる。","全体敌方陷入麻痹，持续1回合。
Inflict paralysis
on all enemies
for 1 turn."
"723402","Inflict paralysis
on all enemies
for 2 turns.","敵全体が２ターン、麻痺状態になる。","全体敌方陷入麻痹，持续2回合。
Inflict paralysis
on all enemies
for 2 turns."
"724101","Inflict freeze
on all allies and enemies
for 1 turn.","敵味方全体が１ターンだけ、凍結状態になる。","敌我双方全体陷入冻结，持续1回合。
Inflict freeze
on all allies and enemies
for 1 turn."
"724102","Inflict freeze
on all allies and enemies
for 2 turns.","敵味方全体が２ターン、凍結状態になる。","敌我双方全体陷入冻结，持续2回合。
Inflict freeze
on all allies and enemies
for 2 turns."
"724201","Inflict freeze
on One ally or Enemy
for 1 turn.","敵味方いずれか１体が１ターンだけ、凍結状態になる。","敌我双方随机1名角色陷入冻结，持续1回合。
Inflict freeze
on One ally or Enemy
for 1 turn."
"724202","Inflict freeze
on One ally or Enemy
for 2 turns.","敵味方いずれか１体が２ターン、凍結状態になる。","敌我双方随机1名角色陷入冻结，持续2回合。
Inflict freeze
on One ally or Enemy
for 2 turns."
"724301","Inflict freeze
on all allies
for 1 turn.","味方全体が１ターンだけ、凍結状態になる。","全体我方陷入冻结，持续1回合。
Inflict freeze
on all allies
for 1 turn."
"724302","Inflict freeze
on all allies
for 2 turns.","味方全体が２ターン、凍結状態になる。","全体我方陷入冻结，持续2回合。
Inflict freeze
on all allies
for 2 turns."
"724401","Inflict freeze
on all enemies
for 1 turn.","敵全体が１ターンだけ、凍結状態になる。","全体敌方陷入冻结，持续1回合。
Inflict freeze
on all enemies
for 1 turn."
"724402","Inflict freeze
on all enemies
for 2 turns.","敵全体が２ターン、凍結状態になる。","全体敌方陷入冻结，持续2回合。
Inflict freeze
on all enemies
for 2 turns."
"725101","Inflict curse on all allies and enemies for 1 turn.","敵味方全体が１ターンだけ、呪い状態になる。","敌我双方全体陷入诅咒，持续1回合。
Inflict curse on all allies and enemies for 1 turn."
"725102","Inflict curse on all allies and enemies for 2 turns.","敵味方全体が２ターン、呪い状態になる。","敌我双方全体陷入诅咒，持续2回合。
Inflict curse on all allies and enemies for 2 turns."
"725201","Inflict curse
on One ally or Enemy
for 1 turn.","敵味方いずれか１体が１ターンだけ、呪い状態になる。","敌我双方随机1名角色陷入诅咒，持续1回合。
Inflict curse
on One ally or Enemy
for 1 turn."
"725202","Inflict curse
on One ally or Enemy
for 2 turns.","敵味方いずれか１体が２ターン、呪い状態になる。","敌我双方随机1名角色陷入诅咒，持续2回合。
Inflict curse
on One ally or Enemy
for 2 turns."
"725301","Inflict curse
on all allies
for 1 turn.","味方全体が１ターンだけ、呪い状態になる。","全体我方陷入诅咒，持续1回合。
Inflict curse
on all allies
for 1 turn."
"725302","Inflict curse
on all allies
for 2 turns.","味方全体が２ターン、呪い状態になる。","全体我方陷入诅咒，持续2回合。
Inflict curse
on all allies
for 2 turns."
"725401","Inflict curse
on all enemies
for 1 turn.","敵全体が１ターンだけ、呪い状態になる。","全体敌方陷入诅咒，持续1回合。
Inflict curse
on all enemies
for 1 turn."
"725402","Inflict curse
on all enemies
for 2 turns.","敵全体が２ターン、呪い状態になる。","全体敌方陷入诅咒，持续2回合。
Inflict curse
on all enemies
for 2 turns."
"726101","Inflict seal on all allies and enemies for 1 turn.","敵味方全体が１ターンだけ、封印状態になる。","敌我双方全体陷入封印，持续1回合。
Inflict seal on all allies and enemies for 1 turn."
"726102","Inflict seal on all allies and enemies for 2 turns.","敵味方全体が２ターン、封印状態になる。","敌我双方全体陷入封印，持续2回合。
Inflict seal on all allies and enemies for 2 turns."
"726201","Inflict seal on One ally or Enemy for 1 turn.","敵味方いずれか１体が１ターンだけ、封印状態になる。","敌我双方随机1名角色陷入封印，持续1回合。
Inflict seal on One ally or Enemy for 1 turn."
"726202","Inflict seal on One ally or Enemy for 2 turns.","敵味方いずれか１体が２ターン、封印状態になる。","敌我双方随机1名角色陷入封印，持续2回合。
Inflict seal on One ally or Enemy for 2 turns."
"726301","Inflict seal on all allies for 1 turn.","味方全体が１ターンだけ、封印状態になる。","全体我方陷入封印，持续1回合。
Inflict seal on all allies for 1 turn."
"726302","Inflict seal on all allies for 2 turns.","味方全体が２ターン、封印状態になる。","全体我方陷入封印，持续2回合。
Inflict seal on all allies for 2 turns."
"726401","Inflict seal on all enemies for 1 turn.","敵全体が１ターンだけ、封印状態になる。","全体敌方陷入封印，持续1回合。
Inflict seal on all enemies for 1 turn."
"726402","Inflict seal on all enemies for 2 turns.","敵全体が２ターン、封印状態になる。","全体敌方陷入封印，持续2回合。
Inflict seal on all enemies for 2 turns."
"730100","Cure all allies and enemies
of all status ailments
except KO.","敵味方全体の「戦闘不能」を除くすべての状態異常が回復する。","解除敌我双方除战斗不能外的所有异常状态。
Cure all allies and enemies
of all status ailments
except KO."
"730300","Cure all allies
of all status ailments
except KO.","味方全体の「戦闘不能」を除くすべての状態異常が回復する。","解除全体我方除战斗不能外的所有异常状态。
Cure all allies
of all status ailments
except KO."
"730400","Cure all enemies
of all status ailments
except KO.","敵全体の「戦闘不能」を除くすべての状態異常が回復する。","解除全体敌方除战斗不能外的所有异常状态。
Cure all enemies
of all status ailments
except KO."
"740101","All allies and enemies recover
1 HP.","敵味方全体のＨＰが１回復する。","敌我双方全体恢复1点HP。
All allies and enemies recover
1 HP."
"740102","All allies and enemies recover
2 HP.","敵味方全体のＨＰが２回復する。","敌我双方全体恢复2点HP。
All allies and enemies recover
2 HP."
"740103","All allies and enemies recover
3 HP.","敵味方全体のＨＰが３回復する。","敌我双方全体恢复3点HP。
All allies and enemies recover
3 HP."
"740104","All allies and enemies recover
4 HP.","敵味方全体のＨＰが４回復する。","敌我双方全体恢复4点HP。
All allies and enemies recover
4 HP."
"740105","All allies and enemies recover
5 HP.","敵味方全体のＨＰが５回復する。","敌我双方全体恢复5点HP。
All allies and enemies recover
5 HP."
"740106","All allies and enemies recover
6 HP.","敵味方全体のＨＰが６回復する。","敌我双方全体恢复6点HP。
All allies and enemies recover
6 HP."
"740201","One ally or enemy recovers
1 HP.","敵味方いずれか１体のＨＰが１回復する。","敌我双方随机1名角色恢复1点HP。
One ally or enemy recovers
1 HP."
"740202","One ally or enemy recovers
2 HP.","敵味方いずれか１体のＨＰが２回復する。","敌我双方随机1名角色恢复2点HP。
One ally or enemy recovers
2 HP."
"740203","One ally or enemy recovers
3 HP.","敵味方いずれか１体のＨＰが３回復する。","敌我双方随机1名角色恢复3点HP。
One ally or enemy recovers
3 HP."
"740204","One ally or enemy recovers
4 HP.","敵味方いずれか１体のＨＰが４回復する。","敌我双方随机1名角色恢复4点HP。
One ally or enemy recovers
4 HP."
"740205","One ally or enemy recovers
5 HP.","敵味方いずれか１体のＨＰが５回復する。","敌我双方随机1名角色恢复5点HP。
One ally or enemy recovers
5 HP."
"740206","One ally or enemy recovers
6 HP.","敵味方いずれか１体のＨＰが６回復する。","敌我双方随机1名角色恢复6点HP。
One ally or enemy recovers
6 HP."
"740301","All allies recover
1 HP.","味方全体のＨＰが１回復する。","全体我方恢复1点HP。
All allies recover
1 HP."
"740302","All allies recover
2 HP.","味方全体のＨＰが２回復する。","全体我方恢复2点HP。
All allies recover
2 HP."
"740303","All allies recover
3 HP.","味方全体のＨＰが３回復する。","全体我方恢复3点HP。
All allies recover
3 HP."
"740304","All allies recover
4 HP.","味方全体のＨＰが４回復する。","全体我方恢复4点HP。
All allies recover
4 HP."
"740305","All allies recover
5 HP.","味方全体のＨＰが５回復する。","全体我方恢复5点HP。
All allies recover
5 HP."
"740306","All allies recover
6 HP.","味方全体のＨＰが６回復する。","全体我方恢复6点HP。
All allies recover
6 HP."
"740401","All enemies recover
1 HP.","敵全体のＨＰが１回復する。","全体敌方恢复1点HP。
All enemies recover
1 HP."
"740402","All enemies recover
2 HP.","敵全体のＨＰが２回復する。","全体敌方恢复2点HP。
All enemies recover
2 HP."
"740403","All enemies recover
3 HP.","敵全体のＨＰが３回復する。","全体敌方恢复3点HP。
All enemies recover
3 HP."
"740404","All enemies recover
4 HP.","敵全体のＨＰが４回復する。","全体敌方恢复4点HP。
All enemies recover
4 HP."
"740405","All enemies recover
5 HP.","敵全体のＨＰが５回復する。","全体敌方恢复5点HP。
All enemies recover
5 HP."
"740406","All enemies recover
6 HP.","敵全体のＨＰが６回復する。","全体敌方恢复6点HP。
All enemies recover
6 HP."
"750101","Add 1 to all allies'
and enemies' ATK.","敵味方全体の攻撃が１追加される。","敌我双方全体攻击 +1。
Add 1 to all allies'
and enemies' ATK."
"750102","Add 2 to all allies'
and enemies' ATK.","敵味方全体の攻撃が２追加される。","敌我双方全体攻击 +2。
Add 2 to all allies'
and enemies' ATK."
"750103","Add 3 to all allies'
and enemies' ATK.","敵味方全体の攻撃が３追加される。","敌我双方全体攻击 +3。
Add 3 to all allies'
and enemies' ATK."
"750104","Add 4 to all allies'
and enemies' ATK.","敵味方全体の攻撃が４追加される。","敌我双方全体攻击 +4。
Add 4 to all allies'
and enemies' ATK."
"750105","Add 5 to all allies'
and enemies' ATK.","敵味方全体の攻撃が５追加される。","敌我双方全体攻击 +5。
Add 5 to all allies'
and enemies' ATK."
"750106","Add 6 to all allies'
and enemies' ATK.","敵味方全体の攻撃が６追加される。","敌我双方全体攻击 +6。
Add 6 to all allies'
and enemies' ATK."
"750201","Add 1 to one ally's
or enemy's ATK.","敵味方いずれか１体の攻撃が１追加される。","敌我双方随机1名角色攻击 +1。
Add 1 to one ally's
or enemy's ATK."
"750202","Add 2 to one ally's
or enemy's ATK.","敵味方いずれか１体の攻撃が２追加される。","敌我双方随机1名角色攻击 +2。
Add 2 to one ally's
or enemy's ATK."
"750203","Add 3 to one ally's
or enemy's ATK.","敵味方いずれか１体の攻撃が３追加される。","敌我双方随机1名角色攻击 +3。
Add 3 to one ally's
or enemy's ATK."
"750204","Add 4 to one ally's
or enemy's ATK.","敵味方いずれか１体の攻撃が４追加される。","敌我双方随机1名角色攻击 +4。
Add 4 to one ally's
or enemy's ATK."
"750205","Add 5 to one ally's
or enemy's ATK.","敵味方いずれか１体の攻撃が５追加される。","敌我双方随机1名角色攻击 +5。
Add 5 to one ally's
or enemy's ATK."
"750206","Add 6 to one ally's
or enemy's ATK.","敵味方いずれか１体の攻撃が６追加される。","敌我双方随机1名角色攻击 +6。
Add 6 to one ally's
or enemy's ATK."
"750301","Add 1 to
all allies' ATK.","味方全体の攻撃が１追加される。","全体我方攻击 +1。
Add 1 to
all allies' ATK."
"750302","Add 2 to
all allies' ATK.","味方全体の攻撃が２追加される。","全体我方攻击 +2。
Add 2 to
all allies' ATK."
"750303","Add 3 to
all allies' ATK.","味方全体の攻撃が３追加される。","全体我方攻击 +3。
Add 3 to
all allies' ATK."
"750304","Add 4 to
all allies' ATK.","味方全体の攻撃が４追加される。","全体我方攻击 +4。
Add 4 to
all allies' ATK."
"750305","Add 5 to
all allies' ATK.","味方全体の攻撃が５追加される。","全体我方攻击 +5。
Add 5 to
all allies' ATK."
"750306","Add 6 to
all allies' ATK.","味方全体の攻撃が６追加される。","全体我方攻击 +6。
Add 6 to
all allies' ATK."
"750401","Add 1 to
all enemies' ATK.","敵全体の攻撃が１追加される。","全体敌方攻击 +1。
Add 1 to
all enemies' ATK."
"750402","Add 2 to
all enemies' ATK.","敵全体の攻撃が２追加される。","全体敌方攻击 +2。
Add 2 to
all enemies' ATK."
"750403","Add 3 to
all enemies' ATK.","敵全体の攻撃が３追加される。","全体敌方攻击 +3。
Add 3 to
all enemies' ATK."
"750404","Add 4 to
all enemies' ATK.","敵全体の攻撃が４追加される。","全体敌方攻击 +4。
Add 4 to
all enemies' ATK."
"750405","Add 5 to
all enemies' ATK.","敵全体の攻撃が５追加される。","全体敌方攻击 +5。
Add 5 to
all enemies' ATK."
"750406","Add 6 to
all enemies' ATK.","敵全体の攻撃が６追加される。","全体敌方攻击 +6。
Add 6 to
all enemies' ATK."
"751101","Add 1 to all allies'
and enemies' DEF.","敵味方全体の防御が１追加される。","敌我双方全体防御 +1。
Add 1 to all allies'
and enemies' DEF."
"751102","Add 2 to all allies'
and enemies' DEF.","敵味方全体の防御が２追加される。","敌我双方全体防御 +2。
Add 2 to all allies'
and enemies' DEF."
"751103","Add 3 to all allies'
and enemies' DEF.","敵味方全体の防御が３追加される。","敌我双方全体防御 +3。
Add 3 to all allies'
and enemies' DEF."
"751104","Add 4 to all allies'
and enemies' DEF.","敵味方全体の防御が４追加される。","敌我双方全体防御 +4。
Add 4 to all allies'
and enemies' DEF."
"751105","Add 5 to all allies'
and enemies' DEF.","敵味方全体の防御が５追加される。","敌我双方全体防御 +5。
Add 5 to all allies'
and enemies' DEF."
"751201","Add 1 to one ally's
or enemy's DEF.","敵味方いずれか１体の防御が１追加される。","敌我双方随机1名角色防御 +1。
Add 1 to one ally's
or enemy's DEF."
"751202","Add 2 to one ally's
or enemy's DEF.","敵味方いずれか１体の防御が２追加される。","敌我双方随机1名角色防御 +2。
Add 2 to one ally's
or enemy's DEF."
"751203","Add 3 to one ally's
or enemy's DEF.","敵味方いずれか１体の防御が３追加される。","敌我双方随机1名角色防御 +3。
Add 3 to one ally's
or enemy's DEF."
"751204","Add 4 to one ally's
or enemy's DEF.","敵味方いずれか１体の防御が４追加される。","敌我双方随机1名角色防御 +4。
Add 4 to one ally's
or enemy's DEF."
"751205","Add 5 to one ally's
or enemy's DEF.","敵味方いずれか１体の防御が５追加される。","敌我双方随机1名角色防御 +5。
Add 5 to one ally's
or enemy's DEF."
"751301","Add 1 to
all allies' DEF.","味方全体の防御が１追加される。","全体我方防御 +1。
Add 1 to
all allies' DEF."
"751302","Add 2 to
all allies' DEF.","味方全体の防御が２追加される。","全体我方防御 +2。
Add 2 to
all allies' DEF."
"751303","Add 3 to
all allies' DEF.","味方全体の防御が３追加される。","全体我方防御 +3。
Add 3 to
all allies' DEF."
"751304","Add 4 to
all allies' DEF.","味方全体の防御が４追加される。","全体我方防御 +4。
Add 4 to
all allies' DEF."
"751305","Add 5 to
all allies' DEF.","味方全体の防御が５追加される。","全体我方防御 +5。
Add 5 to
all allies' DEF."
"751401","Add 1 to
all enemies' DEF.","敵全体の防御が１追加される。","全体敌方防御 +1。
Add 1 to
all enemies' DEF."
"751402","Add 2 to
all enemies' DEF.","敵全体の防御が２追加される。","全体敌方防御 +2。
Add 2 to
all enemies' DEF."
"751403","Add 3 to
all enemies' DEF.","敵全体の防御が３追加される。","全体敌方防御 +3。
Add 3 to
all enemies' DEF."
"751404","Add 4 to
all enemies' DEF.","敵全体の防御が４追加される。","全体敌方防御 +4。
Add 4 to
all enemies' DEF."
"751405","Add 5 to
all enemies' DEF.","敵全体の防御が５追加される。","全体敌方防御 +5。
Add 5 to
all enemies' DEF."
"752101","Add 1 to all enemies' and
allies' recovery rate.","敵味方全体の回復量が１追加される。","敌我双方全体恢复量 +1。
Add 1 to all enemies' and
allies' recovery rate."
"752102","Add 2 to all enemies' and
allies' recovery rate.","敵味方全体の回復量が２追加される。","敌我双方全体恢复量 +2。
Add 2 to all enemies' and
allies' recovery rate."
"752103","Add 3 to all enemies' and
allies' recovery rate.","敵味方全体の回復量が３追加される。","敌我双方全体恢复量 +3。
Add 3 to all enemies' and
allies' recovery rate."
"752104","Add 4 to all enemies' and
allies' recovery rate.","敵味方全体の回復量が４追加される。","敌我双方全体恢复量 +4。
Add 4 to all enemies' and
allies' recovery rate."
"752105","Add 5 to all enemies' and
allies' recovery rate.","敵味方全体の回復量が５追加される。","敌我双方全体恢复量 +5。
Add 5 to all enemies' and
allies' recovery rate."
"752106","Add 6 to all enemies' and
allies' recovery rate.","敵味方全体の回復量が６追加される。","敌我双方全体恢复量 +6。
Add 6 to all enemies' and
allies' recovery rate."
"752301","Add 1 to all allies'
recovery rate.","味方全体の回復量が１追加される。","全体我方恢复量 +1。
Add 1 to all allies'
recovery rate."
"752302","Add 2 to all allies'
recovery rate.","味方全体の回復量が２追加される。","全体我方恢复量 +2。
Add 2 to all allies'
recovery rate."
"752303","Add 3 to all allies'
recovery rate.","味方全体の回復量が３追加される。","全体我方恢复量 +3。
Add 3 to all allies'
recovery rate."
"752304","Add 4 to all allies'
recovery rate.","味方全体の回復量が４追加される。","全体我方恢复量 +4。
Add 4 to all allies'
recovery rate."
"752305","Add 5 to all allies'
recovery rate.","味方全体の回復量が５追加される。","全体我方恢复量 +5。
Add 5 to all allies'
recovery rate."
"752306","Add 6 to all allies'
recovery rate.","味方全体の回復量が６追加される。","全体我方恢复量 +6。
Add 6 to all allies'
recovery rate."
"752401","Add 1 to all enemies'
recovery rate.","敵全体の回復量が１追加される。","全体敌方恢复量 +1。
Add 1 to all enemies'
recovery rate."
"752402","Add 2 to all enemies'
recovery rate.","敵全体の回復量が２追加される。","全体敌方恢复量 +2。
Add 2 to all enemies'
recovery rate."
"752403","Add 3 to all enemies'
recovery rate.","敵全体の回復量が３追加される。","全体敌方恢复量 +3。
Add 3 to all enemies'
recovery rate."
"752404","Add 4 to all enemies'
recovery rate.","敵全体の回復量が４追加される。","全体敌方恢复量 +4。
Add 4 to all enemies'
recovery rate."
"752405","Add 5 to all enemies'
recovery rate.","敵全体の回復量が５追加される。","全体敌方恢复量 +5。
Add 5 to all enemies'
recovery rate."
"752406","Add 6 to all enemies'
recovery rate.","敵全体の回復量が６追加される。","全体敌方恢复量 +6。
Add 6 to all enemies'
recovery rate."
"760101","Add 1 to non-elemental
damage dealt by all
allies and enemies.","敵味方全体の与えるダメージが１追加される。","敌我双方全体造成的无属性伤害 +1。
Add 1 to non-elemental
damage dealt by all
allies and enemies."
"760102","Add 2 to non-elemental
damage dealt by all
allies and enemies.","敵味方全体の与えるダメージが２追加される。","敌我双方全体造成的无属性伤害 +2。
Add 2 to non-elemental
damage dealt by all
allies and enemies."
"760103","Add 3 to non-elemental
damage dealt by all
allies and enemies.","敵味方全体の与えるダメージが３追加される。","敌我双方全体造成的无属性伤害 +3。
Add 3 to non-elemental
damage dealt by all
allies and enemies."
"760104","Add 4 to non-elemental
damage dealt by all
allies and enemies.","敵味方全体の与えるダメージが４追加される。","敌我双方全体造成的无属性伤害 +4。
Add 4 to non-elemental
damage dealt by all
allies and enemies."
"760105","Add 5 to non-elemental
damage dealt by all
allies and enemies.","敵味方全体の与えるダメージが５追加される。","敌我双方全体造成的无属性伤害 +5。
Add 5 to non-elemental
damage dealt by all
allies and enemies."
"760301","Add 1 to non-elemental
damage dealt by
all allies.","味方全体の与えるダメージが１追加される。","全体我方造成的无属性伤害 +1。
Add 1 to non-elemental
damage dealt by
all allies."
"760302","Add 2 to non-elemental
damage dealt by
all allies.","味方全体の与えるダメージが２追加される。","全体我方造成的无属性伤害 +2。
Add 2 to non-elemental
damage dealt by
all allies."
"760303","Add 3 to non-elemental
damage dealt by
all allies.","味方全体の与えるダメージが３追加される。","全体我方造成的无属性伤害 +3。
Add 3 to non-elemental
damage dealt by
all allies."
"760304","Add 4 to non-elemental
damage dealt by
all allies.","味方全体の与えるダメージが４追加される。","全体我方造成的无属性伤害 +4。
Add 4 to non-elemental
damage dealt by
all allies."
"760305","Add 5 to non-elemental
damage dealt by
all allies.","味方全体の与えるダメージが５追加される。","全体我方造成的无属性伤害 +5。
Add 5 to non-elemental
damage dealt by
all allies."
"760401","Add 1 to non-elemental
damage dealt by
all enemies.","敵全体の与えるダメージが１追加される。","全体敌方造成的无属性伤害 +1。
Add 1 to non-elemental
damage dealt by
all enemies."
"760402","Add 2 to non-elemental
damage dealt by
all enemies.","敵全体の与えるダメージが２追加される。","全体敌方造成的无属性伤害 +2。
Add 2 to non-elemental
damage dealt by
all enemies."
"760403","Add 3 to non-elemental
damage dealt by
all enemies.","敵全体の与えるダメージが３追加される。","全体敌方造成的无属性伤害 +3。
Add 3 to non-elemental
damage dealt by
all enemies."
"760404","Add 4 to non-elemental
damage dealt by
all enemies.","敵全体の与えるダメージが４追加される。","全体敌方造成的无属性伤害 +4。
Add 4 to non-elemental
damage dealt by
all enemies."
"760405","Add 5 to non-elemental
damage dealt by
all enemies.","敵全体の与えるダメージが５追加される。","全体敌方造成的无属性伤害 +5。
Add 5 to non-elemental
damage dealt by
all enemies."
"761101","Add 1 to fire
damage dealt by
all allies and enemies.","敵味方全体の与える火ダメージが１追加される。","敌我双方全体造成的火属性伤害 +1。
Add 1 to fire
damage dealt by
all allies and enemies."
"761102","Add 2 to fire
damage dealt by
all allies and enemies.","敵味方全体の与える火ダメージが２追加される。","敌我双方全体造成的火属性伤害 +2。
Add 2 to fire
damage dealt by
all allies and enemies."
"761103","Add 3 to fire
damage dealt by
all allies and enemies.","敵味方全体の与える火ダメージが３追加される。","敌我双方全体造成的火属性伤害 +3。
Add 3 to fire
damage dealt by
all allies and enemies."
"761104","Add 4 to fire
damage dealt by
all allies and enemies.","敵味方全体の与える火ダメージが４追加される。","敌我双方全体造成的火属性伤害 +4。
Add 4 to fire
damage dealt by
all allies and enemies."
"761105","Add 5 to fire
damage dealt by
all allies and enemies.","敵味方全体の与える火ダメージが５追加される。","敌我双方全体造成的火属性伤害 +5。
Add 5 to fire
damage dealt by
all allies and enemies."
"761301","Add 1 to fire
damage dealt by
all allies.","味方全体の与える火ダメージが１追加される。","全体我方造成的火属性伤害 +1。
Add 1 to fire
damage dealt by
all allies."
"761302","Add 2 to fire
damage dealt by
all allies.","味方全体の与える火ダメージが２追加される。","全体我方造成的火属性伤害 +2。
Add 2 to fire
damage dealt by
all allies."
"761303","Add 3 to fire
damage dealt by
all allies.","味方全体の与える火ダメージが３追加される。","全体我方造成的火属性伤害 +3。
Add 3 to fire
damage dealt by
all allies."
"761304","Add 4 to fire
damage dealt by
all allies.","味方全体の与える火ダメージが４追加される。","全体我方造成的火属性伤害 +4。
Add 4 to fire
damage dealt by
all allies."
"761305","Add 5 to fire
damage dealt by
all allies.","味方全体の与える火ダメージが５追加される。","全体我方造成的火属性伤害 +5。
Add 5 to fire
damage dealt by
all allies."
"761401","Add 1 to fire
damage dealt by
all enemies.","敵全体の与える火ダメージが１追加される。","全体敌方造成的火属性伤害 +1。
Add 1 to fire
damage dealt by
all enemies."
"761402","Add 2 to fire
damage dealt by
all enemies.","敵全体の与える火ダメージが２追加される。","全体敌方造成的火属性伤害 +2。
Add 2 to fire
damage dealt by
all enemies."
"761403","Add 3 to fire
damage dealt by
all enemies.","敵全体の与える火ダメージが３追加される。","全体敌方造成的火属性伤害 +3。
Add 3 to fire
damage dealt by
all enemies."
"761404","Add 4 to fire
damage dealt by
all enemies.","敵全体の与える火ダメージが４追加される。","全体敌方造成的火属性伤害 +4。
Add 4 to fire
damage dealt by
all enemies."
"761405","Add 5 to fire
damage dealt by
all enemies.","敵全体の与える火ダメージが５追加される。","全体敌方造成的火属性伤害 +5。
Add 5 to fire
damage dealt by
all enemies."
"762101","Add 1 to water
damage dealt by
all allies and enemies.","敵味方全体の与える水ダメージが１追加される。","敌我双方全体造成的水属性伤害 +1。
Add 1 to water
damage dealt by
all allies and enemies."
"762102","Add 2 to water
damage dealt by
all allies and enemies.","敵味方全体の与える水ダメージが２追加される。","敌我双方全体造成的水属性伤害 +2。
Add 2 to water
damage dealt by
all allies and enemies."
"762103","Add 3 to water
damage dealt by
all allies and enemies.","敵味方全体の与える水ダメージが３追加される。","敌我双方全体造成的水属性伤害 +3。
Add 3 to water
damage dealt by
all allies and enemies."
"762104","Add 4 to water
damage dealt by
all allies and enemies.","敵味方全体の与える水ダメージが４追加される。","敌我双方全体造成的水属性伤害 +4。
Add 4 to water
damage dealt by
all allies and enemies."
"762105","Add 5 to water
damage dealt by
all allies and enemies.","敵味方全体の与える水ダメージが５追加される。","敌我双方全体造成的水属性伤害 +5。
Add 5 to water
damage dealt by
all allies and enemies."
"762301","Add 1 to water
damage dealt by
all allies.","味方全体の与える水ダメージが１追加される。","全体我方造成的水属性伤害 +1。
Add 1 to water
damage dealt by
all allies."
"762302","Add 2 to water
damage dealt by
all allies.","味方全体の与える水ダメージが２追加される。","全体我方造成的水属性伤害 +2。
Add 2 to water
damage dealt by
all allies."
"762303","Add 3 to water
damage dealt by
all allies.","味方全体の与える水ダメージが３追加される。","全体我方造成的水属性伤害 +3。
Add 3 to water
damage dealt by
all allies."
"762304","Add 4 to water
damage dealt by
all allies.","味方全体の与える水ダメージが４追加される。","全体我方造成的水属性伤害 +4。
Add 4 to water
damage dealt by
all allies."
"762305","Add 5 to water
damage dealt by
all allies.","味方全体の与える水ダメージが５追加される。","全体我方造成的水属性伤害 +5。
Add 5 to water
damage dealt by
all allies."
"762401","Add 1 to water
damage dealt by
all enemies.","敵全体の与える水ダメージが１追加される。","全体敌方造成的水属性伤害 +1。
Add 1 to water
damage dealt by
all enemies."
"762402","Add 2 to water
damage dealt by
all enemies.","敵全体の与える水ダメージが２追加される。","全体敌方造成的水属性伤害 +2。
Add 2 to water
damage dealt by
all enemies."
"762403","Add 3 to water
damage dealt by
all enemies.","敵全体の与える水ダメージが３追加される。","全体敌方造成的水属性伤害 +3。
Add 3 to water
damage dealt by
all enemies."
"762404","Add 4 to water
damage dealt by
all enemies.","敵全体の与える水ダメージが４追加される。","全体敌方造成的水属性伤害 +4。
Add 4 to water
damage dealt by
all enemies."
"762405","Add 5 to water
damage dealt by
all enemies.","敵全体の与える水ダメージが５追加される。","全体敌方造成的水属性伤害 +5。
Add 5 to water
damage dealt by
all enemies."
"763101","Add 1 to bolt
damage dealt by
all allies and enemies.","敵味方全体の与える雷ダメージが１追加される。","敌我双方全体造成的雷属性伤害 +1。
Add 1 to bolt
damage dealt by
all allies and enemies."
"763102","Add 2 to bolt
damage dealt by
all allies and enemies.","敵味方全体の与える雷ダメージが２追加される。","敌我双方全体造成的雷属性伤害 +2。
Add 2 to bolt
damage dealt by
all allies and enemies."
"763103","Add 3 to bolt
damage dealt by
all allies and enemies.","敵味方全体の与える雷ダメージが３追加される。","敌我双方全体造成的雷属性伤害 +3。
Add 3 to bolt
damage dealt by
all allies and enemies."
"763104","Add 4 to bolt
damage dealt by
all allies and enemies.","敵味方全体の与える雷ダメージが４追加される。","敌我双方全体造成的雷属性伤害 +4。
Add 4 to bolt
damage dealt by
all allies and enemies."
"763105","Add 5 to bolt
damage dealt by
all allies and enemies.","敵味方全体の与える雷ダメージが５追加される。","敌我双方全体造成的雷属性伤害 +5。
Add 5 to bolt
damage dealt by
all allies and enemies."
"763301","Add 1 to bolt
damage dealt by
all allies.","味方全体の与える雷ダメージが１追加される。","全体我方造成的雷属性伤害 +1。
Add 1 to bolt
damage dealt by
all allies."
"763302","Add 2 to bolt
damage dealt by
all allies.","味方全体の与える雷ダメージが２追加される。","全体我方造成的雷属性伤害 +2。
Add 2 to bolt
damage dealt by
all allies."
"763303","Add 3 to bolt
damage dealt by
all allies.","味方全体の与える雷ダメージが３追加される。","全体我方造成的雷属性伤害 +3。
Add 3 to bolt
damage dealt by
all allies."
"763304","Add 4 to bolt
damage dealt by
all allies.","味方全体の与える雷ダメージが４追加される。","全体我方造成的雷属性伤害 +4。
Add 4 to bolt
damage dealt by
all allies."
"763305","Add 5 to bolt
damage dealt by
all allies.","味方全体の与える雷ダメージが５追加される。","全体我方造成的雷属性伤害 +5。
Add 5 to bolt
damage dealt by
all allies."
"763401","Add 1 to bolt
damage dealt by
all enemies.","敵全体の与える雷ダメージが１追加される。","全体敌方造成的雷属性伤害 +1。
Add 1 to bolt
damage dealt by
all enemies."
"763402","Add 2 to bolt
damage dealt by
all enemies.","敵全体の与える雷ダメージが２追加される。","全体敌方造成的雷属性伤害 +2。
Add 2 to bolt
damage dealt by
all enemies."
"763403","Add 3 to bolt
damage dealt by
all enemies.","敵全体の与える雷ダメージが３追加される。","全体敌方造成的雷属性伤害 +3。
Add 3 to bolt
damage dealt by
all enemies."
"763404","Add 4 to bolt
damage dealt by
all enemies.","敵全体の与える雷ダメージが４追加される。","全体敌方造成的雷属性伤害 +4。
Add 4 to bolt
damage dealt by
all enemies."
"763405","Add 5 to bolt
damage dealt by
all enemies.","敵全体の与える雷ダメージが５追加される。","全体敌方造成的雷属性伤害 +5。
Add 5 to bolt
damage dealt by
all enemies."
"764101","Add 1 to wind
damage dealt by
all allies and enemies.","敵味方全体の与える風ダメージが１追加される。","敌我双方全体造成的风属性伤害 +1。
Add 1 to wind
damage dealt by
all allies and enemies."
"764102","Add 2 to wind
damage dealt by
all allies and enemies.","敵味方全体の与える風ダメージが２追加される。","敌我双方全体造成的风属性伤害 +2。
Add 2 to wind
damage dealt by
all allies and enemies."
"764103","Add 3 to wind
damage dealt by
all allies and enemies.","敵味方全体の与える風ダメージが３追加される。","敌我双方全体造成的风属性伤害 +3。
Add 3 to wind
damage dealt by
all allies and enemies."
"764104","Add 4 to wind
damage dealt by
all allies and enemies.","敵味方全体の与える風ダメージが４追加される。","敌我双方全体造成的风属性伤害 +4。
Add 4 to wind
damage dealt by
all allies and enemies."
"764105","Add 5 to wind
damage dealt by
all allies and enemies.","敵味方全体の与える風ダメージが５追加される。","敌我双方全体造成的风属性伤害 +5。
Add 5 to wind
damage dealt by
all allies and enemies."
"764301","Add 1 to wind
damage dealt by
all allies.","味方全体の与える風ダメージが１追加される。","全体我方造成的风属性伤害 +1。
Add 1 to wind
damage dealt by
all allies."
"764302","Add 2 to wind
damage dealt by
all allies.","味方全体の与える風ダメージが２追加される。","全体我方造成的风属性伤害 +2。
Add 2 to wind
damage dealt by
all allies."
"764303","Add 3 to wind
damage dealt by
all allies.","味方全体の与える風ダメージが３追加される。","全体我方造成的风属性伤害 +3。
Add 3 to wind
damage dealt by
all allies."
"764304","Add 4 to wind
damage dealt by
all allies.","味方全体の与える風ダメージが４追加される。","全体我方造成的风属性伤害 +4。
Add 4 to wind
damage dealt by
all allies."
"764305","Add 5 to wind
damage dealt by
all allies.","味方全体の与える風ダメージが５追加される。","全体我方造成的风属性伤害 +5。
Add 5 to wind
damage dealt by
all allies."
"764401","Add 1 to wind
damage dealt by
all enemies.","敵全体の与える風ダメージが１追加される。","全体敌方造成的风属性伤害 +1。
Add 1 to wind
damage dealt by
all enemies."
"764402","Add 2 to wind
damage dealt by
all enemies.","敵全体の与える風ダメージが２追加される。","全体敌方造成的风属性伤害 +2。
Add 2 to wind
damage dealt by
all enemies."
"764403","Add 3 to wind
damage dealt by
all enemies.","敵全体の与える風ダメージが３追加される。","全体敌方造成的风属性伤害 +3。
Add 3 to wind
damage dealt by
all enemies."
"764404","Add 4 to wind
damage dealt by
all enemies.","敵全体の与える風ダメージが４追加される。","全体敌方造成的风属性伤害 +4。
Add 4 to wind
damage dealt by
all enemies."
"764405","Add 5 to wind
damage dealt by
all enemies.","敵全体の与える風ダメージが５追加される。","全体敌方造成的风属性伤害 +5。
Add 5 to wind
damage dealt by
all enemies."
"765101","Add 1 to light
damage dealt by
all allies and enemies.","敵味方全体の与える光ダメージが１追加される。","敌我双方全体造成的光属性伤害 +1。
Add 1 to light
damage dealt by
all allies and enemies."
"765102","Add 2 to light
damage dealt by
all allies and enemies.","敵味方全体の与える光ダメージが２追加される。","敌我双方全体造成的光属性伤害 +2。
Add 2 to light
damage dealt by
all allies and enemies."
"765103","Add 3 to light
damage dealt by
all allies and enemies.","敵味方全体の与える光ダメージが３追加される。","敌我双方全体造成的光属性伤害 +3。
Add 3 to light
damage dealt by
all allies and enemies."
"765104","Add 4 to light
damage dealt by
all allies and enemies.","敵味方全体の与える光ダメージが４追加される。","敌我双方全体造成的光属性伤害 +4。
Add 4 to light
damage dealt by
all allies and enemies."
"765105","Add 5 to light
damage dealt by
all allies and enemies.","敵味方全体の与える光ダメージが５追加される。","敌我双方全体造成的光属性伤害 +5。
Add 5 to light
damage dealt by
all allies and enemies."
"765301","Add 1 to light
damage dealt by
all allies.","味方全体の与える光ダメージが１追加される。","全体我方造成的光属性伤害 +1。
Add 1 to light
damage dealt by
all allies."
"765302","Add 2 to light
damage dealt by
all allies.","味方全体の与える光ダメージが２追加される。","全体我方造成的光属性伤害 +2。
Add 2 to light
damage dealt by
all allies."
"765303","Add 3 to light
damage dealt by
all allies.","味方全体の与える光ダメージが３追加される。","全体我方造成的光属性伤害 +3。
Add 3 to light
damage dealt by
all allies."
"765304","Add 4 to light
damage dealt by
all allies.","味方全体の与える光ダメージが４追加される。","全体我方造成的光属性伤害 +4。
Add 4 to light
damage dealt by
all allies."
"765305","Add 5 to light
damage dealt by
all allies.","味方全体の与える光ダメージが５追加される。","全体我方造成的光属性伤害 +5。
Add 5 to light
damage dealt by
all allies."
"765401","Add 1 to light
damage dealt by
all enemies.","敵全体の与える光ダメージが１追加される。","全体敌方造成的光属性伤害 +1。
Add 1 to light
damage dealt by
all enemies."
"765402","Add 2 to light
damage dealt by
all enemies.","敵全体の与える光ダメージが２追加される。","全体敌方造成的光属性伤害 +2。
Add 2 to light
damage dealt by
all enemies."
"765403","Add 3 to light
damage dealt by
all enemies.","敵全体の与える光ダメージが３追加される。","全体敌方造成的光属性伤害 +3。
Add 3 to light
damage dealt by
all enemies."
"765404","Add 4 to light
damage dealt by
all enemies.","敵全体の与える光ダメージが４追加される。","全体敌方造成的光属性伤害 +4。
Add 4 to light
damage dealt by
all enemies."
"765405","Add 5 to light
damage dealt by
all enemies.","敵全体の与える光ダメージが５追加される。","全体敌方造成的光属性伤害 +5。
Add 5 to light
damage dealt by
all enemies."
"766101","Add 1 to dark
damage dealt by
all allies and enemies.","敵味方全体の与える闇ダメージが１追加される。","敌我双方全体造成的暗属性伤害 +1。
Add 1 to dark
damage dealt by
all allies and enemies."
"766102","Add 2 to dark
damage dealt by
all allies and enemies.","敵味方全体の与える闇ダメージが２追加される。","敌我双方全体造成的暗属性伤害 +2。
Add 2 to dark
damage dealt by
all allies and enemies."
"766103","Add 3 to dark
damage dealt by
all allies and enemies.","敵味方全体の与える闇ダメージが３追加される。","敌我双方全体造成的暗属性伤害 +3。
Add 3 to dark
damage dealt by
all allies and enemies."
"766104","Add 4 to dark
damage dealt by
all allies and enemies.","敵味方全体の与える闇ダメージが４追加される。","敌我双方全体造成的暗属性伤害 +4。
Add 4 to dark
damage dealt by
all allies and enemies."
"766105","Add 5 to dark
damage dealt by
all allies and enemies.","敵味方全体の与える闇ダメージが５追加される。","敌我双方全体造成的暗属性伤害 +5。
Add 5 to dark
damage dealt by
all allies and enemies."
"766301","Add 1 to dark
damage dealt by
all allies.","味方全体の与える闇ダメージが１追加される。","全体我方造成的暗属性伤害 +1。
Add 1 to dark
damage dealt by
all allies."
"766302","Add 2 to dark
damage dealt by
all allies.","味方全体の与える闇ダメージが２追加される。","全体我方造成的暗属性伤害 +2。
Add 2 to dark
damage dealt by
all allies."
"766303","Add 3 to dark
damage dealt by
all allies.","味方全体の与える闇ダメージが３追加される。","全体我方造成的暗属性伤害 +3。
Add 3 to dark
damage dealt by
all allies."
"766304","Add 4 to dark
damage dealt by
all allies.","味方全体の与える闇ダメージが４追加される。","全体我方造成的暗属性伤害 +4。
Add 4 to dark
damage dealt by
all allies."
"766305","Add 5 to dark
damage dealt by
all allies.","味方全体の与える闇ダメージが５追加される。","全体我方造成的暗属性伤害 +5。
Add 5 to dark
damage dealt by
all allies."
"766401","Add 1 to dark
damage dealt by
all enemies.","敵全体の与える闇ダメージが１追加される。","全体敌方造成的暗属性伤害 +1。
Add 1 to dark
damage dealt by
all enemies."
"766402","Add 2 to dark
damage dealt by
all enemies.","敵全体の与える闇ダメージが２追加される。","全体敌方造成的暗属性伤害 +2。
Add 2 to dark
damage dealt by
all enemies."
"766403","Add 3 to dark
damage dealt by
all enemies.","敵全体の与える闇ダメージが３追加される。","全体敌方造成的暗属性伤害 +3。
Add 3 to dark
damage dealt by
all enemies."
"766404","Add 4 to dark
damage dealt by
all enemies.","敵全体の与える闇ダメージが４追加される。","全体敌方造成的暗属性伤害 +4。
Add 4 to dark
damage dealt by
all enemies."
"766405","Add 5 to dark
damage dealt by
all enemies.","敵全体の与える闇ダメージが５追加される。","全体敌方造成的暗属性伤害 +5。
Add 5 to dark
damage dealt by
all enemies."
"770101","Decrease non-elemental damage
dealt to all allies and enemies
by 1.","敵味方全体の受けるダメージが１減少する。","敌我双方全体受到的无属性伤害减少1。
Decrease non-elemental damage
dealt to all allies and enemies
by 1."
"770102","Decrease non-elemental damage
dealt to all allies and enemies
by 2.","敵味方全体の受けるダメージが２減少する。","敌我双方全体受到的无属性伤害减少2。
Decrease non-elemental damage
dealt to all allies and enemies
by 2."
"770103","Decrease non-elemental damage
dealt to all allies and enemies
by 3.","敵味方全体の受けるダメージが３減少する。","敌我双方全体受到的无属性伤害减少3。
Decrease non-elemental damage
dealt to all allies and enemies
by 3."
"770104","Decrease non-elemental damage
dealt to all allies and enemies
by 4.","敵味方全体の受けるダメージが４減少する。","敌我双方全体受到的无属性伤害减少4。
Decrease non-elemental damage
dealt to all allies and enemies
by 4."
"770105","Decrease non-elemental damage
dealt to all allies and enemies
by 5.","敵味方全体の受けるダメージが５減少する。","敌我双方全体受到的无属性伤害减少5。
Decrease non-elemental damage
dealt to all allies and enemies
by 5."
"770301","Decrease non-elemental damage
dealt to all allies
by 1.","味方全体の受けるダメージが１減少する。","全体我方受到的无属性伤害减少1。
Decrease non-elemental damage
dealt to all allies
by 1."
"770302","Decrease non-elemental damage
dealt to all allies
by 2.","味方全体の受けるダメージが２減少する。","全体我方受到的无属性伤害减少2。
Decrease non-elemental damage
dealt to all allies
by 2."
"770303","Decrease non-elemental damage
dealt to all allies
by 3.","味方全体の受けるダメージが３減少する。","全体我方受到的无属性伤害减少3。
Decrease non-elemental damage
dealt to all allies
by 3."
"770304","Decrease non-elemental damage
dealt to all allies
by 4.","味方全体の受けるダメージが４減少する。","全体我方受到的无属性伤害减少4。
Decrease non-elemental damage
dealt to all allies
by 4."
"770305","Decrease non-elemental damage
dealt to all allies
by 5.","味方全体の受けるダメージが５減少する。","全体我方受到的无属性伤害减少5。
Decrease non-elemental damage
dealt to all allies
by 5."
"770401","Decrease non-elemental damage
dealt to all enemies
by 1.","敵全体の受けるダメージが１減少する。","全体敌方受到的无属性伤害减少1。
Decrease non-elemental damage
dealt to all enemies
by 1."
"770402","Decrease non-elemental damage
dealt to all enemies
by 2.","敵全体の受けるダメージが２減少する。","全体敌方受到的无属性伤害减少2。
Decrease non-elemental damage
dealt to all enemies
by 2."
"770403","Decrease non-elemental damage
dealt to all enemies
by 3.","敵全体の受けるダメージが３減少する。","全体敌方受到的无属性伤害减少3。
Decrease non-elemental damage
dealt to all enemies
by 3."
"770404","Decrease non-elemental damage
dealt to all enemies
by 4.","敵全体の受けるダメージが４減少する。","全体敌方受到的无属性伤害减少4。
Decrease non-elemental damage
dealt to all enemies
by 4."
"770405","Decrease non-elemental damage
dealt to all enemies
by 5.","敵全体の受けるダメージが５減少する。","全体敌方受到的无属性伤害减少5。
Decrease non-elemental damage
dealt to all enemies
by 5."
"771101","Decrease fire damage dealt to all allies and enemies by 1.","敵味方全体の受ける火ダメージが１減少する。","敌我双方全体受到的火属性伤害减少1。
Decrease fire damage dealt to all allies and enemies by 1."
"771102","Decrease fire damage dealt to all allies and enemies by 2.","敵味方全体の受ける火ダメージが２減少する。","敌我双方全体受到的火属性伤害减少2。
Decrease fire damage dealt to all allies and enemies by 2."
"771103","Decrease fire damage dealt to all allies and enemies by 3.","敵味方全体の受ける火ダメージが３減少する。","敌我双方全体受到的火属性伤害减少3。
Decrease fire damage dealt to all allies and enemies by 3."
"771104","Decrease fire damage dealt to all allies and enemies by 4.","敵味方全体の受ける火ダメージが４減少する。","敌我双方全体受到的火属性伤害减少4。
Decrease fire damage dealt to all allies and enemies by 4."
"771105","Decrease fire damage dealt to all allies and enemies by 5.","敵味方全体の受ける火ダメージが５減少する。","敌我双方全体受到的火属性伤害减少5。
Decrease fire damage dealt to all allies and enemies by 5."
"771301","Decrease fire damage
dealt to all allies
by 1.","味方全体の受ける火ダメージが１減少する。","全体我方受到的火属性伤害减少1。
Decrease fire damage
dealt to all allies
by 1."
"771302","Decrease fire damage
dealt to all allies
by 2.","味方全体の受ける火ダメージが２減少する。","全体我方受到的火属性伤害减少2。
Decrease fire damage
dealt to all allies
by 2."
"771303","Decrease fire damage
dealt to all allies
by 3.","味方全体の受ける火ダメージが３減少する。","全体我方受到的火属性伤害减少3。
Decrease fire damage
dealt to all allies
by 3."
"771304","Decrease fire damage
dealt to all allies
by 4.","味方全体の受ける火ダメージが４減少する。","全体我方受到的火属性伤害减少4。
Decrease fire damage
dealt to all allies
by 4."
"771305","Decrease fire damage
dealt to all allies
by 5.","味方全体の受ける火ダメージが５減少する。","全体我方受到的火属性伤害减少5。
Decrease fire damage
dealt to all allies
by 5."
"771401","Decrease fire damage
dealt to all enemies
by 1.","敵全体の受ける火ダメージが１減少する。","全体敌方受到的火属性伤害减少1。
Decrease fire damage
dealt to all enemies
by 1."
"771402","Decrease fire damage
dealt to all enemies
by 2.","敵全体の受ける火ダメージが２減少する。","全体敌方受到的火属性伤害减少2。
Decrease fire damage
dealt to all enemies
by 2."
"771403","Decrease fire damage
dealt to all enemies
by 3.","敵全体の受ける火ダメージが３減少する。","全体敌方受到的火属性伤害减少3。
Decrease fire damage
dealt to all enemies
by 3."
"771404","Decrease fire damage
dealt to all enemies
by 4.","敵全体の受ける火ダメージが４減少する。","全体敌方受到的火属性伤害减少4。
Decrease fire damage
dealt to all enemies
by 4."
"771405","Decrease fire damage
dealt to all enemies
by 5.","敵全体の受ける火ダメージが５減少する。","全体敌方受到的火属性伤害减少5。
Decrease fire damage
dealt to all enemies
by 5."
"772101","Decrease water damage
dealt to all allies and enemies
by 1.","敵味方全体の受ける水ダメージが１減少する。","敌我双方全体受到的水属性伤害减少1。
Decrease water damage
dealt to all allies and enemies
by 1."
"772102","Decrease water damage
dealt to all allies and enemies
by 2.","敵味方全体の受ける水ダメージが２減少する。","敌我双方全体受到的水属性伤害减少2。
Decrease water damage
dealt to all allies and enemies
by 2."
"772103","Decrease water damage dealt to all allies and enemies by 3.","敵味方全体の受ける水ダメージが３減少する。","敌我双方全体受到的水属性伤害减少3。
Decrease water damage dealt to all allies and enemies by 3."
"772104","Decrease water damage dealt to all allies and enemies by 4.","敵味方全体の受ける水ダメージが４減少する。","敌我双方全体受到的水属性伤害减少4。
Decrease water damage dealt to all allies and enemies by 4."
"772105","Decrease water damage
dealt to all allies and enemies
by 5.","敵味方全体の受ける水ダメージが５減少する。","敌我双方全体受到的水属性伤害减少5。
Decrease water damage
dealt to all allies and enemies
by 5."
"772301","Decrease water damage
dealt to all allies
by 1.","味方全体の受ける水ダメージが１減少する。","全体我方受到的水属性伤害减少1。
Decrease water damage
dealt to all allies
by 1."
"772302","Decrease water damage
dealt to all allies
by 2.","味方全体の受ける水ダメージが２減少する。","全体我方受到的水属性伤害减少2。
Decrease water damage
dealt to all allies
by 2."
"772303","Decrease water damage
dealt to all allies
by 3.","味方全体の受ける水ダメージが３減少する。","全体我方受到的水属性伤害减少3。
Decrease water damage
dealt to all allies
by 3."
"772304","Decrease water damage
dealt to all allies
by 4.","味方全体の受ける水ダメージが４減少する。","全体我方受到的水属性伤害减少4。
Decrease water damage
dealt to all allies
by 4."
"772305","Decrease water damage
dealt to all allies
by 5.","味方全体の受ける水ダメージが５減少する。","全体我方受到的水属性伤害减少5。
Decrease water damage
dealt to all allies
by 5."
"772401","Decrease water damage
dealt to all enemies
by 1.","敵全体の受ける水ダメージが１減少する。","全体敌方受到的水属性伤害减少1。
Decrease water damage
dealt to all enemies
by 1."
"772402","Decrease water damage
dealt to all enemies
by 2.","敵全体の受ける水ダメージが２減少する。","全体敌方受到的水属性伤害减少2。
Decrease water damage
dealt to all enemies
by 2."
"772403","Decrease water damage
dealt to all enemies
by 3.","敵全体の受ける水ダメージが３減少する。","全体敌方受到的水属性伤害减少3。
Decrease water damage
dealt to all enemies
by 3."
"772404","Decrease water damage
dealt to all enemies
by 4.","敵全体の受ける水ダメージが４減少する。","全体敌方受到的水属性伤害减少4。
Decrease water damage
dealt to all enemies
by 4."
"772405","Decrease water damage
dealt to all enemies
by 5.","敵全体の受ける水ダメージが５減少する。","全体敌方受到的水属性伤害减少5。
Decrease water damage
dealt to all enemies
by 5."
"773101","Decrease bolt damage
dealt to all allies and enemies
by 1.","敵味方全体の受ける雷ダメージが１減少する。","敌我双方全体受到的雷属性伤害减少1。
Decrease bolt damage
dealt to all allies and enemies
by 1."
"773102","Decrease bolt damage
dealt to all allies and enemies
by 2.","敵味方全体の受ける雷ダメージが２減少する。","敌我双方全体受到的雷属性伤害减少2。
Decrease bolt damage
dealt to all allies and enemies
by 2."
"773103","Decrease bolt damage dealt to all allies and enemies by 3.","敵味方全体の受ける雷ダメージが３減少する。","敌我双方全体受到的雷属性伤害减少3。
Decrease bolt damage dealt to all allies and enemies by 3."
"773104","Decrease bolt damage dealt to all allies and enemies by 4.","敵味方全体の受ける雷ダメージが４減少する。","敌我双方全体受到的雷属性伤害减少4。
Decrease bolt damage dealt to all allies and enemies by 4."
"773105","Decrease bolt damage
dealt to all allies and enemies
by 5.","敵味方全体の受ける雷ダメージが５減少する。","敌我双方全体受到的雷属性伤害减少5。
Decrease bolt damage
dealt to all allies and enemies
by 5."
"773301","Decrease bolt damage
dealt to all allies
by 1.","味方全体の受ける雷ダメージが１減少する。","全体我方受到的雷属性伤害减少1。
Decrease bolt damage
dealt to all allies
by 1."
"773302","Decrease bolt damage
dealt to all allies
by 2.","味方全体の受ける雷ダメージが２減少する。","全体我方受到的雷属性伤害减少2。
Decrease bolt damage
dealt to all allies
by 2."
"773303","Decrease bolt damage
dealt to all allies
by 3.","味方全体の受ける雷ダメージが３減少する。","全体我方受到的雷属性伤害减少3。
Decrease bolt damage
dealt to all allies
by 3."
"773304","Decrease bolt damage
dealt to all allies
by 4.","味方全体の受ける雷ダメージが４減少する。","全体我方受到的雷属性伤害减少4。
Decrease bolt damage
dealt to all allies
by 4."
"773305","Decrease bolt damage
dealt to all allies
by 5.","味方全体の受ける雷ダメージが５減少する。","全体我方受到的雷属性伤害减少5。
Decrease bolt damage
dealt to all allies
by 5."
"773401","Decrease bolt damage
dealt to all enemies
by 1.","敵全体の受ける雷ダメージが１減少する。","全体敌方受到的雷属性伤害减少1。
Decrease bolt damage
dealt to all enemies
by 1."
"773402","Decrease bolt damage
dealt to all enemies
by 2.","敵全体の受ける雷ダメージが２減少する。","全体敌方受到的雷属性伤害减少2。
Decrease bolt damage
dealt to all enemies
by 2."
"773403","Decrease bolt damage
dealt to all enemies
by 3.","敵全体の受ける雷ダメージが３減少する。","全体敌方受到的雷属性伤害减少3。
Decrease bolt damage
dealt to all enemies
by 3."
"773404","Decrease bolt damage
dealt to all enemies
by 4.","敵全体の受ける雷ダメージが４減少する。","全体敌方受到的雷属性伤害减少4。
Decrease bolt damage
dealt to all enemies
by 4."
"773405","Decrease bolt damage
dealt to all enemies
by 5.","敵全体の受ける雷ダメージが５減少する。","全体敌方受到的雷属性伤害减少5。
Decrease bolt damage
dealt to all enemies
by 5."
"774101","Decrease wind damage dealt to all allies and enemies by 1.","敵味方全体の受ける風ダメージが１減少する。","敌我双方全体受到的风属性伤害减少1。
Decrease wind damage dealt to all allies and enemies by 1."
"774102","Decrease wind damage dealt to all allies and enemies by 2.","敵味方全体の受ける風ダメージが２減少する。","敌我双方全体受到的风属性伤害减少2。
Decrease wind damage dealt to all allies and enemies by 2."
"774103","Decrease wind damage dealt to all allies and enemies by 3.","敵味方全体の受ける風ダメージが３減少する。","敌我双方全体受到的风属性伤害减少3。
Decrease wind damage dealt to all allies and enemies by 3."
"774104","Decrease wind damage dealt to all allies and enemies by 4.","敵味方全体の受ける風ダメージが４減少する。","敌我双方全体受到的风属性伤害减少4。
Decrease wind damage dealt to all allies and enemies by 4."
"774105","Decrease wind damage dealt to all allies and enemies by 5.","敵味方全体の受ける風ダメージが５減少する。","敌我双方全体受到的风属性伤害减少5。
Decrease wind damage dealt to all allies and enemies by 5."
"774301","Decrease wind damage
dealt to all allies
by 1.","味方全体の受ける風ダメージが１減少する。","全体我方受到的风属性伤害减少1。
Decrease wind damage
dealt to all allies
by 1."
"774302","Decrease wind damage
dealt to all allies
by 2.","味方全体の受ける風ダメージが２減少する。","全体我方受到的风属性伤害减少2。
Decrease wind damage
dealt to all allies
by 2."
"774303","Decrease wind damage
dealt to all allies
by 3.","味方全体の受ける風ダメージが３減少する。","全体我方受到的风属性伤害减少3。
Decrease wind damage
dealt to all allies
by 3."
"774304","Decrease wind damage
dealt to all allies
by 4.","味方全体の受ける風ダメージが４減少する。","全体我方受到的风属性伤害减少4。
Decrease wind damage
dealt to all allies
by 4."
"774305","Decrease wind damage
dealt to all allies
by 5.","味方全体の受ける風ダメージが５減少する。","全体我方受到的风属性伤害减少5。
Decrease wind damage
dealt to all allies
by 5."
"774401","Decrease wind damage
dealt to all enemies
by 1.","敵全体の受ける風ダメージが１減少する。","全体敌方受到的风属性伤害减少1。
Decrease wind damage
dealt to all enemies
by 1."
"774402","Decrease wind damage
dealt to all enemies
by 2.","敵全体の受ける風ダメージが２減少する。","全体敌方受到的风属性伤害减少2。
Decrease wind damage
dealt to all enemies
by 2."
"774403","Decrease wind damage
dealt to all enemies
by 3.","敵全体の受ける風ダメージが３減少する。","全体敌方受到的风属性伤害减少3。
Decrease wind damage
dealt to all enemies
by 3."
"774404","Decrease wind damage
dealt to all enemies
by 4.","敵全体の受ける風ダメージが４減少する。","全体敌方受到的风属性伤害减少4。
Decrease wind damage
dealt to all enemies
by 4."
"774405","Decrease wind damage
dealt to all enemies
by 5.","敵全体の受ける風ダメージが５減少する。","全体敌方受到的风属性伤害减少5。
Decrease wind damage
dealt to all enemies
by 5."
"775101","Decrease light damage dealt to all allies and enemies by 1.","敵味方全体の受ける光ダメージが１減少する。","敌我双方全体受到的光属性伤害减少1。
Decrease light damage dealt to all allies and enemies by 1."
"775102","Decrease light damage dealt to all allies and enemies by 2.","敵味方全体の受ける光ダメージが２減少する。","敌我双方全体受到的光属性伤害减少2。
Decrease light damage dealt to all allies and enemies by 2."
"775103","Decrease light damage dealt to all allies and enemies by 3.","敵味方全体の受ける光ダメージが３減少する。","敌我双方全体受到的光属性伤害减少3。
Decrease light damage dealt to all allies and enemies by 3."
"775104","Decrease light damage dealt to all allies and enemies by 4.","敵味方全体の受ける光ダメージが４減少する。","敌我双方全体受到的光属性伤害减少4。
Decrease light damage dealt to all allies and enemies by 4."
"775105","Decrease light damage dealt to all allies and enemies by 5.","敵味方全体の受ける光ダメージが５減少する。","敌我双方全体受到的光属性伤害减少5。
Decrease light damage dealt to all allies and enemies by 5."
"775301","Decrease light damage
dealt to all allies
by 1.","味方全体の受ける光ダメージが１減少する。","全体我方受到的光属性伤害减少1。
Decrease light damage
dealt to all allies
by 1."
"775302","Decrease light damage
dealt to all allies
by 2.","味方全体の受ける光ダメージが２減少する。","全体我方受到的光属性伤害减少2。
Decrease light damage
dealt to all allies
by 2."
"775303","Decrease light damage
dealt to all allies
by 3.","味方全体の受ける光ダメージが３減少する。","全体我方受到的光属性伤害减少3。
Decrease light damage
dealt to all allies
by 3."
"775304","Decrease light damage
dealt to all allies
by 4.","味方全体の受ける光ダメージが４減少する。","全体我方受到的光属性伤害减少4。
Decrease light damage
dealt to all allies
by 4."
"775305","Decrease light damage
dealt to all allies
by 5.","味方全体の受ける光ダメージが５減少する。","全体我方受到的光属性伤害减少5。
Decrease light damage
dealt to all allies
by 5."
"775401","Decrease light damage
dealt to all enemies
by 1.","敵全体の受ける光ダメージが１減少する。","全体敌方受到的光属性伤害减少1。
Decrease light damage
dealt to all enemies
by 1."
"775402","Decrease light damage
dealt to all enemies
by 2.","敵全体の受ける光ダメージが２減少する。","全体敌方受到的光属性伤害减少2。
Decrease light damage
dealt to all enemies
by 2."
"775403","Decrease light damage
dealt to all enemies
by 3.","敵全体の受ける光ダメージが３減少する。","全体敌方受到的光属性伤害减少3。
Decrease light damage
dealt to all enemies
by 3."
"775404","Decrease light damage
dealt to all enemies
by 4.","敵全体の受ける光ダメージが４減少する。","全体敌方受到的光属性伤害减少4。
Decrease light damage
dealt to all enemies
by 4."
"775405","Decrease light damage
dealt to all enemies
by 5.","敵全体の受ける光ダメージが５減少する。","全体敌方受到的光属性伤害减少5。
Decrease light damage
dealt to all enemies
by 5."
"776101","Decrease dark damage dealt to all allies and enemies by 1.","敵味方全体の受ける闇ダメージが１減少する。","敌我双方全体受到的暗属性伤害减少1。
Decrease dark damage dealt to all allies and enemies by 1."
"776102","Decrease dark damage dealt to all allies and enemies by 2.","敵味方全体の受ける闇ダメージが２減少する。","敌我双方全体受到的暗属性伤害减少2。
Decrease dark damage dealt to all allies and enemies by 2."
"776103","Decrease dark damage dealt to all allies and enemies by 3.","敵味方全体の受ける闇ダメージが３減少する。","敌我双方全体受到的暗属性伤害减少3。
Decrease dark damage dealt to all allies and enemies by 3."
"776104","Decrease dark damage dealt to all allies and enemies by 4.","敵味方全体の受ける闇ダメージが４減少する。","敌我双方全体受到的暗属性伤害减少4。
Decrease dark damage dealt to all allies and enemies by 4."
"776105","Decrease dark damage dealt to all allies and enemies by 5.","敵味方全体の受ける闇ダメージが５減少する。","敌我双方全体受到的暗属性伤害减少5。
Decrease dark damage dealt to all allies and enemies by 5."
"776301","Decrease dark damage
dealt to all allies
by 1.","味方全体の受ける闇ダメージが１減少する。","全体我方受到的暗属性伤害减少1。
Decrease dark damage
dealt to all allies
by 1."
"776302","Decrease dark damage
dealt to all allies
by 2.","味方全体の受ける闇ダメージが２減少する。","全体我方受到的暗属性伤害减少2。
Decrease dark damage
dealt to all allies
by 2."
"776303","Decrease dark damage
dealt to all allies
by 3.","味方全体の受ける闇ダメージが３減少する。","全体我方受到的暗属性伤害减少3。
Decrease dark damage
dealt to all allies
by 3."
"776304","Decrease dark damage
dealt to all allies
by 4.","味方全体の受ける闇ダメージが４減少する。","全体我方受到的暗属性伤害减少4。
Decrease dark damage
dealt to all allies
by 4."
"776305","Decrease dark damage
dealt to all allies
by 5.","味方全体の受ける闇ダメージが５減少する。","全体我方受到的暗属性伤害减少5。
Decrease dark damage
dealt to all allies
by 5."
"776401","Decrease dark damage
dealt to all enemies
by 1.","敵全体の受ける闇ダメージが１減少する。","全体敌方受到的暗属性伤害减少1。
Decrease dark damage
dealt to all enemies
by 1."
"776402","Decrease dark damage
dealt to all enemies
by 2.","敵全体の受ける闇ダメージが２減少する。","全体敌方受到的暗属性伤害减少2。
Decrease dark damage
dealt to all enemies
by 2."
"776403","Decrease dark damage
dealt to all enemies
by 3.","敵全体の受ける闇ダメージが３減少する。","全体敌方受到的暗属性伤害减少3。
Decrease dark damage
dealt to all enemies
by 3."
"776404","Decrease dark damage
dealt to all enemies
by 4.","敵全体の受ける闇ダメージが４減少する。","全体敌方受到的暗属性伤害减少4。
Decrease dark damage
dealt to all enemies
by 4."
"776405","Decrease dark damage
dealt to all enemies
by 5.","敵全体の受ける闇ダメージが５減少する。","全体敌方受到的暗属性伤害减少5。
Decrease dark damage
dealt to all enemies
by 5."
"790100","Ensure all allies' and enemies' attacks all land.","敵味方全体の攻撃が必ず命中する。","敌我双方所有攻击必定命中。
Ensure all allies' and enemies' attacks all land."
"790300","Ensure all allies'
attacks all land.","味方全体の攻撃が必ず命中する。","全体我方攻击必定命中。
Ensure all allies'
attacks all land."
"790400","Ensure all enemies'
attacks all land.","敵全体の攻撃が必ず命中する。","全体敌方攻击必定命中。
Ensure all enemies'
attacks all land."
"791101","Dice rolled by all allies and enemies all land on 1.","敵味方全体のスキルで振るダイスの出目がすべて「１」になる。","敌我双方全体掷出的骰子一律为1点。
Dice rolled by all allies and enemies all land on 1."
"791102","Dice rolled by all allies and enemies all land on 2.","敵味方全体のスキルで振るダイスの出目がすべて「２」になる。","敌我双方全体掷出的骰子一律为2点。
Dice rolled by all allies and enemies all land on 2."
"791103","Dice rolled by all allies and enemies all land on 3.","敵味方全体のスキルで振るダイスの出目がすべて「３」になる。","敌我双方全体掷出的骰子一律为3点。
Dice rolled by all allies and enemies all land on 3."
"791104","Dice rolled by all allies and enemies all land on 4.","敵味方全体のスキルで振るダイスの出目がすべて「４」になる。","敌我双方全体掷出的骰子一律为4点。
Dice rolled by all allies and enemies all land on 4."
"791105","Dice rolled by all allies and enemies all land on 5.","敵味方全体のスキルで振るダイスの出目がすべて「５」になる。","敌我双方全体掷出的骰子一律为5点。
Dice rolled by all allies and enemies all land on 5."
"791106","Dice rolled by all allies and enemies all land on 6.","敵味方全体のスキルで振るダイスの出目がすべて「６」になる。","敌我双方全体掷出的骰子一律为6点。
Dice rolled by all allies and enemies all land on 6."
"791301","Dice rolled by
all allies all land
on 1.","味方全体のスキルで振るダイスの出目がすべて「１」になる。","全体我方掷出的骰子一律为1点。
Dice rolled by
all allies all land
on 1."
"791302","Dice rolled by
all allies all land
on 2.","味方全体のスキルで振るダイスの出目がすべて「２」になる。","全体我方掷出的骰子一律为2点。
Dice rolled by
all allies all land
on 2."
"791303","Dice rolled by
all allies all land
on 3.","味方全体のスキルで振るダイスの出目がすべて「３」になる。","全体我方掷出的骰子一律为3点。
Dice rolled by
all allies all land
on 3."
"791304","Dice rolled by
all allies all land
on 4.","味方全体のスキルで振るダイスの出目がすべて「４」になる。","全体我方掷出的骰子一律为4点。
Dice rolled by
all allies all land
on 4."
"791305","Dice rolled by
all allies all land
on 5.","味方全体のスキルで振るダイスの出目がすべて「５」になる。","全体我方掷出的骰子一律为5点。
Dice rolled by
all allies all land
on 5."
"791306","Dice rolled by
all allies all land
on 6.","味方全体のスキルで振るダイスの出目がすべて「６」になる。","全体我方掷出的骰子一律为6点。
Dice rolled by
all allies all land
on 6."
"791401","Dice rolled by
all enemies all land
on 1.","敵全体のスキルで振るダイスの出目がすべて「１」になる。","全体敌方掷出的骰子一律为1点。
Dice rolled by
all enemies all land
on 1."
"791402","Dice rolled by
all enemies all land
on 2.","敵全体のスキルで振るダイスの出目がすべて「２」になる。","全体敌方掷出的骰子一律为2点。
Dice rolled by
all enemies all land
on 2."
"791403","Dice rolled by
all enemies all land
on 3.","敵全体のスキルで振るダイスの出目がすべて「３」になる。","全体敌方掷出的骰子一律为3点。
Dice rolled by
all enemies all land
on 3."
"791404","Dice rolled by
all enemies all land
on 4.","敵全体のスキルで振るダイスの出目がすべて「４」になる。","全体敌方掷出的骰子一律为4点。
Dice rolled by
all enemies all land
on 4."
"791405","Dice rolled by
all enemies all land
on 5.","敵全体のスキルで振るダイスの出目がすべて「５」になる。","全体敌方掷出的骰子一律为5点。
Dice rolled by
all enemies all land
on 5."
"791406","Dice rolled by
all enemies all land
on 6.","敵全体のスキルで振るダイスの出目がすべて「６」になる。","全体敌方掷出的骰子一律为6点。
Dice rolled by
all enemies all land
on 6."
"792300","All allies land 
critical attacks.","味方全体の攻撃がすべてクリティカルになる。","全体我方攻击必定暴击。
All allies land 
critical attacks."
"793300","All allies consume
0 gems.","味方全体のジェム消費が０になる。","全体我方消耗0枚宝石。
All allies consume
0 gems."
"793301","All allies consume 
1 fewer gems.","味方全体のジェム消費数が１個減少する。","全体我方技能消耗的宝石减少1枚。
All allies consume 
1 fewer gems."
"793302","All allies consume 
2 fewer gems.","味方全体のジェム消費数が２個減少する。","全体我方技能消耗的宝石减少2枚。
All allies consume 
2 fewer gems."
"793303","All allies consume 
3 fewer gems.","味方全体のジェム消費数が３個減少する。","全体我方技能消耗的宝石减少3枚。
All allies consume 
3 fewer gems."
"794301","Gain 1 gem.","ジェムを１個獲得する。","获得1枚宝石。
Gain 1 gem."
"794302","Gain 2 gems.","ジェムを２個獲得する。","获得2枚宝石。
Gain 2 gems."
"794303","Gain 3 gems.","ジェムを３個獲得する。","获得3枚宝石。
Gain 3 gems."
"794304","Gain 4 gems.","ジェムを４個獲得する。","获得4枚宝石。
Gain 4 gems."
"794305","Gain 5 gems.","ジェムを５個獲得する。","获得5枚宝石。
Gain 5 gems."
"795100","Reverse all allies' and
enemies' action order.","敵味方全体の行動順番が反転する。","敌我双方行动顺序颠倒。
Reverse all allies' and
enemies' action order."
"795300","Reverse all allies'
action order.","味方全体の行動順番が反転する。","我方行动顺序颠倒。
Reverse all allies'
action order."
"795400","Reverse all enemies'
action order.","敵全体の行動順番が反転する。","敌方行动顺序颠倒。
Reverse all enemies'
action order."
"796302","Multiply gold earned from
victory by 2×.","戦闘勝利時、獲得ゴールドが２倍になる。","战斗胜利获得的G变为2倍。
Multiply gold earned from
victory by 2×."
"797302","Multiply EXP earned from
victory by 2×.","戦闘勝利時、獲得経験値が２倍になる。","战斗胜利获得的EXP变为2倍。
Multiply EXP earned from
victory by 2×."
"798301","Guaranteed discovery of a treasure chest upon victory.","戦闘勝利時、必ず宝箱を発見できる。","战斗胜利后必定发现宝箱。
Guaranteed discovery of a treasure chest upon victory."
"800010","Those people control the monsters, make them act as extensions of their will... We judge this power a threat to the world, and will seal it away here.","その民は、魔物を自在に操る。手足の如く己の意のままに……我々はこの力を世に仇なす脅威と判断し、ここに封印す。","那一族能随心驱使魔物，使其如臂使指……我们认定此力足以危害世间，故封印于此。
Those people control the monsters, make them act as extensions of their will... We judge this power a threat to the world, and will seal it away here."
"800011","They communicate with monsters. They need no special tools. I wish for this sight to become commonplace, and record it down here.","その者は、魔物と心を通わす。特別な道具など必要とせず……ボクはこの光景が当たり前になることを願いここに記す。","此人能与魔物心意相通，无需任何特殊器具……愿有朝一日，这幅景象能成为寻常。我将它记于此处。
They communicate with monsters. They need no special tools. I wish for this sight to become commonplace, and record it down here."
"800012","The girl dreams.
Of the outside world, glimpsed only in books.
Of all the many stars that fill up the night skies.","少女は夢を見る。
絵本で読んだ外の世界の。
夜空いっぱいに広がる満天の星達を。","少女做着梦。梦见书中才见过的外界，梦见铺满夜空的繁星。
The girl dreams.
Of the outside world, glimpsed only in books.
Of all the many stars that fill up the night skies."
"800013","The girl dreams.
Of the village underground, stained in blood.
Of the sight of her family she was powerless to protect.","少女は夢を見る。
血に染まった地下の村の。
自分の無力で守れなかった家族の姿を。","少女做着梦。梦见血染的地下村落，梦见因自己无力而未能守住的家人。
The girl dreams.
Of the village underground, stained in blood.
Of the sight of her family she was powerless to protect."
"800020","Picked up as a child wandering the desert by soldiers. He was raised from that point on to bury his emotions and do his work dispassionately.","幼い頃、一人砂漠を彷徨っていたときに兵士に拾われた。それ以来、感情を殺しただ淡々と任務をこなすよう、教育を受けてきた。","幼时独自流浪沙漠，被士兵捡回。自此受训压抑感情，只知冷静执行任务。
Picked up as a child wandering the desert by soldiers. He was raised from that point on to bury his emotions and do his work dispassionately."
"800021","He's bad at expressing his emotions as a result, but he's still a boy. He thinks the sandskiff is the height of cool, and has been secretly delighted every time it's been modified.","故に、感情を表に出すのは苦手だが、まだまだ少年。砂船を最高にカッコイイと思っているし、改造の度に密かに心を躍らせていた。","因此他不善流露感情，但终究还是少年。觉得沙船帅得不得了，每次改装都暗自雀跃。
He's bad at expressing his emotions as a result, but he's still a boy. He thinks the sandskiff is the height of cool, and has been secretly delighted every time it's been modified."
"800022","You're born into darkness.
You'll die in the darkness.
You're like me.
That's what I thought.","闇の中に生まれて。
闇の中で死んでいく。
君は僕に似ている。
そう思ったんだ。","生于黑暗，死于黑暗。你和我很像。我曾这样想。
You're born into darkness.
You'll die in the darkness.
You're like me.
That's what I thought."
"800023","Took into the sun.
Taken into the light.
I broke your world.
My world is...","日の中に連れ出して。
光の中に連れ出された。
僕は君の世界を壊した。
君は僕の世界の……","把你带到阳光下。又被你带到光明中。我毁了你的世界。而你，是我世界的……
Took into the sun.
Taken into the light.
I broke your world.
My world is..."
"800030","""Hey, Mom. Listen to this. I made some friends. Great friends, ones who talk to me a lot.""","「ねぇ、お母さん、聞いてください。ボクに友人ができたんです。たくさんお喋りしてくれる、大切な友人ができたんです」","“妈妈，你听我说。我交到朋友了。很重要的朋友，他们愿意陪我说好多好多话。”
""Hey, Mom. Listen to this. I made some friends. Great friends, ones who talk to me a lot."""
"800031","""Hey, Mom. Listen. I've decided to be a researcher. When I do that, you think you could talk to me a little?""","「ねぇ、おかあさん、聞いて。ボクもケンキュウシャになることにしたんだ。そうしたら少しは、おしゃべりしてくれるかな？」","“妈妈，你听我说。我决定也要当研究员。那样的话，你会不会愿意陪我多说几句话？”
""Hey, Mom. Listen. I've decided to be a researcher. When I do that, you think you could talk to me a little?"""
"800040","The circus tamer girl is a hard worker, but she messes everything up. When she fails again today, the others will laugh it off.","サーカスの猛獣使いの少女は、頑張り屋さんだけど失敗ばかり。今日も失敗しては、仲間達に「仕方ないなぁ」と笑われます。","马戏团的驯兽少女十分努力，却总是笨手笨脚。今天又闯了祸，伙伴们只会笑着说一句：“真拿你没办法。”
The circus tamer girl is a hard worker, but she messes everything up. When she fails again today, the others will laugh it off."
"800041","The girl with monster blood flowing within her was hated. Before she was picked up by the circus, the only thing ever directed at her was icy ridicule.","魔物の血が流れる少女は、
忌み嫌われていました。サーカスに拾われる以前、少女に向けられるのは冷たい嘲笑のみでした。","身怀魔物之血的少女一直遭人厌弃。被马戏团收留以前，迎接她的只有冰冷讥笑。
The girl with monster blood flowing within her was hated. Before she was picked up by the circus, the only thing ever directed at her was icy ridicule."
"800050","No. 1
The monster's origins are unclear. There is too much we don't know about them. If we know our enemy better, perhaps we could find a path to harmony.","Ｎｏ．１
魔物の起源は明らかになっていない。私達は彼らについて知らないことが多すぎる。相手を知れば融和の道もあるかもしれないのに。","编号1
魔物起源至今不明。我们对它们所知太少。若能真正了解彼此，也许还有共存之路。
No. 1
The monster's origins are unclear. There is too much we don't know about them. If we know our enemy better, perhaps we could find a path to harmony."
"800051","No. 2379
Humans were the biggest obstacle to my research. They cry about heresy and cast stones. Why? My research is correct, I'm sure of it. So why...?","Ｎｏ．２３７９
研究の最大の障害は人間だった。異端だと騒ぎ、石を投げる。どうして？私の研究は正しいはずだ。それなのにどうして……？","编号2379
研究最大的阻碍竟是人类。他们高喊异端，向我掷石。为什么？我的研究明明没有错。为什么……？
No. 2379
Humans were the biggest obstacle to my research. They cry about heresy and cast stones. Why? My research is correct, I'm sure of it. So why...?"
"800060","Her specialty is steamed potatoes. She also likes sewing, and makes clothing for everyone in the village. She's got skills, as you can see.","得意料理はふかし芋。裁縫も好きで、村のみんなの服は彼女が仕立てている。腕前は見ての通り。","拿手菜是蒸土豆，也喜欢缝纫，村里众人的衣服都出自她手。手艺如何，一看便知。
Her specialty is steamed potatoes. She also likes sewing, and makes clothing for everyone in the village. She's got skills, as you can see."
"800061","Until she became pregnant with her daughter, she was the strongest warrior in the village. And those skills of hers can be seen in her daughter's strength, too.","娘を身ごもるまでは、村一番の戦士だったらしい。その腕前は、娘の強さからも窺い知れる。","据说怀上女儿以前，她是村中最强战士。女儿如今的身手，也足见母亲当年风采。
Until she became pregnant with her daughter, she was the strongest warrior in the village. And those skills of hers can be seen in her daughter's strength, too."
"800070","Aged men cloaked in ostentatious black robes. Their supercilious manner keeps others at arm's length—or farther. Their skill in the art of civics is nonetheless authentic.","仰々しい黒衣に身を包んだ老人達。彼らの傲岸な態度は、周りに人を寄せ付けない。政の腕は確かだというが……","一群身披夸张黑袍的老人。态度傲慢，令人敬而远之；但据说治政本领确有真材实料……
Aged men cloaked in ostentatious black robes. Their supercilious manner keeps others at arm's length—or farther. Their skill in the art of civics is nonetheless authentic."
"800071","These men once loved the same woman. Her dying wish was that the city would prosper, and as though taken by sorcery, that wish continues to bind the men to this day.","彼らはかつて同じ女を愛した男達だ。今は亡き女が最期に望んだのは街の繁栄。その願いはあたかも呪縛の如く、彼らを縛り続ける。","他们曾爱上同一名女子。女子临终只愿城镇繁荣。那遗愿仿佛咒缚，至今仍将众人紧紧束在一起。
These men once loved the same woman. Her dying wish was that the city would prosper, and as though taken by sorcery, that wish continues to bind the men to this day."
"800080","Taciturn soldiers clad in imposing armor. All who don it abandon the need for faces and names. They guard the city with coordinated vigilance.","立派な鎧に身を包む、寡黙な兵士達。その鎧を着た者には、もはや顔も名前も必要ない。今日も一糸乱れぬ統率で街を護る。","沉默寡言的士兵，身披威严铠甲。穿上它，脸与姓名便再无意义。众人步调如一，守卫着城镇。
Taciturn soldiers clad in imposing armor. All who don it abandon the need for faces and names. They guard the city with coordinated vigilance."
"800081","The soldiers have been together so long they know every scratch and nick on each other's armor. Though they know neither faces nor names, their bonds still run deep.","彼らは長い時間を共に過ごした。それは、鎧の傷の位置を自然と記憶するほどの時間だ。顔や名前を知らずとも、彼らの絆は深い。","他们并肩太久，久到连彼此铠甲上每道伤痕都熟记于心。纵不知面容姓名，情谊仍深。
The soldiers have been together so long they know every scratch and nick on each other's armor. Though they know neither faces nor names, their bonds still run deep."
"800090","This timid man once lacked confidence in his own circus troupe. That changed when he made the acquaintance of a white bird.","内気だった男はもともと、自らが経営するサーカス団にも自信が持てなかった。そんな彼が変わったのは、白い鳥と出会った頃。","这名内向男子曾连自己经营的马戏团都没有信心。直到遇见一只白鸟，一切才开始改变。
This timid man once lacked confidence in his own circus troupe. That changed when he made the acquaintance of a white bird."
"800091","The bird could speak, so to help build his confidence, he had it whisper, ""My show is the greatest show in the world!"" in his ear, over and over again.","自己暗示をかけるため、彼は人語を話す鳥に耳元で繰り返させた。「ウチノショーハスゴイゾ！」と、何度も、何度も。","那鸟会说人话。为了给自己壮胆，他让它一次又一次贴着耳边重复：“我们的表演天下第一！”
The bird could speak, so to help build his confidence, he had it whisper, ""My show is the greatest show in the world!"" in his ear, over and over again."
"800100","A man who wants to eliminate inequity and lift up the city's orphans. However, the reality is that his child's illness and the reactions of selfish adults have stopped him from seeing it done.","貧富の差を無くし、街の孤児をも救いたいと日々願う男。しかし、我が子の病気や我儘な大人達の対応で手が回っていないのが現実。","他想消弭贫富差距，也想救济城中孤儿。奈何自家孩子患病，加上任性的大人没完没了，他始终分身乏术。
A man who wants to eliminate inequity and lift up the city's orphans. However, the reality is that his child's illness and the reactions of selfish adults have stopped him from seeing it done."
"800101","The exhaustion he faces on the daily is making his hair fall out. When he walks the riverside, so much of his hair falls out and catches fire that he almost gets burned.","日々の気苦労は、着実に彼の毛根を蝕んでいる。彼が川べりを歩くと、抜け落ちた頭髪が燃え出し、火傷しそうになるほどだ。","日复一日的操劳正一点点侵蚀他的发根。沿河走上一圈，掉下来的头发甚至会烧起来，险些把本人烫伤。
The exhaustion he faces on the daily is making his hair fall out. When he walks the riverside, so much of his hair falls out and catches fire that he almost gets burned."
"800110","""Excuse me, traveler... Will you give us some food? ...No, I'm sure you wouldn't. I've never met a traveler who'd be so nice.""","「旅人さん、ぼくらにごはんくれるの？……くれないよね。そんな優しい旅人さん、見たことないもん」","“旅行者……能分我们一点吃的吗？……不会吧。我从没见过这么好心的旅行者。”
""Excuse me, traveler... Will you give us some food? ...No, I'm sure you wouldn't. I've never met a traveler who'd be so nice."""
"800111","""Those are some beautiful clothes you're wearing, traveler... Oh, I bet we could get so much good food to eat with the money from selling them...""","「旅人さん、きれいなお洋服きてるね。……それを売ったお金で、おいしいごはん、食べてみたいな……」","“旅行者，你穿得真漂亮……要是卖掉这些衣服，应该能换好多好多好吃的吧……”
""Those are some beautiful clothes you're wearing, traveler... Oh, I bet we could get so much good food to eat with the money from selling them..."""
"800120","Born with the power of prophecy, I have a mission: to be a guiding light, that all might live without doubts in a world fraught with suffering.","預言の力を持って生まれた私には使命がある。それは苦しみばかりの世界でも皆が迷わずに生きていけるよう、輝く道標になること。","我生来拥有预言之力，也因此肩负使命：在苦难遍地的世界里化作明灯，让众人不再迷惘。
Born with the power of prophecy, I have a mission: to be a guiding light, that all might live without doubts in a world fraught with suffering."
"800121","I shall guide all to the proper path. I will give everything to fulfill my duty. So when we meet again someday, will you pat me on the head and tell me I did a good job, Father? Mother?","私は皆を正しく導きます。精一杯使命を果たします。だから、お父様、お母様。いつかまたお会いできた時は頭を撫でてくれますか。","我会引导众人走上正道，也会竭尽全力完成使命。所以父亲、母亲，若有朝一日还能相见，可以摸摸我的头，说我做得很好吗？
I shall guide all to the proper path. I will give everything to fulfill my duty. So when we meet again someday, will you pat me on the head and tell me I did a good job, Father? Mother?"
"800130","I've been alone for ages, dears, and it makes me oh-so-happy to cook for someone. Go on now, eat up and make a dear old woman happy.","ずっと一人だったから、誰かのために料理できることが嬉しいのさ。さあ、年寄りを喜ばせると思って、たんと食べておくれ。","“我一个人过了太久。如今还能为别人做饭，心里高兴得很。来，多吃点，就当哄老太婆开心。”
I've been alone for ages, dears, and it makes me oh-so-happy to cook for someone. Go on now, eat up and make a dear old woman happy."
"800131","My secret ingredients are frogs, lizards—ah, and juicy pit vipers! Come now, don't be shy! The decade or three of drying in the sun is where the flavor comes from!","料理の隠し味は、カエルにトカゲ、それからマムシ。ほらほら、遠慮しないで！どれもとっておきの、ウン十年物の干物だよ。","“秘方嘛，有青蛙、蜥蜴，还有蝮蛇！别客气，多吃点！这些可都是晒了几十年的上等干货。”
My secret ingredients are frogs, lizards—ah, and juicy pit vipers! Come now, don't be shy! The decade or three of drying in the sun is where the flavor comes from!"
"800140","A pair of monsters who can change their appearance at will. They love to talk and are always laughing together. They also argue from time to time, but quickly make up.","姿を自在に変化させる、双子の魔物。お喋り好きで常に二人で笑いあっている。喧嘩をすることもあるようだが、すぐに仲直りする。","一对能随意变换外形的双生魔物。都爱说话，整日笑作一团；偶尔也会拌嘴，却总能很快和好。
A pair of monsters who can change their appearance at will. They love to talk and are always laughing together. They also argue from time to time, but quickly make up."
"800141","An ice monster that lived on the cliffs couldn't take the loneliness, and split itself into two. And as the two talked, they forgot which of themselves was the real one.","崖に棲む氷の魔物は孤独に耐えかね、自身を二つに分けた。そうしてお喋りするうちに、どちらが本当の姿か忘れてしまったようだ。","栖于悬崖的冰之魔物耐不住孤独，将自己一分为二。两边聊得太久，最后连谁才是真身都忘了。
An ice monster that lived on the cliffs couldn't take the loneliness, and split itself into two. And as the two talked, they forgot which of themselves was the real one."
"800150","An iron figure that does everything for humans: guidance, cleaning, cooking, you name it. It may turn out that it is not monsters that destroy humanity, but this sort of thing.","人間の代わりに、道案内、清掃、調理、なんでもこなす鉄の人形。人間を滅ぼすのは魔物ではなく、こういう存在なのかもしれない。","能替人类带路、打扫、做饭，几乎无所不能的钢铁人偶。将来毁灭人类的，也许不是魔物，而是这种东西。
An iron figure that does everything for humans: guidance, cleaning, cooking, you name it. It may turn out that it is not monsters that destroy humanity, but this sort of thing."
"800151","Now serves primarily as conversation for monsters. Likely it has functioned for so many years without breaking down because a monster is always repairing it.","今では専ら、魔物達の話し相手になっているようだ。長年壊れずに動き続けているのは、魔物が修理をしているからかもしれない。","如今它似乎主要负责陪魔物聊天。多年不坏，或许正因为总有魔物替它维修。
Now serves primarily as conversation for monsters. Likely it has functioned for so many years without breaking down because a monster is always repairing it."
"800160","A merchant who travels the world. He has a twin brother who runs a circus and is similarly well traveled.","世界各地を旅しながら、商売をする男。彼の双子の兄はサーカス団を経営しており、同じように様々な場所を回っていたらしい。","一名周游世界做买卖的商人。他有个经营马戏团的双胞胎兄长，同样四处奔波。
A merchant who travels the world. He has a twin brother who runs a circus and is similarly well traveled."
"800161","His ancestor was a legendary beast tamer who operated a carriage business. The twin brothers' world travels may very well be in their blood.","男の先祖は、「伝説の魔物使い」の足代わりの馬車屋だった。彼ら双子が世界各地を回るのは、その血の影響なのかもしれない。","其祖先曾是为“传说魔物使”代步的马车夫。兄弟俩走遍世界，或许正是受这份血脉影响。
His ancestor was a legendary beast tamer who operated a carriage business. The twin brothers' world travels may very well be in their blood."
"801010","This old man knows monsters. He can predict when and what kind of fiends will attack, hammers out strategies to deal with them, and then conveys them to the youngfolk.","老人は魔物に詳しい。次にいつどんな魔物が襲ってくるかを常に予想しており、その魔物に応じた作戦を考えて若者達に伝えている。","老人深谙魔物习性，总在预测下一次袭击何时发生、会来哪些魔物，再拟好对策传给年轻人。
This old man knows monsters. He can predict when and what kind of fiends will attack, hammers out strategies to deal with them, and then conveys them to the youngfolk."
"801011","The aged fellow also enjoys secretly betting with the old woman on what kind of and how many monsters will attack next—and it seems like he's picked up on a recent pattern...","老人は、次にどんな魔物が何匹やって来るか、村の老婆と賭けをして、密かに楽しんでいる。最近は傾向を掴んできた様子だが……","他还偷偷和村中老婆婆下注，猜下次会来什么魔物、来几只。最近似乎已经摸出了门道……
The aged fellow also enjoys secretly betting with the old woman on what kind of and how many monsters will attack next—and it seems like he's picked up on a recent pattern..."
"801020","This elderly lady walks with a cane and acts like nothing bothers her, always greeting her fellow villagers with a bright smile.","老婆は常に杖をついて歩いているが、そんな事を気にさせないくらい、いつも変わらぬ笑顔で村の人々に明るく接している。","老婆婆总拄着杖，却从不显得衰弱。她始终带着灿烂笑容，爽朗地与村民打招呼。
This elderly lady walks with a cane and acts like nothing bothers her, always greeting her fellow villagers with a bright smile."
"801021","She's in exquisite health, and her legs aren't that bad. She uses the cane mostly to conserve her energy, in case monsters attack and she needs to flee by herself.","老婆は至って健康で足も悪くない。いざという時、一人で魔物から逃げられるよう、日々杖をつくことで体力を温存している。","其实她身体硬朗，腿脚也好。拄杖只是为了平日省些体力，真有魔物来袭时，好独自逃命。
She's in exquisite health, and her legs aren't that bad. She uses the cane mostly to conserve her energy, in case monsters attack and she needs to flee by herself."
"801030","This girl, who lost her sister to a monster when she was young, always looks so lonely in her corner of the village. She's friendly enough, though, and runs cheerfully over if called.","幼い頃魔物に姉を殺された彼女は、いつも寂しそうに村の片隅にいる。が、声をかければ明るく駆け寄ってくるくらいに人懐っこい。","幼时姐姐惨死于魔物之手。此后她总孤零零待在村角。不过性情亲人，只要有人招呼，便会笑着跑来。
This girl, who lost her sister to a monster when she was young, always looks so lonely in her corner of the village. She's friendly enough, though, and runs cheerfully over if called."
"801031","At some point after her sister was killed, she started calling everything that moves ""big sister."" Even, for example, the very monster which took her sister's life...","姉を殺された彼女はいつしか動くもの全てに「お姉ちゃん」と声をかけるようになった。たとえそれが姉を殺した魔物だとしても……","姐姐死后，她不知何时开始把一切会动的东西都叫“姐姐”。哪怕那正是杀死姐姐的魔物……
At some point after her sister was killed, she started calling everything that moves ""big sister."" Even, for example, the very monster which took her sister's life..."
"801040","This young lad loves telling people he loves them. No matter their age or gender, all are subject to his loving confessions. Not a person in town has been spared his words of love.","彼は、すぐに愛の告白をする。年齢、性別問わずにどんどん愛の告白をする。村で彼からの告白を受けていない人はいないくらいだ。","这少年逢人便说“我爱你”。不分年龄性别，谁也逃不过他的告白；村里几乎无人没听过。
This young lad loves telling people he loves them. No matter their age or gender, all are subject to his loving confessions. Not a person in town has been spared his words of love."
"801041","This young lad loves telling people he loves them. He wants to make sure as many people as possible remember him, in case he ends up slaughtered by a marauding monster.","彼は、すぐに愛の告白をする。たとえ魔物に襲われ自分が死んでも、なるべく沢山の人達に自分の事を覚えておいてもらうために。","这少年逢人便说“我爱你”。他怕哪天死于魔物之手，便想让尽可能多的人记住自己。
This young lad loves telling people he loves them. He wants to make sure as many people as possible remember him, in case he ends up slaughtered by a marauding monster."
"801050","This man's obsession with his hair is—not to put too fine a point on it—hair-raising. Ever since childhood, he has meticulously trimmed his bangs every hour with sharp scissors.
","男の髪型へのこだわりは常軌を逸している。幼い頃から切れ味抜群の鋏を使い、一時間おきに、寸分の狂いなく前髪を切り揃えた。","此人对发型的执着已近疯狂。自幼每隔一小时便拿锋利剪刀修齐刘海，分毫不差。
This man's obsession with his hair is—not to put too fine a point on it—hair-raising. Ever since childhood, he has meticulously trimmed his bangs every hour with sharp scissors.
"
"801051","One time, he accidentally snipped off part of a finger along with his bangs. Nonetheless, his careful coiffuring continues, with all nine-and-a-half of his remaining digits.","鋭利な鋏はある時、前髪に当てていた彼の指まで切り揃えてしまった。それでも彼は、短くなった指で丁寧に髪をセットし続ける。","有一次剪刘海时，他连手指也削去一截。即便如此，仍用剩下九根半手指细细整理头发。
One time, he accidentally snipped off part of a finger along with his bangs. Nonetheless, his careful coiffuring continues, with all nine-and-a-half of his remaining digits."
"801060","""Mistress's treats... Good...""","「ゴシュジンサマカラノゴホウビ……スキ……」","“主人给的奖励……喜欢……”
""Mistress's treats... Good..."""
"801061","""Mistress's muscles. Look so tough. So good to chomp... Naughty, me. Let her hurt me. Could eat her. Anytime... Could eat now... Urgh...""","「ゴシュジンサマノカタクテタベゴタエアリソウナキンニク……イツデモクイコロセルオンナニシイタゲラレルハイトクカン……タベチャイソウ……ウウ……」","“主人那些硬邦邦、看着就很好咬的肌肉……明明随时都能吃掉她，却让她欺负我……好想吃……呜……”
""Mistress's muscles. Look so tough. So good to chomp... Naughty, me. Let her hurt me. Could eat her. Anytime... Could eat now... Urgh..."""
"801070","There once was a girl who loved acrobatics. She practiced around the clock and took good care of her equipment. The moment when the audience burst into cheers was her greatest joy.","女は曲芸を愛していた。昼夜を問わず練習を重ね、公演に用いる道具の手入れを欠かさない。観客の声援が届く瞬間が最上の歓びだ。","曾有一名深爱杂技的女子。她日夜苦练，从不疏于保养道具。观众欢呼响起的那一刻，就是她最大的喜悦。
There once was a girl who loved acrobatics. She practiced around the clock and took good care of her equipment. The moment when the audience burst into cheers was her greatest joy."
"801071","This is not she, who loved the art more than any other. This is her daughter, who pushed her from up high and killed her to steal the lead role and the black uniform she'd always coveted.","そんな誰より熱心だった女を、娘である彼女は高所から突き落として殺した。主役の座を奪うため、憧れの黒い衣装に身を包むため。","眼前并非那位最爱杂技的女子，而是她的女儿。为了抢走主角位置、穿上向往已久的黑色演出服，女儿从高处将母亲推下，夺走了她的命。
This is not she, who loved the art more than any other. This is her daughter, who pushed her from up high and killed her to steal the lead role and the black uniform she'd always coveted."
"801080","""Miss! Since I worked so hard at balancing on the ball, can I have a hug as a reward?!"" cries a man cursed by a monster to look like a boy forever, as he approaches a woman after the show.","「お姉さん！玉乗り頑張ったご褒美に抱っこして！」魔物の呪いで見た目が子供のままの男は公演後、調子よく年頃の女性に近づく。","“姐姐！我这么努力练踩球，抱抱我当奖励嘛！”受魔物诅咒、外表永远停在少年时期的男人，演出结束后便这样凑到年轻女子身边。
""Miss! Since I worked so hard at balancing on the ball, can I have a hug as a reward?!"" cries a man cursed by a monster to look like a boy forever, as he approaches a woman after the show."
"801081","He figures since he can't have a grown-up romance, this is the only way he'll ever enjoy a woman's touch. Ah, the days off with his monster companion are so long and lonesome...","彼は考えた。大人の恋愛ができないなら、女性と直に触れ合うにはそれしかないと。相棒の魔物と過ごす休日は長く寂しい。","反正无法谈成年人的恋爱，他便认定只有这样才能亲近女人。与魔物伙伴共度的休息日，实在漫长又寂寞……
He figures since he can't have a grown-up romance, this is the only way he'll ever enjoy a woman's touch. Ah, the days off with his monster companion are so long and lonesome..."
"801100","A devout old man who adores the Lightfaith's fluffy-eared headwear. He is in fact quite convinced the fluffiness is the best part of the religion.","信心深い老人は、もふもふの耳がついた被り物に並々ならぬ愛を抱く。もふもふこそ、光の宗教の真骨頂であると確信しているのだ。","虔诚老人极爱光之信仰那顶带绒耳的头饰，甚至坚信“毛茸茸”才是整个信仰的精髓。
A devout old man who adores the Lightfaith's fluffy-eared headwear. He is in fact quite convinced the fluffiness is the best part of the religion."
"801101","His dearest wish was to see his beloved grandson wearing the fluffy ears. But with the lad having been killed by monsters, no amount of faith will make that wish come true.","魔物に命を奪われた愛する孫が、もふもふの耳を被る姿を見たかった。どれほど信仰を重ねても、その願いだけは永遠に叶わない。","他最大的愿望，是看心爱的孙子戴上那对绒耳。可孩子已死于魔物之手，再虔诚的信仰也换不回这份心愿。
His dearest wish was to see his beloved grandson wearing the fluffy ears. But with the lad having been killed by monsters, no amount of faith will make that wish come true."
"801130","A brilliant apothecary said to be able to heal any injury and cure any illness. One story even claims he sent the god of death fleeing with its chthonic tail between its legs.","どんな怪我や病も治すと噂される凄腕の薬剤師。彼の前では死神も裸足で逃げ出す、という逸話がある。","医术高明的药剂师，据说任何伤病都能治好。甚至有传闻称，死神见了他也要落荒而逃。
A brilliant apothecary said to be able to heal any injury and cure any illness. One story even claims he sent the god of death fleeing with its chthonic tail between its legs."
"801131","The various cures he has concocted have saved many lives, but he still couldn't save his wife and daughter when they were dismembered by monsters.","彼が調合した薬は数多の命を助けた。だが魔物に四肢を切断された妻と娘を救うことはできなかった。","他调制的药救过无数性命，却没能救下被魔物肢解的妻子与女儿。
The various cures he has concocted have saved many lives, but he still couldn't save his wife and daughter when they were dismembered by monsters."
"801140","It was ten years ago that her son went out to defeat the monsters. Nonetheless, she prays every day that he yet lives.","彼女の息子が魔物を倒すと出て行ったのは、十年前のこと。それでも彼女は、毎日息子の生還を願い、祈りを捧げ続ける。","儿子外出讨伐魔物，已经十年。她仍每天祈祷，只盼孩子还活着。
It was ten years ago that her son went out to defeat the monsters. Nonetheless, she prays every day that he yet lives."
"801141","Her son couldn't bear his mother's overbearing love, and left home under the pretext of fighting monsters. These days, he evidently lives with his wife one town over.","彼女の息子は、母の深すぎる愛の重圧に耐えきれず、魔物との戦いを口実に家を出た。現在、息子は妻と隣町に暮らしているらしい。","其实儿子受不了母亲过于沉重的爱，借口讨伐魔物离家出走。如今似乎正和妻子住在邻镇。
Her son couldn't bear his mother's overbearing love, and left home under the pretext of fighting monsters. These days, he evidently lives with his wife one town over."
"801150","This woman's staunchly courteous manner makes it hard for her to fit in, and gives others a cold impression. She's a straight-laced lady, and isn't fond of revealing clothing.","この女性は、振る舞いこそ折り目正しいが、周囲と馴染まず、冷たい印象を抱かせる。堅物で、人前で肌を見せることも好まない。","她举止一丝不苟，却总与周围格格不入，给人冷淡印象。性情古板，也不喜欢在人前袒露肌肤。
This woman's staunchly courteous manner makes it hard for her to fit in, and gives others a cold impression. She's a straight-laced lady, and isn't fond of revealing clothing."
"801151","She worries that being shy and anxious around others is why she cannot make friends in town. She constantly practices casual conversation in front of her mother's grave.","恥ずかしがり屋で人見知りな性格のために、街で友人ができないことが悩み。いつも母の墓前で、おしゃべりの練習をしている。","她苦恼于自己怕生害羞，始终交不到朋友。于是常在母亲墓前练习闲聊。
She worries that being shy and anxious around others is why she cannot make friends in town. She constantly practices casual conversation in front of her mother's grave."
"801160","I wish everyone could be happy. I wish everyone could live well forever. These are the wishes he makes with each fake flower he braids together.","みんなが幸せでありますように。みんながいつまでも楽しく暮らせますように。そう願いながら偽物の花を一輪一輪、編んでいくよ。","愿大家都能幸福，愿大家永远快乐生活。怀着这样的愿望，他一朵一朵编起假花。
I wish everyone could be happy. I wish everyone could live well forever. These are the wishes he makes with each fake flower he braids together."
"801161","The flowers in his crown are made from monster hide. He wishes that one day he could make every monster in the world into a flower to decorate his hair with.","花冠に使う花は魔物の皮膚を使って作っているんだ。いつかこの世のすべての魔物を、花に変えて髪に飾れたらいいのに。","花冠上的花其实用魔物皮制成。他盼着有一天，把世上所有魔物都变成花，戴在自己头上。
The flowers in his crown are made from monster hide. He wishes that one day he could make every monster in the world into a flower to decorate his hair with."
"801170","Stricken with bedhead, shirt untucked—maybe this fellow's disheveled appearance is why he's so unpopular with others?","寝ぐせも直さないし、シャツもズボンからはみ出している。そんな風貌だからだろうか、彼は一部の仲間から人望がないようだ。","头发睡得乱翘，衬衫也没塞好。或许正因为这副邋遢模样，他在部分同伴中并不讨喜。
Stricken with bedhead, shirt untucked—maybe this fellow's disheveled appearance is why he's so unpopular with others?"
"801171","Something about his untidy look and hapless smile seems to arouse a maternal instinct that makes him a hit with women. He's stolen away his fair share of lovers.","だらしない恰好や頼りない笑顔は母性本能をくすぐるらしい。こう見えて女性にモテモテ。彼に恋人や妻を取られた男も少なくない。","可那不修边幅的样子和无害笑容似乎很能激起母性。别看这样，他其实颇受女人欢迎，被他抢走恋人或妻子的男人不在少数。
Something about his untidy look and hapless smile seems to arouse a maternal instinct that makes him a hit with women. He's stolen away his fair share of lovers."
"801180","An unmarried old woman who knows all the happenings of the City of Flame. Should she corner a fellow citizen, she'll treat them to an exhibition of her extensive knowledge.","{CARDNAME:91350}のあらゆる事象に精通した、独り身の老婆。街の人間達を捕まえては、口うるさく自らの知識を披露している。","独身老婆婆对{CARDNAME:91350}大小事务了如指掌。每逮到一个城里人，便要絮絮叨叨展示自己的博闻强识。
An unmarried old woman who knows all the happenings of the City of Flame. Should she corner a fellow citizen, she'll treat them to an exhibition of her extensive knowledge."
"801181","People tend to give the chatty old woman a wide berth, but she has wisely changed her approach. By conveying the air of a knowledgeable person, she tempts travelers into speaking with her.","そのやかましさに人々は彼女を遠ざけたが、老婆は賢く作戦を変える。知的な雰囲気を醸し出し、旅の者に声をかけさせるのだ。","众人嫌她太吵，总躲着走。老婆婆却聪明地换了招数：摆出学识渊博的气派，引得旅人主动搭话。
People tend to give the chatty old woman a wide berth, but she has wisely changed her approach. By conveying the air of a knowledgeable person, she tempts travelers into speaking with her."
"801190","This man evidently used to make a living slaying monsters, but injured his leg and retired. Since doing so, he has led a comfortable life, cane clutched in hand.","彼は元々、魔物退治を生業にしていたらしい。足を負傷し引退してからは、杖を片手に悠々自適の生活を送っている。","据说他原以讨伐魔物为生，后来伤了腿才退隐。此后拄着手杖，过起悠然自得的日子。
This man evidently used to make a living slaying monsters, but injured his leg and retired. Since doing so, he has led a comfortable life, cane clutched in hand."
"801191","Countless adventuring lives were spared in the wake of his retirement, as he was wont to kill competing hunters so he could keep all the monster-slaying profits to himself.","男の引退後、多くの冒険者の命が救われた。男は魔物退治の報酬を独占する為、競合相手の冒険者達を殺して回っていたのだ。","他退隐后，反倒救了无数冒险者。原来此人为了独吞讨伐报酬，过去常把同行猎人一并杀掉。
Countless adventuring lives were spared in the wake of his retirement, as he was wont to kill competing hunters so he could keep all the monster-slaying profits to himself."
"802000","This woman loves to hear tales of adventure from travelers. Her interest in them grew and grew until she opened the inn, where she can now hear heart-pounding stories all the time.","彼女は旅人の話す冒険譚が好きでした。趣味が高じて{CARDNAME:103020}を開き、その結果たくさんの心躍る物語を聞くことができたのです。","她最爱听旅人讲冒险故事，兴趣愈发浓厚，索性开了{CARDNAME:103020}。从此天天都能听到令人心潮澎湃的故事。
This woman loves to hear tales of adventure from travelers. Her interest in them grew and grew until she opened the inn, where she can now hear heart-pounding stories all the time."
"802001","As a matter of fact, she has painstakingly picked the best of those tales, and they'll be collected into a book! If you'd like to buy a copy, please send money to the following address...","今回その中から、彼女の厳選した至高の物語を一冊の本にまとめてご提供いたします。お求めをご希望の方は、こちらの宛先まで……","如今，她从无数故事中精挑细选，将其中佳作汇成一册！若想购买，请把钱寄到以下地址……
As a matter of fact, she has painstakingly picked the best of those tales, and they'll be collected into a book! If you'd like to buy a copy, please send money to the following address..."
"802010","The owner of a weapon shop—and a sexy, deep voice. All he has to do is whisper a soft, ""Buy it"" into a window-shopper's ear, and they offer their wallets up as if in a trance.","低い美声が魅力的な{CARDNAME:103011}の店主。彼に「買いな」と耳元で囁かれるだけで、ひやかしの客もうっとりと財布を差し出してしまう。","{CARDNAME:103011}店主有一副迷人的低沉嗓音。只要贴在耳边轻声一句“买吧”，哪怕只是闲逛的客人也会恍惚着掏出钱包。
The owner of a weapon shop—and a sexy, deep voice. All he has to do is whisper a soft, ""Buy it"" into a window-shopper's ear, and they offer their wallets up as if in a trance."
"802011","In reality, he's just a hired employee managing the store, and he doesn't know thing one about weapons. He got the job because of his beefy physique, and, especially, that sexy voice.","実は彼は武器のことなど少しも知らない、雇われ店長だ。立派な体格と、なによりその美声を買われて、この職に就くことになった。","其实他只是受雇看店，对武器一窍不通。能当上店主，全凭魁梧身材——以及那副迷人的好嗓子。
In reality, he's just a hired employee managing the store, and he doesn't know thing one about weapons. He got the job because of his beefy physique, and, especially, that sexy voice."
"802020","In this cage behind me, you'll spy a selection of the finest monsters I collected as I tromped all over the land! Surely there must be one or two that a traveler like you fancies!","この檻にはな、俺様が大陸を練り歩いて収集した、選りすぐりの魔物達がいるんだ。旅人さんが欲しい魔物もきっといるはずだぜ。","“我身后的笼子里，全是我走遍大陆才收来的上等魔物！像你这样的旅人，总有一两只看得上眼吧！”
In this cage behind me, you'll spy a selection of the finest monsters I collected as I tromped all over the land! Surely there must be one or two that a traveler like you fancies!"
"802021","Hold on. I'm a human, you hear me? I just pretend to be a monster so I can catch them when they let their guard down. Make sure you don't attack me, even if you spot me out there!","待て、俺は人間だぞ？魔物のふりをして、油断したところを捕まえるんだ。俺を外で見かけても、くれぐれも攻撃しないでくれよな。","“等等，我可是人类！只是装成魔物，趁它们放松戒备再下手。以后在外面看见我，可千万别攻击！”
Hold on. I'm a human, you hear me? I just pretend to be a monster so I can catch them when they let their guard down. Make sure you don't attack me, even if you spot me out there!"
"802030","Huh? You want me to tell you about myself? Well, I like apples, oranges, working at the shop, aaand my customers' smiling faces! I'm just an ordinary gal working at an item shop.","え？私のことを教えてほしい？好きなものはリンゴとオレンジ。お店の仕事。お客さんの笑顔。{CARDNAME:103010}で働く、普通の女の子だよ。","“咦？想听我介绍自己？我喜欢苹果、橘子、在{CARDNAME:103010}工作——还有客人的笑脸！就是个普通店员啦。”
Huh? You want me to tell you about myself? Well, I like apples, oranges, working at the shop, aaand my customers' smiling faces! I'm just an ordinary gal working at an item shop."
"802031","You wanna know what I REALLY like? A cold one after work, sleeping in on days off...oh, and definitely customers who spend a LOT of money!","私が本当に好きなもの。仕事の後の一杯、お休みの日に寝坊すること、それから……たくさん買い物してくれるお客さんかな！","“真要问我最喜欢什么？下班后喝一杯，休息日睡懒觉……还有，当然是肯花大钱的客人！”
You wanna know what I REALLY like? A cold one after work, sleeping in on days off...oh, and definitely customers who spend a LOT of money!"
"802040","I'm just an admirable, hardworking lad! Tireless, I daresay! I bust my hump on the daily! Customer service is my forte! Now come on in to paradise, and enjoy hours of fun!","ボクは健気な勤労少年。疲れ知らずさ！毎日毎日せっせと働く。客あしらいもお手の物。魅惑の楽園、{CARDNAME:103013}をどうぞご贔屓に！","“我可是勤劳又懂事的少年，永远不知疲倦！天天卖力干活，招呼客人更不在话下。欢迎光临魅惑乐园——{CARDNAME:103013}！”
I'm just an admirable, hardworking lad! Tireless, I daresay! I bust my hump on the daily! Customer service is my forte! Now come on in to paradise, and enjoy hours of fun!"
"802041","I saw my mom in a dream and woke up in tears. Augh! I'm not supposed to be like this. I'm a grown-up now. I have to work hard so I can feed my brother and sister!","夢の中で母ちゃんに会い、涙で目が覚めた。チクショウ！俺らしくもない。俺はもう大人なんだ。働いて働いて弟妹を食わせるんだ！","梦里见到母亲，醒来时满脸泪水。“可恶！这可不像我。我已经是大人了，得拼命干活，把弟弟妹妹养大！”
I saw my mom in a dream and woke up in tears. Augh! I'm not supposed to be like this. I'm a grown-up now. I have to work hard so I can feed my brother and sister!"
"810110","What thoughts does a
slime think? Has it the
capacity for intelligence
or emotion to begin
with? None are privy to
the goings-on inside
their gelatinous bodies.","何を考えているか、そもそも知性や感情があるのかもわからない、プヨプヨとした体を持つ謎の生き物。","史莱姆究竟在想什么？甚至有没有智慧和感情，都无人知晓。那团软胶般的身体里，藏着什么心思，谁也看不透。
What thoughts does a
slime think? Has it the
capacity for intelligence
or emotion to begin
with? None are privy to
the goings-on inside
their gelatinous bodies."
"810111","Slimes are, in fact,
extremely sensitive
creatures who grieve each
and every last one of their
senselessly slaughtered
brethren. Naturally, they've
developed an innate hatred
for any and all adventurers.","実は、豊かな感受性を持っている。同胞がむやみに屠られることに嘆き、冒険者に怨嗟の念を向ける。","其实史莱姆感情极其细腻。眼看同胞无端遭到屠杀，它们悲痛不已，也因此本能地憎恨所有冒险者。
Slimes are, in fact,
extremely sensitive
creatures who grieve each
and every last one of their
senselessly slaughtered
brethren. Naturally, they've
developed an innate hatred
for any and all adventurers."
"810120","Isn't my purple form beautiful? I carefully control my diet to remain just the right shade!","ぼくのからだ、紫色でキレイでしょう？毎日食べ物に気をつけて、この色をキープしてるんだ！","“我这一身紫色漂亮吧？为了保持最完美的色泽，我每天都很注意吃什么呢！”
Isn't my purple form beautiful? I carefully control my diet to remain just the right shade!"
"810121","I killed my friend. It had to be done. They said green was prettier than purple! Can you believe that? Now, which do you like better?","友達を殺しちゃった。だって、紫より緑のほうがキレイだっていうんだもん。君は紫と緑、どっちが好き？","“我杀了朋友。没办法啊，谁叫它说绿色比紫色漂亮！你说，紫色和绿色哪个更好看？”
I killed my friend. It had to be done. They said green was prettier than purple! Can you believe that? Now, which do you like better?"
"810210","These adorable furry critters are such a hit with children that plush animals of them are by far the best-selling souvenirs in town.","そのもふもふした愛らしい容姿が、若者達のあいだで大人気の魔物。彼らを模したぬいぐるみは、町の土産屋の稼ぎ頭となっている。","毛茸茸又可爱的魔物，深受孩子们喜爱。以它们为原型的玩偶，更是镇上最畅销的伴手礼。
These adorable furry critters are such a hit with children that plush animals of them are by far the best-selling souvenirs in town."
"810211","The plush animals use real yeti fur, which has lead to a rise in live yetis attacking shops in attempts to recover their hideously altered brethren.","ぬいぐるみには本物の毛が使われている。近頃、変わり果てた仲間を取り戻すため、土産屋を襲撃する個体が増えているという。","玩偶使用真正的雪人毛制作。近来，为夺回被做成怪样的同胞，活雪人袭击纪念品店的事件越来越多。
The plush animals use real yeti fur, which has lead to a rise in live yetis attacking shops in attempts to recover their hideously altered brethren."
"810220","Proto-yetis form herds of nine and diligently gather to practice striking a small ball with a metal bar.","この魔物は、９匹で群れを作る習性を持つ。<br>いつも皆で集まり、鉄の棒で小さな球を打つ練習に励んでいるようだ。","原始雪人习惯九只成群，<br>总聚在一起刻苦练习用铁棒击打小球。
Proto-yetis form herds of nine and diligently gather to practice striking a small ball with a metal bar."
"810221","They have a rigid hierarchy. Newcomers must fetch balls, and the leader will use the metal bar to beat to death any who are lax in this duty.","この魔物は、上下関係を非常に重んじる。<br>新入りはまず球拾いから。それを怠ると、リーダーに鉄の棒で撲殺される。","它们极重上下尊卑。新人先负责捡球；<br>若敢偷懒，首领就会用铁棒把它活活打死。
They have a rigid hierarchy. Newcomers must fetch balls, and the leader will use the metal bar to beat to death any who are lax in this duty."
"810310","A beast boasting soft hair with a bounce. Its locks protect its body from physical shock and, consequently, often protect its very life.","柔らかく弾力のある毛質が特徴の魔物。全身に生えた毛は衝撃を和らげる効果もあり、そのおかげで命拾いすることもしばしば。","全身长着柔软而富有弹性的毛。厚毛能缓冲冲击，也因此屡屡救它们一命。
A beast boasting soft hair with a bounce. Its locks protect its body from physical shock and, consequently, often protect its very life."
"810311","A furball is ever a ball of fur. This is quite convenient when it's cold, though more than a few perish from heat stroke when it's warm.","いついかなるときも毛むくじゃらな魔物。寒い気候ではちょうどいいが、暑い気候になると、暑すぎて死ぬ個体もいるという。","毛球永远浑身是毛。寒冷时倒很舒服，一到炎热天气，却有不少会因中暑丧命。
A furball is ever a ball of fur. This is quite convenient when it's cold, though more than a few perish from heat stroke when it's warm."
"810320","Their fur unkempt and
overgrown, these
functionally blind
creatures bite anything
they sense is moving,
in the hopes it
is edible.","伸びきった毛のせいで視界が悪く、前がほとんど見えていない。動く物の気配を頼りに齧りつき、それが食べられるかを確認する。","毛发杂乱疯长，几乎遮住全部视线。它们只要感觉到东西在动，便一口咬上去，先尝尝能不能吃。
Their fur unkempt and
overgrown, these
functionally blind
creatures bite anything
they sense is moving,
in the hopes it
is edible."
"810321","As one might imagine,
biting anything that
moves, be it vicious or
poisonous, is a fine way
to cut your life short.
As a result, they are
nearing extinction.","凶暴な魔物や、毒性のある魔物にも構わず齧りつくため、そのほとんどが短命である。それ故に絶滅の危機に瀕している。","见什么动就咬，碰上凶暴或带毒的魔物也不例外，自然活不长。如今这个种族已濒临灭绝。
As one might imagine,
biting anything that
moves, be it vicious or
poisonous, is a fine way
to cut your life short.
As a result, they are
nearing extinction."
"810410","Sword in paw, this proud
little beast will
challenge all comers to
a fair and honest duel,
and never back down,
regardless of their
opponent's size or
strength.","誇り高き小さな魔物。手にした剣に、清く正しく在ることを誓い、正々堂々と決闘に臨む。己より強大な敵にも怯むことはない。","小小身躯却极重荣誉，爪中握剑，发誓光明磊落。无论对手多么高大强壮，它都敢堂堂正正发起决斗。
Sword in paw, this proud
little beast will
challenge all comers to
a fair and honest duel,
and never back down,
regardless of their
opponent's size or
strength."
"810411","Pure of mind though they
may be, their bodies are
in fact riddled with a
plague that, unbeknownst
to the poor creatures,
tends to be what
ultimately slays
their foes.","清い精神とは裏腹に、その体は雑菌に塗れている。決闘相手は剣にではなく、彼らが意図せず運ぶ疫病により命を奪われる。","心灵虽纯洁，身体却满是病菌。可怜的它们并不知道，许多对手最终并非死于剑下，而是死于它们无意传播的疫病。
Pure of mind though they
may be, their bodies are
in fact riddled with a
plague that, unbeknownst
to the poor creatures,
tends to be what
ultimately slays
their foes."
"810420","No point playing by the rules in this screwed-up world. We rats don't need pride, anyway! Live it up and make some noise!","こんな狂った世界で真面目に生きるなんて虚しいだけだ。ドブネズミに誇りなんていらねぇ！馬鹿みたいに騒いで楽しく生きてやる！","“这种烂透的世界，守规矩又有什么用？下水道老鼠要什么尊严！闹个痛快，活得开心才算本事！”
No point playing by the rules in this screwed-up world. We rats don't need pride, anyway! Live it up and make some noise!"
"810421","Truth is, I'd have loved to try playing by the rules. Live in a clean house. Eat hot meals. I hate the humans for making me feel like this.","本当は、真面目に生きてみたかった。清潔な家で暮らしてみたい。温かい料理を食べてみたい。こんな気持ちにさせる、人間が憎い。","“其实我也想好好过日子。住干净房子，吃热乎饭菜。是人类让我连这种念头都觉得可笑……我恨他们。”
Truth is, I'd have loved to try playing by the rules. Live in a clean house. Eat hot meals. I hate the humans for making me feel like this."
"810510","I picked up a real strong, sturdy hammer in the forest today. I can't wait to show it off to my friends!","今日森の奥で、すごく硬くて丈夫なハンマーを拾ったよ。えへへ、友達に見せびらかしてやろうっと！","“今天在森林深处捡到一把又硬又结实的锤子！嘿嘿，真想快点拿给朋友们炫耀！”
I picked up a real strong, sturdy hammer in the forest today. I can't wait to show it off to my friends!"
"810511","Yep, this is how I'll get my revenge on all those bullies. Starting tomorrow I'll pay 'em a visit, one by one!","これでやっと、ぼくを虐めたあいつやこいつに復讐できる。明日から一人ずつ、奴らを訪ねていこうっと！","“终于能向那些欺负过我的家伙报仇了。明天开始，一个一个找上门去！”
Yep, this is how I'll get my revenge on all those bullies. Starting tomorrow I'll pay 'em a visit, one by one!"
"810520","Proficient with weapons and armor, these orcs strut around like they own the place in a show of strength to their fellows.","武器と防具の扱いに長けたその魔物は、同族達に自分の強さを誇示するかのように、我が物顔で棲み処を闊歩していた。","这种兽人擅长使用武器与防具，总在巢穴里横冲直撞，仿佛故意向同族炫耀自己的强大。
Proficient with weapons and armor, these orcs strut around like they own the place in a show of strength to their fellows."
"810521","Such arrogance often results in exile from their homelands. So they wander, aimless and alone, in search of a place to sleep.","その魔物は、傍若無人な振る舞いのせいで、棲み処から追い出されてしまった。今日も一人、寝床を探して彷徨っている。","也正因如此蛮横，它们常被逐出巢穴。于是孤身漂泊，漫无目的地寻找下一处栖身之所。
Such arrogance often results in exile from their homelands. So they wander, aimless and alone, in search of a place to sleep."
"810610","Those massive stone axes are generational heirlooms. These beasts hunt down adventurers holding fast to memories of their ancestors.","その魔物が持つ巨大な石斧は、先祖代々引き継がれている逸品だ。先代の思いを胸に、今日もまた冒険者を探しては襲い掛かる。","它们手中巨大的石斧，都是代代相传的珍品。怀着先辈留下的执念，今日仍在四处寻找冒险者下手。
Those massive stone axes are generational heirlooms. These beasts hunt down adventurers holding fast to memories of their ancestors."
"810611","Time after time, the adventurers prevail. The axes left behind are taken up by the next generation, whose hatred of humans only grows.","その魔物は、今日もまた冒険者によって駆逐される。彼らが遺した石斧は、次の世代が回収し、人間への恨みを積み重ねていく……","可它们又一次败在冒险者手中。遗下的石斧会被下一代拾起，对人类的仇恨也随之越积越深……
Time after time, the adventurers prevail. The axes left behind are taken up by the next generation, whose hatred of humans only grows."
"810710","In combat, the bodies of these monsters rattle upon sighting an adventurer, almost as if they're laughing...","戦いの最中、その魔物は冒険者の傷を見て体中の骨をカタカタと鳴らす。まるで不気味に笑っているかのようだ。","战斗中，这种魔物一看见冒险者受伤，就会让全身骨头咔哒作响，仿佛在阴森地发笑……
In combat, the bodies of these monsters rattle upon sighting an adventurer, almost as if they're laughing..."
"810711","Their bodies are made from the bones of humans they've killed. One can sometimes make out moans of the dead among the threatening rattle.","彼らの体は今まで殺した人間の骨で組み上げられている。威嚇のために鳴らすその骨からは、時折亡者の呻き声が混ざって聞こえる。","它们的身体由被自己杀死的人骨拼成。威吓时骨头咔哒作响，其中偶尔还夹着亡者呻吟。
Their bodies are made from the bones of humans they've killed. One can sometimes make out moans of the dead among the threatening rattle."
"810720","This monster appears with the vengeful spirit of its lover; their bond so powerful it leaves little vulnerability to attack.","恋人の怨霊と共に現れる魔物。彼らの連携は冒険者の付け入る隙が無いほどバッチリだという。","这种魔物会与恋人的怨灵一同现身。两者配合天衣无缝，几乎不给冒险者任何可乘之机。
This monster appears with the vengeful spirit of its lover; their bond so powerful it leaves little vulnerability to attack."
"810721","Sometimes they ignore their adventurer opponent to argue. Those lovers' quarrels are more vicious than any battle...","冒険者を無視して、恋人と痴話喧嘩を始めることがある。その様子は冒険者との戦闘よりも激しい……","它们有时会无视眼前冒险者，转头和恋人吵起来。那场痴情争吵，往往比真正战斗还要惨烈……
Sometimes they ignore their adventurer opponent to argue. Those lovers' quarrels are more vicious than any battle..."
"810730","These monsters wear earmuff-like objects into battle, shake their bones in rhythmical beats, and launch up-tempo attacks.","彼らは戦いの際、必ず黒い耳あてのような物を身に付け、体を揺らし骨をリズミカルに鳴らしながら、テンポ良く攻撃をしてくる。","战斗时，它们总戴着黑色耳罩般的东西，随着节拍晃动骨骼，攻击也快得像踩着节奏。
These monsters wear earmuff-like objects into battle, shake their bones in rhythmical beats, and launch up-tempo attacks."
"810731","Listen closely, and you'll hear the crunching of bone, the rending of flesh, and cries of pain emanating from those black earmuffs.","戦闘中、彼らの黒い耳あてから漏れる音をよく聞いてみると、骨の砕ける音や肉の潰れる音、人間の悲鳴などが常に聞こえてくる。","若仔细听那黑色耳罩漏出的声音，会听见骨头碎裂、血肉碾烂，还有人类惨叫。
Listen closely, and you'll hear the crunching of bone, the rending of flesh, and cries of pain emanating from those black earmuffs."
"810810","We bare our fangs at the hubristic humans, so as to remind them they are little more than helpless prey.","我々は人間に牙をむく。
うぬぼれ屋の人間共は、思い出すだろう。人間とは愚かで力無き家畜に過ぎないということを。","“我们向傲慢的人类露出獠牙，只为让他们想起：自己不过是无力反抗的猎物。”
We bare our fangs at the hubristic humans, so as to remind them they are little more than helpless prey."
"810811","We love the arrogant humans, who will become our flesh and blood, and help us prosper. Wherever they try to flee, we will follow.","我々は人間を愛している。驕った人間共は、我々の血肉となり、種族に繁栄をもたらす。どこまで逃げようと、決して逃がしはせぬ。","“我们爱那些傲慢的人类。他们会化作我们的血肉，滋养族群繁盛。无论逃到哪里，我们都不会放过。”
We love the arrogant humans, who will become our flesh and blood, and help us prosper. Wherever they try to flee, we will follow."
"810820","These feral spirits attack silently from the shadows. Though their corporeal form is long gone, their bloodlust remains alive and well.","音もなく獲物の背後から襲い掛かる、獰猛な野獣の怨霊。肉体は朽ち果てても、血に飢えた野生の本能は健在である。","凶兽死后留下的怨灵，无声无息从阴影中扑向猎物。肉身虽早已腐朽，嗜血本能却丝毫未减。
These feral spirits attack silently from the shadows. Though their corporeal form is long gone, their bloodlust remains alive and well."
"810821","Though they make not a sound, they do have a faint scent. This means they prey mostly on humans, as animals with keener noses flee them.","音はしないが、微かな獣臭を放つ。そのため、嗅覚の鋭い動物達には逃げられてしまい、餌食となるのは人間くらいである。","它们不发一声，却残留淡淡兽腥。嗅觉敏锐的动物会早早逃开，于是最终沦为猎物的多半是人类。
Though they make not a sound, they do have a faint scent. This means they prey mostly on humans, as animals with keener noses flee them."
"810910","Though indeed slow on the ground, this creature can fly swiftly through the air. It is prized as a symbol of eternal youth.","この魔物は足こそ遅いが、空を翔ける速さはなかなかのもの。不老長寿の象徴として尊ばれている。","这种生物在地面行动迟缓，飞上天空却快得惊人。人们将其视作长生不老的象征。
Though indeed slow on the ground, this creature can fly swiftly through the air. It is prized as a symbol of eternal youth."
"810911","The hardness of its shell is akin to steel. And yet, once flipped over onto said shell, it cannot right itself again.","その甲羅は極めて硬く、鋼鉄に例えられるほど。ただし、ひっくり返ると自力では元に戻れない。","甲壳坚硬如钢。可一旦四脚朝天，就再也无法靠自己翻回来。
The hardness of its shell is akin to steel. And yet, once flipped over onto said shell, it cannot right itself again."
"810920","When withdrawn into its shell, this creature is often mistaken for valuable ore, resulting in many a severely burnt hand.","甲羅に手足を引っ込めていると、火山の鉱物に間違えられることがよくある亀の魔物。誤って触ると、大火傷を負うので要注意だ。","缩进壳里时，它常被误认成珍贵矿石。误触之人往往被烫得皮开肉绽，务必小心。
When withdrawn into its shell, this creature is often mistaken for valuable ore, resulting in many a severely burnt hand."
"810921","Armies venturing to colder climes take these creatures along for warmth. Apparently they also make great projectiles to hurl at enemies.","寒冷地に遠征する軍隊は、暖を取るために、この魔物を連れて行くという。敵に投げつければ、攻撃手段にもなると評判らしい。","远征寒地的军队会带上这种魔物取暖。据说扔向敌人还能当作威力不俗的投射武器。
Armies venturing to colder climes take these creatures along for warmth. Apparently they also make great projectiles to hurl at enemies."
"810930","In ancient times, these beasts' shells were used for divination. Priests heated them until they cracked, and read the resulting pattern.","古代の王朝では、この魔物の甲羅を使って占いを行った。神官が甲羅を焼き、現れたヒビで吉凶や天災の予兆を読んだという。","古代王朝曾用这种魔物的甲壳占卜。神官将壳烤裂，再从裂纹判断吉凶与天灾征兆。
In ancient times, these beasts' shells were used for divination. Priests heated them until they cracked, and read the resulting pattern."
"810931","The times changed, as did their exalted status. The once-mystical beasts are now treated as nothing more than seaside pests.","昔は神の使いとして珍重されていた彼ら。しかし時代と共に神秘性は失われ、浜辺で悪童に虐められるまでに成り下がってしまった。","昔日它们被奉为神使，备受珍视。时代变迁，神秘光环褪尽，如今甚至沦落到在海滩被顽童欺负。
The times changed, as did their exalted status. The once-mystical beasts are now treated as nothing more than seaside pests."
"811010","As winter approaches, small animals flock to the treants' hollows, seeking warmth. The treants happily oblige.","冬が近づくと、森中の小動物達が暖を求めてウロの周りに集まって来る。彼らはそれを優しく迎え入れる。","冬日将近，森林里的小动物会聚到树人空洞旁取暖。树人总温柔地将它们迎进去。
As winter approaches, small animals flock to the treants' hollows, seeking warmth. The treants happily oblige."
"811011","The poor creatures are frozen solid and added to a collection deep in the woods, which might even contain an adventurer or two...","ウロに入った動物達は氷漬けにされ、森の奥深くにコレクションされる。そのなかには冒険者の姿も……","可怜的小动物随后被冻成冰块，收藏在森林深处。其中，似乎也夹着一两个冒险者……
The poor creatures are frozen solid and added to a collection deep in the woods, which might even contain an adventurer or two..."
"811110","When these bashful creatures find a sweetheart, they slowly reach out and entwine them in their arms.","恥ずかしがり屋の彼女達は思い人を見つけると、植物の手をゆっくり伸ばして相手の体に絡みつく。","这些害羞的生物一旦遇见心上人，便会慢慢伸出植物般的手臂，将对方缠住。
When these bashful creatures find a sweetheart, they slowly reach out and entwine them in their arms."
"811111","They then absorb their life, bit by bit, until the object of their affection stirs no longer.","そして彼らの鼓動が止まるまで、いつまでも、いつまでも、時間をかけて養分を吸い続けるのだ。","随后一点一点吸走生命，直到心上人的心跳彻底停止。它们会一直、一直吸下去。
They then absorb their life, bit by bit, until the object of their affection stirs no longer."
"811120","Humans speak of
burning passion, but
rarely does that lead
to literal flames, as it
does with this creature.
Should any human
survive the flames, they
have a mate for life.","情熱的な彼女達は燃えるような恋をして、実際に熱く燃えあがる。その炎に耐えた者を生涯の伴侶とする。","人类常说“爱得火热”，对它们而言却是字面意义。坠入爱河时，全身会真的燃起来；若有人能熬过烈焰，便会成为它们终生伴侣。
Humans speak of
burning passion, but
rarely does that lead
to literal flames, as it
does with this creature.
Should any human
survive the flames, they
have a mate for life."
"811121","In the unlikely event this
passion cools, their flame
disappears without a trace,
never to return again.","二人の愛が冷めてしまったとき、その炎は跡形もなく消え去る。そして二度と火が灯ることはない。","若这份爱意有朝一日冷却，火焰也会消失得无影无踪，并且永不再燃。
In the unlikely event this
passion cools, their flame
disappears without a trace,
never to return again."
"811130","These sweet, gentle
creatures are infamous
for falling in love with
human men and giving
themselves over to them
out of a sense of love
deeper and more
profound than any lake.","可憐な姿をした彼女達は、しばしば人間の男と恋をする。そして、湖よりも深い愛情で相手に尽くす。","这些模样可爱、性情温柔的生物常爱上人类男子，并以深过湖底的情意全心奉献。
These sweet, gentle
creatures are infamous
for falling in love with
human men and giving
themselves over to them
out of a sense of love
deeper and more
profound than any lake."
"811131","In return for their devotion,
they expect absolute
fidelity. Any man caught
being unfaithful is swiftly
pulled to the lake bed,
where his corpse may be
doted on for all time.","彼女達が浮気を許すことは決してない。深い深い湖の底に引きずり込み、その亡骸を生涯大切にする。","作为回报，它们要求绝对忠贞。若发现对方变心，便会把男人拖进深深湖底，此后终生珍爱那具尸体。
In return for their devotion,
they expect absolute
fidelity. Any man caught
being unfaithful is swiftly
pulled to the lake bed,
where his corpse may be
doted on for all time."
"811140","Sparks quite literally fly
when these creatures
fall in love, but not out
of extreme passion. Nay,
these reserved creatures
merely want the objects
of their affection to take
notice of them.","彼女達は恋に落ちるとチカチカと電光を放つ。引っ込み思案なため、そうして意中の相手に気付いてもらおうとしているのだ。","它们坠入爱河时真的会电光四射，却不是因为热情奔放。恰恰相反，它们太过内向，只能靠闪光吸引心上人注意。
Sparks quite literally fly
when these creatures
fall in love, but not out
of extreme passion. Nay,
these reserved creatures
merely want the objects
of their affection to take
notice of them."
"811141","Should they go unnoticed,
the sparks only grow in
intensity, ultimately ending
in lightning strikes that kill
many a thick-headed man.","なかなか気付いてもらえないと電光の激しさが増していき、最終的には雷を落とす。鈍感な男には感電死が待っている。","若迟迟无人察觉，电光就会越来越强，最终化作落雷。迟钝的男人，往往只剩触电身亡一途。
Should they go unnoticed,
the sparks only grow in
intensity, ultimately ending
in lightning strikes that kill
many a thick-headed man."
"811210","My research leads me to believe the ""fwip-fwip"" sounds of these critters opening and closing their caps are a form of communication.","俺は魔物研究家。奴らは傘を器用に動かしてフゴフゴと音を出す。その音で、仲間と連携を取っているのではないかと俺は推測する。","“我是魔物研究者。我推测，它们灵巧开合菌盖发出的‘噗咕噗咕’声，是与同伴沟通的方式。”
My research leads me to believe the ""fwip-fwip"" sounds of these critters opening and closing their caps are a form of communication."
"811211","I've figured it out! The sounds are ceremonial atonement for killing their prey. Hm? Something's making a racket behind me...","長年の研究の末、俺はようやく突き止めた。あの音は獲物の命を奪うことへの贖罪の儀式だったのだ。ん？背後から何か音が……","“多年研究，我终于查明真相！那声音是夺走猎物性命后的赎罪仪式。嗯？背后怎么越来越吵……”
I've figured it out! The sounds are ceremonial atonement for killing their prey. Hm? Something's making a racket behind me..."
"811220","Due to their mutated toxins, these monsters gleam in the sun. Their alluring glitter beguiles many an adventurer into eating them.","体に溜めた毒が、突然変異で光り輝くようになった魔物。その眩い輝きは冒険者を惑わせ、彼らを無意識に口元へと運ばせるという。","体内毒素发生异变，使它们在阳光下闪闪发亮。那迷人光泽会蛊惑冒险者，让人不知不觉把它们送进嘴里。
Due to their mutated toxins, these monsters gleam in the sun. Their alluring glitter beguiles many an adventurer into eating them."
"811221","Eating them induces vomiting. The glittering discharge further bewitches the poor adventurers into ending their own lives.","冒険者達は彼らを食したのち、猛毒により嘔吐する。そして輝く吐しゃ物を見た冒険者はさらに惑わされ、自ら命を絶ってしまう。","吃下后，冒险者会因猛毒剧烈呕吐。可那闪亮的呕吐物又会进一步迷惑他们，最终令其亲手结束生命。
Eating them induces vomiting. The glittering discharge further bewitches the poor adventurers into ending their own lives."
"811310","Wyverns kill any human they see. There is no escaping their flesh-rending talons, their bone-snapping jaws. It's a horrific way to go.","人間を見つけると、執拗に追い回し、いたぶり殺す。鋭いかぎ爪で肉を裂き、強靭な顎で骨を砕く。とにかく残忍で恐ろしい魔物だ。","翼龙见到人类便穷追猛打。利爪撕肉，强颚碎骨，直到把人活活折磨致死，残忍至极。
Wyverns kill any human they see. There is no escaping their flesh-rending talons, their bone-snapping jaws. It's a horrific way to go."
"811311","Wyverns were once friendly beasts. Only when humans began hunting them for equipment materials did they grow hateful.","かつては人に友好的な種族であった。だが、装備の材料として乱獲されるようになってからは、人間を酷く恨むようになったという。","其实翼龙曾经亲近人类。直到人们为获取装备材料大肆捕猎，它们才开始深恨人类。
Wyverns were once friendly beasts. Only when humans began hunting them for equipment materials did they grow hateful."
"811410","Long, long ago people
told stories of a
monster that would turn
into a prince if kissed
by a princess. It was
quite popular, and
survived for several
generations.","「お姫様が口づけをするとその魔物は、美しい王子の姿に変わりました」そんな物語を、遠い昔に人々が語り継いでいたと言います。","很久以前流传着一则故事：公主亲吻某种魔物后，它会化作俊美王子。这故事曾风靡一时，传了好几代。
Long, long ago people
told stories of a
monster that would turn
into a prince if kissed
by a princess. It was
quite popular, and
survived for several
generations."
"811411","In retrospect, it was
likely the fact that
touching this creature—
let alone kissing it—
could poison you to
death that caused that
story to fall out
of favor.","実際は、その魔物に触れると毒で肌は爛れ、口づけなどしようものなら即死します。故に、その物語は廃れてしまったのでしょう。","后来人们大概终于想起，光是触碰这种魔物就可能中毒溃烂，更别提亲吻——那会当场毙命。故事也就渐渐没人讲了。
In retrospect, it was
likely the fact that
touching this creature—
let alone kissing it—
could poison you to
death that caused that
story to fall out
of favor."
"811420","Shadow-black bodies,
Blood moons for eyes.
Joyous are their
  reveries,
Fangs seek a sanguine
  prize.","漆黒に溶ける身体。
赤く浮かぶ双月。
血に渇いた鋭き白。
響く歓喜の歌声。","身融漆黑，双月猩红。<br>白牙嗜血，欢歌回荡。
Shadow-black bodies,
Blood moons for eyes.
Joyous are their
  reveries,
Fangs seek a sanguine
  prize."
"811421","Slim fangs exsanguinate
Amidst a piercing
  scream.
Head lolls,
  pulse abates,
Consciousness
  a fading stream.","響く絶望の叫声。
突き立てられた白。
赤が奪われる器。
漆黒に溶ける意識。","绝望尖啸，白牙刺入。<br>赤红尽失，意识沉黑。
Slim fangs exsanguinate
Amidst a piercing
  scream.
Head lolls,
  pulse abates,
Consciousness
  a fading stream."
"811430","This monster's in love! There's a beautiful toad in this odd box whom it hopes to see more of; for now, it watches the box as much as it can.","魔物は恋に落ちた。不思議な箱に映し出された、艶やかなメスの姿に。彼女の全てを見たいと願いながら、隙あらば箱を覗き込む。","这只魔物恋爱了。不思议的箱子里，有一只艳丽雌蟾令它魂牵梦萦。它只想看尽对方一切，一有空便盯着箱子。
This monster's in love! There's a beautiful toad in this odd box whom it hopes to see more of; for now, it watches the box as much as it can."
"811431","One day a human sliced into the box-toad's stomach. The lovesick monster was riveted. At last, it could see every last inch of the object of its affection.","箱の中の彼女は、ある日人間によって腹を切り裂かれた。その様子に魔物は釘付だ。彼女の全てを見ることができたのだから。","某天，人类剖开了箱中雌蟾的腹部。痴恋的魔物看得目不转睛——终于，它真的看见了心上人的“一切”。
One day a human sliced into the box-toad's stomach. The lovesick monster was riveted. At last, it could see every last inch of the object of its affection."
"811510","How I wish to see you, darling. Just one more time. If we should meet, I would profess my love to you.","会いたい。
もう一度、あの人に。
もし会えたのなら、
愛していると告げるんだ。","“好想见你。哪怕再见一次也好。若真能相逢，我一定要告诉你：我爱你。”
How I wish to see you, darling. Just one more time. If we should meet, I would profess my love to you."
"811511","I am grateful now, my darling, that you killed me. This way, I can love you for all eternity.","僕を殺してくれたことに、
いまでは感謝している。
これで永遠に君のことを
愛し続けられるのだから。","“如今我反而感谢你杀了我。这样一来，我就能永远爱着你了。”
I am grateful now, my darling, that you killed me. This way, I can love you for all eternity."
"811610","Turf wars among killer wasps are violent affairs. They trail opposing colony members to their nests and then attack with the thorns they hold.","殺人蜂の縄張り争いは激しい。別コロニーの同種を見つけると、追跡して巣を探し出す。そして手に持つ棘で攻撃をするのだ。","杀人蜂之间的领地争夺异常激烈。发现别群同类后，会一路跟踪找到巢穴，再用手中尖刺发动袭击。
Turf wars among killer wasps are violent affairs. They trail opposing colony members to their nests and then attack with the thorns they hold."
"811611","A horrific fate awaits the queen of the defeated colony. Eggs are laid upon her while she lives, so that her soft body shall nourish the larvae.","争いに敗れたコロニーの女王に待つのは、耐え難き苦難。栄養豊富で柔らかいその体は、生きながら卵を産み付けられる運命にある。","战败蜂群的女王将迎来可怕命运：仍活着时便被产下虫卵，柔软而营养丰富的身体会成为幼虫食粮。
A horrific fate awaits the queen of the defeated colony. Eggs are laid upon her while she lives, so that her soft body shall nourish the larvae."
"811620","They call me a hero, but
I still fear these
three sounds: peals of
thunder, fluttering
insect wings, and tiny
tongues licking at their
jaws and mandibles.
","雷が轟く音。虫の翅の音。舌なめずりの音。その三つの音が俺は怖い。村の英雄と持て囃されているが、奴らが怖くて仕方ないんだ。","“人们叫我英雄，可我最怕三种声音：雷鸣、虫翅振动，还有那小小舌头舔舐嘴边的声音。”
They call me a hero, but
I still fear these
three sounds: peals of
thunder, fluttering
insect wings, and tiny
tongues licking at their
jaws and mandibles.
"
"811621","After paralyzing their
prey with lightning,
the awful, anticipatory
licking begins. Which
reminds me of the fourth
sound I fear—that of my
flesh being rent from my
body and devoured.","雷で獲物の自由を奪うと、奴らはご馳走を前に舌なめずりをした。あぁ、もう一つ追加だ……四つ目、己の肉が喰い千切られる音。","“它们先用雷电麻痹猎物，再开始令人发毛地舔嘴。对了，还得加第四种——自己的肉被撕下来、嚼碎吞下去的声音。”
After paralyzing their
prey with lightning,
the awful, anticipatory
licking begins. Which
reminds me of the fourth
sound I fear—that of my
flesh being rent from my
body and devoured."
"811630","If you're lost in a dark forest, beware of tiny red lights. They could be the flames of these vile, soul-sucking wasps.","暗い森で迷ったならば、小さな赤い光に気を付けろ。それは人の魂を啜ると言われる、恐ろしい悪魔の蜂が燃やす炎かもしれない。","若在黑暗森林中迷路，务必提防小小红光。那可能是恶魔蜂燃起的火焰——传说它们会啜饮人的灵魂。
If you're lost in a dark forest, beware of tiny red lights. They could be the flames of these vile, soul-sucking wasps."
"811631","It's said these wasps induce hallucinations of hope and despair in their captives. Agitated souls apparently make for a tastier meal.","奴らは捕らえた人間に、希望と絶望の幻覚を交互に見せるという。そうすることで魂が撹拌され、より美味になるらしい……","据说它们会让俘虏轮番看见希望与绝望的幻觉。被搅得越剧烈的灵魂，吃起来似乎越美味……
It's said these wasps induce hallucinations of hope and despair in their captives. Agitated souls apparently make for a tastier meal."
"811710","These monsters, skilled with magic, persisted in spiritual form upon death. They scare people by appearing in mirrors or along the waterfront.","魔術に長けた魔物が、死後に霊魂のみとなった姿。気まぐれに鏡の中や水辺に姿を映し、人間を驚かせる。","精通魔法的魔物死后，灵魂仍未消散。它们时而映在镜中，时而现身水边，专以惊吓人类取乐。
These monsters, skilled with magic, persisted in spiritual form upon death. They scare people by appearing in mirrors or along the waterfront."
"811711","Rumor has it these spirits, restless from existing so long after death, are researching magical methods of reincarnation.","長い長い死後の生活に退屈しており、どうにか生き返れないものかと、転生の魔術を研究しているらしい。","听说这些幽灵对漫长死后生活厌倦已久，正研究能让自己转生复活的魔法。
Rumor has it these spirits, restless from existing so long after death, are researching magical methods of reincarnation."
"811810","That this creature
spends its days lazing
about in a stupor is a
testament to its nearly
uncontested spot atop
the monster hierarchy.","非常に温厚で普段はボーッと過ごしている。それは強さの証。彼らに危害を加えられる生き物が、ほとんど存在しないためである。","它平日总懒洋洋发呆，正说明它几乎稳坐魔物顶端——世上能真正伤到它的生物少之又少。
That this creature
spends its days lazing
about in a stupor is a
testament to its nearly
uncontested spot atop
the monster hierarchy."
"811811","People often hunt the
younglings, lest they
mature. Ironically, it
is the smashing of these
hunters' fragile skulls
that teach the beasts
the joys of wanton
slaughter.","成長したら……それを恐れた人々は、まだ無垢である彼らに刃を向ける。それをへし折り頭蓋を砕くとき、彼らは殺戮の愉悦を知る。","人们害怕它长大，常趁幼年便动手猎杀。讽刺的是，正是在折断兵刃、砸碎猎人脆弱头骨时，它们第一次尝到了杀戮快感。
People often hunt the
younglings, lest they
mature. Ironically, it
is the smashing of these
hunters' fragile skulls
that teach the beasts
the joys of wanton
slaughter."
"811812","We will take from them. Their food, their land, their loved ones. We will take from them until they are eradicated.","我々ハ奴ラカラ奪ウ。食料モ土地モ、大切ナ存在モ。根絶ヤシニナルマデ、奪イ続ケテヤルノダ。","“我们要从他们手中夺走一切。食物、土地、挚爱之人。直到他们彻底灭绝，一样也不留下。”
We will take from them. Their food, their land, their loved ones. We will take from them until they are eradicated."
"811813","We will take from them. Their food, their land, their loved ones. We have to, before they do the same to us.","奴ラハ我々カラ奪ウ。食料モ土地モ、大切ナ存在モ。ダカラ、奪ワレル前ニ奪ワナケレバナラナイノダ。","“他们会夺走我们的食物、土地、挚爱之人。所以在被夺走以前，我们只能先下手。”
We will take from them. Their food, their land, their loved ones. We have to, before they do the same to us."
"811820","The troll's boundless appetite is such that one could eat an entire village's worth of humans and still feel hungry afterward.","人を食らう恐ろしい魔物。その胃袋は底なしだ。人間が住む村を丸ごとひとつ食らい尽くしてもなお、お腹を鳴らしている。","这种食人魔胃口深不见底。哪怕把整座村庄的人吃个精光，肚子照样咕咕作响。
The troll's boundless appetite is such that one could eat an entire village's worth of humans and still feel hungry afterward."
"811821","Human-fed troll flesh is considered a delicacy, though hunting the beasts tends to provide more food for the trolls than humans.","人を食べた彼らの肉は、珍味として美食家達に愛されている。しかし、彼らを捕獲するために命を落とす狩猟者が後を絶たない。","吃过人肉的食人魔，据说肉质堪称珍馐。只是前去捕猎的人，往往反倒成了它们更多的口粮。
Human-fed troll flesh is considered a delicacy, though hunting the beasts tends to provide more food for the trolls than humans."
"811822","トロルB（傷アリ）_表","トロルB（傷アリ）_表","トロルB（傷アリ）_表"
"811823","トロルB（傷アリ）_裏 ","トロルB（傷アリ）_裏","トロルB（傷アリ）_裏 "
"811830","The box this monster carries with it is incredibly cold inside, which is likely how it preserves its prey.","この魔物が大事そうに持っている箱の中は、常に低温で保たれている。狩った獲物を新鮮な状態で保存しておくためであろう。","它珍重抱着的箱子内部始终冰冷，想来是为了让猎物保持新鲜。
The box this monster carries with it is incredibly cold inside, which is likely how it preserves its prey."
"811831","Alas, it generally eats its prey the instant it kills it, meaning its box is always empty. Which poses the question, why carry it at all?","捕らえた獲物は、その場ですべて食い尽くすため、箱の中は常に空っぽ。一体何のために箱を持っているのか、よく分からない。","可它通常刚捕到猎物就当场吃光，箱子永远空空如也。既然如此，为何还要随身带着？
Alas, it generally eats its prey the instant it kills it, meaning its box is always empty. Which poses the question, why carry it at all?"
"811910","Those figures on church drain spouts were once monsters that terrorized humans. Eventually they came to be seen as guardians of the church.","教会の外壁を伝う雨樋達。あれは遠い昔、人間を襲う魔物を封印した姿だった。長らく、彼らは教会の守り神だと思われていた。","教堂排水口那些雕像，其实是远古时袭击人类的魔物被封印后的模样。久而久之，人们反倒把它们当成教堂守护神。
Those figures on church drain spouts were once monsters that terrorized humans. Eventually they came to be seen as guardians of the church."
"811911","Though the spell that sealed them away was broken long ago, they've forgotten who they are. Would they'd forgotten their bloodlust, too...","実は封印などとっくの昔に解けていたが、彼らは自分が何者だったのかすら忘れていた。人間を殺したいという欲求を除いて……","其实封印早已解除，只是它们连自己原本是谁都忘了。可惜，想杀人的冲动却没忘……
Though the spell that sealed them away was broken long ago, they've forgotten who they are. Would they'd forgotten their bloodlust, too..."
"811920","A master sculptor found a crumbling statue in front of a church and restored it to utterly lifelike glory.","とある天才彫刻家が、古びた教会に佇む壊れた石像を修復した。彼によって直された石像は、まるで生きているかのようだった。","一位天才雕刻家发现教堂前破损的石像，便将其修复。修好后的石像栩栩如生，仿佛真有生命。
A master sculptor found a crumbling statue in front of a church and restored it to utterly lifelike glory."
"811921","Something bad has possessed the statue, perhaps due to its fearsome visage. Now it needs no repairs, for it heals itself quick as a blink.","そのあまりにおぞましい見た目のせいか、石像によくない何かが憑依した。今では修復も必要ない。いつの間にか直っているから……","也许因为模样太过骇人，某种不祥之物附上了石像。如今已不需再修，因为不知何时，它总会自行复原……
Something bad has possessed the statue, perhaps due to its fearsome visage. Now it needs no repairs, for it heals itself quick as a blink."
"811930","The proto-gargoyle is quite fond of its staff with a yellow plate attached to it. It gives its gray body a splash of color and character.","その黄色い板のついた棒を魔物はとても気に入っている。灰色で染まった体の中で、鮮やかな色は彼に個性を与えてくれた。","这只原始石像鬼非常喜欢那根挂着黄色牌子的棒子。灰扑扑的身体里，那抹鲜黄给了它独一份个性。
The proto-gargoyle is quite fond of its staff with a yellow plate attached to it. It gives its gray body a splash of color and character."
"811931","Being adorned in beautiful yellow makes it so happy it could die. Eager to show it off, it shoves its sign in the face of every passerby.","美しい黄色を身に着けることが嬉しくてたまらない魔物。通りかかる生き物すべてに見てほしくて、その板を相手の顔に押し付ける。","能披上漂亮黄色，它高兴得简直要死。为了向所有人炫耀，见到路过生物就把牌子往对方脸上怼。
Being adorned in beautiful yellow makes it so happy it could die. Eager to show it off, it shoves its sign in the face of every passerby."
"812010","A temptress called the Queen Ashwing lives deep in the forest. The powdery scales she spreads about enthrall humans whom she takes to her nest.","深い森の奥。灰羽の女王と呼ばれる魔物がいる。その魔物は鱗粉を振り撒いて人間を魅了し、巣に囚えてしまうという。","森林深处住着一只被称为“灰羽女王”的妖艳魔物。它散出的鳞粉会魅惑人类，再将其带回巢穴。
A temptress called the Queen Ashwing lives deep in the forest. The powdery scales she spreads about enthrall humans whom she takes to her nest."
"812011","Troubled is the queen. The scales her wings shed never cease to captivate humans. Today, too, must she gather food for more hungry mouths to feed.","女王は悩んだ。羽ばたく度に出る鱗粉で、人を魅了してしまうことを。女王は巣に来た人を養うため、今日も食糧を集めている。","女王却为此烦恼不已。每次振翅落下的鳞粉都会迷住人类。为了养活来到巢里的那些人，她今天也得外出寻找食物。
Troubled is the queen. The scales her wings shed never cease to captivate humans. Today, too, must she gather food for more hungry mouths to feed."
"812110","Legend has it that keeping one of this creature's golden antennae in your wallet or coin purse brings good luck.","その魔物の黄金に輝く触角を財布に入れてお守りにすると、幸福になれるという言い伝えがある。","传说将这种魔物闪着金光的触角放进钱包，就能带来好运。
Legend has it that keeping one of this creature's golden antennae in your wallet or coin purse brings good luck."
"812111","Monsters whose antennae have been stolen sink to the dark seabed, where they hum hexes as they die in obscurity.","触角を奪われた個体は暗い海の底に身を隠す。そして呪いの唄を口ずさみ、人知れずに死んでいく。","失去触角的个体会沉入昏暗海底，低声哼唱诅咒之歌，然后无人知晓地死去。
Monsters whose antennae have been stolen sink to the dark seabed, where they hum hexes as they die in obscurity."
"812210","A just creature is a protector of the weak, keeper of the peace, friend to nature, and ruthless slayer of evildoers.","それは正義を行使する者。弱きを助け、平和を護りし者。自然を愛し生きる、悪を決して赦さぬ者。","所谓正义，应是扶危济弱、守护和平、亲近自然，并毫不留情地诛灭恶徒。
A just creature is a protector of the weak, keeper of the peace, friend to nature, and ruthless slayer of evildoers."
"812211","At least, that is how I would define it. But what constitutes a just creature to the monsters? Humans have no way of knowing.","それは己にとっての正義を行使する者。魔物にとっての正義など、人間には分かりようもない。","至少，这是人类眼中的正义。至于魔物心中的正义究竟是什么，人类无从知晓。
At least, that is how I would define it. But what constitutes a just creature to the monsters? Humans have no way of knowing."
"812310","There once was an old woman who picked up a mysterious rock. Warm to the touch, she took a great liking to it and brought it home with her.","ある老婆が神秘的な石を拾いました。触れるとほんのり温かいその石を、老婆は大層気に入って、家に持ち帰ることにします。","从前有位老婆婆捡到一块神秘石头。石头摸起来微微发暖，她喜欢得不得了，便带回了家。
There once was an old woman who picked up a mysterious rock. Warm to the touch, she took a great liking to it and brought it home with her."
"812311","From the rock emerged a blackened creature, its shrieks capable of ending life. But the old woman was quite deaf, and they lived happily ever after.","石から黒い生物が現れ、命を奪う叫びをあげました。しかし、耳が遠い老婆には聞こえず、二人は末永く暮らしましたとさ。","石中钻出一只漆黑生物，尖叫声足以夺人性命。幸好老婆婆耳背，什么也没听见，于是一人一怪从此幸福生活在一起。
From the rock emerged a blackened creature, its shrieks capable of ending life. But the old woman was quite deaf, and they lived happily ever after."
"812320","This fiend inhabits roadside pebbles, diving into the orifices of passersby. Those caught unawares inevitably breathe their last.","道端の小石の中に潜み、通る者の虚を突いて襲いかかる魔物。不意を突かれた者は、為す術もなく、命を奪われてしまうという。","这种魔物藏在路边小石里，趁行人不备钻入身体孔窍。毫无防备的人往往来不及反抗，便一命呜呼。
This fiend inhabits roadside pebbles, diving into the orifices of passersby. Those caught unawares inevitably breathe their last."
"812321","In fact a skittish creature, it secludes itself in rocks out of sheer anxiety. The surprise of someone passing by drives it from one hiding spot to another.","実はこの魔物、極度のビビリ症で引きこもり。普段は石の中で静かに暮らしているが、人が近づくと驚いて飛び出てしまうという。","其实它胆小得要命，只因过度不安才躲进石头。有人经过时反而会吓得冲出来，再慌忙寻找下一个藏身处。
In fact a skittish creature, it secludes itself in rocks out of sheer anxiety. The surprise of someone passing by drives it from one hiding spot to another."
"812410","Aberrants all must die. Must be wiped out at any cost, before WE are.","異形ハ一匹残ラズ殺サナケレバナラナイ。我々ガ滅ブ前ニ、何トシテモ駆逐シナケレバナラナイ。","“异形必须一只不剩地杀光。趁我们尚未灭亡，不惜一切代价也要将它们彻底驱逐。”
Aberrants all must die. Must be wiped out at any cost, before WE are."
"812411","This why we monsters were born. This why we monsters gave up humanity.","我々魔物ハ、ソノタメニ生ミダサレタノダカラ。我々魔物ハ、ソノタメニ人間ヲヤメタノダカラ。","“我们魔物正是为此而生。我们也正是为此舍弃了人类身份。”
This why we monsters were born. This why we monsters gave up humanity."
"812420","More repulsive than a monster. Less merciful than one. Detached, they do naught but devour civilization.","それは、魔物よりもおぞましく、魔物よりも慈悲を持たぬ。ただ淡々と文明を食らい尽くすのだ。","它比魔物更可怖，比魔物更无慈悲。毫无情感，只会冷冷吞噬文明。
More repulsive than a monster. Less merciful than one. Detached, they do naught but devour civilization."
"812421","They are aberrants. A living weapon made by humans to kill humans. Slaughterers without emotion.","その名は異形。人間を殺すために人間に生み出された生きた兵器。感情を持たぬ殺戮者。","其名为“异形”。人类为了杀死人类而制造的活体兵器，没有感情的屠戮者。
They are aberrants. A living weapon made by humans to kill humans. Slaughterers without emotion."
"812510","Generations spent
underground have
atrophied their senses
such that only taste
remains. Naturally,
they devour all
they encounter.","長い地中での生活により、視覚、嗅覚、聴覚を失い、触覚すらも退化した魔物。彼らは唯一残された味覚を頼りに、暴食を続ける。","长期生活地下，使它们失去视觉、嗅觉、听觉，连触觉也逐渐退化，只剩味觉。因此见什么便吞什么。
Generations spent
underground have
atrophied their senses
such that only taste
remains. Naturally,
they devour all
they encounter."
"812511","How else would you have
them survive? Imagine
living in a world of
darkness and silence;
your sense of taste the
only thing that reminds
you you're still alive.","彼らにはそうするより他ないのだ。味覚以外を失った暗黒の世界では、味を感じ続けることだけが、生を実感する手段なのだから。","除此之外，它们还能怎样活下去？在那无光无声的世界里，唯有不断尝到滋味，才能确认自己仍活着。
How else would you have
them survive? Imagine
living in a world of
darkness and silence;
your sense of taste the
only thing that reminds
you you're still alive."
"813010","""Why do they bother me? I just want to sleep in peace. I just want to sleep quietly here in this mountain where I don't get in anyone's way.""","「ドウシテ、彼ラハ邪魔ヲスル？我ハ静カニ寝タイダケナノニ。誰ノ邪魔ニモナラヌヨウ、コノ山デヒッソリ寝タイダケナノニ」","“为何总有人来打扰？我只想安静睡觉。只想躲在这座山里，不妨碍任何人，静静睡下去。”
""Why do they bother me? I just want to sleep in peace. I just want to sleep quietly here in this mountain where I don't get in anyone's way."""
"813011","""Study, study, study! {CARDNAME:1051} always bugs me to do it every single day! But I don't wanna study! Nothing makes me happier than a nice relaxing nap!""","「勉強勉強！{CARDNAME:1051}は毎日、口煩く勉強しろと言う。でも僕は勉強なんかしたくない。ゆっくりお昼寝することが、僕の幸せなんだ」","“学习、学习、还是学习！{CARDNAME:1051}每天都唠叨个不停。可我才不想学！舒舒服服睡个午觉，才是最幸福的事！”
""Study, study, study! {CARDNAME:1051} always bugs me to do it every single day! But I don't wanna study! Nothing makes me happier than a nice relaxing nap!"""
"813020","""I'm sooo hungry, but it'd be so mean to eat them. I have to hold back... I should be able to avoid them if I stay here where nothing grows.""","「腹ガ減ッテ仕方ガナイ。ダガ、彼ラヲ食スノハアマリニモ酷。我慢セネバ……草木モ生エヌココナラバ、彼ラヲ避ケラレルハズダ」","“饿得难受……可把他们吃掉实在太残忍。必须忍住……这里寸草不生，待在这里应该就能避开他们。”
""I'm sooo hungry, but it'd be so mean to eat them. I have to hold back... I should be able to avoid them if I stay here where nothing grows."""
"813021","""The pie you used to make me was sooo good! Like the best in the world! So please, {CARDNAME:1051}... Come back. Make it for me again...""","「{CARDNAME:1051}が作ってくれたパイは最高さ！世界一おいしいんだ！だからさ、お願いだよ……帰ってきてよ。また作ってよ……」","“{CARDNAME:1051}做的派最好吃了，天下第一！所以求你了……回来吧。再给我做一次……”
""The pie you used to make me was sooo good! Like the best in the world! So please, {CARDNAME:1051}... Come back. Make it for me again..."""
"813030","""My cliffs are impenetrable. Fall, and be flattened below. The crimson blossoms that bloom on the white snow will surely be beautiful.""","「我ガ守ルコノ崖ハ、難攻不落。落チテペチャンコニナッテシマエ。真ッ白ナ雪ノ上ニ咲ク赤イ花ハ、サゾカシ美シイダロウ」","“我守的悬崖固若金汤。掉下去摔成肉饼吧。洁白雪地上绽开的猩红花朵，一定很美。”
""My cliffs are impenetrable. Fall, and be flattened below. The crimson blossoms that bloom on the white snow will surely be beautiful."""
"813031","""I dream of wearing a dress made by my brother and going to a show. But I like red and white both, it's hard to choose. Which does {CARDNAME:1051} like?""","「お兄ちゃんが作ったドレスを着て、ショーに出るのが私の夢。白いのもいいし赤いのも捨てがたい。{CARDNAME:1051}はどっちが良いと思う？」","“穿上哥哥做的礼服登台，是我的梦想。白色很好，红色也舍不得。{CARDNAME:1051}觉得哪种更漂亮？”
""I dream of wearing a dress made by my brother and going to a show. But I like red and white both, it's hard to choose. Which does {CARDNAME:1051} like?"""
"813110","No. 2841
I've had a child. It was a miscalculation. Research will be delayed. Morever, even my husband has told me to stop. I really believed he was a better person...","Ｎｏ．２８４１
子供ができた。誤算だ。研究が遅れてしまう。しかも夫まで、これ以上はやめようと言う。少しはマシな人間だと信じていたのに……","编号2841
怀孕了。失算。研究会因此拖延。连丈夫也劝我别再继续。我还以为他至少比其他人强些……
No. 2841
I've had a child. It was a miscalculation. Research will be delayed. Morever, even my husband has told me to stop. I really believed he was a better person..."
"813111","No. 5158
I was right about the monsters. I was right! I have to continue with my research. If I fail, please take care of the rest... My dearest.","Ｎｏ．５１５８
やはり魔物は……私は正しかった。私は正しかった！研究を先に進めなければ。もし、私が失敗したときは後をお願いね。愛しき……","编号5158
果然，关于魔物我才是对的。没错，我是对的！必须继续研究。若我失败，之后就拜托你了……我最爱的人。
No. 5158
I was right about the monsters. I was right! I have to continue with my research. If I fail, please take care of the rest... My dearest."
"813210","A beast sealed beneath the earth. Though dim its consciousness grew over the many moons, its intent to save the world remained strong.","地下に封印された魔物。長い月日を経て、自我が曖昧になっているが、世界を救済するという意志だけは強く残されている。","被封印在地下的魔物。漫长岁月令它意识日渐模糊，唯独“拯救世界”这份意志依旧无比坚定。
A beast sealed beneath the earth. Though dim its consciousness grew over the many moons, its intent to save the world remained strong."
"813211","To protect those he holds dear... To save the world... He chose to become a beast, all the while expecting he would be put to the sword by the lives he saved.","大切な存在を守るため。この世界を救うため。男は魔物になることを選んだ。紡いだ命に、いつか刃を向けられると予感しながら……","为了守护珍爱之人，为了拯救世界，他选择化身魔物。即便早已预感，总有一天会被自己救下的生命举刃相向……
To protect those he holds dear... To save the world... He chose to become a beast, all the while expecting he would be put to the sword by the lives he saved."
"860001","The Closed-
Off Village","「鎖サレタ村」","《封闭之村》
The Closed-
Off Village"
"860002","Emergence","「外ノ世界」","《外面的世界》
Emergence"
"860003","Beginnings","「旅ノ始マリ」","《旅途伊始》
Beginnings"
"860004","A City Ablaze","「燃エ盛ル街」","《燃烧之城》
A City Ablaze"
"860005","Guiding
Light","「光ノ導キ」","《光之指引》
Guiding
Light"
"860006","The Endwall","「果テノ崖」","《尽头之崖》
The Endwall"
"860007","Newterra","「シンテンチ」","《新天地》
Newterra"
"900020","{NUM:LOCAL:1}","{NUM:LOCAL:1}","{NUM:LOCAL:1}
{NUM:LOCAL:1}"
"900021","{HAVECOUNT:1:MONEY}","{HAVECOUNT:1:MONEY}","{HAVECOUNT:1:MONEY}
{HAVECOUNT:1:MONEY}"
"999905","You stand a <highlight>decent chance of escaping</highlight> from this enemy. 
What will you do?","この敵から<highlight>逃げられる確率は高そう</highlight>です。<br>どうしますか？","从这个敌人手中<br><highlight>逃脱的把握很大</highlight>。怎么办？
You stand a <highlight>decent chance of escaping</highlight> from this enemy. 
What will you do?"
"999906","With a measure of luck, <highlight>you might escape</highlight> from this enemy.
What will you do?","この敵から<highlight>逃げられる確率は運次第</highlight>です。<br>どうしますか？","若有几分运气，<br><highlight>或许能从这个敌人手中逃掉</highlight>。怎么办？
With a measure of luck, <highlight>you might escape</highlight> from this enemy.
What will you do?"
"999907","You stand a <highlight>slim chance of escaping</highlight> from this enemy.
Will you try anyway?","この敵から<highlight>逃げられる確率は低そう</highlight>です。<br>どうしますか？","从这个敌人手中<highlight>逃脱的希望渺茫</highlight>。<br>还要试吗？
You stand a <highlight>slim chance of escaping</highlight> from this enemy.
Will you try anyway?"
"999908","You see <highlight>no scenario in which you might escape</highlight> from this enemy.","この敵からは<highlight>逃げられない</highlight>ようです。","看来<highlight>不可能从这个敌人手中逃脱</highlight>。
You see <highlight>no scenario in which you might escape</highlight> from this enemy."
"999909","Roll two dice. Succeeds on <%1> or greater.","ダイスを２個振って<br><%1>以上で成功","掷2枚骰子，<br>达到<%1>点即成功。
Roll two dice. Succeeds on <%1> or greater."
"999910","You've escaped from the enemy's clutches.","敵から逃げることに成功しました。","成功摆脱了敌人。
You've escaped from the enemy's clutches."
"999911","Alas, the enemy has thwarted your escape...","残念、敵に回り込まれてしまいました……","可惜，敌人堵住了去路……
Alas, the enemy has thwarted your escape..."
"999920","Roll with {BUTTON@A:sp_button-tap}. Afflicts status ailment if <highlight><%1> or greater</highlight>.","{BUTTON@A:sp_button-tap}で<br>ダイスを振って<highlight><%1>以上</highlight>なら<br>状態異常を与えます。","按{BUTTON@A:sp_button-tap}掷骰。<br>达到<highlight><%1>点以上</highlight>即可<br>赋予异常状态。
Roll with {BUTTON@A:sp_button-tap}. Afflicts status ailment if <highlight><%1> or greater</highlight>."
"999921","Become afflicted with status ailment if the GM rolls <highlight><%1> or greater</highlight>.","ゲームマスターが<br>ダイスを振って<highlight><%1>以上</highlight>なら<br>状態異常を受けて<br>しまいます。","若游戏主持人<br>掷出<highlight><%1>点以上</highlight>，<br>你将陷入<br>异常状态。
Become afflicted with status ailment if the GM rolls <highlight><%1> or greater</highlight>."
"999922","Roll with {BUTTON@A:sp_button-tap} to calculate damage.","{BUTTON@A:sp_button-tap}で<br>ダイスを振って<br>ダメージを算出します。","按{BUTTON@A:sp_button-tap}<br>掷骰并计<br>算伤害。
Roll with {BUTTON@A:sp_button-tap} to calculate damage."
"999923","{BUTTON@A:sp_button-tap}でダイスを<br>振って<highlight><%1>以上</highlight>なら<br>状態異常を回避できる。","{BUTTON@A:sp_button-tap}でダイスを<br>振って<highlight><%1>以上</highlight>なら<br>状態異常を回避できる。","{BUTTON@A:sp_button-tap}でダイスを<br>振って<highlight><%1>以上</highlight>なら<br>状態異常を回避できる。"
"999924","The GM will roll and calculate damage.","ゲームマスターが<br>ダイスを振って<br>ダメージを算出します。","由游戏主<br>持人掷骰<br>并计算伤害。
The GM will roll and calculate damage."
"999925","Roll with {BUTTON@A:sp_button-tap}. Deals damage if <highlight><%1> or greater</highlight>.","{BUTTON@A:sp_button-tap}で<br>ダイスを振って<highlight><%1>以上</highlight>なら<br>ダメージを与えます。","按{BUTTON@A:sp_button-tap}掷骰。<br>达到<highlight><%1>点以上</highlight>即可<br>造成伤害。
Roll with {BUTTON@A:sp_button-tap}. Deals damage if <highlight><%1> or greater</highlight>."
"999926","Take damage if the GM rolls <highlight><%1> or greater</highlight>.","ゲームマスターが<br>ダイスを振って<br><highlight><%1>以上</highlight>なら<br>ダメージを受けて<br>しまいます。","若游戏主<br>持人掷出<br><highlight><%1>点以上</highlight>，<br>你将受到<br>伤害。
Take damage if the GM rolls <highlight><%1> or greater</highlight>."
"999927","Roll with {BUTTON@A:sp_button-tap} to calculate effectiveness.","{BUTTON@A:sp_button-tap}で<br>ダイスを振って<br>効果量を算出します。","按{BUTTON@A:sp_button-tap}<br>掷骰并计<br>算效果量。
Roll with {BUTTON@A:sp_button-tap} to calculate effectiveness."
"999928","Become incapacitated if the GM rolls <highlight><%1> or greater</highlight>.","ゲームマスターが<br>ダイスを振って<br><highlight><%1>以上</highlight>なら<br>戦闘不能になって<br>しまいます。","若游戏主<br>持人掷出<br><highlight><%1>点以上</highlight>，<br>你将陷入<br>战斗不能。
Become incapacitated if the GM rolls <highlight><%1> or greater</highlight>."
"999929","{BUTTON@A:sp_button-tap}でダイスを<br>振って<highlight><%1>以上</highlight>なら<br>ジェムを生成。","{BUTTON@A:sp_button-tap}でダイスを<br>振って<highlight><%1>以上</highlight>なら<br>ジェムを生成。","{BUTTON@A:sp_button-tap}でダイスを<br>振って<highlight><%1>以上</highlight>なら<br>ジェムを生成。"
"999940","Tap the screen to roll. Afflicts status ailment if <highlight><%1> or greater</highlight>.","画面をタップして<br>ダイスを振り、<highlight><%1>以上</highlight>なら<br>状態異常を与えます。","点击画面掷骰。<br>达到<highlight><%1>点以上</highlight>即可<br>赋予异常状态。
Tap the screen to roll. Afflicts status ailment if <highlight><%1> or greater</highlight>."
"999941","Tap the screen to roll and calculate damage.","画面をタップして<br>ダイスを振り、<br>ダメージを算出します。","点击画面<br>掷骰并计<br>算伤害。
Tap the screen to roll and calculate damage."
"999942","Tap the screen to roll. Deal damage if <highlight><%1> or greater</highlight>.","画面をタップして<br>ダイスを振り、<highlight><%1>以上</highlight>なら<br>ダメージを与えます。","点击画面掷骰。<br>达到<highlight><%1>点以上</highlight>即可<br>造成伤害。
Tap the screen to roll. Deal damage if <highlight><%1> or greater</highlight>."
"999943","Tap to roll and calculate effectiveness.","画面をタップして<br>ダイスを振り、<br>効果量を算出します。","点击画面<br>掷骰并计<br>算效果量。
Tap to roll and calculate effectiveness."
"999944","画面をタップして<br>ダイスを振り、<highlight><%1>以上</highlight>なら<br>ジェムを生成。","画面をタップして<br>ダイスを振り、<highlight><%1>以上</highlight>なら<br>ジェムを生成。","画面をタップして<br>ダイスを振り、<highlight><%1>以上</highlight>なら<br>ジェムを生成。"
"999945","The GM will roll and calculate effectiveness.","ゲームマスターが<br>ダイスを振って<br>効果量を算出します。","由游戏主持<br>人掷骰并计<br>算效果量。
The GM will roll and calculate effectiveness."
"999951","""Thank you for coming.""","「ゴ来店、誠ニアリガトウ<br>ゴザイマス」","“感谢<br>光临。”
""Thank you for coming."""
"999952","""Please tell me what you need!""","「何ナリト御用ヲ、オ申シ<br>ツケクダサイ」","“请问需<br>要什么？”
""Please tell me what you need!"""
"999953","""I look forward to your next visit.""","「マタノオ越シヲ、オ待チ<br>シテオリマス」","“恭候再<br>次光临。”
""I look forward to your next visit."""
"921010","Return to the village on
the lower level!","下層階にある村に帰ろう！","回到下层村落！
Return to the village on
the lower level!"
"921020","Return to your home
in the west of the
village!","村の西にある<br>自分の家に帰ろう！","回到村子<br>西边的家！
Return to your home
in the west of the
village!"
"921021","Hand out eggs in the village!","村で卵を配ろう！","在村里分发鸡蛋！
Hand out eggs in the village!"
"921022","Return home to Mother!","母親が待つ家に帰ろう！","回家见母亲！
Return home to Mother!"
"921030","Head for upper strata
gate!","上層階の門に<br>向かおう！","前往上<br>层入口！
Head for upper strata
gate!"
"921040","Head for the B3 gate!","地下３階の門に<br>向かおう！","前往地下<br>3层入口！
Head for the B3 gate!"
"921050","Hurry back to the
village!","急いで村に戻ろう！","赶快返回村子！
Hurry back to the
village!"
"921060","Head back home.","自宅に戻ろう","回家。
Head back home."
"921070","Head for the surface
to escape the village.","村から脱出するために<br>地上を目指そう","为逃离村子，<br>前往地面。
Head for the surface
to escape the village."
"921080","Chase the mystery boy.","{CARDNAME:1021}を追いかけよう","追上{CARDNAME:1021}。
Chase the mystery boy."
"921081","Head for the oasis west of the subterranean village!","{CARDNAME:91310}の西にある<br>オアシスを目指そう！","前往{CARDNAME:91310}<br>西边的绿洲！
Head for the oasis west of the subterranean village!"
"921085","Head for Steelborough, north of the oasis.","オアシスの北にある<br>{CARDNAME:91320}を目指そう","前往绿洲北边<br>的{CARDNAME:91320}。
Head for Steelborough, north of the oasis."
"921090","Chase the boy!","少年を追いかけよう！","追上少年！
Chase the boy!"
"921100","Talk with the senators!","元老院の議員達から<br>話を聞こう！","找元老院<br>议员问话！
Talk with the senators!"
"921110","Head for the {CARDNAME:92320}
to the northwest of
{CARDNAME:91320} to defeat
the {CARDNAME:13010}.","{CARDNAME:91320}の北西にある{CARDNAME:92320}で<br>{CARDNAME:13010}を倒そう！","前往{CARDNAME:91320}西北的{CARDNAME:92320}，<br>击败{CARDNAME:13010}。
Head for the {CARDNAME:92320}
to the northwest of
{CARDNAME:91320} to defeat
the {CARDNAME:13010}."
"921111","Enter the town's establishments!","お店に入ってみよう！","进镇上的店铺看看！
Enter the town's establishments!"
"921112","Look around {CARDNAME:91320}!","{CARDNAME:91320}を見て回ろう！","逛一逛{CARDNAME:91320}！
Look around {CARDNAME:91320}!"
"921113","Defeat the {CARDNAME:13010} in the {CARDNAME:92320} to the northwest of {CARDNAME:91320}!","{CARDNAME:91320}の北西にある{CARDNAME:92320}で<br>{CARDNAME:13010}を討伐しよう！","在{CARDNAME:91320}西北的<br>{CARDNAME:92320}讨伐{CARDNAME:13010}！
Defeat the {CARDNAME:13010} in the {CARDNAME:92320} to the northwest of {CARDNAME:91320}!"
"921120","Go to Steel Hall and
report to the senators!","鋼の議事堂に行き<br>元老院の議員達に<br>報告しよう！","前往钢铁议事堂，<br>向元老院<br>议员汇报！
Go to Steel Hall and
report to the senators!"
"921130","Take the Steel Primal
card back from the
mystery boy!","{CARDNAME:1021}から<br>鋼の神獣のカードを<br>取り返そう！","从{CARDNAME:1021}<br>手中夺回钢<br>之神兽卡牌！
Take the Steel Primal
card back from the
mystery boy!"
"921140","Go to the mystery boy...","{CARDNAME:1021}のもとへ……","去找{CARDNAME:1021}……
Go to the mystery boy..."
"921150","Escape Steelborough.","{CARDNAME:91320}を脱出しよう","逃离{CARDNAME:91320}。
Escape Steelborough."
"921160","Destroy the sandskiffs!","{CARDNAME:105430}を破壊しよう！","摧毁{CARDNAME:105430}！
Destroy the sandskiffs!"
"921170","Cross the quicksand
and escape!","流砂を渡って逃げよう！","渡过流沙，逃出去！
Cross the quicksand
and escape!"
"921180","And your next
objective is...","次の目的は…………","下一个目标是…………
And your next
objective is..."
"921181","Find the starry skies in
a world without night!","夜のないこの世界で<br>星空を見つけよう！","在没有黑夜的世<br>界里寻找星空！
Find the starry skies in
a world without night!"
"922010","Look for water!","水を探そう！","寻找水源！
Look for water!"
"922020","Head for L'gol!","{CARDNAME:1020}のもとに<br>向かおう！","去找<br>{CARDNAME:1020}！
Head for L'gol!"
"922021","Give your thanks to the stout man!","小太りな男に<br>お礼を言いに行こう！","去向那名矮<br>胖男子道谢！
Give your thanks to the stout man!"
"922030","Find the stray circus
members in the desert.","{CARDNAME:90300}ではぐれた<br>サーカス団員を<br>探そう","在{CARDNAME:90300}<br>寻找走散的<br>马戏团成员。
Find the stray circus
members in the desert."
"922040","Find the remaining
circus members!","残りのサーカス団員を<br>探そう！","寻找其余马<br>戏团成员！
Find the remaining
circus members!"
"922050","Return to the desert
circus!","{CARDNAME:91330}に戻ろう！","返回{CARDNAME:91330}！
Return to the desert
circus!"
"922051","Take {CARDNAME:1020} and {CARDNAME:1030} and watch the show!","{CARDNAME:1020}と{CARDNAME:1030}を誘ってショーを見よう！","叫上{CARDNAME:1020}和{CARDNAME:1030}一起看表演！
Take {CARDNAME:1020} and {CARDNAME:1030} and watch the show!"
"922060","Find the beast tamer's
companion in the
Sand Ruins!","{CARDNAME:92330}で<br>猛獣使いの少女の<br>相棒を捜そう！","前往{CARDNAME:92330}，<br>寻找驯兽少<br>女的伙伴！
Find the beast tamer's
companion in the
Sand Ruins!"
"922070","Go back to the beast tamer!","猛獣使いの少女のもとに<br>戻ろう！","回到驯兽<br>少女身边！
Go back to the beast tamer!"
"922080","Watch the show at
the circus tent!","サーカスのテントで<br>ショーを見よう！","去马戏团帐<br>篷看表演！
Watch the show at
the circus tent!"
"922081","Get L'gol and sneak out of the circus!","{CARDNAME:1020}に声をかけ、<br>こっそりとサーカスを<br>離れよう！","叫上{CARDNAME:1020}，<br>悄悄离开<br>马戏团！
Get L'gol and sneak out of the circus!"
"922090","Head outside the circus!","サーカスの外へ出よう！","到马戏团外面去！
Head outside the circus!"
"923010","As Tralis, find water
for the others!","{CARDNAME:1040}一人で<br>三人のために水を探そう！","让{CARDNAME:1040}独自<br>为另外三人找水！
As Tralis, find water
for the others!"
"923020","Head for the rocky area
and secure more of the
tasty liquid.","水を手に入れた岩場へ行き<br>美味しい液体を確保しよう","前往岩地区域，<br>再弄些好喝的液体。
Head for the rocky area
and secure more of the
tasty liquid."
"923030","Search for a town in
the wastes!","{CARDNAME:90310}で街を探そう！","在{CARDNAME:90310}寻找城镇！
Search for a town in
the wastes!"
"923035","Head to the place Tralis
indicated to try and
find food!","食料を求めて、<br>{CARDNAME:1040}が指し示す場所に行ってみよう！","寻找食物，<br>前往{CARDNAME:1040}指示的地点！
Head to the place Tralis
indicated to try and
find food!"
"923040","Ask around the {CARDNAME:91350} and find {CARDNAME:1030}!","{CARDNAME:91350}で聞き込みをして、<br>{CARDNAME:1030}を探そう！","在{CARDNAME:91350}四处打听，<br>寻找{CARDNAME:1030}！
Ask around the {CARDNAME:91350} and find {CARDNAME:1030}!"
"923050","Search the city for the
crying children.","{CARDNAME:91350}で<br>泣いている子供を探そう","在{CARDNAME:91350}<br>寻找哭泣的孩子。
Search the city for the
crying children."
"923060","Go to the aristocrat's
manor in the southwest
of the city and ask for
help!","{CARDNAME:91350}の南西にある<br>貴族の館に行って<br>貴族に助けを求めよう！","前往{CARDNAME:91350}<br>西南的贵族<br>宅邸求助！
Go to the aristocrat's
manor in the southwest
of the city and ask for
help!"
"923065","Leave town and look
for the Primal!","街を出て神獣を探そう！","离开城镇，寻找神兽！
Leave town and look
for the Primal!"
"923070","Head northwest of the {CARDNAME:91350} to investigate the poison at the {CARDNAME:92340}!","{CARDNAME:91350}の北西にある<br>{CARDNAME:92340}で、<br>毒の調査をしよう！","前往{CARDNAME:91350}<br>西北的{CARDNAME:92340}<br>调查毒物！
Head northwest of the {CARDNAME:91350} to investigate the poison at the {CARDNAME:92340}!"
"923080","Proceed through the
Lake of Fire.","{CARDNAME:92340}の奥へ進もう","继续深入{CARDNAME:92340}。
Proceed through the
Lake of Fire."
"923090","Find the source of the poison at the {CARDNAME:92340}!","{CARDNAME:92340}で、<br>毒の発生源を探そう！","在{CARDNAME:92340}<br>寻找毒物源头！
Find the source of the poison at the {CARDNAME:92340}!"
"923100","Report back to the
aristocrat in the
City of Flame.","{CARDNAME:91350}の貴族に<br>報告しに行こう","回{CARDNAME:91350}<br>向贵族汇报。
Report back to the
aristocrat in the
City of Flame."
"923110","Bring the food from the
aristocrat to the
orphans!","貴族からもらった食料を<br>孤児達にあげよう！","把贵族给的食<br>物送给孤儿！
Bring the food from the
aristocrat to the
orphans!"
"923120","Hand out medicine to the people of the {CARDNAME:91350}!","{CARDNAME:91350}の人達に<br>薬を配ろう！","向{CARDNAME:91350}<br>居民分发药物！
Hand out medicine to the people of the {CARDNAME:91350}!"
"924010","Leave the City of Flame!","{CARDNAME:91350}から離れよう！","离开{CARDNAME:91350}！
Leave the City of Flame!"
"924011","Cross the large river to
the northwest of the
City of Flame!","{CARDNAME:91350}の北西にある<br>大きな川を渡ろう！","渡过{CARDNAME:91350}<br>西北的大河！
Cross the large river to
the northwest of the
City of Flame!"
"924012","Cross the bridge
spanning the river
and continue on!","川に架けた橋を渡り、<br>先に進もう！","走过河上的桥，<br>继续前进！
Cross the bridge
spanning the river
and continue on!"
"924013","Find a long, sturdy
stick on the north side
of the wasteland!","{CARDNAME:90310}の北側で、<br>頑丈な長い棒を探そう！","在{CARDNAME:90310}北侧<br>寻找结实的长棍！
Find a long, sturdy
stick on the north side
of the wasteland!"
"924014","Find a wheel in the
mine!","{CARDNAME:92320}で、<br>車輪を探そう！","在{CARDNAME:92320}<br>寻找车轮！
Find a wheel in the
mine!"
"924015","Find some durable
cord on the south side
of the wasteland!","{CARDNAME:90310}の南側で、<br>丈夫な紐を探そう！","在{CARDNAME:90310}南<br>侧寻找结实绳索！
Find some durable
cord on the south side
of the wasteland!"
"924016","Head back to the sandskiff!","{CARDNAME:105430}に戻ろう！","返回{CARDNAME:105430}！
Head back to the sandskiff!"
"924020","Continue on and find a
place for Tralis to
rest.","先に進み、{CARDNAME:1040}が<br>休める場所を探そう","继续前进，<br>寻找能让{CARDNAME:1040}休息的地方。
Continue on and find a
place for Tralis to
rest."
"924030","Search to the west of the wasteland for the town with the skilled apothecary!","荒れ地の西にあるという<br>凄腕の薬剤師がいる村を<br>探そう！","在荒地西边寻找<br>那座有名医药<br>剂师的村庄！
Search to the west of the wasteland for the town with the skilled apothecary!"
"924040","Find what you need to
care for Tralis in the
Village of Light!","{CARDNAME:91360}で、<br>{CARDNAME:1040}の看病に<br>必要なものを探そう！","在{CARDNAME:91360}寻找<br>照料{CARDNAME:1040}<br>所需之物！
Find what you need to
care for Tralis in the
Village of Light!"
"924050","Head for the village
entrance!","村の入り口に向かおう！","前往村口！
Head for the village
entrance!"
"924060","Head for the
Shrine of Light!","光の社に向かおう！","前往光之祠！
Head for the
Shrine of Light!"
"924061","Check on {CARDNAME:1040} before setting out!","出発する前に、{CARDNAME:1040}の様子を確かめよう！","出发前先看看{CARDNAME:1040}的情况！
Check on {CARDNAME:1040} before setting out!"
"924070","Head for the Ruined
Edifice northeast of
the Village of Light and
search for the stone
tablet!","{CARDNAME:91360}の北東にある<br>{CARDNAME:92350}で、<br>石板を探そう","前往{CARDNAME:91360}东<br>北的{CARDNAME:92350}，<br>寻找石板！
Head for the Ruined
Edifice northeast of
the Village of Light and
search for the stone
tablet!"
"924071","Investigate the mysterious antechamber on the 2nd floor of the {CARDNAME:92350}.","{CARDNAME:92350}の２階にある<br>謎の小部屋を調べよう","调查{CARDNAME:92350}<br>2层的神秘小室。
Investigate the mysterious antechamber on the 2nd floor of the {CARDNAME:92350}."
"924072","Move the statue using the arrows on the floor.","矢印が描かれた床を使って<br>彫像を動かそう","利用地面箭<br>头移动雕像。
Move the statue using the arrows on the floor."
"924073","Head through the door and look for the stone tablet located within the Ruined Edifice.","扉の先へ進み<br>{CARDNAME:92350}の中に隠された<br>石板を探そう","穿过门，<br>在{CARDNAME:92350}内<br>寻找隐藏的石板。
Head through the door and look for the stone tablet located within the Ruined Edifice."
"924074","Flip over the stone tablets on the 3rd floor of the {CARDNAME:92350} and match the patterns!","{CARDNAME:92350}の３階にある<br>石板をめくって、<br>模様を揃えよう！","翻开{CARDNAME:92350}<br>3层的石板，<br>拼出相同图案！
Flip over the stone tablets on the 3rd floor of the {CARDNAME:92350} and match the patterns!"
"924075","Head through the door and look for the stone tablet located within the Ruined Edifice.　","扉の先へ進み<br>{CARDNAME:92350}の中に隠された<br>石板を探そう","穿过门，<br>在{CARDNAME:92350}内<br>寻找隐藏的石板。
Head through the door and look for the stone tablet located within the Ruined Edifice.　"
"924080","Ask the {CARDNAME:2071} in
the Village of Light
about the stone tablet.","{CARDNAME:91360}にいる{CARDNAME:2071}に<br>石板について<br>聞きにいこう","向{CARDNAME:91360}<br>的{CARDNAME:2071}<br>询问石板。
Ask the {CARDNAME:2071} in
the Village of Light
about the stone tablet."
"924090","Head for the {CARDNAME:92360} to the north!","北にある<br>{CARDNAME:92360}を目指そう！","前往北方的<br>{CARDNAME:92360}！
Head for the {CARDNAME:92360} to the north!"
"924100","Find out what happened
to the Village of Light.","{CARDNAME:91360}で何があったのか<br>調べよう","调查{CARDNAME:91360}<br>发生了什么。
Find out what happened
to the Village of Light."
"924110","Find out if the
{CARDNAME:2071} is all right.","{CARDNAME:2071}が無事か確かめよう","确认{CARDNAME:2071}是否平安。
Find out if the
{CARDNAME:2071} is all right."
"925010","Check in on your companions.","仲間の様子を確認しよう","看看同伴们的情况。
Check in on your companions."
"925020","Find the cave in the northern {CARDNAME:90310} that the {CARDNAME:2071} spoke of.","{CARDNAME:2071}が言っていた<br>{CARDNAME:90310}の北にある<br>洞窟を目指そう","寻找{CARDNAME:2071}所说、<br>位于{CARDNAME:90310}<br>北部的洞穴。
Find the cave in the northern {CARDNAME:90310} that the {CARDNAME:2071} spoke of."
"925030","Make your way to the {CARDNAME:92360}!","{CARDNAME:92360}を目指そう！","前往{CARDNAME:92360}！
Make your way to the {CARDNAME:92360}!"
"925040","Go see the old woman in {CARDNAME:91370}.","{CARDNAME:91370}の<br>老婆のもとへ行こう","去见{CARDNAME:91370}<br>的老婆婆。
Go see the old woman in {CARDNAME:91370}."
"925041","Search the {CARDNAME:90320} for a solnivea!","{CARDNAME:90320}で{CARDNAME:53503}を探そう！","在{CARDNAME:90320}寻找{CARDNAME:53503}！
Search the {CARDNAME:90320} for a solnivea!"
"925042","Deliver the solnivea to the old woman in {CARDNAME:91370}!","{CARDNAME:91370}の老婆に<br>{CARDNAME:53503}を届けよう！","把{CARDNAME:53503}送给<br>{CARDNAME:91370}的老婆婆！
Deliver the solnivea to the old woman in {CARDNAME:91370}!"
"925050","Check on the old woman in {CARDNAME:91370}!","{CARDNAME:91370}の<br>老婆の様子を見に行こう！","去看看{CARDNAME:91370}<br>老婆婆的情况！
Check on the old woman in {CARDNAME:91370}!"
"925051","Find a suitable plot in {CARDNAME:91370} for the old woman's final resting place.","{CARDNAME:91370}の中で<br>老婆を埋葬できそうな<br>場所を探そう","在{CARDNAME:91370}<br>找一处适合安葬<br>老婆婆的地方。
Find a suitable plot in {CARDNAME:91370} for the old woman's final resting place."
"925060","Defeat a treant in the {CARDNAME:90320} and gather its wood!","{CARDNAME:90320}で木の魔物を倒し、<br>木材を手に入れよう！","在{CARDNAME:90320}击倒树人，<br>取得木材！
Defeat a treant in the {CARDNAME:90320} and gather its wood!"
"925070","Fell 10 more treants.","木の魔物を<br>あと１０体倒そう","再击倒1<br>0只树人。
Fell 10 more treants."
"925071","Fell 9 more treants.","木の魔物を<br>あと９体倒そう","再击倒9<br>只树人。
Fell 9 more treants."
"925072","Fell 8 more treants.","木の魔物を<br>あと８体倒そう","再击倒8<br>只树人。
Fell 8 more treants."
"925073","Fell 7 more treants.","木の魔物を<br>あと７体倒そう","再击倒7<br>只树人。
Fell 7 more treants."
"925074","Fell 6 more treants.","木の魔物を<br>あと６体倒そう","再击倒6<br>只树人。
Fell 6 more treants."
"925075","Fell 5 more treants.","木の魔物を<br>あと５体倒そう","再击倒5<br>只树人。
Fell 5 more treants."
"925076","Fell 4 more treants.","木の魔物を<br>あと４体倒そう","再击倒4<br>只树人。
Fell 4 more treants."
"925077","Fell 3 more treants.","木の魔物を<br>あと３体倒そう","再击倒3<br>只树人。
Fell 3 more treants."
"925078","Fell 2 more treants.","木の魔物を<br>あと２体倒そう","再击倒2<br>只树人。
Fell 2 more treants."
"925079","Fell 1 more treant.","木の魔物を<br>あと１体倒そう","再击倒1<br>只树人。
Fell 1 more treant."
"925080","Pick a solnivea and head back to {CARDNAME:91370}!","{CARDNAME:53503}を摘んでから<br>{CARDNAME:91370}に戻ろう","采下{CARDNAME:53503}，<br>返回{CARDNAME:91370}！
Pick a solnivea and head back to {CARDNAME:91370}!"
"925090","Find {CARDNAME:1030}.","{CARDNAME:1030}を探そう","寻找{CARDNAME:1030}。
Find {CARDNAME:1030}."
"925100","Try to scale the {CARDNAME:92360} once more!","{CARDNAME:92360}に再挑戦しよう！","再次挑战攀登{CARDNAME:92360}！
Try to scale the {CARDNAME:92360} once more!"
"925110","Climb the {CARDNAME:92360} from the inside!","{CARDNAME:92360}を<br>内側から登ろう！","从内部攀登<br>{CARDNAME:92360}！
Climb the {CARDNAME:92360} from the inside!"
"925111","See what's inside the mysterious {CARDNAME:92360} opening!","{CARDNAME:92360}の穴に入り、<br>内部を探索しよう！","进入{CARDNAME:92360}的洞口，<br>探索内部！
See what's inside the mysterious {CARDNAME:92360} opening!"
"925112","Avoid snowballs and climb the {CARDNAME:92360}!","雪玉を避けながら<br>{CARDNAME:92360}を登ろう","躲开雪球，<br>攀登{CARDNAME:92360}！
Avoid snowballs and climb the {CARDNAME:92360}!"
"925113","Enter the {CARDNAME:92360} and continue exploring!","{CARDNAME:92360}の穴に入り、<br>再び内部を探索しよう！","再次进入{CARDNAME:92360}的洞口，<br>继续探索！
Enter the {CARDNAME:92360} and continue exploring!"
"925114","Head for the top of the {CARDNAME:92360}!","{CARDNAME:92360}の頂上を目指そう","前往{CARDNAME:92360}顶端！
Head for the top of the {CARDNAME:92360}!"
"925120","Venture further into the {CARDNAME:92360} with your companions!","仲間と共に<br>{CARDNAME:92360}の奥に進もう！","与同伴一同深<br>入{CARDNAME:92360}！
Venture further into the {CARDNAME:92360} with your companions!"
"925130","Return to the sandskiff!","{CARDNAME:105430}に戻ろう！","返回{CARDNAME:105430}！
Return to the sandskiff!"
"926010","Explore the {CARDNAME:90330}!","{CARDNAME:90330}を探索してみよう！","探索{CARDNAME:90330}！
Explore the {CARDNAME:90330}!"
"926020","Head northeast through {CARDNAME:90330} towards the village you found on the {CARDNAME:53604}!","{CARDNAME:105430}から見つけた<br>集落を目指して、<br>{CARDNAME:90330}を北東に進もう！","沿着{CARDNAME:53604}上标出的路线，<br>从{CARDNAME:105430}发现的方向出发，<br>穿过{CARDNAME:90330}向东北前往那座村落！
Head northeast through {CARDNAME:90330} towards the village you found on the {CARDNAME:53604}!"
"926030","Enter the {CARDNAME:91380} you found in Newterra!","新天地で見つけた<br>{CARDNAME:91380}に入ってみよう！","进入新天地发现<br>的{CARDNAME:91380}！
Enter the {CARDNAME:91380} you found in Newterra!"
"926040","Investigate the {CARDNAME:91380}.","{CARDNAME:91380}を調べよう！","调查{CARDNAME:91380}。
Investigate the {CARDNAME:91380}."
"926050","Regroup and join the soldiers from {CARDNAME:91320}!","体勢を立て直して、<br>{CARDNAME:91320}の兵士達に<br>加勢しよう！","重整态势，<br>支援{CARDNAME:91320}<br>的士兵！
Regroup and join the soldiers from {CARDNAME:91320}!"
"926060","Leave the {CARDNAME:91380}!","{CARDNAME:91380}を出よう","离开{CARDNAME:91380}！
Leave the {CARDNAME:91380}!"
"926070","Head around the snowy mountains and head for the marked location north of the {CARDNAME:91380}!","雪山を迂回して、<br>{CARDNAME:91380}の北にある<br>印の場所を目指そう！","绕过雪山，<br>前往{CARDNAME:91380}<br>北边标记的位置！
Head around the snowy mountains and head for the marked location north of the {CARDNAME:91380}!"
"926080","Investigate {CARDNAME:91390} carefully!","{CARDNAME:91390}を慎重に<br>調べよう！","谨慎调查<br>{CARDNAME:91390}！
Investigate {CARDNAME:91390} carefully!"
"926081","Find a plate in the {CARDNAME:91380}!","{CARDNAME:91380}でお皿を探そう！","在{CARDNAME:91380}寻找盘子！
Find a plate in the {CARDNAME:91380}!"
"926082","Give the {CARDNAME:53607} to the {CARDNAME:103015} owner in the {CARDNAME:91390}!","{CARDNAME:91390}にいる<br>{CARDNAME:103015}の店主に<br>{CARDNAME:53607}を手渡そう！","把{CARDNAME:53607}交<br>给{CARDNAME:91390}的<br>{CARDNAME:103015}店主！
Give the {CARDNAME:53607} to the {CARDNAME:103015} owner in the {CARDNAME:91390}!"
"926090","Investigate {CARDNAME:91390} and help the captives!","{CARDNAME:91390}を調べたら、<br>囚われている人間を<br>助けよう！","调查{CARDNAME:91390}，<br>救出被囚<br>禁的人！
Investigate {CARDNAME:91390} and help the captives!"
"926100","Defeat all the monsters in town!","集落の魔物を<br>一匹残らず倒そう！","把聚落里的魔物<br>一个不留地消灭！
Defeat all the monsters in town!"
"926110","Head for the mayor's residence in {CARDNAME:91390}!","{CARDNAME:91390}の奥にある<br>村長の屋敷に行こう！","前往{CARDNAME:91390}<br>深处的村长宅邸！
Head for the mayor's residence in {CARDNAME:91390}!"
"927010","Keep your wits about you and proceed!","注意しながら、<br>奥に進んでみよう！","提高警惕，<br>继续前进！
Keep your wits about you and proceed!"
"927020","Explore the {CARDNAME:92380}!","{CARDNAME:92380}を<br>探索しよう","探索<br>{CARDNAME:92380}！
Explore the {CARDNAME:92380}!"
"927030","Continue to explore the {CARDNAME:92380}!","{CARDNAME:92380}を<br>更に奥に進んでみよう！","继续深入探索<br>{CARDNAME:92380}！
Continue to explore the {CARDNAME:92380}!"
"927040","Take a look at the iron figure!","鉄の人形の様子を見よう！","看看钢铁人偶的情况！
Take a look at the iron figure!"
"927050","Search for an elevator in the {CARDNAME:92380}!","{CARDNAME:92380}で、<br>エレベーターを探そう！","在{CARDNAME:92380}<br>寻找升降机！
Search for an elevator in the {CARDNAME:92380}!"
"927060","Head deeper into the {CARDNAME:92380}!","{CARDNAME:92380}を<br>更に奥に進んでみよう！","继续深入<br>{CARDNAME:92380}！
Head deeper into the {CARDNAME:92380}!"
"927070","Defeat the monster blocking the door on B5 of the {CARDNAME:92380}!","{CARDNAME:92380}の地下５階で扉を塞ぐ魔物を倒そう！","在{CARDNAME:92380}地下5层击败堵门的魔物！
Defeat the monster blocking the door on B5 of the {CARDNAME:92380}!"
"927080","Proceed through the door on B5 of the {CARDNAME:92380}!","{CARDNAME:92380}の地下５階で扉の先へ進もう","穿过{CARDNAME:92380}地下5层的门！
Proceed through the door on B5 of the {CARDNAME:92380}!"
"927090","Pursue {CARDNAME:1030}'s mother(?)!","{CARDNAME:1030}の母親？を<br>追いかけよう","追上{CARDNAME:1030}<br>的母亲（？）！
Pursue {CARDNAME:1030}'s mother(?)!"
"927100","Have a seat in the ""cinema"" and watch a movie.","「映画館」の椅子に座って<br>映像を見よう","坐进“电影院”，<br>观看影像。
Have a seat in the ""cinema"" and watch a movie."
"927110","Check on the people of the village.","村の人々の<br>様子を見ましょう","看看村民<br>们的情况。
Check on the people of the village."
"927120","Head for the village meeting place.","村の集会所に<br>向かいましょう","前往村中<br>集会所。
Head for the village meeting place."
"927130","Make sure {CARDNAME:1020} is all right.","{CARDNAME:1020}の無事を<br>確かめよう","确认{CARDNAME:1020}<br>是否平安。
Make sure {CARDNAME:1020} is all right."
"927140","Speak with {CARDNAME:1050} and her monsters.","{CARDNAME:1050}と魔物達に<br>話しかけてみよう","和{CARDNAME:1050}以及<br>她的魔物们谈谈。
Speak with {CARDNAME:1050} and her monsters."
"927150","Pursue {CARDNAME:1050}!","{CARDNAME:1050}を追いかけよう","追上{CARDNAME:1050}！
Pursue {CARDNAME:1050}!"
"927160","Check on your friends.","仲間達の様子を確かめよう","看看同伴们的情况。
Check on your friends."
"927161","Pursue {CARDNAME:1050}!","{CARDNAME:1050}を追いかけよう！","追上{CARDNAME:1050}！
Pursue {CARDNAME:1050}!"
"927170","Stop the monster invasion!","魔物達の侵攻を<br>止めよう！","阻止魔物<br>进攻！
Stop the monster invasion!"
"927180","Stop {CARDNAME:1050}!","{CARDNAME:1050}を止めよう！","阻止{CARDNAME:1050}！
Stop {CARDNAME:1050}!"
"927190","Regroup and defeat the primals!","体勢を整え、<br>神獣達を倒そう！","重整态势，<br>击败神兽！
Regroup and defeat the primals!"
"927200","Attend to {CARDNAME:1050}'s last moments.","{CARDNAME:1050}の最期を看取ろう","陪{CARDNAME:1050}走完最后一程。
Attend to {CARDNAME:1050}'s last moments."
"927210","Look for your friends.","仲間を探そう","寻找同伴。
Look for your friends."
"927220","Find the starry skies in
a world without night!","夜のないこの世界で<br>星空を見つけよう！","在没有黑夜的世<br>界里寻找星空！
Find the starry skies in
a world without night!"
"928010","From here...let us once again continue our journey!","再びここから……<br>旅を続けよう！","从这里再次启程…<br>…继续我们的旅途！
From here...let us once again continue our journey!"
"1000000","Voice of Cards: <BR>The Beasts of Burden","Voice of Cards<BR>囚われの魔物","Voice of Cards：<BR>被囚禁的魔物
Voice of Cards: <BR>The Beasts of Burden"
"1000010","<size=16>DIRECTOR</size><br><size=0><br></size>Maasa Mimura","<size=16>DIRECTOR</size><br><size=0><br></size>Maasa Mimura","<size=16>总监</size><br><size=0><br></size>Maasa Mimura
<size=16>DIRECTOR</size><br><size=0><br></size>Maasa Mimura"
"1000020","<size=16>CREATIVE DIRECTOR</size><br><size=0><br></size>YOKO TARO","<size=16>CREATIVE DIRECTOR</size><br><size=0><br></size>YOKO TARO","<size=16>创意总监</size><br><size=0><br></size>YOKO TARO
<size=16>CREATIVE DIRECTOR</size><br><size=0><br></size>YOKO TARO"
"1000030","<size=16>MUSIC DIRECTOR,<BR>COMPOSER, ARRANGER</size><br><size=0><br></size>Keiichi Okabe<BR>(MONACA)","<size=16>MUSIC DIRECTOR,<BR>COMPOSER, ARRANGER</size><br><size=0><br></size>Keiichi Okabe<BR>(MONACA)","<size=16>音乐总监、<BR>作曲、编曲</size><br><size=0><br></size>Keiichi Okabe<BR>(MONACA)
<size=16>MUSIC DIRECTOR,<BR>COMPOSER, ARRANGER</size><br><size=0><br></size>Keiichi Okabe<BR>(MONACA)"
"1000040","<size=16>CHARACTER DESIGNER</size><br><size=0><br></size>Kimihiko Fujisaka","<size=16>CHARACTER DESIGNER</size><br><size=0><br></size>Kimihiko Fujisaka","<size=16>角色设计</size><br><size=0><br></size>Kimihiko Fujisaka
<size=16>CHARACTER DESIGNER</size><br><size=0><br></size>Kimihiko Fujisaka"
"1000050","<nobr>Voice of the Game Master","<nobr>Voice of the Game Master","<nobr>游戏主持人配音
<nobr>Voice of the Game Master"
"1000060","<size=16>JAPANESE</size><br><size=0><br></size>Yui Ishikawa","<size=16>JAPANESE</size><br><size=0><br></size>Yui Ishikawa","<size=16>日语</size><br><size=0><br></size>Yui Ishikawa
<size=16>JAPANESE</size><br><size=0><br></size>Yui Ishikawa"
"1000070","<size=16>ENGLISH</size><br><size=0><br></size>Carin Gilfry ","<size=16>ENGLISH</size><br><size=0><br></size>Carin Gilfry ","<size=16>英语</size><br><size=0><br></size>Carin Gilfry 
<size=16>ENGLISH</size><br><size=0><br></size>Carin Gilfry "
"1000080","Alim Co., Ltd.","Alim Co., Ltd.","Alim Co., Ltd.
Alim Co., Ltd."
"1000090","DEVELOPMENT DEPT.","DEVELOPMENT DEPT.","开发部
DEVELOPMENT DEPT."
"1000100","<size=16>MAIN PROGRAMMER</size><br><size=0><br></size>Takeo Soga","<size=16>MAIN PROGRAMMER</size><br><size=0><br></size>Takeo Soga","<size=16>主程序员</size><br><size=0><br></size>Takeo Soga
<size=16>MAIN PROGRAMMER</size><br><size=0><br></size>Takeo Soga"
"1000110","<size=16>PROGRAMMERS</size><br><size=0><br></size>Hitoshi Aoki<br><size=16><br></size>Yuki Negoro<br><size=16><br></size>Yuta Fukasawa<br><size=16><br></size>Hiroshi Ichikawa<br><size=16><br></size>Masayuki Douya","<size=16>PROGRAMMERS</size><br><size=0><br></size>Hitoshi Aoki<br><size=16><br></size>Yuki Negoro<br><size=16><br></size>Yuta Fukasawa<br><size=16><br></size>Hiroshi Ichikawa<br><size=16><br></size>Masayuki Douya","<size=16>程序员</size><br><size=0><br></size>Hitoshi Aoki<br><size=16><br></size>Yuki Negoro<br><size=16><br></size>Yuta Fukasawa<br><size=16><br></size>Hiroshi Ichikawa<br><size=16><br></size>Masayuki Douya
<size=16>PROGRAMMERS</size><br><size=0><br></size>Hitoshi Aoki<br><size=16><br></size>Yuki Negoro<br><size=16><br></size>Yuta Fukasawa<br><size=16><br></size>Hiroshi Ichikawa<br><size=16><br></size>Masayuki Douya"
"1000120","PRODUCTION DEPT.","PRODUCTION DEPT.","制作部
PRODUCTION DEPT."
"1000130","<size=16>MAIN PLANNER</size><br><size=0><br></size>Yukari Fukase","<size=16>MAIN PLANNER</size><br><size=0><br></size>Yukari Fukase","<size=16>主策划</size><br><size=0><br></size>Yukari Fukase
<size=16>MAIN PLANNER</size><br><size=0><br></size>Yukari Fukase"
"1000140","<size=16>PLANNERS</size><br><size=0><br></size>Yoshiaki Nakamoto<br><size=16><br></size>Chihiro Hasegawa<br><size=16><br></size>Hikaru Shioiri<br><size=16><br></size>Kosuke Iyoda","<size=16>PLANNERS</size><br><size=0><br></size>Yoshiaki Nakamoto<br><size=16><br></size>Chihiro Hasegawa<br><size=16><br></size>Hikaru Shioiri<br><size=16><br></size>Kosuke Iyoda","<size=16>策划</size><br><size=0><br></size>Yoshiaki Nakamoto<br><size=16><br></size>Chihiro Hasegawa<br><size=16><br></size>Hikaru Shioiri<br><size=16><br></size>Kosuke Iyoda
<size=16>PLANNERS</size><br><size=0><br></size>Yoshiaki Nakamoto<br><size=16><br></size>Chihiro Hasegawa<br><size=16><br></size>Hikaru Shioiri<br><size=16><br></size>Kosuke Iyoda"
"1000150","Yuji Sato<br><size=16><br></size>Norimichi Takesue<br><size=16><br></size>Yosuke Ueno<br><size=16><br></size>Yamato Taura","Yuji Sato<br><size=16><br></size>Norimichi Takesue<br><size=16><br></size>Yosuke Ueno<br><size=16><br></size>Yamato Taura","Yuji Sato<br><size=16><br></size>Norimichi Takesue<br><size=16><br></size>Yosuke Ueno<br><size=16><br></size>Yamato Taura
Yuji Sato<br><size=16><br></size>Norimichi Takesue<br><size=16><br></size>Yosuke Ueno<br><size=16><br></size>Yamato Taura"
"1000160","<size=16>PLANNING ADVISOR</size><br><size=0><br></size>Takafumi Iwabuchi","<size=16>PLANNING ADVISOR</size><br><size=0><br></size>Takafumi Iwabuchi","<size=16>策划顾问</size><br><size=0><br></size>Takafumi Iwabuchi
<size=16>PLANNING ADVISOR</size><br><size=0><br></size>Takafumi Iwabuchi"
"1000170","<size=16>SOUND DESIGNER</size><br><size=0><br></size>Ko Hayashi","<size=16>SOUND DESIGNER</size><br><size=0><br></size>Ko Hayashi","<size=16>音效设计</size><br><size=0><br></size>Ko Hayashi
<size=16>SOUND DESIGNER</size><br><size=0><br></size>Ko Hayashi"
"1000180","<size=16>SCENARIO WRITER</size><br><size=0><br></size>Kafu Izui","<size=16>SCENARIO WRITER</size><br><size=0><br></size>Kafu Izui","<size=16>剧本</size><br><size=0><br></size>Kafu Izui
<size=16>SCENARIO WRITER</size><br><size=0><br></size>Kafu Izui"
"1000190","GRAPHIC DESIGN DEPT.","GRAPHIC DESIGN DEPT.","平面设计部
GRAPHIC DESIGN DEPT."
"1000200","<size=16>GRAPHIC DESIGNERS</size><br><size=0><br></size>Kaori Machida<br><size=16><br></size>Yoshie Matsuoka<br><size=16><br></size>Takeshi Matsumura<br><size=16><br></size>Marina Kato","<size=16>GRAPHIC DESIGNERS</size><br><size=0><br></size>Kaori Machida<br><size=16><br></size>Yoshie Matsuoka<br><size=16><br></size>Takeshi Matsumura<br><size=16><br></size>Marina Kato","<size=16>平面设计</size><br><size=0><br></size>Kaori Machida<br><size=16><br></size>Yoshie Matsuoka<br><size=16><br></size>Takeshi Matsumura<br><size=16><br></size>Marina Kato
<size=16>GRAPHIC DESIGNERS</size><br><size=0><br></size>Kaori Machida<br><size=16><br></size>Yoshie Matsuoka<br><size=16><br></size>Takeshi Matsumura<br><size=16><br></size>Marina Kato"
"1000210","Midori Fujita<br><size=16><br></size>Kenji Miura<br><size=16><br></size>Masaya Shiozaki<br><size=16><br></size>Keiichi Mizuno<br><size=16><br></size>Chihiro Nakata","Midori Fujita<br><size=16><br></size>Kenji Miura<br><size=16><br></size>Masaya Shiozaki<br><size=16><br></size>Keiichi Mizuno<br><size=16><br></size>Chihiro Nakata","Midori Fujita<br><size=16><br></size>Kenji Miura<br><size=16><br></size>Masaya Shiozaki<br><size=16><br></size>Keiichi Mizuno<br><size=16><br></size>Chihiro Nakata
Midori Fujita<br><size=16><br></size>Kenji Miura<br><size=16><br></size>Masaya Shiozaki<br><size=16><br></size>Keiichi Mizuno<br><size=16><br></size>Chihiro Nakata"
"1000220","<size=16>UI DESIGNERS</size><br><size=0><br></size>Takumi Yonemura<br><size=16><br></size>Esu Kiyose<br><size=16><br></size>Yutaka Sanada","<size=16>UI DESIGNERS</size><br><size=0><br></size>Takumi Yonemura<br><size=16><br></size>Esu Kiyose<br><size=16><br></size>Yutaka Sanada","<size=16>UI设计</size><br><size=0><br></size>Takumi Yonemura<br><size=16><br></size>Esu Kiyose<br><size=16><br></size>Yutaka Sanada
<size=16>UI DESIGNERS</size><br><size=0><br></size>Takumi Yonemura<br><size=16><br></size>Esu Kiyose<br><size=16><br></size>Yutaka Sanada"
"1000230","<size=16>FX DESIGNER</size><br><size=0><br></size>Satomi Moriya","<size=16>FX DESIGNER</size><br><size=0><br></size>Satomi Moriya","<size=16>特效设计</size><br><size=0><br></size>Satomi Moriya
<size=16>FX DESIGNER</size><br><size=0><br></size>Satomi Moriya"
"1000240","<size=16>3D DESIGNER</size><br><size=0><br></size>Ketu Kairough","<size=16>3D DESIGNER</size><br><size=0><br></size>Ketu Kairough","<size=16>3D设计</size><br><size=0><br></size>Ketu Kairough
<size=16>3D DESIGNER</size><br><size=0><br></size>Ketu Kairough"
"1000250","QUALITY ASSURANCE","QUALITY ASSURANCE","质量保证
QUALITY ASSURANCE"
"1000260","<size=16>QUALITY ASSURANCE</size><br><size=0><br></size>Masahiro Yasuda<br><size=16><br></size>Shimon Endo","<size=16>QUALITY ASSURANCE</size><br><size=0><br></size>Masahiro Yasuda<br><size=16><br></size>Shimon Endo","<size=16>质量保证</size><br><size=0><br></size>Masahiro Yasuda<br><size=16><br></size>Shimon Endo
<size=16>QUALITY ASSURANCE</size><br><size=0><br></size>Masahiro Yasuda<br><size=16><br></size>Shimon Endo"
"1000270","<nobr><size=16>GAME TESTERS</size><br><size=0><br></size>DIGITAL Hearts Co.,Ltd.<br><size=16><br></size>...and the entire QA staff","<nobr><size=16>GAME TESTERS</size><br><size=0><br></size>DIGITAL Hearts Co.,Ltd.<br><size=16><br></size>…and the entire QA staff","<nobr><size=16>游戏测试员</size><br><size=0><br></size>DIGITAL Hearts Co.,Ltd.<br><size=16><br></size>...and the entire QA staff
<nobr><size=16>GAME TESTERS</size><br><size=0><br></size>DIGITAL Hearts Co.,Ltd.<br><size=16><br></size>...and the entire QA staff"
"1000280","<size=16>BUSINESS ASSISTANTS</size><br><size=0><br></size>Ayako Kurokawa<br><size=16><br></size>Yuko Sakakibara<br><size=16><br></size>Naomi Kudou","<size=16>BUSINESS ASSISTANTS</size><br><size=0><br></size>Ayako Kurokawa<br><size=16><br></size>Yuko Sakakibara<br><size=16><br></size>Naomi Kudou","<size=16>商务助理</size><br><size=0><br></size>Ayako Kurokawa<br><size=16><br></size>Yuko Sakakibara<br><size=16><br></size>Naomi Kudou
<size=16>BUSINESS ASSISTANTS</size><br><size=0><br></size>Ayako Kurokawa<br><size=16><br></size>Yuko Sakakibara<br><size=16><br></size>Naomi Kudou"
"1000290","MONACA","MONACA","MONACA
MONACA"
"1000300","<size=16>COMPOSER, ARRANGER & CHORUS </size><br><size=0><br></size>Shotaro Seo(MONACA)","<size=16>COMPOSER, ARRANGER & CHORUS </size><br><size=0><br></size>Shotaro Seo(MONACA)","<size=16>作曲、编曲、合唱</size><br><size=0><br></size>Shotaro Seo(MONACA)
<size=16>COMPOSER, ARRANGER & CHORUS </size><br><size=0><br></size>Shotaro Seo(MONACA)"
"1000310","<size=16>COMPOSER, ARRANGER</size><br><size=0><br></size>Oliver Good(MONACA)","<size=16>COMPOSER, ARRANGER</size><br><size=0><br></size>Oliver Good(MONACA)","<size=16>作曲、编曲</size><br><size=0><br></size>Oliver Good(MONACA)
<size=16>COMPOSER, ARRANGER</size><br><size=0><br></size>Oliver Good(MONACA)"
"1000320","<size=16>VOCAL & CHORUS </size><br><size=0><br></size>Yukino Orita","<size=16>VOCAL & CHORUS </size><br><size=0><br></size>Yukino Orita","<size=16>演唱、合唱</size><br><size=0><br></size>Yukino Orita
<size=16>VOCAL & CHORUS </size><br><size=0><br></size>Yukino Orita"
"1000330","<size=16>VOCAL & CHORUS </size><br><size=0><br></size>Saki Nakae","<size=16>VOCAL & CHORUS </size><br><size=0><br></size>Saki Nakae","<size=16>演唱、合唱</size><br><size=0><br></size>Saki Nakae
<size=16>VOCAL & CHORUS </size><br><size=0><br></size>Saki Nakae"
"1000340","<size=16>GUITAR</size><br><size=0><br></size>Takanori Goto","<size=16>GUITAR</size><br><size=0><br></size>Takanori Goto","<size=16>吉他</size><br><size=0><br></size>Takanori Goto
<size=16>GUITAR</size><br><size=0><br></size>Takanori Goto"
"1000350","<size=16>VIOLIN </size><br><size=0><br></size>Takeshi Iwasaki","<size=16>VIOLIN </size><br><size=0><br></size>Takeshi Iwasaki","<size=16>小提琴</size><br><size=0><br></size>Takeshi Iwasaki
<size=16>VIOLIN </size><br><size=0><br></size>Takeshi Iwasaki"
"1000351","HIGHESTAR Co., Ltd.","HIGHESTAR Co., Ltd.","HIGHESTAR Co., Ltd.
HIGHESTAR Co., Ltd."
"1000352","<size=16>SCENARIO WRITER</size><br><size=0><br></size>Yoshiho Akabane","<size=16>SCENARIO WRITER</size><br><size=0><br></size>Yoshiho Akabane","<size=16>剧本</size><br><size=0><br></size>Yoshiho Akabane
<size=16>SCENARIO WRITER</size><br><size=0><br></size>Yoshiho Akabane"
"1000353","<size=16>CHIEF</size><br><size=0><br></size>Takumi Miyajima","<size=16>CHIEF</size><br><size=0><br></size>Takumi Miyajima","<size=16>负责人</size><br><size=0><br></size>Takumi Miyajima
<size=16>CHIEF</size><br><size=0><br></size>Takumi Miyajima"
"1000360","Olive Jirushi","Olive Jirushi","Olive Jirushi
Olive Jirushi"
"1000370","<size=16>ENGLISH EDITOR</size><br><size=0><br></size>Kristin Osani","<size=16>ENGLISH EDITOR</size><br><size=0><br></size>Kristin Osani","<size=16>英语编辑</size><br><size=0><br></size>Kristin Osani
<size=16>ENGLISH EDITOR</size><br><size=0><br></size>Kristin Osani"
"1000380","<size=16>ENGLISH TRANSLATORS</size><br><size=0><br></size>Jeffrey Wilson<br><size=16><br></size>Kaya Halemano<br><size=16><br></size>Stephen Meyerink","<size=16>ENGLISH TRANSLATORS</size><br><size=0><br></size>Jeffrey Wilson<br><size=16><br></size>Kaya Halemano<br><size=16><br></size>Stephen Meyerink","<size=16>英语翻译</size><br><size=0><br></size>Jeffrey Wilson<br><size=16><br></size>Kaya Halemano<br><size=16><br></size>Stephen Meyerink
<size=16>ENGLISH TRANSLATORS</size><br><size=0><br></size>Jeffrey Wilson<br><size=16><br></size>Kaya Halemano<br><size=16><br></size>Stephen Meyerink"
"1000390","<size=16>LOCALIZATION SUPPORT</size><br><size=0><br></size>Tim Law<br><size=16><br></size>Miki Hamasaki<br><size=16><br></size>Reinnie May Yunarsa","<size=16>LOCALIZATION SUPPORT</size><br><size=0><br></size>Tim Law<br><size=16><br></size>Miki Hamasaki<br><size=16><br></size>Reinnie May Yunarsa","<size=16>本地化支持</size><br><size=0><br></size>Tim Law<br><size=16><br></size>Miki Hamasaki<br><size=16><br></size>Reinnie May Yunarsa
<size=16>LOCALIZATION SUPPORT</size><br><size=0><br></size>Tim Law<br><size=16><br></size>Miki Hamasaki<br><size=16><br></size>Reinnie May Yunarsa"
"1000400","KINSHA Co., Ltd.","KINSHA Co., Ltd.","KINSHA Co., Ltd.
KINSHA Co., Ltd."
"1000410","<size=16>COORDINATOR</size><br><size=0><br></size>Samuel Ehrhardt","<size=16>COORDINATOR</size><br><size=0><br></size>Samuel Ehrhardt","<size=16>协调员</size><br><size=0><br></size>Samuel Ehrhardt
<size=16>COORDINATOR</size><br><size=0><br></size>Samuel Ehrhardt"
"1000420","<size=16>FRENCH TRANSLATORS</size><br><size=0><br></size>Kevin Martin<br><size=16><br></size>Gaspard Kuentz<br><size=16><br></size>Aurore Demede","<size=16>FRENCH TRANSLATORS</size><br><size=0><br></size>Kevin Martin<br><size=16><br></size>Gaspard Kuentz<br><size=16><br></size>Aurore Demede","<size=16>法语翻译</size><br><size=0><br></size>Kevin Martin<br><size=16><br></size>Gaspard Kuentz<br><size=16><br></size>Aurore Demede
<size=16>FRENCH TRANSLATORS</size><br><size=0><br></size>Kevin Martin<br><size=16><br></size>Gaspard Kuentz<br><size=16><br></size>Aurore Demede"
"1000430","<size=16>ITALIAN TRANSLATORS</size><br><size=0><br></size>Alessandro Colombo<br><size=16><br></size>Virginia Petrarca<br><size=16><br></size>Marco Godano<br><size=16><br></size>Andrea Prodomo","<size=16>ITALIAN TRANSLATORS</size><br><size=0><br></size>Alessandro Colombo<br><size=16><br></size>Virginia Petrarca<br><size=16><br></size>Marco Godano<br><size=16><br></size>Andrea Prodomo","<size=16>意大利语翻译</size><br><size=0><br></size>Alessandro Colombo<br><size=16><br></size>Virginia Petrarca<br><size=16><br></size>Marco Godano<br><size=16><br></size>Andrea Prodomo
<size=16>ITALIAN TRANSLATORS</size><br><size=0><br></size>Alessandro Colombo<br><size=16><br></size>Virginia Petrarca<br><size=16><br></size>Marco Godano<br><size=16><br></size>Andrea Prodomo"
"1000440","<size=16>GERMAN TRANSLATORS</size><br><size=0><br></size>Robin Schnöckelborg<br><size=16><br></size>Christopher Derbort<br><size=16><br></size>Isabelle Mach","<size=16>GERMAN TRANSLATORS</size><br><size=0><br></size>Robin Schnöckelborg<br><size=16><br></size>Christopher Derbort<br><size=16><br></size>Isabelle Mach","<size=16>德语翻译</size><br><size=0><br></size>Robin Schnöckelborg<br><size=16><br></size>Christopher Derbort<br><size=16><br></size>Isabelle Mach
<size=16>GERMAN TRANSLATORS</size><br><size=0><br></size>Robin Schnöckelborg<br><size=16><br></size>Christopher Derbort<br><size=16><br></size>Isabelle Mach"
"1000450","<size=16>SPANISH TRANSLATORS</size><br><size=0><br></size>Carlos Naranjo Bejarano<br><size=16><br></size>Alberto Sánchez Álvarez<br><size=16><br></size>Sébastien Van Damme<br><size=16><br></size>Laura Arias Moreno","<size=16>SPANISH TRANSLATORS</size><br><size=0><br></size>Carlos Naranjo Bejarano<br><size=16><br></size>Alberto Sánchez Álvarez<br><size=16><br></size>Sébastien Van Damme<br><size=16><br></size>Laura Arias Moreno","<size=16>西班牙语翻译</size><br><size=0><br></size>Carlos Naranjo Bejarano<br><size=16><br></size>Alberto Sánchez Álvarez<br><size=16><br></size>Sébastien Van Damme<br><size=16><br></size>Laura Arias Moreno
<size=16>SPANISH TRANSLATORS</size><br><size=0><br></size>Carlos Naranjo Bejarano<br><size=16><br></size>Alberto Sánchez Álvarez<br><size=16><br></size>Sébastien Van Damme<br><size=16><br></size>Laura Arias Moreno"
"1000460","<size=16>LOCALIZATION PROJECT MANAGER</size><br><size=0><br></size>Mizue Nakamoto","<size=16>LOCALIZATION PROJECT MANAGER</size><br><size=0><br></size>Mizue Nakamoto","<size=16>本地化项目经理</size><br><size=0><br></size>Mizue Nakamoto
<size=16>LOCALIZATION PROJECT MANAGER</size><br><size=0><br></size>Mizue Nakamoto"
"1000470","Brave Hearts Co., Ltd.","Brave Hearts Co., Ltd.","Brave Hearts Co., Ltd.
Brave Hearts Co., Ltd."
"1000480","<size=16>ACOUSTIC DIRECTOR</size><br><size=0><br></size>Satoru Enomoto","<size=16>ACOUSTIC DIRECTOR</size><br><size=0><br></size>Satoru Enomoto","<size=16>音频总监</size><br><size=0><br></size>Satoru Enomoto
<size=16>ACOUSTIC DIRECTOR</size><br><size=0><br></size>Satoru Enomoto"
"1000490","<size=16>SOUND EDITOR</size><br><size=0><br></size>Ryouhei Ichinohe","<size=16>SOUND EDITOR</size><br><size=0><br></size>Ryouhei Ichinohe","<size=16>音频编辑</size><br><size=0><br></size>Ryouhei Ichinohe
<size=16>SOUND EDITOR</size><br><size=0><br></size>Ryouhei Ichinohe"
"1000500","<size=16>ACOUSTIC PRODUCTION ASSISTANT</size><br><size=0><br></size>Junki Yamamoto","<size=16>ACOUSTIC PRODUCTION ASSISTANT</size><br><size=0><br></size>Junki Yamamoto","<size=16>音频制作助理</size><br><size=0><br></size>Junki Yamamoto
<size=16>ACOUSTIC PRODUCTION ASSISTANT</size><br><size=0><br></size>Junki Yamamoto"
"1000510","ILCA, Inc.","ILCA, Inc.","ILCA, Inc.
ILCA, Inc."
"1000520","<size=16>PRODUCER</size><br><size=0><br></size>Nao Takahashi","<size=16>PRODUCER</size><br><size=0><br></size>Nao Takahashi","<size=16>制作人</size><br><size=0><br></size>Nao Takahashi
<size=16>PRODUCER</size><br><size=0><br></size>Nao Takahashi"
"1000530","<size=16>ASSISTANT PRODUCER</size><br><size=0><br></size>Shion Sakurai","<size=16>ASSISTANT PRODUCER</size><br><size=0><br></size>Shion Sakurai","<size=16>助理制作人</size><br><size=0><br></size>Shion Sakurai
<size=16>ASSISTANT PRODUCER</size><br><size=0><br></size>Shion Sakurai"
"1000540","Rocket Sound, <BR>a Lionbridge Games Studio","Rocket Sound, <BR>a Lionbridge Games Studio","Rocket Sound, <BR>a Lionbridge Games Studio
Rocket Sound, <BR>a Lionbridge Games Studio"
"1000550","<size=16>DIRECTOR</size><br><size=0><br></size>Jamie Mortellaro","<size=16>DIRECTOR</size><br><size=0><br></size>Jamie Mortellaro","<size=16>总监</size><br><size=0><br></size>Jamie Mortellaro
<size=16>DIRECTOR</size><br><size=0><br></size>Jamie Mortellaro"
"1000560","<size=16>ENGINEERS</size><br><size=0><br></size>BriElle Achterhof<br><size=16><br></size>Alan ""Danger"" Freedman","<size=16>ENGINEERS</size><br><size=0><br></size>BriElle Achterhof<br><size=16><br></size>Alan ""Danger"" Freedman","<size=16>工程师</size><br><size=0><br></size>BriElle Achterhof<br><size=16><br></size>Alan ""Danger"" Freedman
<size=16>ENGINEERS</size><br><size=0><br></size>BriElle Achterhof<br><size=16><br></size>Alan ""Danger"" Freedman"
"1000570","<size=16>SESSION ASSISTANTS</size><br><size=0><br></size>Tommy Mailie<br><size=16><br></size>Miguel Bustria<br><size=16><br></size>Sean Lynch<br><size=16><br></size>BriElle Achterhof","<size=16>SESSION ASSISTANTS</size><br><size=0><br></size>Tommy Mailie<br><size=16><br></size>Miguel Bustria<br><size=16><br></size>Sean Lynch<br><size=16><br></size>BriElle Achterhof","<size=16>录音助理</size><br><size=0><br></size>Tommy Mailie<br><size=16><br></size>Miguel Bustria<br><size=16><br></size>Sean Lynch<br><size=16><br></size>BriElle Achterhof
<size=16>SESSION ASSISTANTS</size><br><size=0><br></size>Tommy Mailie<br><size=16><br></size>Miguel Bustria<br><size=16><br></size>Sean Lynch<br><size=16><br></size>BriElle Achterhof"
"1000580","Matthew Montanez<br><size=16><br></size>John Montoya<br><size=16><br></size>Jamison Boaz<br><size=16><br></size>Morgan Gerhard","Matthew Montanez<br><size=16><br></size>John Montoya<br><size=16><br></size>Jamison Boaz<br><size=16><br></size>Morgan Gerhard","Matthew Montanez<br><size=16><br></size>John Montoya<br><size=16><br></size>Jamison Boaz<br><size=16><br></size>Morgan Gerhard
Matthew Montanez<br><size=16><br></size>John Montoya<br><size=16><br></size>Jamison Boaz<br><size=16><br></size>Morgan Gerhard"
"1000581","<size=16>PROJECT COORDINATORS</size><br><size=0><br></size>Jake Zeleznick<br><size=16><br></size>Niko Gerentes","<size=16>PROJECT COORDINATORS</size><br><size=0><br></size>Jake Zeleznick<br><size=16><br></size>Niko Gerentes","<size=16>项目协调员</size><br><size=0><br></size>Jake Zeleznick<br><size=16><br></size>Niko Gerentes
<size=16>PROJECT COORDINATORS</size><br><size=0><br></size>Jake Zeleznick<br><size=16><br></size>Niko Gerentes"
"1000582","<size=16>AUDIO LEAD</size><br><size=0><br></size>Matthew Montanez","<size=16>AUDIO LEAD</size><br><size=0><br></size>Matthew Montanez","<size=16>音频负责人</size><br><size=0><br></size>Matthew Montanez
<size=16>AUDIO LEAD</size><br><size=0><br></size>Matthew Montanez"
"1000590","<size=16>PRODUCTION MANAGER</size><br><size=0><br></size>Daniel Khim","<size=16>PRODUCTION MANAGER</size><br><size=0><br></size>Daniel Khim","<size=16>制作经理</size><br><size=0><br></size>Daniel Khim
<size=16>PRODUCTION MANAGER</size><br><size=0><br></size>Daniel Khim"
"1000600","<size=16>BUSINESS DEVELOPMENT</size><br><size=0><br></size>Ayumi Logan","<size=16>BUSINESS DEVELOPMENT</size><br><size=0><br></size>Ayumi Logan","<size=16>商务拓展</size><br><size=0><br></size>Ayumi Logan
<size=16>BUSINESS DEVELOPMENT</size><br><size=0><br></size>Ayumi Logan"
"1000610","<size=16>PRESIDENT</size><br><size=0><br></size>Tom Hays","<size=16>PRESIDENT</size><br><size=0><br></size>Tom Hays","<size=16>社长</size><br><size=0><br></size>Tom Hays
<size=16>PRESIDENT</size><br><size=0><br></size>Tom Hays"
"1000640","<nobr>SQUARE ENIX CO., LTD.","<nobr>SQUARE ENIX CO., LTD.","<nobr>SQUARE ENIX CO., LTD.
<nobr>SQUARE ENIX CO., LTD."
"1000650","CREATIVE<BR>BUSINESS UNIT II ","CREATIVE<BR>BUSINESS UNIT II ","创意<BR>事业部 II
CREATIVE<BR>BUSINESS UNIT II "
"1000660","<size=16>LEAD SCENARIO WRITER</size><br><size=0><br></size>Agata rokuro","<size=16>LEAD SCENARIO WRITER</size><br><size=0><br></size>Agata rokuro","<size=16>首席剧本</size><br><size=0><br></size>Agata rokuro
<size=16>LEAD SCENARIO WRITER</size><br><size=0><br></size>Agata rokuro"
"1000670","<size=16>SCENARIO WRITERS</size><br><size=0><br></size>Yuuki Matsuo<br><size=16><br></size>Ayu Misawa<br><size=16><br></size>Karin Harada<br><size=16><br></size>Kenta Azuma","<size=16>SCENARIO WRITERS</size><br><size=0><br></size>Yuuki Matsuo<br><size=16><br></size>Ayu Misawa<br><size=16><br></size>Karin Harada<br><size=16><br></size>Kenta Azuma","<size=16>剧本</size><br><size=0><br></size>Yuuki Matsuo<br><size=16><br></size>Ayu Misawa<br><size=16><br></size>Karin Harada<br><size=16><br></size>Kenta Azuma
<size=16>SCENARIO WRITERS</size><br><size=0><br></size>Yuuki Matsuo<br><size=16><br></size>Ayu Misawa<br><size=16><br></size>Karin Harada<br><size=16><br></size>Kenta Azuma"
"1000671","Kumpei Yanagawa<br><size=16><br></size>Sotaro Hiroe<br><size=16><br></size>Toshiyuki Ito<br><size=16><br></size>Yuki Wada","Kumpei Yanagawa<br><size=16><br></size>Sotaro Hiroe<br><size=16><br></size>Toshiyuki Ito<br><size=16><br></size>Yuki Wada","Kumpei Yanagawa<br><size=16><br></size>Sotaro Hiroe<br><size=16><br></size>Toshiyuki Ito<br><size=16><br></size>Yuki Wada
Kumpei Yanagawa<br><size=16><br></size>Sotaro Hiroe<br><size=16><br></size>Toshiyuki Ito<br><size=16><br></size>Yuki Wada"
"1000680","<size=16>LOGO DESIGN</size><br><size=0><br></size>Kazuhiro Fukagaya","<size=16>LOGO DESIGN</size><br><size=0><br></size>Kazuhiro Fukagaya","<size=16>标志设计</size><br><size=0><br></size>Kazuhiro Fukagaya
<size=16>LOGO DESIGN</size><br><size=0><br></size>Kazuhiro Fukagaya"
"1000690","<size=16>PRODUCER</size><br><size=0><br></size>Miho Mochizuki","<size=16>PRODUCER</size><br><size=0><br></size>Miho Mochizuki","<size=16>制作人</size><br><size=0><br></size>Miho Mochizuki
<size=16>PRODUCER</size><br><size=0><br></size>Miho Mochizuki"
"1000700","<size=16>ASSISTANT PRODUCER</size><br><size=0><br></size>Takuya Omatsu","<size=16>ASSISTANT PRODUCER</size><br><size=0><br></size>Takuya Omatsu","<size=16>助理制作人</size><br><size=0><br></size>Takuya Omatsu
<size=16>ASSISTANT PRODUCER</size><br><size=0><br></size>Takuya Omatsu"
"1000701","Yuta Miyatsuka","Yuta Miyatsuka","Yuta Miyatsuka
Yuta Miyatsuka"
"1000710","<size=16>PROJECT ASSISTANT</size><br><size=0><br></size>Eri Todoroki","<size=16>PROJECT ASSISTANT</size><br><size=0><br></size>Eri Todoroki","<size=16>项目助理</size><br><size=0><br></size>Eri Todoroki
<size=16>PROJECT ASSISTANT</size><br><size=0><br></size>Eri Todoroki"
"1000720","DIGITAL BUSINESS UNIT","DIGITAL BUSINESS UNIT","数字事业部
DIGITAL BUSINESS UNIT"
"1000730","<size=16>EXECUTIVE OFFICER VICE PRESIDENT</size><br><size=0><br></size>Tomoyoshi Oosaki","<size=16>EXECUTIVE OFFICER VICE PRESIDENT</size><br><size=0><br></size>Tomoyoshi Oosaki","<size=16>执行董事兼副总裁</size><br><size=0><br></size>Tomoyoshi Oosaki
<size=16>EXECUTIVE OFFICER VICE PRESIDENT</size><br><size=0><br></size>Tomoyoshi Oosaki"
"1000740","<size=16>DEPUTY VICE PRESIDENT</size><br><size=0><br></size>Makoto Tsuda","<size=16>DEPUTY VICE PRESIDENT</size><br><size=0><br></size>Makoto Tsuda","<size=16>副总裁</size><br><size=0><br></size>Makoto Tsuda
<size=16>DEPUTY VICE PRESIDENT</size><br><size=0><br></size>Makoto Tsuda"
"1000750","DIGITAL BUSINESS UNIT<br><br>SALES DIVISION","DIGITAL BUSINESS UNIT<br><br>SALES DIVISION","数字事业部<br><br>销售部
DIGITAL BUSINESS UNIT<br><br>SALES DIVISION"
"1000760","<size=16>DIRECTOR</size><br><size=0><br></size>Daisuke Kobayashi","<size=16>DIRECTOR</size><br><size=0><br></size>Daisuke Kobayashi","<size=16>总监</size><br><size=0><br></size>Daisuke Kobayashi
<size=16>DIRECTOR</size><br><size=0><br></size>Daisuke Kobayashi"
"1000770","<size=16>MANAGER</size><br><size=0><br></size>Mizuki Sakuma","<size=16>MANAGER</size><br><size=0><br></size>Mizuki Sakuma","<size=16>经理</size><br><size=0><br></size>Mizuki Sakuma
<size=16>MANAGER</size><br><size=0><br></size>Mizuki Sakuma"
"1000780","<size=16>STAFF</size><br><size=0><br></size>Shun Koike　　<br><size=16><br></size>Waka Tachibana<br><size=16><br></size>Hiromi Sogamoto","<size=16>STAFF</size><br><size=0><br></size>Shun Koike　　<br><size=16><br></size>Waka Tachibana<br><size=16><br></size>Hiromi Sogamoto","<size=16>工作人员</size><br><size=0><br></size>Shun Koike　　<br><size=16><br></size>Waka Tachibana<br><size=16><br></size>Hiromi Sogamoto
<size=16>STAFF</size><br><size=0><br></size>Shun Koike　　<br><size=16><br></size>Waka Tachibana<br><size=16><br></size>Hiromi Sogamoto"
"1000790","DIGITAL BUSINESS UNIT<br><br>PC BUSINESS DIVISION","DIGITAL BUSINESS UNIT<br><br>PC BUSINESS DIVISION","数字事业部<br><br>PC业务部
DIGITAL BUSINESS UNIT<br><br>PC BUSINESS DIVISION"
"1000800","<size=16>MANAGER</size><br><size=0><br></size>Takashi Hasegawa","<size=16>MANAGER</size><br><size=0><br></size>Takashi Hasegawa","<size=16>经理</size><br><size=0><br></size>Takashi Hasegawa
<size=16>MANAGER</size><br><size=0><br></size>Takashi Hasegawa"
"1000810","<size=16>STAFF</size><br><size=0><br></size>Jumpei Arakawa<br><size=16><br></size>Shota Tamakoshi<br><size=16><br></size>Makoto Takaji<br><size=16><br></size>Tomomi Nakagawa","<size=16>STAFF</size><br><size=0><br></size>Jumpei Arakawa<br><size=16><br></size>Shota Tamakoshi<br><size=16><br></size>Makoto Takaji<br><size=16><br></size>Tomomi Nakagawa","<size=16>工作人员</size><br><size=0><br></size>Jumpei Arakawa<br><size=16><br></size>Shota Tamakoshi<br><size=16><br></size>Makoto Takaji<br><size=16><br></size>Tomomi Nakagawa
<size=16>STAFF</size><br><size=0><br></size>Jumpei Arakawa<br><size=16><br></size>Shota Tamakoshi<br><size=16><br></size>Makoto Takaji<br><size=16><br></size>Tomomi Nakagawa"
"1000820","DIGITAL BUSINESS UNIT<br><br>ONLINE BUSINESS DEVELOPMENT DIVISION","DIGITAL BUSINESS UNIT<br><br>ONLINE BUSINESS DEVELOPMENT DIVISION","数字事业部<br><br>在线业务开发部
DIGITAL BUSINESS UNIT<br><br>ONLINE BUSINESS DEVELOPMENT DIVISION"
"1000830","<size=16>DIRECTOR</size><br><size=0><br></size>Kenji Ishiwata","<size=16>DIRECTOR</size><br><size=0><br></size>Kenji Ishiwata","<size=16>总监</size><br><size=0><br></size>Kenji Ishiwata
<size=16>DIRECTOR</size><br><size=0><br></size>Kenji Ishiwata"
"1000850","<size=16>STAFF</size><br><size=0><br></size>Shinsuke Takeda<br><size=16><br></size>Chiaki Yamauchi<br><size=16><br></size>Sho Fujita<br><size=16><br></size>Shoko Sakuraba","<size=16>STAFF</size><br><size=0><br></size>Shinsuke Takeda<br><size=16><br></size>Chiaki Yamauchi<br><size=16><br></size>Sho Fujita<br><size=16><br></size>Shoko Sakuraba","<size=16>工作人员</size><br><size=0><br></size>Shinsuke Takeda<br><size=16><br></size>Chiaki Yamauchi<br><size=16><br></size>Sho Fujita<br><size=16><br></size>Shoko Sakuraba
<size=16>STAFF</size><br><size=0><br></size>Shinsuke Takeda<br><size=16><br></size>Chiaki Yamauchi<br><size=16><br></size>Sho Fujita<br><size=16><br></size>Shoko Sakuraba"
"1000860","MARKETING DIVISION","MARKETING DIVISION","市场部
MARKETING DIVISION"
"1000870","<size=16>EXECUTIVE OFFICER ＆ GENERAL MANAGER</size><br><size=0><br></size>Ryutaro Sasaki","<size=16>EXECUTIVE OFFICER ＆ GENERAL MANAGER</size><br><size=0><br></size>Ryutaro Sasaki","<size=16>执行董事兼总经理</size><br><size=0><br></size>Ryutaro Sasaki
<size=16>EXECUTIVE OFFICER ＆ GENERAL MANAGER</size><br><size=0><br></size>Ryutaro Sasaki"
"1000880","<size=16>MANAGERS</size><br><size=0><br></size>Akiko Wada<br><size=16><br></size>Kakuko Obinata<br><size=16><br></size>Yuka Naito","<size=16>MANAGERS</size><br><size=0><br></size>Akiko Wada<br><size=16><br></size>Kakuko Obinata<br><size=16><br></size>Yuka Naito","<size=16>经理</size><br><size=0><br></size>Akiko Wada<br><size=16><br></size>Kakuko Obinata<br><size=16><br></size>Yuka Naito
<size=16>MANAGERS</size><br><size=0><br></size>Akiko Wada<br><size=16><br></size>Kakuko Obinata<br><size=16><br></size>Yuka Naito"
"1000890","MARKETING DIVISION<br><br>MARKETING & PR","MARKETING DIVISION<br><br>MARKETING & PR","市场部<br><br>市场及公关
MARKETING DIVISION<br><br>MARKETING & PR"
"1000900","<size=16>LEAD PLANNER</size><br><size=0><br></size>Rei Kawano","<size=16>LEAD PLANNER</size><br><size=0><br></size>Rei Kawano","<size=16>首席策划</size><br><size=0><br></size>Rei Kawano
<size=16>LEAD PLANNER</size><br><size=0><br></size>Rei Kawano"
"1000910","<size=16>PLANNER</size><br><size=0><br></size>Hitoshi Nishio","<size=16>PLANNER</size><br><size=0><br></size>Hitoshi Nishio","<size=16>策划</size><br><size=0><br></size>Hitoshi Nishio
<size=16>PLANNER</size><br><size=0><br></size>Hitoshi Nishio"
"1000920","<size=16>ASSISTANT PLANNER</size><br><size=0><br></size>Yasuda Yusuke<br><size=16><br></size>Midori Tsukamoto","<size=16>ASSISTANT PLANNER</size><br><size=0><br></size>Yasuda Yusuke<br><size=16><br></size>Midori Tsukamoto","<size=16>助理策划</size><br><size=0><br></size>Yasuda Yusuke<br><size=16><br></size>Midori Tsukamoto
<size=16>ASSISTANT PLANNER</size><br><size=0><br></size>Yasuda Yusuke<br><size=16><br></size>Midori Tsukamoto"
"1000930","MARKETING DIVISION<br><br>INTERNATIONAL RELATIONS","MARKETING DIVISION<br><br>INTERNATIONAL RELATIONS","市场部<br><br>国际关系
MARKETING DIVISION<br><br>INTERNATIONAL RELATIONS"
"1000940","<size=16>MANAGER</size><br><size=0><br></size>Ayako Kawamoto","<size=16>MANAGER</size><br><size=0><br></size>Ayako Kawamoto","<size=16>经理</size><br><size=0><br></size>Ayako Kawamoto
<size=16>MANAGER</size><br><size=0><br></size>Ayako Kawamoto"
"1000950","<size=16>COORDINATORS</size><br><size=0><br></size>Chinami Nishiyama<br><size=16><br></size>Maiko Okada<br><size=16><br></size>Karen Hiroe","<size=16>COORDINATORS</size><br><size=0><br></size>Chinami Nishiyama<br><size=16><br></size>Maiko Okada<br><size=16><br></size>Karen Hiroe","<size=16>协调员</size><br><size=0><br></size>Chinami Nishiyama<br><size=16><br></size>Maiko Okada<br><size=16><br></size>Karen Hiroe
<size=16>COORDINATORS</size><br><size=0><br></size>Chinami Nishiyama<br><size=16><br></size>Maiko Okada<br><size=16><br></size>Karen Hiroe"
"1000960","MARKETING DIVISION<br><br>EVENT RELATIONS & DEPARTMENT OPERATION","MARKETING DIVISION<br><br>EVENT RELATIONS & DEPARTMENT OPERATION","市场部<br><br>活动关系及部门运营
MARKETING DIVISION<br><br>EVENT RELATIONS & DEPARTMENT OPERATION"
"1000970","<size=16>CHIEF</size><br><size=0><br></size>Kumiko Ishida<br><size=16><br></size>Munehiro Ohsawa<br><size=16><br></size>Tatsuya Umezawa","<size=16>CHIEF</size><br><size=0><br></size>Kumiko Ishida<br><size=16><br></size>Munehiro Ohsawa<br><size=16><br></size>Tatsuya Umezawa","<size=16>负责人</size><br><size=0><br></size>Kumiko Ishida<br><size=16><br></size>Munehiro Ohsawa<br><size=16><br></size>Tatsuya Umezawa
<size=16>CHIEF</size><br><size=0><br></size>Kumiko Ishida<br><size=16><br></size>Munehiro Ohsawa<br><size=16><br></size>Tatsuya Umezawa"
"1000980","MARKETING DIVISION<br><br>MARKETING RESEARCH & ANALYSIS","MARKETING DIVISION<br><br>MARKETING RESEARCH & ANALYSIS","市场部<br><br>市场研究及分析
MARKETING DIVISION<br><br>MARKETING RESEARCH & ANALYSIS"
"1000990","<size=16>CHIEF</size><br><size=0><br></size>Ryuichi Yagisawa<br><size=16><br></size>Kentaro Hamaoka<br><size=16><br></size>Ryuji Kiyoshima","<size=16>CHIEF</size><br><size=0><br></size>Ryuichi Yagisawa<br><size=16><br></size>Kentaro Hamaoka<br><size=16><br></size>Ryuji Kiyoshima","<size=16>负责人</size><br><size=0><br></size>Ryuichi Yagisawa<br><size=16><br></size>Kentaro Hamaoka<br><size=16><br></size>Ryuji Kiyoshima
<size=16>CHIEF</size><br><size=0><br></size>Ryuichi Yagisawa<br><size=16><br></size>Kentaro Hamaoka<br><size=16><br></size>Ryuji Kiyoshima"
"1001000","QUALITY ASSURANCE","QUALITY ASSURANCE","质量保证
QUALITY ASSURANCE"
"1001010","<size=16>COORDINATORS</size><br><size=0><br></size>Hiroyuki Omura<br><size=16><br></size>Akira Morishita<br><size=16><br></size>Tsubasa Toumiya<br><size=16><br></size>Shoya Ofuku","<size=16>COORDINATORS</size><br><size=0><br></size>Hiroyuki Omura<br><size=16><br></size>Akira Morishita<br><size=16><br></size>Tsubasa Toumiya<br><size=16><br></size>Shoya Ofuku","<size=16>协调员</size><br><size=0><br></size>Hiroyuki Omura<br><size=16><br></size>Akira Morishita<br><size=16><br></size>Tsubasa Toumiya<br><size=16><br></size>Shoya Ofuku
<size=16>COORDINATORS</size><br><size=0><br></size>Hiroyuki Omura<br><size=16><br></size>Akira Morishita<br><size=16><br></size>Tsubasa Toumiya<br><size=16><br></size>Shoya Ofuku"
"1001020","Teppei Osari<br><size=16><br></size>Takumi Kagawa<br><size=16><br></size>Shogo Toyoshima<br><size=16><br></size>Koki Hamaguchi<br><size=16><br></size>Taiki Nakano","Teppei Osari<br><size=16><br></size>Takumi Kagawa<br><size=16><br></size>Shogo Toyoshima<br><size=16><br></size>Koki Hamaguchi<br><size=16><br></size>Taiki Nakano","Teppei Osari<br><size=16><br></size>Takumi Kagawa<br><size=16><br></size>Shogo Toyoshima<br><size=16><br></size>Koki Hamaguchi<br><size=16><br></size>Taiki Nakano
Teppei Osari<br><size=16><br></size>Takumi Kagawa<br><size=16><br></size>Shogo Toyoshima<br><size=16><br></size>Koki Hamaguchi<br><size=16><br></size>Taiki Nakano"
"1001030","<size=16>TECHNICAL ENGINEERS</size><br><size=0><br></size>Toyokazu Takehara<br><size=16><br></size>Keigo Kouno<br><size=16><br></size>Kazuya Okada<br><size=16><br></size>Keishi Takeda","<size=16>TECHNICAL ENGINEERS</size><br><size=0><br></size>Toyokazu Takehara<br><size=16><br></size>Keigo Kouno<br><size=16><br></size>Kazuya Okada<br><size=16><br></size>Keishi Takeda","<size=16>技术工程师</size><br><size=0><br></size>Toyokazu Takehara<br><size=16><br></size>Keigo Kouno<br><size=16><br></size>Kazuya Okada<br><size=16><br></size>Keishi Takeda
<size=16>TECHNICAL ENGINEERS</size><br><size=0><br></size>Toyokazu Takehara<br><size=16><br></size>Keigo Kouno<br><size=16><br></size>Kazuya Okada<br><size=16><br></size>Keishi Takeda"
"1001040","<size=16>GUIDELINES COORDINATORS</size><br><size=0><br></size>Noboru Taniguchi<br><size=16><br></size>Taisuke Yahisa<br><size=16><br></size>Tetsuya Takahashi<br><size=16><br></size>Jun Sato<br><size=16><br></size>Kouhei Sawamoto<br><size=16><br></size>Tatsuya Nonaka<br><size=16><br></size>Ryoma Katano","<size=16>GUIDELINES COORDINATORS</size><br><size=0><br></size>Noboru Taniguchi<br><size=16><br></size>Taisuke Yahisa<br><size=16><br></size>Tetsuya Takahashi<br><size=16><br></size>Jun Sato<br><size=16><br></size>Kouhei Sawamoto<br><size=16><br></size>Tatsuya Nonaka<br><size=16><br></size>Ryoma Katano","<size=16>规范协调员</size><br><size=0><br></size>Noboru Taniguchi<br><size=16><br></size>Taisuke Yahisa<br><size=16><br></size>Tetsuya Takahashi<br><size=16><br></size>Jun Sato<br><size=16><br></size>Kouhei Sawamoto<br><size=16><br></size>Tatsuya Nonaka<br><size=16><br></size>Ryoma Katano
<size=16>GUIDELINES COORDINATORS</size><br><size=0><br></size>Noboru Taniguchi<br><size=16><br></size>Taisuke Yahisa<br><size=16><br></size>Tetsuya Takahashi<br><size=16><br></size>Jun Sato<br><size=16><br></size>Kouhei Sawamoto<br><size=16><br></size>Tatsuya Nonaka<br><size=16><br></size>Ryoma Katano"
"1001050","<size=16>CHIEF COORDINATORS</size><br><size=0><br></size>Kiminori Ohya<br><size=16><br></size>Hideyuki Nukui","<size=16>CHIEF COORDINATORS</size><br><size=0><br></size>Kiminori Ohya<br><size=16><br></size>Hideyuki Nukui","<size=16>首席协调员</size><br><size=0><br></size>Kiminori Ohya<br><size=16><br></size>Hideyuki Nukui
<size=16>CHIEF COORDINATORS</size><br><size=0><br></size>Kiminori Ohya<br><size=16><br></size>Hideyuki Nukui"
"1001060","<size=16>RATINGS ADVISORS</size><br><size=0><br></size>Mari Tanabe<br><size=16><br></size>Reiko Kondo","<size=16>RATINGS ADVISORS</size><br><size=0><br></size>Mari Tanabe<br><size=16><br></size>Reiko Kondo","<size=16>评级顾问</size><br><size=0><br></size>Mari Tanabe<br><size=16><br></size>Reiko Kondo
<size=16>RATINGS ADVISORS</size><br><size=0><br></size>Mari Tanabe<br><size=16><br></size>Reiko Kondo"
"1001070","<size=16>MANAGERS</size><br><size=0><br></size>Kazunori Ohwada<br><size=16><br></size>Atsushi Takeuchi","<size=16>MANAGERS</size><br><size=0><br></size>Kazunori Ohwada<br><size=16><br></size>Atsushi Takeuchi","<size=16>经理</size><br><size=0><br></size>Kazunori Ohwada<br><size=16><br></size>Atsushi Takeuchi
<size=16>MANAGERS</size><br><size=0><br></size>Kazunori Ohwada<br><size=16><br></size>Atsushi Takeuchi"
"1001080","<size=16>GENERAL MANAGER</size><br><size=0><br></size>Yukihiro Shibuya","<size=16>GENERAL MANAGER</size><br><size=0><br></size>Yukihiro Shibuya","<size=16>总经理</size><br><size=0><br></size>Yukihiro Shibuya
<size=16>GENERAL MANAGER</size><br><size=0><br></size>Yukihiro Shibuya"
"1001090","LOCALIZATION","LOCALIZATION","本地化
LOCALIZATION"
"1001100","<size=16>RATING ADVISORS</size><br><size=0><br></size>Mai Kawamitsu<br><size=16><br></size>Mitsuro Waki<br><size=16><br></size>Kazuyoshi Tashiro","<size=16>RATING ADVISORS</size><br><size=0><br></size>Mai Kawamitsu<br><size=16><br></size>Mitsuro Waki<br><size=16><br></size>Kazuyoshi Tashiro","<size=16>评级顾问</size><br><size=0><br></size>Mai Kawamitsu<br><size=16><br></size>Mitsuro Waki<br><size=16><br></size>Kazuyoshi Tashiro
<size=16>RATING ADVISORS</size><br><size=0><br></size>Mai Kawamitsu<br><size=16><br></size>Mitsuro Waki<br><size=16><br></size>Kazuyoshi Tashiro"
"1001110","INFORMATION TECHNOLOGY DIVISION","INFORMATION TECHNOLOGY DIVISION","信息技术部
INFORMATION TECHNOLOGY DIVISION"
"1001120","<size=16>EXECUTIVE OFFICER</size><br><size=0><br></size>Hideaki Sato","<size=16>EXECUTIVE OFFICER</size><br><size=0><br></size>Hideaki Sato","<size=16>执行董事</size><br><size=0><br></size>Hideaki Sato
<size=16>EXECUTIVE OFFICER</size><br><size=0><br></size>Hideaki Sato"
"1001130","<size=16>MANAGER</size><br><size=0><br></size>Koichi Saito","<size=16>MANAGER</size><br><size=0><br></size>Koichi Saito","<size=16>经理</size><br><size=0><br></size>Koichi Saito
<size=16>MANAGER</size><br><size=0><br></size>Koichi Saito"
"1001140","<size=16>ENGINEERS</size><br><size=0><br></size>Ryohei Koike<br><size=16><br></size>Yoshimasa Ohtsuka<br><size=16><br></size>Tokuko Ishikawa","<size=16>ENGINEERS</size><br><size=0><br></size>Ryohei Koike<br><size=16><br></size>Yoshimasa Ohtsuka<br><size=16><br></size>Tokuko Ishikawa","<size=16>工程师</size><br><size=0><br></size>Ryohei Koike<br><size=16><br></size>Yoshimasa Ohtsuka<br><size=16><br></size>Tokuko Ishikawa
<size=16>ENGINEERS</size><br><size=0><br></size>Ryohei Koike<br><size=16><br></size>Yoshimasa Ohtsuka<br><size=16><br></size>Tokuko Ishikawa"
"1001150","BUSINESS RELATIONS DIVISION","BUSINESS RELATIONS DIVISION","商务关系部
BUSINESS RELATIONS DIVISION"
"1001160","<size=16>PRODUCTION COORDINATOR</size><br><size=0><br></size>Yuichiro Kato","<size=16>PRODUCTION COORDINATOR</size><br><size=0><br></size>Yuichiro Kato","<size=16>制作协调员</size><br><size=0><br></size>Yuichiro Kato
<size=16>PRODUCTION COORDINATOR</size><br><size=0><br></size>Yuichiro Kato"
"1001170","SQUARE ENIX, INC.","SQUARE ENIX, INC.","SQUARE ENIX, INC.
SQUARE ENIX, INC."
"1001180","<size=16>QA MANAGERS</size><br><size=0><br></size>Mathew A. Clift<br><size=16><br></size>Keith P. Christensen-Martz","<size=16>QA MANAGERS</size><br><size=0><br></size>Mathew A. Clift<br><size=16><br></size>Keith P. Christensen-Martz","<size=16>QA经理</size><br><size=0><br></size>Mathew A. Clift<br><size=16><br></size>Keith P. Christensen-Martz
<size=16>QA MANAGERS</size><br><size=0><br></size>Mathew A. Clift<br><size=16><br></size>Keith P. Christensen-Martz"
"1001190","<size=16>ASSISTANT QA MANAGER</size><br><size=0><br></size>Michael Ashton","<size=16>ASSISTANT QA MANAGER</size><br><size=0><br></size>Michael Ashton","<size=16>QA助理经理</size><br><size=0><br></size>Michael Ashton
<size=16>ASSISTANT QA MANAGER</size><br><size=0><br></size>Michael Ashton"
"1001200","<size=16>SENIOR QA COORDINATOR</size><br><size=0><br></size>Carmelo Cabezo","<size=16>SENIOR QA COORDINATOR</size><br><size=0><br></size>Carmelo Cabezo","<size=16>高级QA协调员</size><br><size=0><br></size>Carmelo Cabezo
<size=16>SENIOR QA COORDINATOR</size><br><size=0><br></size>Carmelo Cabezo"
"1001210","<size=16>QA COORDINATOR</size><br><size=0><br></size>Juan Centurion","<size=16>QA COORDINATOR</size><br><size=0><br></size>Juan Centurion","<size=16>QA协调员</size><br><size=0><br></size>Juan Centurion
<size=16>QA COORDINATOR</size><br><size=0><br></size>Juan Centurion"
"1001220","<size=16>SENIOR QA ADMINISTRATOR</size><br><size=0><br></size>Louis Sedeno III","<size=16>SENIOR QA ADMINISTRATOR</size><br><size=0><br></size>Louis Sedeno III","<size=16>高级QA管理员</size><br><size=0><br></size>Louis Sedeno III
<size=16>SENIOR QA ADMINISTRATOR</size><br><size=0><br></size>Louis Sedeno III"
"1001230","<size=16>QA TRANSLATOR</size><br><size=0><br></size>Takahiro Soh","<size=16>QA TRANSLATOR</size><br><size=0><br></size>Takahiro Soh","<size=16>QA翻译</size><br><size=0><br></size>Takahiro Soh
<size=16>QA TRANSLATOR</size><br><size=0><br></size>Takahiro Soh"
"1001250","<size=16>LOCALIZATION & QA DIRECTOR</size><br><size=0><br></size>Yutaka Sano","<size=16>LOCALIZATION & QA DIRECTOR</size><br><size=0><br></size>Yutaka Sano","<size=16>本地化及QA总监</size><br><size=0><br></size>Yutaka Sano
<size=16>LOCALIZATION & QA DIRECTOR</size><br><size=0><br></size>Yutaka Sano"
"1001260","<size=16>EXECUTIVE DIRECTOR, C&S</size><br><size=0><br></size>Yasu Kurosawa","<size=16>EXECUTIVE DIRECTOR, C&S</size><br><size=0><br></size>Yasu Kurosawa","<size=16>C&S执行总监</size><br><size=0><br></size>Yasu Kurosawa
<size=16>EXECUTIVE DIRECTOR, C&S</size><br><size=0><br></size>Yasu Kurosawa"
"1001270","<size=16>ASSISTANT DIRECTOR OF OPERATIONS</size><br><size=0><br></size>Brendan Hee","<size=16>ASSISTANT DIRECTOR OF OPERATIONS</size><br><size=0><br></size>Brendan Hee","<size=16>运营助理总监</size><br><size=0><br></size>Brendan Hee
<size=16>ASSISTANT DIRECTOR OF OPERATIONS</size><br><size=0><br></size>Brendan Hee"
"1001280","<size=16>SENIOR MANAGER, CUSTOMER SUPPORT & FRAUD PREVENTION</size><br><size=0><br></size>Kenny Yoshinaga","<size=16>SENIOR MANAGER, CUSTOMER SUPPORT & FRAUD PREVENTION</size><br><size=0><br></size>Kenny Yoshinaga","<size=16>客户支持及反欺诈高级经理</size><br><size=0><br></size>Kenny Yoshinaga
<size=16>SENIOR MANAGER, CUSTOMER SUPPORT & FRAUD PREVENTION</size><br><size=0><br></size>Kenny Yoshinaga"
"1001290","<size=16>ASSISTANT MANAGERS, CUSTOMER SUPPORT</size><br><size=0><br></size>Chris Farmer<br><size=16><br></size>Josue Munoz","<size=16>ASSISTANT MANAGERS, CUSTOMER SUPPORT</size><br><size=0><br></size>Chris Farmer<br><size=16><br></size>Josue Munoz","<size=16>客户支持助理经理</size><br><size=0><br></size>Chris Farmer<br><size=16><br></size>Josue Munoz
<size=16>ASSISTANT MANAGERS, CUSTOMER SUPPORT</size><br><size=0><br></size>Chris Farmer<br><size=16><br></size>Josue Munoz"
"1001300","<size=16>CUSTOMER SUPPORT SUPERVISOR</size><br><size=0><br></size>Keith Avant","<size=16>CUSTOMER SUPPORT SUPERVISOR</size><br><size=0><br></size>Keith Avant","<size=16>客户支持主管</size><br><size=0><br></size>Keith Avant
<size=16>CUSTOMER SUPPORT SUPERVISOR</size><br><size=0><br></size>Keith Avant"
"1001310","<size=16>SENIOR INFORMATION CENTER REPRESENTATIVES</size><br><size=0><br></size>Korra Chan<br><size=16><br></size>Orlando Santana","<size=16>SENIOR INFORMATION CENTER REPRESENTATIVES</size><br><size=0><br></size>Korra Chan<br><size=16><br></size>Orlando Santana","<size=16>高级信息中心专员</size><br><size=0><br></size>Korra Chan<br><size=16><br></size>Orlando Santana
<size=16>SENIOR INFORMATION CENTER REPRESENTATIVES</size><br><size=0><br></size>Korra Chan<br><size=16><br></size>Orlando Santana"
"1001330","<size=16>CUSTOMER SUPPORT REPRESENTATIVES II</size><br><size=0><br></size>Alexander Pettyjohn<br><size=16><br></size>Angela Simonell<br><size=16><br></size>Eddie Gonzalez<br><size=16><br></size>Jonathan Rende<br><size=16><br></size>Richard Le<br><size=16><br></size>Thomas Arredondo","<size=16>CUSTOMER SUPPORT REPRESENTATIVES II</size><br><size=0><br></size>Alexander Pettyjohn<br><size=16><br></size>Angela Simonell<br><size=16><br></size>Eddie Gonzalez<br><size=16><br></size>Jonathan Rende<br><size=16><br></size>Richard Le<br><size=16><br></size>Thomas Arredondo","<size=16>客户支持专员II</size><br><size=0><br></size>Alexander Pettyjohn<br><size=16><br></size>Angela Simonell<br><size=16><br></size>Eddie Gonzalez<br><size=16><br></size>Jonathan Rende<br><size=16><br></size>Richard Le<br><size=16><br></size>Thomas Arredondo
<size=16>CUSTOMER SUPPORT REPRESENTATIVES II</size><br><size=0><br></size>Alexander Pettyjohn<br><size=16><br></size>Angela Simonell<br><size=16><br></size>Eddie Gonzalez<br><size=16><br></size>Jonathan Rende<br><size=16><br></size>Richard Le<br><size=16><br></size>Thomas Arredondo"
"1001340","<size=16>CUSTOMER SUPPORT REPRESENTATIVES  </size><br><size=0><br></size>Alexander Sam<br><size=16><br></size>Alfred Persch<br><size=16><br></size>Anna Sturniolo-Noe<br><size=16><br></size>Anthony Le<br><size=16><br></size>Ariana Wright<br><size=16><br></size>Dominique Maddox","<size=16>CUSTOMER SUPPORT REPRESENTATIVES  </size><br><size=0><br></size>Alexander Sam<br><size=16><br></size>Alfred Persch<br><size=16><br></size>Anna Sturniolo-Noe<br><size=16><br></size>Anthony Le<br><size=16><br></size>Ariana Wright<br><size=16><br></size>Dominique Maddox","<size=16>客户支持专员</size><br><size=0><br></size>Alexander Sam<br><size=16><br></size>Alfred Persch<br><size=16><br></size>Anna Sturniolo-Noe<br><size=16><br></size>Anthony Le<br><size=16><br></size>Ariana Wright<br><size=16><br></size>Dominique Maddox
<size=16>CUSTOMER SUPPORT REPRESENTATIVES  </size><br><size=0><br></size>Alexander Sam<br><size=16><br></size>Alfred Persch<br><size=16><br></size>Anna Sturniolo-Noe<br><size=16><br></size>Anthony Le<br><size=16><br></size>Ariana Wright<br><size=16><br></size>Dominique Maddox"
"1001350","Jay Napora<br><size=16><br></size>Karina Cervantes<br><size=16><br></size>Mykhael Robeniol<br><size=16><br></size>Ray Collier<br><size=16><br></size>Roy Kim<br><size=16><br></size>Vilma Sandoval","Jay Napora<br><size=16><br></size>Karina Cervantes<br><size=16><br></size>Mykhael Robeniol<br><size=16><br></size>Ray Collier<br><size=16><br></size>Roy Kim<br><size=16><br></size>Vilma Sandoval","Jay Napora<br><size=16><br></size>Karina Cervantes<br><size=16><br></size>Mykhael Robeniol<br><size=16><br></size>Ray Collier<br><size=16><br></size>Roy Kim<br><size=16><br></size>Vilma Sandoval
Jay Napora<br><size=16><br></size>Karina Cervantes<br><size=16><br></size>Mykhael Robeniol<br><size=16><br></size>Ray Collier<br><size=16><br></size>Roy Kim<br><size=16><br></size>Vilma Sandoval"
"1001360","<size=16>ASSISTANT DIRECTOR, OPERATIONS SUPPORT / BUSINESS INTELLIGENCE</size><br><size=0><br></size>Steve Nguyen","<size=16>ASSISTANT DIRECTOR, OPERATIONS SUPPORT / BUSINESS INTELLIGENCE</size><br><size=0><br></size>Steve Nguyen","<size=16>运营支持／商业智能助理总监</size><br><size=0><br></size>Steve Nguyen
<size=16>ASSISTANT DIRECTOR, OPERATIONS SUPPORT / BUSINESS INTELLIGENCE</size><br><size=0><br></size>Steve Nguyen"
"1001370","<size=16>SENIOR MANAGER, BUSINESS INTELLIGENCE</size><br><size=0><br></size>Michael Somerville","<size=16>SENIOR MANAGER, BUSINESS INTELLIGENCE</size><br><size=0><br></size>Michael Somerville","<size=16>商业智能高级经理</size><br><size=0><br></size>Michael Somerville
<size=16>SENIOR MANAGER, BUSINESS INTELLIGENCE</size><br><size=0><br></size>Michael Somerville"
"1001380","<size=16>SENIOR MANAGER, OPERATIONS SUPPORT</size><br><size=0><br></size>Kumiko Yamaguchi","<size=16>SENIOR MANAGER, OPERATIONS SUPPORT</size><br><size=0><br></size>Kumiko Yamaguchi","<size=16>运营支持高级经理</size><br><size=0><br></size>Kumiko Yamaguchi
<size=16>SENIOR MANAGER, OPERATIONS SUPPORT</size><br><size=0><br></size>Kumiko Yamaguchi"
"1001390","<size=16>ASSISTANT MANAGERS, OPERATIONS SUPPORT</size><br><size=0><br></size>Chris Ichikawa<br><size=16><br></size>Gregory Toyosaka","<size=16>ASSISTANT MANAGERS, OPERATIONS SUPPORT</size><br><size=0><br></size>Chris Ichikawa<br><size=16><br></size>Gregory Toyosaka","<size=16>运营支持助理经理</size><br><size=0><br></size>Chris Ichikawa<br><size=16><br></size>Gregory Toyosaka
<size=16>ASSISTANT MANAGERS, OPERATIONS SUPPORT</size><br><size=0><br></size>Chris Ichikawa<br><size=16><br></size>Gregory Toyosaka"
"1001400","<size=16>SENIOR COMMUNITY & OPERATIONS COORDINATOR</size><br><size=0><br></size>Joshua Hochner","<size=16>SENIOR COMMUNITY & OPERATIONS COORDINATOR</size><br><size=0><br></size>Joshua Hochner","<size=16>社群及运营高级协调员</size><br><size=0><br></size>Joshua Hochner
<size=16>SENIOR COMMUNITY & OPERATIONS COORDINATOR</size><br><size=0><br></size>Joshua Hochner"
"1001410","<size=16>GENERAL COUNSEL</size><br><size=0><br></size>Adam Sullivan","<size=16>GENERAL COUNSEL</size><br><size=0><br></size>Adam Sullivan","<size=16>总法律顾问</size><br><size=0><br></size>Adam Sullivan
<size=16>GENERAL COUNSEL</size><br><size=0><br></size>Adam Sullivan"
"1001420","<size=16>SR. DIRECTOR, BUSINESS & LEGAL AFFAIRS</size><br><size=0><br></size>Brian Finkelstein","<size=16>SR. DIRECTOR, BUSINESS & LEGAL AFFAIRS</size><br><size=0><br></size>Brian Finkelstein","<size=16>商务及法务高级总监</size><br><size=0><br></size>Brian Finkelstein
<size=16>SR. DIRECTOR, BUSINESS & LEGAL AFFAIRS</size><br><size=0><br></size>Brian Finkelstein"
"1001430","<size=16>DIRECTOR, BUSINESS & LEGAL AFFAIRS</size><br><size=0><br></size>Noi Sasaki","<size=16>DIRECTOR, BUSINESS & LEGAL AFFAIRS</size><br><size=0><br></size>Noi Sasaki","<size=16>商务及法务总监</size><br><size=0><br></size>Noi Sasaki
<size=16>DIRECTOR, BUSINESS & LEGAL AFFAIRS</size><br><size=0><br></size>Noi Sasaki"
"1001440","<size=16>COUNSELS</size><br><size=0><br></size>Maria Abesa <br><size=16><br></size>Justin Gomes<br><size=16><br></size>Alberto Wilches","<size=16>COUNSELS</size><br><size=0><br></size>Maria Abesa <br><size=16><br></size>Justin Gomes<br><size=16><br></size>Alberto Wilches","<size=16>法律顾问</size><br><size=0><br></size>Maria Abesa <br><size=16><br></size>Justin Gomes<br><size=16><br></size>Alberto Wilches
<size=16>COUNSELS</size><br><size=0><br></size>Maria Abesa <br><size=16><br></size>Justin Gomes<br><size=16><br></size>Alberto Wilches"
"1001450","<size=16>MANAGING PARALEGAL</size><br><size=0><br></size>Dean Okazaki","<size=16>MANAGING PARALEGAL</size><br><size=0><br></size>Dean Okazaki","<size=16>首席法务助理</size><br><size=0><br></size>Dean Okazaki
<size=16>MANAGING PARALEGAL</size><br><size=0><br></size>Dean Okazaki"
"1001460","<size=16>PARALEGAL</size><br><size=0><br></size>Tricia Tran","<size=16>PARALEGAL</size><br><size=0><br></size>Tricia Tran","<size=16>法务助理</size><br><size=0><br></size>Tricia Tran
<size=16>PARALEGAL</size><br><size=0><br></size>Tricia Tran"
"1001470","<size=16>MANAGER, LEGAL OPERATIONS</size><br><size=0><br></size>Stephanie Pimentel","<size=16>MANAGER, LEGAL OPERATIONS</size><br><size=0><br></size>Stephanie Pimentel","<size=16>法务运营经理</size><br><size=0><br></size>Stephanie Pimentel
<size=16>MANAGER, LEGAL OPERATIONS</size><br><size=0><br></size>Stephanie Pimentel"
"1001480","<size=16>LEGAL ANALYST</size><br><size=0><br></size>Angelo Rivera","<size=16>LEGAL ANALYST</size><br><size=0><br></size>Angelo Rivera","<size=16>法务分析师</size><br><size=0><br></size>Angelo Rivera
<size=16>LEGAL ANALYST</size><br><size=0><br></size>Angelo Rivera"
"1001490","<size=16>LEGAL OPERATIONS ASSOCIATE</size><br><size=0><br></size>Vanessa Grundy","<size=16>LEGAL OPERATIONS ASSOCIATE</size><br><size=0><br></size>Vanessa Grundy","<size=16>法务运营助理</size><br><size=0><br></size>Vanessa Grundy
<size=16>LEGAL OPERATIONS ASSOCIATE</size><br><size=0><br></size>Vanessa Grundy"
"1001500","<size=16>LEGAL OPERATIONS SPECIALIST</size><br><size=0><br></size>Leander Tipsey","<size=16>LEGAL OPERATIONS SPECIALIST</size><br><size=0><br></size>Leander Tipsey","<size=16>法务运营专员</size><br><size=0><br></size>Leander Tipsey
<size=16>LEGAL OPERATIONS SPECIALIST</size><br><size=0><br></size>Leander Tipsey"
"1001510","<size=16>SENIOR DIRECTOR, MARKETING</size><br><size=0><br></size>Ryan Lacina","<size=16>SENIOR DIRECTOR, MARKETING</size><br><size=0><br></size>Ryan Lacina","<size=16>市场高级总监</size><br><size=0><br></size>Ryan Lacina
<size=16>SENIOR DIRECTOR, MARKETING</size><br><size=0><br></size>Ryan Lacina"
"1001520","<size=16>SENIOR MANAGER, MARKETING</size><br><size=0><br></size>Jarek Ceballos","<size=16>SENIOR MANAGER, MARKETING</size><br><size=0><br></size>Jarek Ceballos","<size=16>市场高级经理</size><br><size=0><br></size>Jarek Ceballos
<size=16>SENIOR MANAGER, MARKETING</size><br><size=0><br></size>Jarek Ceballos"
"1001530","<size=16>HEAD OF COMMUNICATIONS</size><br><size=0><br></size>Michelle Schroder","<size=16>HEAD OF COMMUNICATIONS</size><br><size=0><br></size>Michelle Schroder","<size=16>传播负责人</size><br><size=0><br></size>Michelle Schroder
<size=16>HEAD OF COMMUNICATIONS</size><br><size=0><br></size>Michelle Schroder"
"1001540","<size=16>SENIOR PR DIRECTOR</size><br><size=0><br></size>Reilly Brennan","<size=16>SENIOR PR DIRECTOR</size><br><size=0><br></size>Reilly Brennan","<size=16>公关高级总监</size><br><size=0><br></size>Reilly Brennan
<size=16>SENIOR PR DIRECTOR</size><br><size=0><br></size>Reilly Brennan"
"1001550","<size=16>PR MANAGERS</size><br><size=0><br></size>Stephanie Chang<br><size=16><br></size>Kat Prodromou","<size=16>PR MANAGERS</size><br><size=0><br></size>Stephanie Chang<br><size=16><br></size>Kat Prodromou","<size=16>公关经理</size><br><size=0><br></size>Stephanie Chang<br><size=16><br></size>Kat Prodromou
<size=16>PR MANAGERS</size><br><size=0><br></size>Stephanie Chang<br><size=16><br></size>Kat Prodromou"
"1001560","<size=16>ASSOCIATE PR MANAGER</size><br><size=0><br></size>Maliha Fariz","<size=16>ASSOCIATE PR MANAGER</size><br><size=0><br></size>Maliha Fariz","<size=16>公关副经理</size><br><size=0><br></size>Maliha Fariz
<size=16>ASSOCIATE PR MANAGER</size><br><size=0><br></size>Maliha Fariz"
"1001570","<size=16>DIRECTOR, SOCIAL MEDIA</size><br><size=0><br></size>Pat Donahue","<size=16>DIRECTOR, SOCIAL MEDIA</size><br><size=0><br></size>Pat Donahue","<size=16>社交媒体总监</size><br><size=0><br></size>Pat Donahue
<size=16>DIRECTOR, SOCIAL MEDIA</size><br><size=0><br></size>Pat Donahue"
"1001580","<size=16>SENIOR MANAGERS, SOCIAL MEDIA</size><br><size=0><br></size>Susana Monroy<br><size=16><br></size>David Lee","<size=16>SENIOR MANAGERS, SOCIAL MEDIA</size><br><size=0><br></size>Susana Monroy<br><size=16><br></size>David Lee","<size=16>社交媒体高级经理</size><br><size=0><br></size>Susana Monroy<br><size=16><br></size>David Lee
<size=16>SENIOR MANAGERS, SOCIAL MEDIA</size><br><size=0><br></size>Susana Monroy<br><size=16><br></size>David Lee"
"1001590","<size=16>CONTENT COMMUNICATIONS MANAGER</size><br><size=0><br></size>Duncan Heaney","<size=16>CONTENT COMMUNICATIONS MANAGER</size><br><size=0><br></size>Duncan Heaney","<size=16>内容传播经理</size><br><size=0><br></size>Duncan Heaney
<size=16>CONTENT COMMUNICATIONS MANAGER</size><br><size=0><br></size>Duncan Heaney"
"1001600","<size=16>SENIOR DIRECTOR, CONSUMER INSIGHTS</size><br><size=0><br></size>Eileen J. Tan ","<size=16>SENIOR DIRECTOR, CONSUMER INSIGHTS</size><br><size=0><br></size>Eileen J. Tan ","<size=16>消费者洞察高级总监</size><br><size=0><br></size>Eileen J. Tan 
<size=16>SENIOR DIRECTOR, CONSUMER INSIGHTS</size><br><size=0><br></size>Eileen J. Tan "
"1001601","<size=16>MANAGER, CONSUMER INSIGHTS</size><br><size=0><br></size>Lisa Cui","<size=16>MANAGER, CONSUMER INSIGHTS</size><br><size=0><br></size>Lisa Cui","<size=16>消费者洞察经理</size><br><size=0><br></size>Lisa Cui
<size=16>MANAGER, CONSUMER INSIGHTS</size><br><size=0><br></size>Lisa Cui"
"1001602","<size=16>ASSOCIATE MANAGER, CONSUMER INSIGHTS</size><br><size=0><br></size>Leah M. Couvillon","<size=16>ASSOCIATE MANAGER, CONSUMER INSIGHTS</size><br><size=0><br></size>Leah M. Couvillon","<size=16>消费者洞察副经理</size><br><size=0><br></size>Leah M. Couvillon
<size=16>ASSOCIATE MANAGER, CONSUMER INSIGHTS</size><br><size=0><br></size>Leah M. Couvillon"
"1001610","<size=16>DIRECTOR OF SALES ANALYTICS</size><br><size=0><br></size>Josh England","<size=16>DIRECTOR OF SALES ANALYTICS</size><br><size=0><br></size>Josh England","<size=16>销售分析总监</size><br><size=0><br></size>Josh England
<size=16>DIRECTOR OF SALES ANALYTICS</size><br><size=0><br></size>Josh England"
"1001620","<size=16>MANAGER, SALES ANALYTICS</size><br><size=0><br></size>Kasim Somers","<size=16>MANAGER, SALES ANALYTICS</size><br><size=0><br></size>Kasim Somers","<size=16>销售分析经理</size><br><size=0><br></size>Kasim Somers
<size=16>MANAGER, SALES ANALYTICS</size><br><size=0><br></size>Kasim Somers"
"1001630","<size=16>SENIOR BUSINESS ANALYST</size><br><size=0><br></size>Warren Perdon","<size=16>SENIOR BUSINESS ANALYST</size><br><size=0><br></size>Warren Perdon","<size=16>高级商业分析师</size><br><size=0><br></size>Warren Perdon
<size=16>SENIOR BUSINESS ANALYST</size><br><size=0><br></size>Warren Perdon"
"1001640","<size=16>SENIOR SALES ANALYST</size><br><size=0><br></size>Lana Josephbek","<size=16>SENIOR SALES ANALYST</size><br><size=0><br></size>Lana Josephbek","<size=16>高级销售分析师</size><br><size=0><br></size>Lana Josephbek
<size=16>SENIOR SALES ANALYST</size><br><size=0><br></size>Lana Josephbek"
"1001650","<size=16>SALES ANALYSTS</size><br><size=0><br></size>Corey Chamberlain<br><size=16><br></size>Luxe Chaiveera","<size=16>SALES ANALYSTS</size><br><size=0><br></size>Corey Chamberlain<br><size=16><br></size>Luxe Chaiveera","<size=16>销售分析师</size><br><size=0><br></size>Corey Chamberlain<br><size=16><br></size>Luxe Chaiveera
<size=16>SALES ANALYSTS</size><br><size=0><br></size>Corey Chamberlain<br><size=16><br></size>Luxe Chaiveera"
"1001660","<size=16>ASSOCIATE SALES ANALYST</size><br><size=0><br></size>Ana Horta","<size=16>ASSOCIATE SALES ANALYST</size><br><size=0><br></size>Ana Horta","<size=16>销售副分析师</size><br><size=0><br></size>Ana Horta
<size=16>ASSOCIATE SALES ANALYST</size><br><size=0><br></size>Ana Horta"
"1001670","<size=16>GENERAL MANAGER: DIGITAL, NORTH AMERICAN SALES AND OPERATIONS</size><br><size=0><br></size>Doug Bone","<size=16>GENERAL MANAGER: DIGITAL, NORTH AMERICAN SALES AND OPERATIONS</size><br><size=0><br></size>Doug Bone","<size=16>数字业务、北美销售及运营总经理</size><br><size=0><br></size>Doug Bone
<size=16>GENERAL MANAGER: DIGITAL, NORTH AMERICAN SALES AND OPERATIONS</size><br><size=0><br></size>Doug Bone"
"1001680","<size=16>SENIOR DIRECTOR OF SALES: DIGITAL AND AMERICAS</size><br><size=0><br></size>Andrew Larcombe","<size=16>SENIOR DIRECTOR OF SALES: DIGITAL AND AMERICAS</size><br><size=0><br></size>Andrew Larcombe","<size=16>数字业务及美洲销售高级总监</size><br><size=0><br></size>Andrew Larcombe
<size=16>SENIOR DIRECTOR OF SALES: DIGITAL AND AMERICAS</size><br><size=0><br></size>Andrew Larcombe"
"1001690","<size=16>ASSOCIATE DIRECTOR, DIGITAL SALES</size><br><size=0><br></size>Diego Hernandez","<size=16>ASSOCIATE DIRECTOR, DIGITAL SALES</size><br><size=0><br></size>Diego Hernandez","<size=16>数字销售副总监</size><br><size=0><br></size>Diego Hernandez
<size=16>ASSOCIATE DIRECTOR, DIGITAL SALES</size><br><size=0><br></size>Diego Hernandez"
"1001700","<size=16>SENIOR DIGITAL OPERATIONS MANAGERS</size><br><size=0><br></size>Toby Coleman<br><size=16><br></size>Keith Hershey","<size=16>SENIOR DIGITAL OPERATIONS MANAGERS</size><br><size=0><br></size>Toby Coleman<br><size=16><br></size>Keith Hershey","<size=16>数字运营高级经理</size><br><size=0><br></size>Toby Coleman<br><size=16><br></size>Keith Hershey
<size=16>SENIOR DIGITAL OPERATIONS MANAGERS</size><br><size=0><br></size>Toby Coleman<br><size=16><br></size>Keith Hershey"
"1001710","<size=16>DIGITAL SALES MANAGERS, DIGITAL SALES</size><br><size=0><br></size>Jason Brooks<br><size=16><br></size>Jordan Botts","<size=16>DIGITAL SALES MANAGERS, DIGITAL SALES</size><br><size=0><br></size>Jason Brooks<br><size=16><br></size>Jordan Botts","<size=16>数字销售经理</size><br><size=0><br></size>Jason Brooks<br><size=16><br></size>Jordan Botts
<size=16>DIGITAL SALES MANAGERS, DIGITAL SALES</size><br><size=0><br></size>Jason Brooks<br><size=16><br></size>Jordan Botts"
"1001720","<size=16>ASSOCIATE SALES MANAGER, DIGITAL SALES</size><br><size=0><br></size>Megan Pelt","<size=16>ASSOCIATE SALES MANAGER, DIGITAL SALES</size><br><size=0><br></size>Megan Pelt","<size=16>数字销售副经理</size><br><size=0><br></size>Megan Pelt
<size=16>ASSOCIATE SALES MANAGER, DIGITAL SALES</size><br><size=0><br></size>Megan Pelt"
"1001730","<size=16>DIGITAL SALES COORDINATOR</size><br><size=0><br></size>Joanne Choi","<size=16>DIGITAL SALES COORDINATOR</size><br><size=0><br></size>Joanne Choi","<size=16>数字销售协调员</size><br><size=0><br></size>Joanne Choi
<size=16>DIGITAL SALES COORDINATOR</size><br><size=0><br></size>Joanne Choi"
"1001740","<size=16>MARKETING DIRECTOR, DIGITAL AND AMERICAS RETAIL </size><br><size=0><br></size>Pouya Mirzadeh","<size=16>MARKETING DIRECTOR, DIGITAL AND AMERICAS RETAIL </size><br><size=0><br></size>Pouya Mirzadeh","<size=16>数字业务及美洲零售市场总监</size><br><size=0><br></size>Pouya Mirzadeh
<size=16>MARKETING DIRECTOR, DIGITAL AND AMERICAS RETAIL </size><br><size=0><br></size>Pouya Mirzadeh"
"1001750","<size=16>ASSOCIATE MANAGER, RETAIL MARKETING</size><br><size=0><br></size>Matthew Morris","<size=16>ASSOCIATE MANAGER, RETAIL MARKETING</size><br><size=0><br></size>Matthew Morris","<size=16>零售市场副经理</size><br><size=0><br></size>Matthew Morris
<size=16>ASSOCIATE MANAGER, RETAIL MARKETING</size><br><size=0><br></size>Matthew Morris"
"1001760","<size=16>MANAGER, RETAIL MARKETING</size><br><size=0><br></size>Jerry Bresno","<size=16>MANAGER, RETAIL MARKETING</size><br><size=0><br></size>Jerry Bresno","<size=16>零售市场经理</size><br><size=0><br></size>Jerry Bresno
<size=16>MANAGER, RETAIL MARKETING</size><br><size=0><br></size>Jerry Bresno"
"1001770","<size=16>ECOMMERCE DIRECTOR </size><br><size=0><br></size>Kevin Biely","<size=16>ECOMMERCE DIRECTOR </size><br><size=0><br></size>Kevin Biely","<size=16>电商总监</size><br><size=0><br></size>Kevin Biely
<size=16>ECOMMERCE DIRECTOR </size><br><size=0><br></size>Kevin Biely"
"1001780","<size=16>SENIOR MANAGER, ECOMMERCE</size><br><size=0><br></size>Kori Neal","<size=16>SENIOR MANAGER, ECOMMERCE</size><br><size=0><br></size>Kori Neal","<size=16>电商高级经理</size><br><size=0><br></size>Kori Neal
<size=16>SENIOR MANAGER, ECOMMERCE</size><br><size=0><br></size>Kori Neal"
"1001790","<size=16>ECOMMERCE SPECIALIST</size><br><size=0><br></size>Panida Kamsingwong","<size=16>ECOMMERCE SPECIALIST</size><br><size=0><br></size>Panida Kamsingwong","<size=16>电商专员</size><br><size=0><br></size>Panida Kamsingwong
<size=16>ECOMMERCE SPECIALIST</size><br><size=0><br></size>Panida Kamsingwong"
"1001800","<size=16>SENIOR WEB DEVELOPER</size><br><size=0><br></size>Ben Berlin","<size=16>SENIOR WEB DEVELOPER</size><br><size=0><br></size>Ben Berlin","<size=16>高级网页开发工程师</size><br><size=0><br></size>Ben Berlin
<size=16>SENIOR WEB DEVELOPER</size><br><size=0><br></size>Ben Berlin"
"1001810","<size=16>DIRECTOR CRM & CUSTOMER LOYALTY </size><br><size=0><br></size>Daniel Nasserian","<size=16>DIRECTOR CRM & CUSTOMER LOYALTY </size><br><size=0><br></size>Daniel Nasserian","<size=16>CRM及客户忠诚度总监</size><br><size=0><br></size>Daniel Nasserian
<size=16>DIRECTOR CRM & CUSTOMER LOYALTY </size><br><size=0><br></size>Daniel Nasserian"
"1001820","<size=16>ASSOCIATE MANAGERS CRM</size><br><size=0><br></size>Aaron Pathammavong<br><size=16><br></size>Jacqueline Ko","<size=16>ASSOCIATE MANAGERS CRM</size><br><size=0><br></size>Aaron Pathammavong<br><size=16><br></size>Jacqueline Ko","<size=16>CRM副经理</size><br><size=0><br></size>Aaron Pathammavong<br><size=16><br></size>Jacqueline Ko
<size=16>ASSOCIATE MANAGERS CRM</size><br><size=0><br></size>Aaron Pathammavong<br><size=16><br></size>Jacqueline Ko"
"1001830","<size=16>DIGITAL PROJECT MANAGER</size><br><size=0><br></size>Knoah Piasek","<size=16>DIGITAL PROJECT MANAGER</size><br><size=0><br></size>Knoah Piasek","<size=16>数字项目经理</size><br><size=0><br></size>Knoah Piasek
<size=16>DIGITAL PROJECT MANAGER</size><br><size=0><br></size>Knoah Piasek"
"1001840","<size=16>SENIOR WEB DESIGNER</size><br><size=0><br></size>Andres D'Aleman","<size=16>SENIOR WEB DESIGNER</size><br><size=0><br></size>Andres D'Aleman","<size=16>高级网页设计师</size><br><size=0><br></size>Andres D'Aleman
<size=16>SENIOR WEB DESIGNER</size><br><size=0><br></size>Andres D'Aleman"
"1001841","<size=16>VIDEO CONTENT DIRECTOR</size><br><size=0><br></size>Fred Altman","<size=16>VIDEO CONTENT DIRECTOR</size><br><size=0><br></size>Fred Altman","<size=16>视频内容总监</size><br><size=0><br></size>Fred Altman
<size=16>VIDEO CONTENT DIRECTOR</size><br><size=0><br></size>Fred Altman"
"1001850","<size=16>VISUAL DESIGN DIRECTOR</size><br><size=0><br></size>Michael Bannon","<size=16>VISUAL DESIGN DIRECTOR</size><br><size=0><br></size>Michael Bannon","<size=16>视觉设计总监</size><br><size=0><br></size>Michael Bannon
<size=16>VISUAL DESIGN DIRECTOR</size><br><size=0><br></size>Michael Bannon"
"1001860","<size=16>VISUAL DESIGN LEAD</size><br><size=0><br></size>Brett Wooldridge","<size=16>VISUAL DESIGN LEAD</size><br><size=0><br></size>Brett Wooldridge","<size=16>视觉设计负责人</size><br><size=0><br></size>Brett Wooldridge
<size=16>VISUAL DESIGN LEAD</size><br><size=0><br></size>Brett Wooldridge"
"1001870","<size=16>SENIOR VISUAL DESIGNER</size><br><size=0><br></size>James Cunningham","<size=16>SENIOR VISUAL DESIGNER</size><br><size=0><br></size>James Cunningham","<size=16>高级视觉设计师</size><br><size=0><br></size>James Cunningham
<size=16>SENIOR VISUAL DESIGNER</size><br><size=0><br></size>James Cunningham"
"1001880","<size=16>VISUAL DESIGNER</size><br><size=0><br></size>James Ferrell","<size=16>VISUAL DESIGNER</size><br><size=0><br></size>James Ferrell","<size=16>视觉设计师</size><br><size=0><br></size>James Ferrell
<size=16>VISUAL DESIGNER</size><br><size=0><br></size>James Ferrell"
"1001890","<size=16>SENIOR GRAPHIC PRODUCTION DESIGNER</size><br><size=0><br></size>Ken Murayama","<size=16>SENIOR GRAPHIC PRODUCTION DESIGNER</size><br><size=0><br></size>Ken Murayama","<size=16>高级平面制作设计师</size><br><size=0><br></size>Ken Murayama
<size=16>SENIOR GRAPHIC PRODUCTION DESIGNER</size><br><size=0><br></size>Ken Murayama"
"1001900","<size=16>SENIOR CREATIVE PRODUCER</size><br><size=0><br></size>Caroline Wu Bonti","<size=16>SENIOR CREATIVE PRODUCER</size><br><size=0><br></size>Caroline Wu Bonti","<size=16>高级创意制作人</size><br><size=0><br></size>Caroline Wu Bonti
<size=16>SENIOR CREATIVE PRODUCER</size><br><size=0><br></size>Caroline Wu Bonti"
"1001901","<size=16>CREATIVE PRODUCER</size><br><size=0><br></size>Natasha Watford","<size=16>CREATIVE PRODUCER</size><br><size=0><br></size>Natasha Watford","<size=16>创意制作人</size><br><size=0><br></size>Natasha Watford
<size=16>CREATIVE PRODUCER</size><br><size=0><br></size>Natasha Watford"
"1001902","<size=16>SENIOR VIDEO EDITOR</size><br><size=0><br></size>Daniel Ness","<size=16>SENIOR VIDEO EDITOR</size><br><size=0><br></size>Daniel Ness","<size=16>高级视频编辑</size><br><size=0><br></size>Daniel Ness
<size=16>SENIOR VIDEO EDITOR</size><br><size=0><br></size>Daniel Ness"
"1001903","<size=16>SENIOR MOTION GRAPHICS ARTIST</size><br><size=0><br></size>Anthony Ricciardi","<size=16>SENIOR MOTION GRAPHICS ARTIST</size><br><size=0><br></size>Anthony Ricciardi","<size=16>高级动态图形设计师</size><br><size=0><br></size>Anthony Ricciardi
<size=16>SENIOR MOTION GRAPHICS ARTIST</size><br><size=0><br></size>Anthony Ricciardi"
"1001910","<size=16>SENIOR MANAGER, MERCHANDISE</size><br><size=0><br></size>Jennifer Park","<size=16>SENIOR MANAGER, MERCHANDISE</size><br><size=0><br></size>Jennifer Park","<size=16>商品高级经理</size><br><size=0><br></size>Jennifer Park
<size=16>SENIOR MANAGER, MERCHANDISE</size><br><size=0><br></size>Jennifer Park"
"1001920","<size=16>ASSISTANT MANAGERS, MERCHANDISE</size><br><size=0><br></size>Peter Whites<br><size=16><br></size>Richelle Brady","<size=16>ASSISTANT MANAGERS, MERCHANDISE</size><br><size=0><br></size>Peter Whites<br><size=16><br></size>Richelle Brady","<size=16>商品助理经理</size><br><size=0><br></size>Peter Whites<br><size=16><br></size>Richelle Brady
<size=16>ASSISTANT MANAGERS, MERCHANDISE</size><br><size=0><br></size>Peter Whites<br><size=16><br></size>Richelle Brady"
"1001930","<size=16>SENIOR MANAGER, PROJECT COMMUNICATIONS & EVENTS</size><br><size=0><br></size>Ami Funaki","<size=16>SENIOR MANAGER, PROJECT COMMUNICATIONS & EVENTS</size><br><size=0><br></size>Ami Funaki","<size=16>项目传播及活动高级经理</size><br><size=0><br></size>Ami Funaki
<size=16>SENIOR MANAGER, PROJECT COMMUNICATIONS & EVENTS</size><br><size=0><br></size>Ami Funaki"
"1001940","<size=16>ASSISTANT MANAGERS, PROJECT COMMUNICATIONS & EVENTS</size><br><size=0><br></size>Aimi Tokutake<br><size=16><br></size>Stephany Ota","<size=16>ASSISTANT MANAGERS, PROJECT COMMUNICATIONS & EVENTS</size><br><size=0><br></size>Aimi Tokutake<br><size=16><br></size>Stephany Ota","<size=16>项目传播及活动助理经理</size><br><size=0><br></size>Aimi Tokutake<br><size=16><br></size>Stephany Ota
<size=16>ASSISTANT MANAGERS, PROJECT COMMUNICATIONS & EVENTS</size><br><size=0><br></size>Aimi Tokutake<br><size=16><br></size>Stephany Ota"
"1001950","<size=16>TRANSLATOR, PROJECT COMMUNICATIONS & EVENTS</size><br><size=0><br></size>Amelia Ishii","<size=16>TRANSLATOR, PROJECT COMMUNICATIONS & EVENTS</size><br><size=0><br></size>Amelia Ishii","<size=16>项目传播及活动翻译</size><br><size=0><br></size>Amelia Ishii
<size=16>TRANSLATOR, PROJECT COMMUNICATIONS & EVENTS</size><br><size=0><br></size>Amelia Ishii"
"1001960","<size=16>EVENTS DIRECTOR</size><br><size=0><br></size>Wilbur Lin","<size=16>EVENTS DIRECTOR</size><br><size=0><br></size>Wilbur Lin","<size=16>活动总监</size><br><size=0><br></size>Wilbur Lin
<size=16>EVENTS DIRECTOR</size><br><size=0><br></size>Wilbur Lin"
"1001970","<size=16>EVENTS MANAGER</size><br><size=0><br></size>Kathryn Campagna","<size=16>EVENTS MANAGER</size><br><size=0><br></size>Kathryn Campagna","<size=16>活动经理</size><br><size=0><br></size>Kathryn Campagna
<size=16>EVENTS MANAGER</size><br><size=0><br></size>Kathryn Campagna"
"1001980","<size=16>EVENTS COORDINATOR</size><br><size=0><br></size>Sarah Bloom","<size=16>EVENTS COORDINATOR</size><br><size=0><br></size>Sarah Bloom","<size=16>活动协调员</size><br><size=0><br></size>Sarah Bloom
<size=16>EVENTS COORDINATOR</size><br><size=0><br></size>Sarah Bloom"
"1001990","<size=16>SENIOR DIRECTOR OF PROJECT COMMUNICATIONS ＆ EVENTS, MERCHANDISE</size><br><size=0><br></size>Kanji Romeo Tashiro","<size=16>SENIOR DIRECTOR OF PROJECT COMMUNICATIONS ＆ EVENTS, MERCHANDISE</size><br><size=0><br></size>Kanji Romeo Tashiro","<size=16>项目传播、活动及商品高级总监</size><br><size=0><br></size>Kanji Romeo Tashiro
<size=16>SENIOR DIRECTOR OF PROJECT COMMUNICATIONS ＆ EVENTS, MERCHANDISE</size><br><size=0><br></size>Kanji Romeo Tashiro"
"1002000","<size=16>CEO</size><br><size=0><br></size>Phil Rogers","<size=16>CEO</size><br><size=0><br></size>Phil Rogers","<size=16>首席执行官</size><br><size=0><br></size>Phil Rogers
<size=16>CEO</size><br><size=0><br></size>Phil Rogers"
"1002010","<size=16>CMO</size><br><size=0><br></size>John Heinecke","<size=16>CMO</size><br><size=0><br></size>John Heinecke","<size=16>首席营销官</size><br><size=0><br></size>John Heinecke
<size=16>CMO</size><br><size=0><br></size>John Heinecke"
"1002020","<size=16>EXECUTIVE DIRECTOR - SEE MARKETING</size><br><size=0><br></size>Larry Sparks","<size=16>EXECUTIVE DIRECTOR - SEE MARKETING</size><br><size=0><br></size>Larry Sparks","<size=16>执行总监－SEE市场</size><br><size=0><br></size>Larry Sparks
<size=16>EXECUTIVE DIRECTOR - SEE MARKETING</size><br><size=0><br></size>Larry Sparks"
"1002030","<size=16>EXECUTIVE DIRECTOR - SEA MARKETING</size><br><size=0><br></size>Kevin Kraff","<size=16>EXECUTIVE DIRECTOR - SEA MARKETING</size><br><size=0><br></size>Kevin Kraff","<size=16>执行总监－SEA市场</size><br><size=0><br></size>Kevin Kraff
<size=16>EXECUTIVE DIRECTOR - SEA MARKETING</size><br><size=0><br></size>Kevin Kraff"
"1002040","<size=16>EXECUTIVE CREATIVE DIRECTOR - SEW</size><br><size=0><br></size>Ricardo Mireles","<size=16>EXECUTIVE CREATIVE DIRECTOR - SEW</size><br><size=0><br></size>Ricardo Mireles","<size=16>执行创意总监－SEW</size><br><size=0><br></size>Ricardo Mireles
<size=16>EXECUTIVE CREATIVE DIRECTOR - SEW</size><br><size=0><br></size>Ricardo Mireles"
"1002050","PTW Canada Solutions, Inc.","PTW Canada Solutions, Inc.","PTW Canada Solutions, Inc.
PTW Canada Solutions, Inc."
"1002060","<size=16>ASSOCIATE LQA MANAGER</size><br><size=0><br></size>Julien Cruel","<size=16>ASSOCIATE LQA MANAGER</size><br><size=0><br></size>Julien Cruel","<size=16>LQA副经理</size><br><size=0><br></size>Julien Cruel
<size=16>ASSOCIATE LQA MANAGER</size><br><size=0><br></size>Julien Cruel"
"1002070","<size=16>ASSOCIATE LQA PROJECT MANAGER</size><br><size=0><br></size>Lisa Boller","<size=16>ASSOCIATE LQA PROJECT MANAGER</size><br><size=0><br></size>Lisa Boller","<size=16>LQA项目副经理</size><br><size=0><br></size>Lisa Boller
<size=16>ASSOCIATE LQA PROJECT MANAGER</size><br><size=0><br></size>Lisa Boller"
"1002080","<size=16>LQA PROJECT COORDINATOR</size><br><size=0><br></size>Najlaa Tanani","<size=16>LQA PROJECT COORDINATOR</size><br><size=0><br></size>Najlaa Tanani","<size=16>LQA项目协调员</size><br><size=0><br></size>Najlaa Tanani
<size=16>LQA PROJECT COORDINATOR</size><br><size=0><br></size>Najlaa Tanani"
"1002090","<size=16>LQA ENGLISH TESTERS</size><br><size=0><br></size>Diana Zeidan<br><size=16><br></size>Ana Panek<br><size=16><br></size>Cameron Cordi<br><size=16><br></size>Alexander Respicio<br><size=16><br></size>Richard Gilart","<size=16>LQA ENGLISH TESTERS</size><br><size=0><br></size>Diana Zeidan<br><size=16><br></size>Ana Panek<br><size=16><br></size>Cameron Cordi<br><size=16><br></size>Alexander Respicio<br><size=16><br></size>Richard Gilart","<size=16>英语LQA测试员</size><br><size=0><br></size>Diana Zeidan<br><size=16><br></size>Ana Panek<br><size=16><br></size>Cameron Cordi<br><size=16><br></size>Alexander Respicio<br><size=16><br></size>Richard Gilart
<size=16>LQA ENGLISH TESTERS</size><br><size=0><br></size>Diana Zeidan<br><size=16><br></size>Ana Panek<br><size=16><br></size>Cameron Cordi<br><size=16><br></size>Alexander Respicio<br><size=16><br></size>Richard Gilart"
"1002100","SQUARE ENIX LTD.","SQUARE ENIX LTD.","SQUARE ENIX LTD.
SQUARE ENIX LTD."
"1002110","QA & LOCALISATION SERVICES","QA & LOCALISATION SERVICES","QA及本地化服务
QA & LOCALISATION SERVICES"
"1002120","<size=16>QA & LOCALISATION SERVICES DIRECTORS</size><br><size=0><br></size>Marc Titheridge<br><size=16><br></size>Yuko Tomizawa","<size=16>QA & LOCALISATION SERVICES DIRECTORS</size><br><size=0><br></size>Marc Titheridge<br><size=16><br></size>Yuko Tomizawa","<size=16>QA及本地化服务总监</size><br><size=0><br></size>Marc Titheridge<br><size=16><br></size>Yuko Tomizawa
<size=16>QA & LOCALISATION SERVICES DIRECTORS</size><br><size=0><br></size>Marc Titheridge<br><size=16><br></size>Yuko Tomizawa"
"1002130","<size=16>HEAD OF LOCALISATION</size><br><size=0><br></size>Martin Walter","<size=16>HEAD OF LOCALISATION</size><br><size=0><br></size>Martin Walter","<size=16>本地化负责人</size><br><size=0><br></size>Martin Walter
<size=16>HEAD OF LOCALISATION</size><br><size=0><br></size>Martin Walter"
"1002140","<size=16>LOCALISATION PROJECT MANAGER</size><br><size=0><br></size>Nobuko Sugahara","<size=16>LOCALISATION PROJECT MANAGER</size><br><size=0><br></size>Nobuko Sugahara","<size=16>本地化项目经理</size><br><size=0><br></size>Nobuko Sugahara
<size=16>LOCALISATION PROJECT MANAGER</size><br><size=0><br></size>Nobuko Sugahara"
"1002150","<size=16>SENIOR LOCALISATION PRODUCERS</size><br><size=0><br></size>Alex Moresby<br><size=16><br></size>Elisa Giribaldi","<size=16>SENIOR LOCALISATION PRODUCERS</size><br><size=0><br></size>Alex Moresby<br><size=16><br></size>Elisa Giribaldi","<size=16>高级本地化制作人</size><br><size=0><br></size>Alex Moresby<br><size=16><br></size>Elisa Giribaldi
<size=16>SENIOR LOCALISATION PRODUCERS</size><br><size=0><br></size>Alex Moresby<br><size=16><br></size>Elisa Giribaldi"
"1002160","<size=16>ASSISTANT LOCALISATION PRODUCER</size><br><size=0><br></size>Kevin Balon","<size=16>ASSISTANT LOCALISATION PRODUCER</size><br><size=0><br></size>Kevin Balon","<size=16>本地化助理制作人</size><br><size=0><br></size>Kevin Balon
<size=16>ASSISTANT LOCALISATION PRODUCER</size><br><size=0><br></size>Kevin Balon"
"1002170","<size=16>SENIOR LQA MANAGER</size><br><size=0><br></size>André Woitczyk","<size=16>SENIOR LQA MANAGER</size><br><size=0><br></size>André Woitczyk","<size=16>高级LQA经理</size><br><size=0><br></size>André Woitczyk
<size=16>SENIOR LQA MANAGER</size><br><size=0><br></size>André Woitczyk"
"1002180","<size=16>LQA MANAGER</size><br><size=0><br></size>Sébastien Dulabour","<size=16>LQA MANAGER</size><br><size=0><br></size>Sébastien Dulabour","<size=16>LQA经理</size><br><size=0><br></size>Sébastien Dulabour
<size=16>LQA MANAGER</size><br><size=0><br></size>Sébastien Dulabour"
"1002190","<size=16>ASSISTANT LQA MANAGER</size><br><size=0><br></size>Hoi-yee Leung","<size=16>ASSISTANT LQA MANAGER</size><br><size=0><br></size>Hoi-yee Leung","<size=16>LQA助理经理</size><br><size=0><br></size>Hoi-yee Leung
<size=16>ASSISTANT LQA MANAGER</size><br><size=0><br></size>Hoi-yee Leung"
"1002200","<size=16>MASTERING MANAGER</size><br><size=0><br></size>Jason Walker","<size=16>MASTERING MANAGER</size><br><size=0><br></size>Jason Walker","<size=16>母版制作经理</size><br><size=0><br></size>Jason Walker
<size=16>MASTERING MANAGER</size><br><size=0><br></size>Jason Walker"
"1002210","<size=16>SENIOR QA LEAD (ENGLISH)</size><br><size=0><br></size>Helena Simsolo","<size=16>SENIOR QA LEAD (ENGLISH)</size><br><size=0><br></size>Helena Simsolo","<size=16>英语QA高级负责人</size><br><size=0><br></size>Helena Simsolo
<size=16>SENIOR QA LEAD (ENGLISH)</size><br><size=0><br></size>Helena Simsolo"
"1002220","<size=16>SENIOR QA LEAD (FRENCH)</size><br><size=0><br></size>Cindy Mouandza","<size=16>SENIOR QA LEAD (FRENCH)</size><br><size=0><br></size>Cindy Mouandza","<size=16>法语QA高级负责人</size><br><size=0><br></size>Cindy Mouandza
<size=16>SENIOR QA LEAD (FRENCH)</size><br><size=0><br></size>Cindy Mouandza"
"1002230","<size=16>SENIOR QA LEAD (ITALIAN)</size><br><size=0><br></size>Erica Berghi","<size=16>SENIOR QA LEAD (ITALIAN)</size><br><size=0><br></size>Erica Berghi","<size=16>意大利语QA高级负责人</size><br><size=0><br></size>Erica Berghi
<size=16>SENIOR QA LEAD (ITALIAN)</size><br><size=0><br></size>Erica Berghi"
"1002240","<size=16>SENIOR QA LEAD (GERMAN)</size><br><size=0><br></size>Heike Pham Dan","<size=16>SENIOR QA LEAD (GERMAN)</size><br><size=0><br></size>Heike Pham Dan","<size=16>德语QA高级负责人</size><br><size=0><br></size>Heike Pham Dan
<size=16>SENIOR QA LEAD (GERMAN)</size><br><size=0><br></size>Heike Pham Dan"
"1002250","<size=16>SENIOR QA LEAD (SPANISH)</size><br><size=0><br></size>Manuel García","<size=16>SENIOR QA LEAD (SPANISH)</size><br><size=0><br></size>Manuel García","<size=16>西班牙语QA高级负责人</size><br><size=0><br></size>Manuel García
<size=16>SENIOR QA LEAD (SPANISH)</size><br><size=0><br></size>Manuel García"
"1002260","<size=16>SENIOR TRANSLATOR/EDITOR (FRENCH)</size><br><size=0><br></size>Marie-Pierre Martin","<size=16>SENIOR TRANSLATOR/EDITOR (FRENCH)</size><br><size=0><br></size>Marie-Pierre Martin","<size=16>高级法语翻译／编辑</size><br><size=0><br></size>Marie-Pierre Martin
<size=16>SENIOR TRANSLATOR/EDITOR (FRENCH)</size><br><size=0><br></size>Marie-Pierre Martin"
"1002270","<size=16>SENIOR TRANSLATOR/EDITOR (ITALIAN)</size><br><size=0><br></size>Federica Lusardi","<size=16>SENIOR TRANSLATOR/EDITOR (ITALIAN)</size><br><size=0><br></size>Federica Lusardi","<size=16>高级意大利语翻译／编辑</size><br><size=0><br></size>Federica Lusardi
<size=16>SENIOR TRANSLATOR/EDITOR (ITALIAN)</size><br><size=0><br></size>Federica Lusardi"
"1002280","<size=16>SENIOR TRANSLATOR/EDITOR (GERMAN)</size><br><size=0><br></size>Katharina Klamt","<size=16>SENIOR TRANSLATOR/EDITOR (GERMAN)</size><br><size=0><br></size>Katharina Klamt","<size=16>高级德语翻译／编辑</size><br><size=0><br></size>Katharina Klamt
<size=16>SENIOR TRANSLATOR/EDITOR (GERMAN)</size><br><size=0><br></size>Katharina Klamt"
"1002290","<size=16>SENIOR TRANSLATOR/EDITOR (SPANISH)</size><br><size=0><br></size>Raquel Uzal-Gómez","<size=16>SENIOR TRANSLATOR/EDITOR (SPANISH)</size><br><size=0><br></size>Raquel Uzal-Gómez","<size=16>高级西班牙语翻译／编辑</size><br><size=0><br></size>Raquel Uzal-Gómez
<size=16>SENIOR TRANSLATOR/EDITOR (SPANISH)</size><br><size=0><br></size>Raquel Uzal-Gómez"
"1002300","JAPANESE LANGUAGE SUPPORT","JAPANESE LANGUAGE SUPPORT","日语支持
JAPANESE LANGUAGE SUPPORT"
"1002310","<size=16>SENIOR TRANSLATION MANAGER</size><br><size=0><br></size>Kazuya Andrew Yamanaka","<size=16>SENIOR TRANSLATION MANAGER</size><br><size=0><br></size>Kazuya Andrew Yamanaka","<size=16>高级翻译经理</size><br><size=0><br></size>Kazuya Andrew Yamanaka
<size=16>SENIOR TRANSLATION MANAGER</size><br><size=0><br></size>Kazuya Andrew Yamanaka"
"1002320","<size=16>SENIOR JAPANESE INTERPRETER</size><br><size=0><br></size>Gavin Poffley","<size=16>SENIOR JAPANESE INTERPRETER</size><br><size=0><br></size>Gavin Poffley","<size=16>高级日语口译</size><br><size=0><br></size>Gavin Poffley
<size=16>SENIOR JAPANESE INTERPRETER</size><br><size=0><br></size>Gavin Poffley"
"1002330","<size=16>SENIOR JAPANESE BUSINESS TRANSLATOR / ASSISTANT MANAGER</size><br><size=0><br></size>Grace-Ellen Mitchell","<size=16>SENIOR JAPANESE BUSINESS TRANSLATOR / ASSISTANT MANAGER</size><br><size=0><br></size>Grace-Ellen Mitchell","<size=16>高级日语商务翻译／助理经理</size><br><size=0><br></size>Grace-Ellen Mitchell
<size=16>SENIOR JAPANESE BUSINESS TRANSLATOR / ASSISTANT MANAGER</size><br><size=0><br></size>Grace-Ellen Mitchell"
"1002340","<size=16>JAPANESE BUSINESS TRANSLATORS</size><br><size=0><br></size>Kyoko Hotta Gowlett<br><size=16><br></size>Shigeru Tabata<br><size=16><br></size>Juzo Hirose<br><size=16><br></size>Katsuya Norita<br><size=16><br></size>Corinne Foxton<br><size=16><br></size>Hinako Matsumoto","<size=16>JAPANESE BUSINESS TRANSLATORS</size><br><size=0><br></size>Kyoko Hotta Gowlett<br><size=16><br></size>Shigeru Tabata<br><size=16><br></size>Juzo Hirose<br><size=16><br></size>Katsuya Norita<br><size=16><br></size>Corinne Foxton<br><size=16><br></size>Hinako Matsumoto","<size=16>日语商务翻译</size><br><size=0><br></size>Kyoko Hotta Gowlett<br><size=16><br></size>Shigeru Tabata<br><size=16><br></size>Juzo Hirose<br><size=16><br></size>Katsuya Norita<br><size=16><br></size>Corinne Foxton<br><size=16><br></size>Hinako Matsumoto
<size=16>JAPANESE BUSINESS TRANSLATORS</size><br><size=0><br></size>Kyoko Hotta Gowlett<br><size=16><br></size>Shigeru Tabata<br><size=16><br></size>Juzo Hirose<br><size=16><br></size>Katsuya Norita<br><size=16><br></size>Corinne Foxton<br><size=16><br></size>Hinako Matsumoto"
"1002350","SQUARE ENIX EUROPE MARKETING ","SQUARE ENIX EUROPE MARKETING ","SQUARE ENIX欧洲市场
SQUARE ENIX EUROPE MARKETING "
"1002360","<size=16>CHIEF EXECUTIVE OFFICER</size><br><size=0><br></size>Phil Rogers","<size=16>CHIEF EXECUTIVE OFFICER</size><br><size=0><br></size>Phil Rogers","<size=16>首席执行官</size><br><size=0><br></size>Phil Rogers
<size=16>CHIEF EXECUTIVE OFFICER</size><br><size=0><br></size>Phil Rogers"
"1002370","<size=16>CHIEF MARKETING OFFICER</size><br><size=0><br></size>John Heinecke","<size=16>CHIEF MARKETING OFFICER</size><br><size=0><br></size>John Heinecke","<size=16>首席营销官</size><br><size=0><br></size>John Heinecke
<size=16>CHIEF MARKETING OFFICER</size><br><size=0><br></size>John Heinecke"
"1002380","<size=16>EXECUTIVE DIRECTOR MARKETING </size><br><size=0><br></size>Larry Sparks","<size=16>EXECUTIVE DIRECTOR MARKETING </size><br><size=0><br></size>Larry Sparks","<size=16>市场执行总监</size><br><size=0><br></size>Larry Sparks
<size=16>EXECUTIVE DIRECTOR MARKETING </size><br><size=0><br></size>Larry Sparks"
"1002390","<size=16>MARKETING DIRECTOR </size><br><size=0><br></size>Ned Browning","<size=16>MARKETING DIRECTOR </size><br><size=0><br></size>Ned Browning","<size=16>市场总监</size><br><size=0><br></size>Ned Browning
<size=16>MARKETING DIRECTOR </size><br><size=0><br></size>Ned Browning"
"1002400","<size=16>MARKETING MANAGER </size><br><size=0><br></size>Aimee Sanjari  ","<size=16>MARKETING MANAGER </size><br><size=0><br></size>Aimee Sanjari  ","<size=16>市场经理</size><br><size=0><br></size>Aimee Sanjari  
<size=16>MARKETING MANAGER </size><br><size=0><br></size>Aimee Sanjari  "
"1002410","<size=16>ASSISTANT MARKETING MANAGER</size><br><size=0><br></size>Laura Grant","<size=16>ASSISTANT MARKETING MANAGER</size><br><size=0><br></size>Laura Grant","<size=16>市场助理经理</size><br><size=0><br></size>Laura Grant
<size=16>ASSISTANT MARKETING MANAGER</size><br><size=0><br></size>Laura Grant"
"1002420","<size=16>SENIOR PR MANAGER</size><br><size=0><br></size>Sasiprapa Charlanawat","<size=16>SENIOR PR MANAGER</size><br><size=0><br></size>Sasiprapa Charlanawat","<size=16>公关高级经理</size><br><size=0><br></size>Sasiprapa Charlanawat
<size=16>SENIOR PR MANAGER</size><br><size=0><br></size>Sasiprapa Charlanawat"
"1002430","<size=16>PR EXECUTIVE</size><br><size=0><br></size>Ariadne Terizakis","<size=16>PR EXECUTIVE</size><br><size=0><br></size>Ariadne Terizakis","<size=16>公关主管</size><br><size=0><br></size>Ariadne Terizakis
<size=16>PR EXECUTIVE</size><br><size=0><br></size>Ariadne Terizakis"
"1002440","<size=16>SENIOR PR & COMMUNICATIONS DIRECTOR</size><br><size=0><br></size>Alex Huhtala","<size=16>SENIOR PR & COMMUNICATIONS DIRECTOR</size><br><size=0><br></size>Alex Huhtala","<size=16>公关及传播高级总监</size><br><size=0><br></size>Alex Huhtala
<size=16>SENIOR PR & COMMUNICATIONS DIRECTOR</size><br><size=0><br></size>Alex Huhtala"
"1002450","<size=16>EUROPEAN MARKETING DIRECTOR</size><br><size=0><br></size>Anthony Newell","<size=16>EUROPEAN MARKETING DIRECTOR</size><br><size=0><br></size>Anthony Newell","<size=16>欧洲市场总监</size><br><size=0><br></size>Anthony Newell
<size=16>EUROPEAN MARKETING DIRECTOR</size><br><size=0><br></size>Anthony Newell"
"1002460","<size=16>MEDIA STRATEGIST</size><br><size=0><br></size>Kim Fitzgerald","<size=16>MEDIA STRATEGIST</size><br><size=0><br></size>Kim Fitzgerald","<size=16>媒体策略师</size><br><size=0><br></size>Kim Fitzgerald
<size=16>MEDIA STRATEGIST</size><br><size=0><br></size>Kim Fitzgerald"
"1002470","<size=16>INFLUENCER RELATIONS DIRECTOR</size><br><size=0><br></size>Adam Phillips","<size=16>INFLUENCER RELATIONS DIRECTOR</size><br><size=0><br></size>Adam Phillips","<size=16>意见领袖关系总监</size><br><size=0><br></size>Adam Phillips
<size=16>INFLUENCER RELATIONS DIRECTOR</size><br><size=0><br></size>Adam Phillips"
"1002480","<size=16>INFLUENCER RELATIONS MANAGER</size><br><size=0><br></size>Ria Patel","<size=16>INFLUENCER RELATIONS MANAGER</size><br><size=0><br></size>Ria Patel","<size=16>意见领袖关系经理</size><br><size=0><br></size>Ria Patel
<size=16>INFLUENCER RELATIONS MANAGER</size><br><size=0><br></size>Ria Patel"
"1002490","<size=16>SOCIAL MEDIA DIRECTOR</size><br><size=0><br></size>Teague Emery","<size=16>SOCIAL MEDIA DIRECTOR</size><br><size=0><br></size>Teague Emery","<size=16>社交媒体总监</size><br><size=0><br></size>Teague Emery
<size=16>SOCIAL MEDIA DIRECTOR</size><br><size=0><br></size>Teague Emery"
"1002500","<size=16>SENIOR SOCIAL MEDIA MANAGER  </size><br><size=0><br></size>Sunil Godhania","<size=16>SENIOR SOCIAL MEDIA MANAGER  </size><br><size=0><br></size>Sunil Godhania","<size=16>社交媒体高级经理</size><br><size=0><br></size>Sunil Godhania
<size=16>SENIOR SOCIAL MEDIA MANAGER  </size><br><size=0><br></size>Sunil Godhania"
"1002510","<size=16>SOCIAL MEDIA MANAGER</size><br><size=0><br></size>Darren Kruse","<size=16>SOCIAL MEDIA MANAGER</size><br><size=0><br></size>Darren Kruse","<size=16>社交媒体经理</size><br><size=0><br></size>Darren Kruse
<size=16>SOCIAL MEDIA MANAGER</size><br><size=0><br></size>Darren Kruse"
"1002520","<size=16>SOCIAL MEDIA EXECUTIVE</size><br><size=0><br></size>George Hind","<size=16>SOCIAL MEDIA EXECUTIVE</size><br><size=0><br></size>George Hind","<size=16>社交媒体主管</size><br><size=0><br></size>George Hind
<size=16>SOCIAL MEDIA EXECUTIVE</size><br><size=0><br></size>George Hind"
"1002530","<size=16>SENIOR DESIGNER</size><br><size=0><br></size>Gary Harrod","<size=16>SENIOR DESIGNER</size><br><size=0><br></size>Gary Harrod","<size=16>高级设计师</size><br><size=0><br></size>Gary Harrod
<size=16>SENIOR DESIGNER</size><br><size=0><br></size>Gary Harrod"
"1002540","<size=16>DESIGNER</size><br><size=0><br></size>Lewis-Jon Somerscales","<size=16>DESIGNER</size><br><size=0><br></size>Lewis-Jon Somerscales","<size=16>设计师</size><br><size=0><br></size>Lewis-Jon Somerscales
<size=16>DESIGNER</size><br><size=0><br></size>Lewis-Jon Somerscales"
"1002550","<size=16>SENIOR CREATIVE PRODUCER</size><br><size=0><br></size>Phillip Horton","<size=16>SENIOR CREATIVE PRODUCER</size><br><size=0><br></size>Phillip Horton","<size=16>高级创意制作人</size><br><size=0><br></size>Phillip Horton
<size=16>SENIOR CREATIVE PRODUCER</size><br><size=0><br></size>Phillip Horton"
"1002560","<size=16>CREATIVE PRODUCER</size><br><size=0><br></size>Dan Hill","<size=16>CREATIVE PRODUCER</size><br><size=0><br></size>Dan Hill","<size=16>创意制作人</size><br><size=0><br></size>Dan Hill
<size=16>CREATIVE PRODUCER</size><br><size=0><br></size>Dan Hill"
"1002570","<size=16>SENIOR BUSINESS MANAGER </size><br><size=0><br></size>Hideki Miwa","<size=16>SENIOR BUSINESS MANAGER </size><br><size=0><br></size>Hideki Miwa","<size=16>高级商务经理</size><br><size=0><br></size>Hideki Miwa
<size=16>SENIOR BUSINESS MANAGER </size><br><size=0><br></size>Hideki Miwa"
"1002580","<size=16>ASSISTANT BUSINESS MANAGER</size><br><size=0><br></size>Imogen Wright","<size=16>ASSISTANT BUSINESS MANAGER</size><br><size=0><br></size>Imogen Wright","<size=16>助理商务经理</size><br><size=0><br></size>Imogen Wright
<size=16>ASSISTANT BUSINESS MANAGER</size><br><size=0><br></size>Imogen Wright"
"1002590","<size=16>GENERAL MANAGER – EUROPEAN 
COMMERICAL AND PUBLISHING SERVICES</size><br><size=0><br></size>Justin Gaffney","<size=16>GENERAL MANAGER – EUROPEAN 
COMMERICAL AND PUBLISHING SERVICES</size><br><size=0><br></size>Justin Gaffney","<size=16>欧洲商业及发行服务总经理</size><br><size=0><br></size>Justin Gaffney
<size=16>GENERAL MANAGER – EUROPEAN 
COMMERICAL AND PUBLISHING SERVICES</size><br><size=0><br></size>Justin Gaffney"
"1002600","<size=16>EU SALES DIRECTOR</size><br><size=0><br></size>Karine Parker","<size=16>EU SALES DIRECTOR</size><br><size=0><br></size>Karine Parker","<size=16>欧洲销售总监</size><br><size=0><br></size>Karine Parker
<size=16>EU SALES DIRECTOR</size><br><size=0><br></size>Karine Parker"
"1002610","UK/EXPORT SALES AND MARKETING","UK/EXPORT SALES AND MARKETING","英国／出口销售及市场
UK/EXPORT SALES AND MARKETING"
"1002620","<size=16>MARKETING DIRECTOR - UK</size><br><size=0><br></size>Elizabeth Blackman","<size=16>MARKETING DIRECTOR - UK</size><br><size=0><br></size>Elizabeth Blackman","<size=16>英国市场总监</size><br><size=0><br></size>Elizabeth Blackman
<size=16>MARKETING DIRECTOR - UK</size><br><size=0><br></size>Elizabeth Blackman"
"1002630","<size=16>MARKETING MANAGER - UK</size><br><size=0><br></size>Peter Bellew","<size=16>MARKETING MANAGER - UK</size><br><size=0><br></size>Peter Bellew","<size=16>英国市场经理</size><br><size=0><br></size>Peter Bellew
<size=16>MARKETING MANAGER - UK</size><br><size=0><br></size>Peter Bellew"
"1002640","<size=16>ASSISTANT MARKETING MANAGER - UK</size><br><size=0><br></size>Melissa Larsson","<size=16>ASSISTANT MARKETING MANAGER - UK</size><br><size=0><br></size>Melissa Larsson","<size=16>英国市场助理经理</size><br><size=0><br></size>Melissa Larsson
<size=16>ASSISTANT MARKETING MANAGER - UK</size><br><size=0><br></size>Melissa Larsson"
"1002650","<size=16>MARKETING DIRECTOR - EXPORT</size><br><size=0><br></size>Laura Disney","<size=16>MARKETING DIRECTOR - EXPORT</size><br><size=0><br></size>Laura Disney","<size=16>出口业务市场总监</size><br><size=0><br></size>Laura Disney
<size=16>MARKETING DIRECTOR - EXPORT</size><br><size=0><br></size>Laura Disney"
"1002660","<size=16>ASSISTANT MARKETING MANAGER - EXPORT</size><br><size=0><br></size>Natalie Gausden","<size=16>ASSISTANT MARKETING MANAGER - EXPORT</size><br><size=0><br></size>Natalie Gausden","<size=16>出口业务市场助理经理</size><br><size=0><br></size>Natalie Gausden
<size=16>ASSISTANT MARKETING MANAGER - EXPORT</size><br><size=0><br></size>Natalie Gausden"
"1002670","<size=16>PR EXECUTIVE - EXPORT</size><br><size=0><br></size>Shez Sheikh","<size=16>PR EXECUTIVE - EXPORT</size><br><size=0><br></size>Shez Sheikh","<size=16>出口业务公关主管</size><br><size=0><br></size>Shez Sheikh
<size=16>PR EXECUTIVE - EXPORT</size><br><size=0><br></size>Shez Sheikh"
"1002680","<size=16>SENIOR PRODUCTION MANAGER - UK & EXPORT</size><br><size=0><br></size>Carrie Judge","<size=16>SENIOR PRODUCTION MANAGER - UK & EXPORT</size><br><size=0><br></size>Carrie Judge","<size=16>英国及出口业务高级制作经理</size><br><size=0><br></size>Carrie Judge
<size=16>SENIOR PRODUCTION MANAGER - UK & EXPORT</size><br><size=0><br></size>Carrie Judge"
"1002690","<size=16>PRODUCTION MANAGER - UK & EXPORT</size><br><size=0><br></size>Lynne Fisher","<size=16>PRODUCTION MANAGER - UK & EXPORT</size><br><size=0><br></size>Lynne Fisher","<size=16>英国及出口业务制作经理</size><br><size=0><br></size>Lynne Fisher
<size=16>PRODUCTION MANAGER - UK & EXPORT</size><br><size=0><br></size>Lynne Fisher"
"1002700","<size=16>UK SALES MANAGER</size><br><size=0><br></size>David Stubberfield","<size=16>UK SALES MANAGER</size><br><size=0><br></size>David Stubberfield","<size=16>英国销售经理</size><br><size=0><br></size>David Stubberfield
<size=16>UK SALES MANAGER</size><br><size=0><br></size>David Stubberfield"
"1002710","<size=16>EXPORT SALES MANAGERS</size><br><size=0><br></size>Tom Vickery<br><size=16><br></size>Graham Brown","<size=16>EXPORT SALES MANAGERS</size><br><size=0><br></size>Tom Vickery<br><size=16><br></size>Graham Brown","<size=16>出口销售经理</size><br><size=0><br></size>Tom Vickery<br><size=16><br></size>Graham Brown
<size=16>EXPORT SALES MANAGERS</size><br><size=0><br></size>Tom Vickery<br><size=16><br></size>Graham Brown"
"1002720","FRANCE/BENELUX SALES AND MARKETING","FRANCE/BENELUX SALES AND MARKETING","法国／比荷卢销售及市场
FRANCE/BENELUX SALES AND MARKETING"
"1002730","<size=16>MANAGING DIRECTOR, FRANCE AND BENELUX </size><br><size=0><br></size>Florent Moreau ","<size=16>MANAGING DIRECTOR, FRANCE AND BENELUX </size><br><size=0><br></size>Florent Moreau ","<size=16>法国及比荷卢董事总经理</size><br><size=0><br></size>Florent Moreau 
<size=16>MANAGING DIRECTOR, FRANCE AND BENELUX </size><br><size=0><br></size>Florent Moreau "
"1002740","<size=16>MARKETING DIRECTOR</size><br><size=0><br></size>Tristan Perdriau ","<size=16>MARKETING DIRECTOR</size><br><size=0><br></size>Tristan Perdriau ","<size=16>市场总监</size><br><size=0><br></size>Tristan Perdriau 
<size=16>MARKETING DIRECTOR</size><br><size=0><br></size>Tristan Perdriau "
"1002750","<size=16>SENIOR PR MANAGER</size><br><size=0><br></size>Emilie Hurel ","<size=16>SENIOR PR MANAGER</size><br><size=0><br></size>Emilie Hurel ","<size=16>公关高级经理</size><br><size=0><br></size>Emilie Hurel 
<size=16>SENIOR PR MANAGER</size><br><size=0><br></size>Emilie Hurel "
"1002760","<size=16>MARKETING MANAGER</size><br><size=0><br></size>Julien El Rab","<size=16>MARKETING MANAGER</size><br><size=0><br></size>Julien El Rab","<size=16>市场经理</size><br><size=0><br></size>Julien El Rab
<size=16>MARKETING MANAGER</size><br><size=0><br></size>Julien El Rab"
"1002770","<size=16>COMMUNITY, SOCIAL & INFLUENCER MANAGER</size><br><size=0><br></size>Cédric Devoyon ","<size=16>COMMUNITY, SOCIAL & INFLUENCER MANAGER</size><br><size=0><br></size>Cédric Devoyon ","<size=16>社群、社交媒体及意见领袖经理</size><br><size=0><br></size>Cédric Devoyon 
<size=16>COMMUNITY, SOCIAL & INFLUENCER MANAGER</size><br><size=0><br></size>Cédric Devoyon "
"1002780","<size=16>EXECUTIVE ASSISTANT, MARKETING AND SALES</size><br><size=0><br></size>Isabelle Connuel ","<size=16>EXECUTIVE ASSISTANT, MARKETING AND SALES</size><br><size=0><br></size>Isabelle Connuel ","<size=16>市场及销售执行助理</size><br><size=0><br></size>Isabelle Connuel 
<size=16>EXECUTIVE ASSISTANT, MARKETING AND SALES</size><br><size=0><br></size>Isabelle Connuel "
"1002790","G/A/S SALES AND MARKETING","G/A/S SALES AND MARKETING","德国／奥地利／瑞士销售及市场
G/A/S SALES AND MARKETING"
"1002800","<size=16>MANAGING AND FINANCE DIRECTOR</size><br><size=0><br></size>Klaus Jens","<size=16>MANAGING AND FINANCE DIRECTOR</size><br><size=0><br></size>Klaus Jens","<size=16>董事总经理兼财务总监</size><br><size=0><br></size>Klaus Jens
<size=16>MANAGING AND FINANCE DIRECTOR</size><br><size=0><br></size>Klaus Jens"
"1002810","<size=16>MARKETING & PR DIRECTOR</size><br><size=0><br></size>Lars Winkler","<size=16>MARKETING & PR DIRECTOR</size><br><size=0><br></size>Lars Winkler","<size=16>市场及公关总监</size><br><size=0><br></size>Lars Winkler
<size=16>MARKETING & PR DIRECTOR</size><br><size=0><br></size>Lars Winkler"
"1002820","<size=16>JUNIOR MARKETING MANAGER</size><br><size=0><br></size>Isabell Kretzing","<size=16>JUNIOR MARKETING MANAGER</size><br><size=0><br></size>Isabell Kretzing","<size=16>初级市场经理</size><br><size=0><br></size>Isabell Kretzing
<size=16>JUNIOR MARKETING MANAGER</size><br><size=0><br></size>Isabell Kretzing"
"1002830","<size=16>MARKETING EXECUTIVE</size><br><size=0><br></size>Eva Marie Ghossain","<size=16>MARKETING EXECUTIVE</size><br><size=0><br></size>Eva Marie Ghossain","<size=16>市场主管</size><br><size=0><br></size>Eva Marie Ghossain
<size=16>MARKETING EXECUTIVE</size><br><size=0><br></size>Eva Marie Ghossain"
"1002840","<size=16>SENIOR PR MANAGER</size><br><size=0><br></size>Markus Häberlein","<size=16>SENIOR PR MANAGER</size><br><size=0><br></size>Markus Häberlein","<size=16>公关高级经理</size><br><size=0><br></size>Markus Häberlein
<size=16>SENIOR PR MANAGER</size><br><size=0><br></size>Markus Häberlein"
"1002850","<size=16>PR MANAGER</size><br><size=0><br></size>Daniela Schlögel","<size=16>PR MANAGER</size><br><size=0><br></size>Daniela Schlögel","<size=16>公关经理</size><br><size=0><br></size>Daniela Schlögel
<size=16>PR MANAGER</size><br><size=0><br></size>Daniela Schlögel"
"1002860","<size=16>SENIOR SOCIAL MANAGER</size><br><size=0><br></size>Barbara Winterfeldt","<size=16>SENIOR SOCIAL MANAGER</size><br><size=0><br></size>Barbara Winterfeldt","<size=16>社交媒体高级经理</size><br><size=0><br></size>Barbara Winterfeldt
<size=16>SENIOR SOCIAL MANAGER</size><br><size=0><br></size>Barbara Winterfeldt"
"1002870","<size=16>SALES MANAGER</size><br><size=0><br></size>Fabian Rather","<size=16>SALES MANAGER</size><br><size=0><br></size>Fabian Rather","<size=16>销售经理</size><br><size=0><br></size>Fabian Rather
<size=16>SALES MANAGER</size><br><size=0><br></size>Fabian Rather"
"1002880","<size=16>OPERATIONS MANAGER</size><br><size=0><br></size>Nikolaus Ziegert","<size=16>OPERATIONS MANAGER</size><br><size=0><br></size>Nikolaus Ziegert","<size=16>运营经理</size><br><size=0><br></size>Nikolaus Ziegert
<size=16>OPERATIONS MANAGER</size><br><size=0><br></size>Nikolaus Ziegert"
"1002890","EUROPEAN MERCHANDISING","EUROPEAN MERCHANDISING","欧洲商品业务
EUROPEAN MERCHANDISING"
"1002900","<size=16>EU MERCHANDISING DIRECTOR</size><br><size=0><br></size>Graham Brown","<size=16>EU MERCHANDISING DIRECTOR</size><br><size=0><br></size>Graham Brown","<size=16>欧盟商品业务总监</size><br><size=0><br></size>Graham Brown
<size=16>EU MERCHANDISING DIRECTOR</size><br><size=0><br></size>Graham Brown"
"1002910","<size=16>PRODUCT MANAGER</size><br><size=0><br></size>Tomasz Rozejowski","<size=16>PRODUCT MANAGER</size><br><size=0><br></size>Tomasz Rozejowski","<size=16>产品经理</size><br><size=0><br></size>Tomasz Rozejowski
<size=16>PRODUCT MANAGER</size><br><size=0><br></size>Tomasz Rozejowski"
"1002920","<size=16>MANAGER - TABLETOP GAMES</size><br><size=0><br></size>Fabian Weber","<size=16>MANAGER - TABLETOP GAMES</size><br><size=0><br></size>Fabian Weber","<size=16>桌游经理</size><br><size=0><br></size>Fabian Weber
<size=16>MANAGER - TABLETOP GAMES</size><br><size=0><br></size>Fabian Weber"
"1002930","<size=16>MANAGER ORGANISED PLAY & COMMUNITY (TABLETOP GAMES)</size><br><size=0><br></size>Tim Schilder","<size=16>MANAGER ORGANISED PLAY & COMMUNITY (TABLETOP GAMES)</size><br><size=0><br></size>Tim Schilder","<size=16>有组织赛事及社群经理（桌游）</size><br><size=0><br></size>Tim Schilder
<size=16>MANAGER ORGANISED PLAY & COMMUNITY (TABLETOP GAMES)</size><br><size=0><br></size>Tim Schilder"
"1002940","<size=16>E-COMMERCE MANAGER</size><br><size=0><br></size>Taishi Narumoto","<size=16>E-COMMERCE MANAGER</size><br><size=0><br></size>Taishi Narumoto","<size=16>电商经理</size><br><size=0><br></size>Taishi Narumoto
<size=16>E-COMMERCE MANAGER</size><br><size=0><br></size>Taishi Narumoto"
"1002950","<size=16>MERCHANDISING SALES PLANNER</size><br><size=0><br></size>Byron Rigby","<size=16>MERCHANDISING SALES PLANNER</size><br><size=0><br></size>Byron Rigby","<size=16>商品销售策划</size><br><size=0><br></size>Byron Rigby
<size=16>MERCHANDISING SALES PLANNER</size><br><size=0><br></size>Byron Rigby"
"1002960","<size=16>OPERATIONS COORDINATOR</size><br><size=0><br></size>Shaun Bedassie","<size=16>OPERATIONS COORDINATOR</size><br><size=0><br></size>Shaun Bedassie","<size=16>运营协调员</size><br><size=0><br></size>Shaun Bedassie
<size=16>OPERATIONS COORDINATOR</size><br><size=0><br></size>Shaun Bedassie"
"1002970","EUROPEAN COMMUNITY AND SERVICE","EUROPEAN COMMUNITY AND SERVICE","欧洲社群及服务
EUROPEAN COMMUNITY AND SERVICE"
"1002980","<size=16>HEAD OF COMMUNITY AND SERVICE</size><br><size=0><br></size>Saori Spencer-Hill","<size=16>HEAD OF COMMUNITY AND SERVICE</size><br><size=0><br></size>Saori Spencer-Hill","<size=16>社群及服务负责人</size><br><size=0><br></size>Saori Spencer-Hill
<size=16>HEAD OF COMMUNITY AND SERVICE</size><br><size=0><br></size>Saori Spencer-Hill"
"1002990","<size=16>EUROPEAN CUSTOMER SERVICE DIRECTOR</size><br><size=0><br></size>Damian Bennett","<size=16>EUROPEAN CUSTOMER SERVICE DIRECTOR</size><br><size=0><br></size>Damian Bennett","<size=16>欧洲客户服务总监</size><br><size=0><br></size>Damian Bennett
<size=16>EUROPEAN CUSTOMER SERVICE DIRECTOR</size><br><size=0><br></size>Damian Bennett"
"1003000","<size=16>EUROPEAN SUPPORT CENTRE MANAGER</size><br><size=0><br></size>Camille Ledauphin","<size=16>EUROPEAN SUPPORT CENTRE MANAGER</size><br><size=0><br></size>Camille Ledauphin","<size=16>欧洲支持中心经理</size><br><size=0><br></size>Camille Ledauphin
<size=16>EUROPEAN SUPPORT CENTRE MANAGER</size><br><size=0><br></size>Camille Ledauphin"
"1003010","<size=16>EUROPEAN SUPPORT CENTRE ASSISTANT MANAGER</size><br><size=0><br></size>Andreas Remy","<size=16>EUROPEAN SUPPORT CENTRE ASSISTANT MANAGER</size><br><size=0><br></size>Andreas Remy","<size=16>欧洲支持中心助理经理</size><br><size=0><br></size>Andreas Remy
<size=16>EUROPEAN SUPPORT CENTRE ASSISTANT MANAGER</size><br><size=0><br></size>Andreas Remy"
"1003020","<size=16>EUROPEAN SENIOR SUPPORT CENTRE OPERATORS</size><br><size=0><br></size>Maximilian Horn<br><size=16><br></size>Marion Mangion<br><size=16><br></size>John Quantin","<size=16>EUROPEAN SENIOR SUPPORT CENTRE OPERATORS</size><br><size=0><br></size>Maximilian Horn<br><size=16><br></size>Marion Mangion<br><size=16><br></size>John Quantin","<size=16>欧洲支持中心高级专员</size><br><size=0><br></size>Maximilian Horn<br><size=16><br></size>Marion Mangion<br><size=16><br></size>John Quantin
<size=16>EUROPEAN SENIOR SUPPORT CENTRE OPERATORS</size><br><size=0><br></size>Maximilian Horn<br><size=16><br></size>Marion Mangion<br><size=16><br></size>John Quantin"
"1003030","<size=16>EUROPEAN OPERATIONS SUPPORT MANAGER</size><br><size=0><br></size>Bastian Spiegel","<size=16>EUROPEAN OPERATIONS SUPPORT MANAGER</size><br><size=0><br></size>Bastian Spiegel","<size=16>欧洲运营支持经理</size><br><size=0><br></size>Bastian Spiegel
<size=16>EUROPEAN OPERATIONS SUPPORT MANAGER</size><br><size=0><br></size>Bastian Spiegel"
"1003040","<size=16>EUROPEAN OPERATIONS SUPPORT ASSISTANT MANAGER</size><br><size=0><br></size>James Avins","<size=16>EUROPEAN OPERATIONS SUPPORT ASSISTANT MANAGER</size><br><size=0><br></size>James Avins","<size=16>欧洲运营支持助理经理</size><br><size=0><br></size>James Avins
<size=16>EUROPEAN OPERATIONS SUPPORT ASSISTANT MANAGER</size><br><size=0><br></size>James Avins"
"1003050","<size=16>EUROPEAN OPERATIONS SUPPORT COORDINATORS</size><br><size=0><br></size>Edward Avins<br><size=16><br></size>Louise Delahaye","<size=16>EUROPEAN OPERATIONS SUPPORT COORDINATORS</size><br><size=0><br></size>Edward Avins<br><size=16><br></size>Louise Delahaye","<size=16>欧洲运营支持协调员</size><br><size=0><br></size>Edward Avins<br><size=16><br></size>Louise Delahaye
<size=16>EUROPEAN OPERATIONS SUPPORT COORDINATORS</size><br><size=0><br></size>Edward Avins<br><size=16><br></size>Louise Delahaye"
"1003060","<size=16>POLE TO WIN EUROPE - SQUARE ENIX SUPPORT ACCOUNT MANAGER</size><br><size=0><br></size>Michael Joyce","<size=16>POLE TO WIN EUROPE - SQUARE ENIX SUPPORT ACCOUNT MANAGER</size><br><size=0><br></size>Michael Joyce","<size=16>Pole To Win Europe－SQUARE ENIX支持客户经理</size><br><size=0><br></size>Michael Joyce
<size=16>POLE TO WIN EUROPE - SQUARE ENIX SUPPORT ACCOUNT MANAGER</size><br><size=0><br></size>Michael Joyce"
"1003070","<size=16>POLE TO WIN EUROPE - SQUARE ENIX SUPPORT ASSISTANT ACCOUNT MANAGER</size><br><size=0><br></size>Paul Neil","<size=16>POLE TO WIN EUROPE - SQUARE ENIX SUPPORT ASSISTANT ACCOUNT MANAGER</size><br><size=0><br></size>Paul Neil","<size=16>Pole To Win Europe－SQUARE ENIX支持助理客户经理</size><br><size=0><br></size>Paul Neil
<size=16>POLE TO WIN EUROPE - SQUARE ENIX SUPPORT ASSISTANT ACCOUNT MANAGER</size><br><size=0><br></size>Paul Neil"
"1003080","<size=16>POLE TO WIN EUROPE - SQUARE ENIX SUPPORT REPRESENTATIVES</size><br><size=0><br></size>Raymond Chan<br><size=16><br></size>Anne-Laure Grimaud<br><size=16><br></size>Kaya Herklotz<br><size=16><br></size>Jan Hlavacka<br><size=16><br></size>Laurie Kitson<br><size=16><br></size>Delia Lange","<size=16>POLE TO WIN EUROPE - SQUARE ENIX SUPPORT REPRESENTATIVES</size><br><size=0><br></size>Raymond Chan<br><size=16><br></size>Anne-Laure Grimaud<br><size=16><br></size>Kaya Herklotz<br><size=16><br></size>Jan Hlavacka<br><size=16><br></size>Laurie Kitson<br><size=16><br></size>Delia Lange","<size=16>Pole To Win Europe－SQUARE ENIX支持专员</size><br><size=0><br></size>Raymond Chan<br><size=16><br></size>Anne-Laure Grimaud<br><size=16><br></size>Kaya Herklotz<br><size=16><br></size>Jan Hlavacka<br><size=16><br></size>Laurie Kitson<br><size=16><br></size>Delia Lange
<size=16>POLE TO WIN EUROPE - SQUARE ENIX SUPPORT REPRESENTATIVES</size><br><size=0><br></size>Raymond Chan<br><size=16><br></size>Anne-Laure Grimaud<br><size=16><br></size>Kaya Herklotz<br><size=16><br></size>Jan Hlavacka<br><size=16><br></size>Laurie Kitson<br><size=16><br></size>Delia Lange"
"1003090","Andrew Morson<br><size=16><br></size>Annaig Nicol<br><size=16><br></size>Sabrina Obreiter<br><size=16><br></size>Mark Paterson<br><size=16><br></size>Eric Pupunat<br><size=16><br></size>Johannes Renger<br><size=16><br></size>Mita Syring","Andrew Morson<br><size=16><br></size>Annaig Nicol<br><size=16><br></size>Sabrina Obreiter<br><size=16><br></size>Mark Paterson<br><size=16><br></size>Eric Pupunat<br><size=16><br></size>Johannes Renger<br><size=16><br></size>Mita Syring","Andrew Morson<br><size=16><br></size>Annaig Nicol<br><size=16><br></size>Sabrina Obreiter<br><size=16><br></size>Mark Paterson<br><size=16><br></size>Eric Pupunat<br><size=16><br></size>Johannes Renger<br><size=16><br></size>Mita Syring
Andrew Morson<br><size=16><br></size>Annaig Nicol<br><size=16><br></size>Sabrina Obreiter<br><size=16><br></size>Mark Paterson<br><size=16><br></size>Eric Pupunat<br><size=16><br></size>Johannes Renger<br><size=16><br></size>Mita Syring"
"1003100","PTW International UK","PTW International UK","PTW International UK
PTW International UK"
"1003110","<size=16>SENIOR QA MANAGER</size><br><size=0><br></size>Monica Zamboni","<size=16>SENIOR QA MANAGER</size><br><size=0><br></size>Monica Zamboni","<size=16>高级QA经理</size><br><size=0><br></size>Monica Zamboni
<size=16>SENIOR QA MANAGER</size><br><size=0><br></size>Monica Zamboni"
"1003120","<size=16>ASSISTANT QA MANAGERS</size><br><size=0><br></size>David McMeekin<br><size=16><br></size>Elena Inei","<size=16>ASSISTANT QA MANAGERS</size><br><size=0><br></size>David McMeekin<br><size=16><br></size>Elena Inei","<size=16>QA助理经理</size><br><size=0><br></size>David McMeekin<br><size=16><br></size>Elena Inei
<size=16>ASSISTANT QA MANAGERS</size><br><size=0><br></size>David McMeekin<br><size=16><br></size>Elena Inei"
"1003130","<size=16>PROJECT MANAGERS</size><br><size=0><br></size>Henar García Pérez<br><size=16><br></size>Pauline Berron<br><size=16><br></size>Paulo Pröglhöf<br><size=16><br></size>Sergejs Adamovs<br><size=16><br></size>Tania Duvernay<br><size=16><br></size>Valentina Porcu","<size=16>PROJECT MANAGERS</size><br><size=0><br></size>Henar García Pérez<br><size=16><br></size>Pauline Berron<br><size=16><br></size>Paulo Pröglhöf<br><size=16><br></size>Sergejs Adamovs<br><size=16><br></size>Tania Duvernay<br><size=16><br></size>Valentina Porcu","<size=16>项目经理</size><br><size=0><br></size>Henar García Pérez<br><size=16><br></size>Pauline Berron<br><size=16><br></size>Paulo Pröglhöf<br><size=16><br></size>Sergejs Adamovs<br><size=16><br></size>Tania Duvernay<br><size=16><br></size>Valentina Porcu
<size=16>PROJECT MANAGERS</size><br><size=0><br></size>Henar García Pérez<br><size=16><br></size>Pauline Berron<br><size=16><br></size>Paulo Pröglhöf<br><size=16><br></size>Sergejs Adamovs<br><size=16><br></size>Tania Duvernay<br><size=16><br></size>Valentina Porcu"
"1003140","<size=16>QA MASTERING TECHNICIAN</size><br><size=0><br></size>Ian Walters","<size=16>QA MASTERING TECHNICIAN</size><br><size=0><br></size>Ian Walters","<size=16>QA母版技术员</size><br><size=0><br></size>Ian Walters
<size=16>QA MASTERING TECHNICIAN</size><br><size=0><br></size>Ian Walters"
"1003150","<size=16>PROJECT COORDINATORS</size><br><size=0><br></size>Maria Chiara Mannetta<br><size=16><br></size>Mirco Di Pasquale","<size=16>PROJECT COORDINATORS</size><br><size=0><br></size>Maria Chiara Mannetta<br><size=16><br></size>Mirco Di Pasquale","<size=16>项目协调员</size><br><size=0><br></size>Maria Chiara Mannetta<br><size=16><br></size>Mirco Di Pasquale
<size=16>PROJECT COORDINATORS</size><br><size=0><br></size>Maria Chiara Mannetta<br><size=16><br></size>Mirco Di Pasquale"
"1003160","<size=16>LOCALISATION QA TESTERS</size><br><size=0><br></size>Adriano Grasso<br><size=16><br></size>Carlos Talegon Perez<br><size=16><br></size>David Pena<br><size=16><br></size>Dorine Delieuvin<br><size=16><br></size>Eddine Barbaro<br><size=16><br></size>Enrique Peinado","<size=16>LOCALISATION QA TESTERS</size><br><size=0><br></size>Adriano Grasso<br><size=16><br></size>Carlos Talegon Perez<br><size=16><br></size>David Pena<br><size=16><br></size>Dorine Delieuvin<br><size=16><br></size>Eddine Barbaro<br><size=16><br></size>Enrique Peinado","<size=16>本地化QA测试员</size><br><size=0><br></size>Adriano Grasso<br><size=16><br></size>Carlos Talegon Perez<br><size=16><br></size>David Pena<br><size=16><br></size>Dorine Delieuvin<br><size=16><br></size>Eddine Barbaro<br><size=16><br></size>Enrique Peinado
<size=16>LOCALISATION QA TESTERS</size><br><size=0><br></size>Adriano Grasso<br><size=16><br></size>Carlos Talegon Perez<br><size=16><br></size>David Pena<br><size=16><br></size>Dorine Delieuvin<br><size=16><br></size>Eddine Barbaro<br><size=16><br></size>Enrique Peinado"
"1003170","Francesco De Vitis<br><size=16><br></size>Gaia Burgio<br><size=16><br></size>Giulia Di Trapani<br><size=16><br></size>Hannah Franke<br><size=16><br></size>Ion Florea<br><size=16><br></size>Jesko Pszenny<br><size=16><br></size>Kamel Cherchalli","Francesco De Vitis<br><size=16><br></size>Gaia Burgio<br><size=16><br></size>Giulia Di Trapani<br><size=16><br></size>Hannah Franke<br><size=16><br></size>Ion Florea<br><size=16><br></size>Jesko Pszenny<br><size=16><br></size>Kamel Cherchalli","Francesco De Vitis<br><size=16><br></size>Gaia Burgio<br><size=16><br></size>Giulia Di Trapani<br><size=16><br></size>Hannah Franke<br><size=16><br></size>Ion Florea<br><size=16><br></size>Jesko Pszenny<br><size=16><br></size>Kamel Cherchalli
Francesco De Vitis<br><size=16><br></size>Gaia Burgio<br><size=16><br></size>Giulia Di Trapani<br><size=16><br></size>Hannah Franke<br><size=16><br></size>Ion Florea<br><size=16><br></size>Jesko Pszenny<br><size=16><br></size>Kamel Cherchalli"
"1003180","Maud Saujot<br><size=16><br></size>Ricardo Alvarez Farpon<br><size=16><br></size>Sandra Vicho Garcia<br><size=16><br></size>Sevtap Guectekin<br><size=16><br></size>Tazio Philippi<br><size=16><br></size>Thomas Geyrhalter<br><size=16><br></size>Yanik Riedo","Maud Saujot<br><size=16><br></size>Ricardo Alvarez Farpon<br><size=16><br></size>Sandra Vicho Garcia<br><size=16><br></size>Sevtap Guectekin<br><size=16><br></size>Tazio Philippi<br><size=16><br></size>Thomas Geyrhalter<br><size=16><br></size>Yanik Riedo","Maud Saujot<br><size=16><br></size>Ricardo Alvarez Farpon<br><size=16><br></size>Sandra Vicho Garcia<br><size=16><br></size>Sevtap Guectekin<br><size=16><br></size>Tazio Philippi<br><size=16><br></size>Thomas Geyrhalter<br><size=16><br></size>Yanik Riedo
Maud Saujot<br><size=16><br></size>Ricardo Alvarez Farpon<br><size=16><br></size>Sandra Vicho Garcia<br><size=16><br></size>Sevtap Guectekin<br><size=16><br></size>Tazio Philippi<br><size=16><br></size>Thomas Geyrhalter<br><size=16><br></size>Yanik Riedo"
"1003200","SPECIAL THANKS","SPECIAL THANKS","特别鸣谢
SPECIAL THANKS"
"1003210","Eiji Takahashi<br><size=16><br></size>Kaori Harada<br><size=16><br></size>Shogo Aoki<br><size=16><br></size>Yohei Hattori<br><size=16><br></size>Yoriko Kihara<br><size=16><br></size>Haruka Masatani<br><size=16><br></size>Chiemi Miyashita","Eiji Takahashi<br><size=16><br></size>Kaori Harada<br><size=16><br></size>Shogo Aoki<br><size=16><br></size>Yohei Hattori<br><size=16><br></size>Yoriko Kihara<br><size=16><br></size>Haruka Masatani<br><size=16><br></size>Chiemi Miyashita","Eiji Takahashi<br><size=16><br></size>Kaori Harada<br><size=16><br></size>Shogo Aoki<br><size=16><br></size>Yohei Hattori<br><size=16><br></size>Yoriko Kihara<br><size=16><br></size>Haruka Masatani<br><size=16><br></size>Chiemi Miyashita
Eiji Takahashi<br><size=16><br></size>Kaori Harada<br><size=16><br></size>Shogo Aoki<br><size=16><br></size>Yohei Hattori<br><size=16><br></size>Yoriko Kihara<br><size=16><br></size>Haruka Masatani<br><size=16><br></size>Chiemi Miyashita"
"1003220","Hikaru Kobayashi<br><size=16><br></size>Yoshimi Kaida<br><size=16><br></size>Tsuyoshi Yoneyama<br><size=16><br></size>Tomomi Yoshie<br><size=16><br></size>Shunichi Matsuda<br><size=16><br></size>Jun Yamashita<br><size=16><br></size>Masanori Hoshino","Hikaru Kobayashi<br><size=16><br></size>Yoshimi Kaida<br><size=16><br></size>Tsuyoshi Yoneyama<br><size=16><br></size>Tomomi Yoshie<br><size=16><br></size>Shunichi Matsuda<br><size=16><br></size>Jun Yamashita<br><size=16><br></size>Masanori Hoshino","Hikaru Kobayashi<br><size=16><br></size>Yoshimi Kaida<br><size=16><br></size>Tsuyoshi Yoneyama<br><size=16><br></size>Tomomi Yoshie<br><size=16><br></size>Shunichi Matsuda<br><size=16><br></size>Jun Yamashita<br><size=16><br></size>Masanori Hoshino
Hikaru Kobayashi<br><size=16><br></size>Yoshimi Kaida<br><size=16><br></size>Tsuyoshi Yoneyama<br><size=16><br></size>Tomomi Yoshie<br><size=16><br></size>Shunichi Matsuda<br><size=16><br></size>Jun Yamashita<br><size=16><br></size>Masanori Hoshino"
"1003230","Akiko Miyashita<br><size=16><br></size>Shuki Sugai<br><size=16><br></size>Kanako Koizumi<br><size=16><br></size>Misa Nonaka<br><size=16><br></size>Midori Fujita<br><size=16><br></size>Fumi Fujikawa<br><size=16><br></size>Ryo Saito","Akiko Miyashita<br><size=16><br></size>Shuki Sugai<br><size=16><br></size>Kanako Koizumi<br><size=16><br></size>Misa Nonaka<br><size=16><br></size>Midori Fujita<br><size=16><br></size>Fumi Fujikawa<br><size=16><br></size>Ryo Saito","Akiko Miyashita<br><size=16><br></size>Shuki Sugai<br><size=16><br></size>Kanako Koizumi<br><size=16><br></size>Misa Nonaka<br><size=16><br></size>Midori Fujita<br><size=16><br></size>Fumi Fujikawa<br><size=16><br></size>Ryo Saito
Akiko Miyashita<br><size=16><br></size>Shuki Sugai<br><size=16><br></size>Kanako Koizumi<br><size=16><br></size>Misa Nonaka<br><size=16><br></size>Midori Fujita<br><size=16><br></size>Fumi Fujikawa<br><size=16><br></size>Ryo Saito"
"1003240","Takuya Iwasaki<br><size=16><br></size>Hideyuki Mizutani<br><size=16><br></size>Daisuke Agata<br><size=16><br></size>Yuki Yokoyama<br><size=16><br></size>","Takuya Iwasaki<br><size=16><br></size>Hideyuki Mizutani<br><size=16><br></size>Daisuke Agata<br><size=16><br></size>Yuki Yokoyama<br><size=16><br></size>","Takuya Iwasaki<br><size=16><br></size>Hideyuki Mizutani<br><size=16><br></size>Daisuke Agata<br><size=16><br></size>Yuki Yokoyama<br><size=16><br></size>
Takuya Iwasaki<br><size=16><br></size>Hideyuki Mizutani<br><size=16><br></size>Daisuke Agata<br><size=16><br></size>Yuki Yokoyama<br><size=16><br></size>"
"1003241","Koki Iwanaga<br><size=16><br></size>Saya Kumao<br><size=16><br></size>Nikai Ninomae","Koki Iwanaga<br><size=16><br></size>Saya Kumao<br><size=16><br></size>Nikai Ninomae","Koki Iwanaga<br><size=16><br></size>Saya Kumao<br><size=16><br></size>Nikai Ninomae
Koki Iwanaga<br><size=16><br></size>Saya Kumao<br><size=16><br></size>Nikai Ninomae"
"1003250","<size=16>EXECUTIVE OFFICER</size><br><size=0><br></size>Yuu Miyake","<size=16>EXECUTIVE OFFICER</size><br><size=0><br></size>Yuu Miyake","<size=16>执行董事</size><br><size=0><br></size>Yuu Miyake
<size=16>EXECUTIVE OFFICER</size><br><size=0><br></size>Yuu Miyake"
"1003260","<size=16>PRESIDENT ＆ CEO</size><br><size=0><br></size>Yosuke Matsuda","<size=16>PRESIDENT ＆ CEO</size><br><size=0><br></size>Yosuke Matsuda","<size=16>社长兼首席执行官</size><br><size=0><br></size>Yosuke Matsuda
<size=16>PRESIDENT ＆ CEO</size><br><size=0><br></size>Yosuke Matsuda"
"1003270","<size=16>EXECUTIVE PRODUCER</size><br><size=0><br></size>Yosuke Saito","<size=16>EXECUTIVE PRODUCER</size><br><size=0><br></size>Yosuke Saito","<size=16>执行制作人</size><br><size=0><br></size>Yosuke Saito
<size=16>EXECUTIVE PRODUCER</size><br><size=0><br></size>Yosuke Saito"
"1200001","Victory! 
Your party acquired 
experience and gold.","君達は戦いに勝利し、<br>経験とゴールドを得た！","胜利！<br>
队伍获得了经验和金币。
Victory! 
Your party acquired 
experience and gold."
"1200002","That was a fight 
for the ages!","すばらしい<br>戦いぶりだった。","真是一场精彩<br>绝伦的战斗！
That was a fight 
for the ages!"
"1200003","You certainly 
fought for your 
life back there.","死中に活を求めるとは<br>この戦いのことだろう。","当真是死<br>里求生。
You certainly 
fought for your 
life back there."
"1200004","Remember well 
the wounds you 
suffered here.","負傷者の手当てを<br>忘れずに。","别忘了好好<br>处理伤势。
Remember well 
the wounds you 
suffered here."
"1200005","All battles come 
with sacrifices.","戦いに<br>犠牲は付き物だ……","战斗总伴随<br>着牺牲……
All battles come 
with sacrifices."
"1200006","Your party gained 
a wealth of 
experience from 
this battle!","君達はこの戦いでとても<br>多くの経験を得た！","这一战让队伍收<br>获了大量经验！
Your party gained 
a wealth of 
experience from 
this battle!"
"1200007","Your party received 
a surfeit of gold 
from this battle!","君達はこの戦いでとても<br>多くのゴールドを得た！","这一战让队伍<br>赚得盆满钵满！
Your party received 
a surfeit of gold 
from this battle!"
"1200008","Surely a battle of 
that length has 
left you depleted?","かなりの長期戦だったが<br>疲れていないか？","鏖战这么久，<br>想必累坏了吧？
Surely a battle of 
that length has 
left you depleted?"
"1200009","A good warrior 
wastes no time.","兵は神速を貴ぶとは<br>よく言ったものだ。","兵贵神速，<br>说的正是如此。
A good warrior 
wastes no time."
"1200010","It would seem some 
of us are worse for 
the wear...","具合の悪い者がいるようだ……","看来有人状态不佳……
It would seem some 
of us are worse for 
the wear..."
"1200011","You defeated
the fire monster!","君達は炎の魔物を追い払った！","你们击退了火焰魔物！
You defeated
the fire monster!"
"1200012","{CARDNAME:2040} looks like
he wants to say
something...","{CARDNAME:2040}が何かを言いたそうだ……","{CARDNAME:2040}似乎有话想说……
{CARDNAME:2040} looks like
he wants to say
something..."
"1200013","You knock the headman
unconscious.","君の鉄拳制裁で村長は<br>悶絶している……","你一拳把村<br>长打昏了。
You knock the headman
unconscious."
"1200014","The {CARDNAME:4010} and {CARDNAME:2040}
fly off...","{CARDNAME:4010}と{CARDNAME:2040}は飛び去ってしまった……","{CARDNAME:4010}和{CARDNAME:2040}飞走了……
The {CARDNAME:4010} and {CARDNAME:2040}
fly off..."
"1200015","Victory is yours,
but {CARDNAME:2040} is acting
kind of shady...","君達は優勢だが、{CARDNAME:2040}の様子がおかしい……","你们占了上风，但{CARDNAME:2040}似乎不太对劲……
Victory is yours,
but {CARDNAME:2040} is acting
kind of shady..."
"1200016","You defeated {CARDNAME:2030}!","君達は{CARDNAME:2030}を打ち倒した！","你们击败了{CARDNAME:2030}！
You defeated {CARDNAME:2030}!"
"1200017","勝敗は決した……か！？","勝敗は決した……か！？","勝敗は決した……か！？"
"1200018","You triumphed over
the eldritch enemy!","君は得体の知れない敵を見事に討ち果たした！","你漂亮地击溃了那来历不明的敌人！
You triumphed over
the eldritch enemy!"
"1200019","Victory is yours!","君達は戦いに勝利した！","胜利属于你们！
Victory is yours!"
"1200301","She drove back the monster!","少女は魔物を撃退した！","少女击退了魔物！
She drove back the monster!"
"1200302","Victory is yours!","君は戦いに勝利した！","你赢了！
Victory is yours!"
"1200303","You successfully defended the gate!","君は門の防衛に<br>成功した！","你成功守<br>住了大门！
You successfully defended the gate!"
"1200304","The senators watch you fight with rapt attention.","議員達は君の戦いぶりに<br>感心している。","议员们看得目不转睛，<br>对你的身手赞叹不已。
The senators watch you fight with rapt attention."
"1200305","The Steel Primal has been silenced.","鋼の神獣は沈黙した。","钢之神兽沉默了。
The Steel Primal has been silenced."
"1200306","Somehow you got through that fight before you shriveled into dust...","干乾びる前に、どうにか<br>戦闘を切り抜けた……","总算赶在干瘪成尘之前<br>撑过了这一战……
Somehow you got through that fight before you shriveled into dust..."
"1200307","Speak with the beast tamer...","猛獣使いの少女の話を<br>聞いてみよう……","去听听驯兽少<br>女怎么说……
Speak with the beast tamer..."
"1200308","{CARDNAME:1040} easily fended off the monster.","{CARDNAME:1040}は、<br>容易く魔物を退けた。","{CARDNAME:1040}轻而易<br>举地击退了魔物。
{CARDNAME:1040} easily fended off the monster."
"1200309","You overcame this challenge with your friends' help!","仲間と助け合い、<br>難局を乗り越えた！","你与伙伴同心协力，<br>渡过了难关！
You overcame this challenge with your friends' help!"
"1200310","You defeated the monster all on your own.","君は一人で<br>魔物を退けた。","你独自击<br>退了魔物。
You defeated the monster all on your own."
"1200311","The monster breathes its last.","魔物は<br>無残に息絶えている。","魔物凄惨地咽<br>下最后一口气。
The monster breathes its last."
"1200312","You should be able to harvest wood from the felled monster...","倒した魔物から木材を<br>入手できそうだ……","看来能从倒下的魔物<br>身上取得木材……
You should be able to harvest wood from the felled monster..."
"1200313","You and your friends harvested wood from the felled monster!","君達は倒した魔物から<br>木材を手に入れた！","你们从倒下的魔物<br>身上取得了木材！
You and your friends harvested wood from the felled monster!"
"1200314","You defeated the imposters posing as your two friends! But...nothing happens.","二人の姿をした<br>何者かを倒した！<br><br>が、手ごたえはない……","你击败了冒充两<br>位伙伴的家伙！<br>

可……<br>毫无反应。
You defeated the imposters posing as your two friends! But...nothing happens."
"1200315","You and your friends claim a splendid victory over the Frost Primal!","君達は見事、<br>氷の神獣を撃破した！","你们漂亮地击败<br>了冰之神兽！
You and your friends claim a splendid victory over the Frost Primal!"
"1200316","Victory is yours, yet something still feels...off.","戦いに勝利したようだが<br>違和感は拭えない……","似乎赢了，<br>可那股违和感仍挥之不去……
Victory is yours, yet something still feels...off."
"1200317","Your hands shake as they grip your weapon...","武器を握る君の手が<br>震えている……","你握着武器的<br>手在发抖……
Your hands shake as they grip your weapon..."
"1200318","It seems the iron figure had no will to fight...","鉄の人形に戦う意思は<br>なかったようだ……","看来钢铁人偶本<br>就无意战斗……
It seems the iron figure had no will to fight..."
"1200319","Upon the battlefield stands a solitary figure...","戦場には<br>男の影がただ一つ……","战场上，<br>只剩一道孤零零的人影……
Upon the battlefield stands a solitary figure..."
"1200320","{CARDNAME:1050} is weakened. Now's your chance!","{CARDNAME:1050}は弱っている。<br>今がチャンスだ！","{CARDNAME:1050}已经虚弱不堪。<br>机会来了！
{CARDNAME:1050} is weakened. Now's your chance!"
"1200321","The primals' sorrowful cries echo long and loud.","神獣達の<br>無念の叫びが響く。","神兽们不甘的<br>悲鸣久久回荡。
The primals' sorrowful cries echo long and loud."
"1200322","{CARDNAME:1050}'s fusion with the primals begins to crumble apart...","{CARDNAME:1050}と神獣の融合は<br>解かれ、崩れていく……","{CARDNAME:1050}与神兽的融<br>合开始瓦解、崩落……
{CARDNAME:1050}'s fusion with the primals begins to crumble apart..."
"1200323","The humans have been rendered powerless...","人間達を無力化した……","人类已失去反抗之力……
The humans have been rendered powerless..."
"1200324","You defeated the white monster! Now there exists no beast that could possibly pose a threat to you or your friends...","白い魔物を一掃した！<br><br>もはや、君達の脅威と<br>なり得る魔物は、<br>存在しないだろう……","你扫清了白色魔物！<br>

如今，<br>恐怕再没有<br>魔物能威胁你<br>和伙伴了……
You defeated the white monster! Now there exists no beast that could possibly pose a threat to you or your friends..."
"1300001","You've fulfilled the necessary requirements and unlocked <highlight>{1}</highlight>'s flipside story.","コレクションの解放条件を満たしたため、<highlight>{1}</highlight>のキャラクターストーリー裏面が解放されました。","已满足解锁条件，开放<highlight>{1}</highlight>的角色背面故事。
You've fulfilled the necessary requirements and unlocked <highlight>{1}</highlight>'s flipside story."
"1300002","You've fulfilled the necessary requirements and unlocked <highlight>{1}</highlight>'s enemy story.","コレクションの解放条件を満たしたため、<highlight>{1}</highlight>のエネミーストーリー裏面が解放されました。","已满足解锁条件，开放<highlight>{1}</highlight>的敌人背面故事。
You've fulfilled the necessary requirements and unlocked <highlight>{1}</highlight>'s enemy story."
"1400001","Acquired new customization components. Navigate to <highlight>Customize</highlight> in Options to customize.","入手したコンポーネントが<br>追加されました。<br><br>オプション画面の<highlight>コンポーネント</highlight>から変更できます。","获得了新的<br>自定义内容。<br>可在“选项”中<br>的<highlight>自定义</highlight>进行更改。
Acquired new customization components. Navigate to <highlight>Customize</highlight> in Options to customize."
"1400002","Purchased new customization components. Navigate to <highlight>Customize</highlight> in Options to customize.","購入したコンポーネントが<br>追加されました。<br><br>オプション画面の<highlight>コンポーネント</highlight>から変更できます。","购买了新的<br>自定义内容。<br>可在“选项”中<br>的<highlight>自定义</highlight>进行更改。
Purchased new customization components. Navigate to <highlight>Customize</highlight> in Options to customize."
"1400003","You can now select
<highlight>Multiplayer Game Parlor</highlight>
from the title screen.","タイトル画面の<br><highlight>「遊戯場で対戦」</highlight>が<br>遊べるようになりました。","标题画面<br>现已开放<br><highlight>多人游艺场</highlight>。
You can now select
<highlight>Multiplayer Game Parlor</highlight>
from the title screen."
"1400004","You can now carry over completed save data when starting a new game.","<highlight>最初から遊ぶ</highlight>を選択時に<br>クリアデータを引き継いで<br>遊べるようになりました。","选择<highlight>开始新游戏</highlight>时，<br>现可继承<br>通关存档。
You can now carry over completed save data when starting a new game."
"1400005","Bonus components have been added. Navigate to <highlight>Customize</highlight> in Options to customize.","特典のコンポーネントが<br>追加されました。<br><br>オプション画面の<highlight>コンポーネント</highlight>から変更できます。","已追加奖励<br>自定义内容。<br>可在“选项”中<br>的<highlight>自定义</highlight>进行更改。
Bonus components have been added. Navigate to <highlight>Customize</highlight> in Options to customize."
"1400006","You can now select the player cards of the main characters in monster form when playing in multiplayer in the Game Parlor via the title screen.","タイトル画面から遊べる<br>「遊戯場で対戦」にて、<br>複数人対戦時に<br>魔物姿の主人公達の<br>プレイヤーカードを<br>選べるようになりました。","从标题画面<br>进入游艺场进<br>行多人对战时，<br>现可选择主角<br>一行的魔物形<br>态玩家卡牌。
You can now select the player cards of the main characters in monster form when playing in multiplayer in the Game Parlor via the title screen."
"1452010","Emil Avatar","エミールのコマ","埃米尔头像
Emil Avatar"
"1452020","Emil's Pattern","エミールの装束模様","埃米尔图案
Emil's Pattern"
"1452030","Grimoire Weiss Board","白の書のボード","白之书棋盘
Grimoire Weiss Board"
"1452040","Library Desk","図書館の石机","图书馆石桌
Library Desk"
"1452050","Emil Dice","エミールのダイス","埃米尔骰子
Emil Dice"
"1452060","Dress of the Bereft","奪われた者達の装束","失落者之衣
Dress of the Bereft"
"1452070","Devola's Music","デボルの奏でる曲","德沃拉之曲
Devola's Music"
"1452100","Yonah's Toy Box","ヨナのおもちゃばこ","悠娜的玩具箱
Yonah's Toy Box"
"1453060","Pixel Art Set","ドットアートセット","像素画套装
Pixel Art Set"
"1462010","Avatar design patterned after Mama.","プレイヤーのコマを、ママを模したデザインに変更できます。","可将玩家棋子换成仿照妈妈设计的样式。
Avatar design patterned after Mama."
"1462020","Card reverse patterned after an expert handbook.","カードの裏面を、「何かの技術書・上級」を模したデザインに変更できます。","可将卡背换成仿照某本高级技术手册设计的样式。
Card reverse patterned after an expert handbook."
"1462030","Board and accessories patterned after the Cage.","バトルボードやジェムボックスを、砂の檻（ケージ）を模したデザインに変更できます。","可将战斗棋盘和宝石盒换成仿照“牢笼”设计的样式。
Board and accessories patterned after the Cage."
"1462040","Table patterned after a draw screen.","テーブルを、ガチャ画面を模したデザインに変更できます。","可将桌面换成仿照抽卡画面设计的样式。
Table patterned after a draw screen."
"1462050","Dice patterned after Mama and Carrier.","ダイスを、ママや運送屋を模したデザインに変更できます。","可将骰子换成仿照妈妈和搬运工设计的样式。
Dice patterned after Mama and Carrier."
"1462060","New costumes for the heroine and her companions.","主人公とその仲間達の衣装を、別の衣装デザインに変更できます。","可为女主角及伙伴换上另一套服装。
New costumes for the heroine and her companions."
"1462070","A soundtrack reminiscent of The Girl and the Monster.","ＢＧＭを、とある少女と怪物の物語を想起させる曲に変更できます。","可将BGM换成令人想起《少女与怪物》故事的曲目。
A soundtrack reminiscent of The Girl and the Monster."
"1462100","A seven-piece set evoking a tale of reincarnation spun in the Cage.","果てしなき檻（ケージ）で紡がれる輪廻の物語を想起させるコンポーネント７種のセットです。","一套7件自定义内容，令人想起在无尽“牢笼”中编织的轮回故事。
A seven-piece set evoking a tale of reincarnation spun in the Cage."
"1463020","Replace all character and enemy illustrations with pixel art.","すべてのキャラクターとエネミーのイラストを、ドットアートに変更できます。","可将所有角色与敌人的插画换成像素画。
Replace all character and enemy illustrations with pixel art."
"1500000","{HAVECOUNT:1:MONEY}<size=80%>Ｇ</size>","{HAVECOUNT:1:MONEY}<size=80%>Ｇ</size>","{HAVECOUNT:1:MONEY}<size=80%>Ｇ</size>
{HAVECOUNT:1:MONEY}<size=80%>Ｇ</size>"
"1500001","1<size=80%>Ｇ</size>","1<size=80%>Ｇ</size>","1<size=80%>Ｇ</size>
1<size=80%>Ｇ</size>"
"1500010","10<size=80%>Ｇ</size>","10<size=80%>Ｇ</size>","10<size=80%>Ｇ</size>
10<size=80%>Ｇ</size>"
"1500020","20<size=80%>Ｇ</size>","20<size=80%>Ｇ</size>","20<size=80%>Ｇ</size>
20<size=80%>Ｇ</size>"
"1500040","40<size=80%>Ｇ</size>","40<size=80%>Ｇ</size>","40<size=80%>Ｇ</size>
40<size=80%>Ｇ</size>"
"1500050","50<size=80%>Ｇ</size>","50<size=80%>Ｇ</size>","50<size=80%>Ｇ</size>
50<size=80%>Ｇ</size>"
"1500077","77<size=80%>Ｇ</size>","77<size=80%>Ｇ</size>","77<size=80%>Ｇ</size>
77<size=80%>Ｇ</size>"
"1500080","80<size=80%>Ｇ</size>","80<size=80%>Ｇ</size>","80<size=80%>Ｇ</size>
80<size=80%>Ｇ</size>"
"1500100","100<size=80%>Ｇ</size>","100<size=80%>Ｇ</size>","100<size=80%>Ｇ</size>
100<size=80%>Ｇ</size>"
"1500110","110<size=80%>Ｇ</size>","110<size=80%>Ｇ</size>","110<size=80%>Ｇ</size>
110<size=80%>Ｇ</size>"
"1500120","120<size=80%>Ｇ</size>","120<size=80%>Ｇ</size>","120<size=80%>Ｇ</size>
120<size=80%>Ｇ</size>"
"1500150","150<size=80%>Ｇ</size>","150<size=80%>Ｇ</size>","150<size=80%>Ｇ</size>
150<size=80%>Ｇ</size>"
"1500200","200<size=80%>Ｇ</size>","200<size=80%>Ｇ</size>","200<size=80%>Ｇ</size>
200<size=80%>Ｇ</size>"
"1500220","220<size=80%>Ｇ</size>","220<size=80%>Ｇ</size>","220<size=80%>Ｇ</size>
220<size=80%>Ｇ</size>"
"1500250","250<size=80%>Ｇ</size>","250<size=80%>Ｇ</size>","250<size=80%>Ｇ</size>
250<size=80%>Ｇ</size>"
"1500300","300<size=80%>Ｇ</size>","300<size=80%>Ｇ</size>","300<size=80%>Ｇ</size>
300<size=80%>Ｇ</size>"
"1500400","400<size=80%>Ｇ</size>","400<size=80%>Ｇ</size>","400<size=80%>Ｇ</size>
400<size=80%>Ｇ</size>"
"1500500","500<size=80%>Ｇ</size>","500<size=80%>Ｇ</size>","500<size=80%>Ｇ</size>
500<size=80%>Ｇ</size>"
"1500550","550<size=80%>Ｇ</size>","550<size=80%>Ｇ</size>","550<size=80%>Ｇ</size>
550<size=80%>Ｇ</size>"
"1500600","600<size=80%>Ｇ</size>","600<size=80%>Ｇ</size>","600<size=80%>Ｇ</size>
600<size=80%>Ｇ</size>"
"1500700","700<size=80%>Ｇ</size>","700<size=80%>Ｇ</size>","700<size=80%>Ｇ</size>
700<size=80%>Ｇ</size>"
"1500800","800<size=80%>Ｇ</size>","800<size=80%>Ｇ</size>","800<size=80%>Ｇ</size>
800<size=80%>Ｇ</size>"
"1500840","840<size=80%>Ｇ</size>","840<size=80%>Ｇ</size>","840<size=80%>Ｇ</size>
840<size=80%>Ｇ</size>"
"1500900","900<size=80%>Ｇ</size>","900<size=80%>Ｇ</size>","900<size=80%>Ｇ</size>
900<size=80%>Ｇ</size>"
"1501000","1000<size=80%>Ｇ</size>","1000<size=80%>Ｇ</size>","1000<size=80%>Ｇ</size>
1000<size=80%>Ｇ</size>"
"1501200","1200<size=80%>Ｇ</size>","1200<size=80%>Ｇ</size>","1200<size=80%>Ｇ</size>
1200<size=80%>Ｇ</size>"
"1501430","1430<size=80%>Ｇ</size>","1430<size=80%>Ｇ</size>","1430<size=80%>Ｇ</size>
1430<size=80%>Ｇ</size>"
"1501500","1500<size=80%>Ｇ</size>","1500<size=80%>Ｇ</size>","1500<size=80%>Ｇ</size>
1500<size=80%>Ｇ</size>"
"1501600","1600<size=80%>Ｇ</size>","1600<size=80%>Ｇ</size>","1600<size=80%>Ｇ</size>
1600<size=80%>Ｇ</size>"
"1501800","1800<size=80%>Ｇ</size>","1800<size=80%>Ｇ</size>","1800<size=80%>Ｇ</size>
1800<size=80%>Ｇ</size>"
"1502000","2000<size=80%>Ｇ</size>","2000<size=80%>Ｇ</size>","2000<size=80%>Ｇ</size>
2000<size=80%>Ｇ</size>"
"1502500","2500<size=80%>Ｇ</size>","2500<size=80%>Ｇ</size>","2500<size=80%>Ｇ</size>
2500<size=80%>Ｇ</size>"
"1503000","3000<size=80%>Ｇ</size>","3000<size=80%>Ｇ</size>","3000<size=80%>Ｇ</size>
3000<size=80%>Ｇ</size>"
"1504000","4000<size=80%>Ｇ</size>","4000<size=80%>Ｇ</size>","4000<size=80%>Ｇ</size>
4000<size=80%>Ｇ</size>"
"1505000","5000<size=80%>Ｇ</size>","5000<size=80%>Ｇ</size>","5000<size=80%>Ｇ</size>
5000<size=80%>Ｇ</size>"
"1506000","6000<size=80%>Ｇ</size>","6000<size=80%>Ｇ</size>","6000<size=80%>Ｇ</size>
6000<size=80%>Ｇ</size>"
"1510000","10000<size=80%>Ｇ</size>","10000<size=80%>Ｇ</size>","10000<size=80%>Ｇ</size>
10000<size=80%>Ｇ</size>"
"1520000","20000<size=80%>Ｇ</size>","20000<size=80%>Ｇ</size>","20000<size=80%>Ｇ</size>
20000<size=80%>Ｇ</size>"
"1600001","<highlight>Abilities</highlight> are <highlight>skills that confer passive effects</highlight> in battle.

They take effect automatically without needing to be equipped.","<highlight>特性</highlight>とは、バトル時に<highlight>永続的に効果を発揮するスキル</highlight>のことを指します。<br><br>特性は、セットしなくても自動で効果が発動します。","<highlight>特性</highlight>是战斗中<highlight>持续生效的被动技能</highlight>。<br>

获得后无需装备，<br>会自动生效。
<highlight>Abilities</highlight> are <highlight>skills that confer passive effects</highlight> in battle.

They take effect automatically without needing to be equipped."
"1600002","They activate automatically once acquired, so you do not need to manage them yourself.","【カット予定】一度習得した特性は、<br>セットしなくても<br>自動的に発動する。","获得特性后<br>无需管理，<br>会自动生效。
They activate automatically once acquired, so you do not need to manage them yourself."
"2000001","Nothing happens.","何も起こらない。","什么也没发生。
Nothing happens."
"2000002","Move 1 card from the selected opponent's hand to the pot.","指定した対戦相手の<br>手札を1枚、共有置場に<br>移動させる。","将指定对手<br>1张手牌移<br>至公共区。
Move 1 card from the selected opponent's hand to the pot."
"2000003","Steal 1 set from selected player.","指定したプレイヤーの<br>セットを1つ奪い取る。","夺取指定玩家<br>1组组合。
Steal 1 set from selected player."
"2000004","Add 1 card to your hand.","手札が1枚増える。","手牌增加1张。
Add 1 card to your hand."
"2000005","Add 2 cards to your hand.","手札が2枚増える。","手牌增加2张。
Add 2 cards to your hand."
"2000006","Reverse turn order.","行動する順番が反転する。","行动顺序反转。
Reverse turn order."
"2000007","Forces target player to rest next turn.","次のターンに行動する<br>対戦相手が<br>1回休みになる。","指定玩家<br>下回合<br>休息。
Forces target player to rest next turn."
"2000008","The player who draws this card must rest.","このカードを引いた<br>プレイヤーは<br>1回休みになる。","抽到此牌<br>的玩家休<br>息一回合。
The player who draws this card must rest."
"2000009","Return up to 5 used event cards to the deck.","使用された<br>イベントカードが<br>最大5枚、山札に戻る。","将最多5张已<br>使用的事件<br>卡放回牌堆。
Return up to 5 used event cards to the deck."
"2000010","Return up to 5 destroyed cards to the deck.","破棄された<br>トランプカードが<br>最大5枚、山札に戻る。","将最多5张<br>已销毁的卡牌<br>放回牌堆。
Return up to 5 destroyed cards to the deck."
"2000011","Move your hand to the pot.","手札が共有置場に<br>移動してしまう。","将自己的手牌全<br>部移至公共区。
Move your hand to the pot."
"2000012","Moves all players' hands to the pot.","全員の手札が共有置場に<br>移動してしまう。","将所有玩家的手牌<br>全部移至公共区。
Moves all players' hands to the pot."
"2000013","Destroys all cards in the pot.","共有置場のカードが<br>すべて破棄される。","销毁公共区<br>全部卡牌。
Destroys all cards in the pot."
"2000014","Instant effect skills will not trigger this turn, even if the player makes a set.","このターンは<br>カードセットを揃えても<br>即時発動スキルが<br>発動しない。","本回合即<br>使凑成组合，<br>也不会触发<br>即时技能。
Instant effect skills will not trigger this turn, even if the player makes a set."
"2000015","One set must be moved to the pot.","カードセット1つを<br>共有置場に移動<br>しなければならない。","必须将1<br>组组合移<br>至公共区。
One set must be moved to the pot."
"2002101","If a set makes a 3-card straight, take another turn.","数字が隣り合う<br>3枚セットを揃えると、<br>もう一度、<br>自分のターンになる。","若凑成3张连<br>续数字的顺子，<br>可再行动<br>一回合。
If a set makes a 3-card straight, take another turn."
"2002102","The selected opponent gains no cards during their next draw phase.","指定した対戦相手の次の<br>ドローフェイズで配られる<br>手札がなくなる。","指定对手下次<br>摸牌阶段无法<br>获得卡牌。
The selected opponent gains no cards during their next draw phase."
"2002103","Roll upon your next action and gain 1 card on a <highlight>2 or higher</highlight>.","行動開始時にダイスを<br>振って<highlight>2以上</highlight>なら<br>手札が1枚増える。","下次行动时掷骰，<br>若为<highlight>2点以上</highlight>，<br>获得1张卡。
Roll upon your next action and gain 1 card on a <highlight>2 or higher</highlight>."
"2002104","All opponents roll upon their next action and must rest on a <highlight>3 or lower</highlight>.","対戦相手全員が次の<br>行動時にダイスを振り、<br><highlight>3以下</highlight>なら1回休みになる。","所有对手下次行动时掷骰，<br>若为<highlight>3点以下</highlight>，<br>休息一回合。
All opponents roll upon their next action and must rest on a <highlight>3 or lower</highlight>."
"2002105","If a set makes a 3-card straight, that set's points are doubled.","数字が隣り合う<br>3枚セットを揃えると、<br>そのセットの得点が<br>2倍になる。","若凑成3张连<br>续数字的顺子，<br>该组合得<br>分翻倍。
If a set makes a 3-card straight, that set's points are doubled."
"2002106","Roll a die and destroy all players' sets which include that number, including your own.","ダイスを振って出た数字の<br>セットを破棄する。<br>対象は自分も含む全員。","掷1枚骰子，<br>所有玩家含有该点数的<br>组合全部销毁，包括自己。
Roll a die and destroy all players' sets which include that number, including your own."
"2002107","Roll upon your next action and gain 1 card on a <highlight>4 or higher</highlight>.","行動開始時にダイスを<br>振って<highlight>4以上</highlight>なら<br>手札が1枚増える。","下次行动时掷骰，<br>若为<highlight>4点以上</highlight>，<br>获得1张卡。
Roll upon your next action and gain 1 card on a <highlight>4 or higher</highlight>."
"2002108","Nullify rest <highlight>any number of times</highlight>.","1回休みを<highlight>何度でも</highlight><br>無効化する。","可<highlight>不限次数</highlight><br>免除休息。
Nullify rest <highlight>any number of times</highlight>."
"2002109","Discard the selected opponent's set. If the target has an <highlight>instant effect</highlight>, that skill triggers.","指定した対戦相手の<br>カードセットを破棄する。<br>対象が<highlight>即時発動</highlight>であれば<br>スキルが発動する。","丢弃指定对<br>手1组组合。<br>若目标带有<highlight>即时效果</highlight>，<br>则触发该技能。
Discard the selected opponent's set. If the target has an <highlight>instant effect</highlight>, that skill triggers."
"2002110","If a set makes a 3-card straight, make a selected opponent rest.","数字が隣り合う<br>3枚セットを揃えると、<br>指定した対戦相手を<br>1回休みにできる。","若凑成3张连<br>续数字的顺子，<br>使指定对手<br>休息一回合。
If a set makes a 3-card straight, make a selected opponent rest."
"2002111","Destroys all cards in the pot.","共有置場のカードが<br>すべて破棄される。","销毁公共区<br>全部卡牌。
Destroys all cards in the pot."
"2002112","At the start of the next opponent's turn, choose <highlight>1</highlight> of their actions for them.","次の対戦相手の<br>行動を<highlight>1回</highlight>操作できる。","下一名对手回合开始时，<br>替其决定<highlight>1项</highlight>行动。
At the start of the next opponent's turn, choose <highlight>1</highlight> of their actions for them."
"2002113","Prevent all opponents from drawing event cards on their next turn.","すべての対戦相手は、次の<br>行動時にイベントカードが<br>引けなくなる。","所有对手下<br>回合无法抽<br>取事件卡。
Prevent all opponents from drawing event cards on their next turn."
"2002114","Pass to the right 1 set from each player.","全員の所持している<br>1セットが<br>右回りに入れ替わる。","所有玩家各<br>将1组组合传<br>给右侧玩家。
Pass to the right 1 set from each player."
"2010001","Choose a card from the selected opponent to move to the pot.","対戦相手を指定し、<br>共有置場へ移動させる<br>カードを選んでください。","从指定对手<br>的手牌中，<br>选择1张移至公共区。
Choose a card from the selected opponent to move to the pot."
"2010002","Choose whose set to steal.","誰のセットを奪うか<br>選んでください。","选择要夺取哪<br>名玩家的组合。
Choose whose set to steal."
"2010003","Choose an opponent to make rest.","1回休みにしたい対戦相手を選んでください。","选择要让哪名对手休息。
Choose an opponent to make rest."
"2010004","Choose a card from the pot to destroy.","破棄させる共有置場の<br>カードを選んでください。","选择公共区中<br>要销毁的卡牌。
Choose a card from the pot to destroy."
"2010005","Choose the opponent whose next turn you will control.","次のターン、代わりに行動する対戦相手を選んでください。","选择下回合要代为操作的对手。
Choose the opponent whose next turn you will control."
"2010006","The Joker sees one set from each player passed to the right.","ジョーカーの効果によって全員の所持している1セットが右回りに入れ替わります。","小丑牌效果：所有玩家各将1组组合传给右侧玩家。
The Joker sees one set from each player passed to the right."
"2010007","The selected opponent gains no cards during their next draw phase.","指定した対戦相手の次のドローフェイズで配られる手札がなくなります。","指定对手下次摸牌阶段无法获得卡牌。
The selected opponent gains no cards during their next draw phase."
"2010008","Discard the selected opponent's set. If the targeted set has an <highlight>instant effect</highlight>, that skill triggers.","指定した対戦相手のカードセットを破棄します。対象のセット効果が即時発動であれば、スキルが発動します。","丢弃指定对手1组组合。若目标组合带有<highlight>即时效果</highlight>，则触发该技能。
Discard the selected opponent's set. If the targeted set has an <highlight>instant effect</highlight>, that skill triggers."
"2010009","Select a set to move to the pot.","共有置場へ移動させる<br>カードセットを<br>選んでください。","选择要移<br>至公共区<br>的组合。
Select a set to move to the pot."
"2010101","There were no target cards.","対象になるカードがありません。","没有可选卡牌。
There were no target cards."
"2010102","There were no players to choose.","選べる相手がいません。","没有可选玩家。
There were no players to choose."
"2010103","You cannot add any more cards to your hand as no cards remain in the deck.","山札が0枚のため、<br>これ以上手札を<br>増やすことはできません。","牌堆已空，<br>无法再<br>增加手牌。
You cannot add any more cards to your hand as no cards remain in the deck."
"2011001","The game begins.","ゲームスタートです。","游戏开始。
The game begins."
"2020000","","",""
"2020001","Choose whether to play using a single Nintendo Switch system, or to connect to nearby players so everyone can play on their own system.
(When playing with multiple systems, every player must have their own copy of the game.)","1台のNintendo Switchで遊ぶか、複数台で近くの人と通信して遊ぶか選んでください。
（複数台で遊ぶときは、人数分のソフトが必要です）","选择在一台Nintendo Switch上游玩，或通过本地联机让每位玩家各用一台主机。
（使用多台主机时，每位玩家都需拥有本游戏。）
Choose whether to play using a single Nintendo Switch system, or to connect to nearby players so everyone can play on their own system.
(When playing with multiple systems, every player must have their own copy of the game.)"
"2020002","","",""
"2020003","Do you play on this screen? <br> <br> Can the number of people who participate in the game be <0>?","","要在这个画面游玩吗？<br><br>参加人数可以是<0>吗？
Do you play on this screen? <br> <br> Can the number of people who participate in the game be <0>?"
"2020004","Right. How many of you are there?","では、君達の参加人数を<br>教えてください。","那么，<br>有几个人参加？
Right. How many of you are there?"
"2020005","","",""
"2020006","","",""
"2020007","","",""
"2020008","Recruit players for a <highlight>local game</highlight>, or join someone else's game. (If the game is set to different languages, you cannot play together.)","<highlight>ローカル通信</highlight>で参加者を募集するか、誰かのゲームに参加してください。<br>（このゲームの言語設定が異なっていると、一緒に遊べません）","通过<highlight>本地联机</highlight>招募玩家，或加入其他人的游戏。<br>（语言设置不同则无法一起游玩。）
Recruit players for a <highlight>local game</highlight>, or join someone else's game. (If the game is set to different languages, you cannot play together.)"
"2020009","The host player is setting up the game. Please wait.<br>(Loading{0})","ゲームを主催するプレイヤーが準備しています。<br><br>少しお待ちください。<br>　　（準備中{0}）","主机玩家<br>正在准备，<br>请稍候。<br>（准备中{0}）
The host player is setting up the game. Please wait.<br>(Loading{0})"
"2020010","Found a game to join. Please select your player card.","ゲームを募集している<br>プレイヤーが見つかりました。<br><br>君のプレイヤーカードを<br>選んでください。","已找到<br>可加入<br>的游戏。<br>请选择你的<br>玩家卡牌。
Found a game to join. Please select your player card."
"2020011","Searching for players. Please wait.<br>(Loading{0})","君のゲームに参加する<br>プレイヤーを募集中です。<br><br>少しお待ちください。<br>　　（募集中{0}）","正在招<br>募玩家，<br>请稍候。<br>（招募中<br>{0}）
Searching for players. Please wait.<br>(Loading{0})"
"2020012","Searching for nearby games. Please wait.<br>(Loading{0})","参加者を募集している<br>プレイヤーが近くに<br>いないか検索しています。<br><br>少しお待ちください。<br>　　（検索中{0}）","正在搜<br>索附近<br>的游戏，<br>请稍候。<br>（搜索中<br>{0}）
Searching for nearby games. Please wait.<br>(Loading{0})"
"2020013","Found players to join your game. Please select your player card.","君のゲームに参加するプレイヤーが見つかりました。<br><br>君のプレイヤーカードを<br>選んでください。","已有玩家加<br>入你的游戏。<br>请选择你的<br>玩家卡牌。
Found players to join your game. Please select your player card."
"2020014","You have found the player making the game. <br> <br> Please wait as it is.","まだ募集を続ける場合は<br>このまま待ってくれ。<br>　　（募集中{0}）","已找到主机玩家。若继续招募，请稍候。<br><br>（招募中{0}）
You have found the player making the game. <br> <br> Please wait as it is."
"2020015","The number of participants in your game has reached {0}. <br> <br> Now, let's proceed with the rest.","ゲームを募集している<br>プレイヤーが見つかったぞ。<br><br>（ホストが操作中{0}）","参加人数已<br>达{0}人。<br>主机玩家正在操作，<br>请稍候。
The number of participants in your game has reached {0}. <br> <br> Now, let's proceed with the rest."
"2020016","<highlight>{0}</highlight> of you, hm? But up to 4 can play. I can supply the remaining opponents, if you'd like.","プレイヤーは<highlight>{0}人</highlight>ですね。<br>最大4人までゲームに参加できますが、こちらが用意した対戦相手を追加しますか？","一共<highlight>{0}人</highlight>，对吧？最多可4人游玩，<br>需要我补上其余对手吗？
<highlight>{0}</highlight> of you, hm? But up to 4 can play. I can supply the remaining opponents, if you'd like."
"2020017","Choose whether to pass one controller around or for each player to use their own. (In the latter case, you will need enough controllers for each player.)","コントローラー1台を順に回して遊ぶか、複数台用意して別々に持って遊ぶか選んでください。（別々に持って遊ぶ場合は人数分のコントローラーが必要です）","选择轮流使用同一个控制器，或每人各用一个。（选择后者时，需要准备与人数相同的控制器。）
Choose whether to pass one controller around or for each player to use their own. (In the latter case, you will need enough controllers for each player.)"
"2020018","Choose whether to pass one controller around or for each player to use their own. (In the latter case, you will need enough controllers for each player.)","コントローラー1個を順に回して遊ぶか、複数台用意して別々に持って遊ぶか選んでください。（別々に持って遊ぶ場合は人数分のコントローラーが必要です）","选择轮流使用同一个控制器，或每人各用一个。（选择后者时，需要准备与人数相同的控制器。）
Choose whether to pass one controller around or for each player to use their own. (In the latter case, you will need enough controllers for each player.)"
"2020019","Choose whether to pass one wireless controller around or for each player to use their own. (In the latter case, you will need enough controllers for each player.)","ワイヤレスコントローラー1台を順に回して遊ぶか、複数台用意して別々に持って遊ぶか選んでください。<br>（別々に持って遊ぶ場合は人数分のコントローラーが必要です）","选择轮流使用同一个无线控制器，或每人各用一个。<br>（选择后者时，需要准备与人数相同的控制器。）
Choose whether to pass one wireless controller around or for each player to use their own. (In the latter case, you will need enough controllers for each player.)"
"2020020","Everyone is selecting their player card. Please wait.","他の参加者がプレイヤーカードを選択中です。<br>少しお待ちください。","其他玩家正在选择玩家卡牌，<br>请稍候。
Everyone is selecting their player card. Please wait."
"2020021","Lastly, choose the game rules for this round.","最後に、今回遊ぶゲームの<br>ルールを選んでください。","最后，<br>选择本局规则。
Lastly, choose the game rules for this round."
"2020022","Everyone has selected their player card. Closing player recruitment and proceeding to the next step.","参加者全員がプレイヤーカードを選択しました。<br>参加者の募集を締め切り、次に進みます。","所有玩家都已选好玩家卡牌。<br>停止招募，进入下一步。
Everyone has selected their player card. Closing player recruitment and proceeding to the next step."
"2020023","","プレイヤー{0}は<br>君たちが操作するのか？<br><br>それとも<br>私が操作しようか？","玩家{0}<br>由你们<br>操作吗？<br>还是由<br>我来？"
"2020024","","プレイヤー{0}は<br>誰が操作するんだ？<br><br>操作したいコントローラで<br>選んでくれ。","玩家{0}<br>由谁操作？<br>请用想要操<br>作它的控制<br>器进行选择。"
"2020025","","プレイヤー{0}を操作する<br>コントローラで選んでくれ。","请用操作玩家{0}<br>的控制器进行选择。"
"2020026","Please confirm that all players are ready. Or would everyone like to reselect their character cards?","参加するプレイヤーが全員揃っているか確認してください。また、全員でプレイヤーカードを選びなおすこともできます。","确认所有玩家都已准备好。也可以让所有人重新选择角色卡牌。
Please confirm that all players are ready. Or would everyone like to reselect their character cards?"
"2020027","<highlight>{0}</highlight> of you sharing one controller, hm? But up to 4 can play. I can supply the remaining opponents, if you'd like. ","1台のコントローラーを使って<highlight>{0}人</highlight>で遊ぶのですね。4人までゲームに参加できますが、こちらが用意した対戦相手を追加しますか？","<highlight>{0}人</highlight>共用一个控制器，对吧？最多可4人游玩，需要我补上其余对手吗？
<highlight>{0}</highlight> of you sharing one controller, hm? But up to 4 can play. I can supply the remaining opponents, if you'd like. "
"2020028","<highlight>{0}</highlight> of you sharing one controller, hm? But up to 4 can play. I can supply the remaining opponents, if you'd like. ","1個のコントローラーを使って<highlight>{0}人</highlight>で遊ぶのですね。4人までゲームに参加できますが、こちらが用意した対戦相手を追加しますか？","<highlight>{0}人</highlight>共用一个控制器，对吧？最多可4人游玩，需要我补上其余对手吗？
<highlight>{0}</highlight> of you sharing one controller, hm? But up to 4 can play. I can supply the remaining opponents, if you'd like. "
"2020029","<highlight>{0}</highlight> of you with your own controllers, hm? But up to 4 can play. I can supply the remaining opponents, if you'd like. ","コントローラーを別々に持って<highlight>{0}人</highlight>で遊ぶのですね。<br>4人までゲームに参加できますが、こちらが用意した対戦相手を追加しますか？","<highlight>{0}人</highlight>各自使用控制器，对吧？<br>最多可4人游玩，需要我补上其余对手吗？
<highlight>{0}</highlight> of you with your own controllers, hm? But up to 4 can play. I can supply the remaining opponents, if you'd like. "
"2020030","Lastly, choose the game rules for this round.","最後に、今回遊ぶゲームのルールを選んでください。","最后，选择本局规则。
Lastly, choose the game rules for this round."
"2020031","Cards: <highlight>1–8</highlight>","トランプカード <highlight>1～8</highlight>","卡牌：<highlight>1～8</highlight>
Cards: <highlight>1–8</highlight>"
"2020032","Cards: <highlight>1–8</highlight>
Skill Effects: <highlight>Yes</highlight>","トランプカード <highlight>1～8</highlight><br>スキル効果 <highlight>あり</highlight>","卡牌：<br><highlight>1～8</highlight>
技能效果：<highlight>有</highlight>
Cards: <highlight>1–8</highlight>
Skill Effects: <highlight>Yes</highlight>"
"2020033","Cards: <highlight>1–10</highlight>
Skill Effects: <highlight>Yes</highlight>
Event Cards: <highlight>Yes</highlight>","トランプカード <highlight>1～10</highlight><br>スキル効果 <highlight>あり</highlight><br>イベントカード <highlight>あり</highlight>","卡牌：<br><highlight>1～10</highlight>
技能效果：<br><highlight>有</highlight>
事件卡：<highlight>有</highlight>
Cards: <highlight>1–10</highlight>
Skill Effects: <highlight>Yes</highlight>
Event Cards: <highlight>Yes</highlight>"
"2020034","Cards:  <highlight>All</highlight>
Skill Effects:  <highlight>Yes</highlight>
Event Cards: <highlight>Yes</highlight>
Joker: <highlight>Yes</highlight>","トランプカード <highlight>すべて</highlight><br>スキル効果 <highlight>あり</highlight><br>イベントカード <highlight>あり</highlight><br>ジョーカー <highlight>あり</highlight>","卡牌：<br><highlight>全部</highlight>
技能效果：<br><highlight>有</highlight>
事件卡：<br><highlight>有</highlight>
小丑牌：<highlight>有</highlight>
Cards:  <highlight>All</highlight>
Skill Effects:  <highlight>Yes</highlight>
Event Cards: <highlight>Yes</highlight>
Joker: <highlight>Yes</highlight>"
"2020035","Please confirm that all players are ready. Or would everyone like to reselect their character cards?","参加するプレイヤーが全員揃っているか確認してください。また、全員でプレイヤーカードを選びなおすこともできます。","确认所有玩家都已准备好。也可以让所有人重新选择角色卡牌。
Please confirm that all players are ready. Or would everyone like to reselect their character cards?"
"2020036","Very well. You can learn the basic rules over a game. Are you ready?","実際にカードゲームをプレイしながら、基本的な遊び方を見ていきましょう。","好。边玩边学基本规则吧，准备好了吗？
Very well. You can learn the basic rules over a game. Are you ready?"
"2020037","Everything's all set. Now then, let the game begin.","準備はすべて整いました。<br>ゲームを始めましょう。","一切就绪。<br>那么，游戏开始。
Everything's all set. Now then, let the game begin."
"2020041","","カードゲームを遊ぶのは<br>初めてのようだな？<br><br>ルールを理解するために<br>遊び方を学んでみるか？","看来你是<br>第一次玩<br>卡牌游戏？<br>要不要先<br>学学规则？"
"2020042","","",""
"2020043","","",""
"2020044","","遊び方を知りたくなったら<br>またいつでも聞いてくれ。<br><br>それでは気を取り直して。","想了解玩法时，<br>随时再来问我。<br>那么，<br>言归正传。"
"2020045","","",""
"2020046","","どのルールについて<br>聞きたいんだ？","想了解哪<br>一项规则？"
"2020047","","",""
"2020048","","",""
"2020049","","",""
"2020050","Welcome to the Game Parlor! What's your pleasure?","遊戯場へようこそ！<br><br>今日は何をしますか？","欢迎来到<br>游艺场！<br>今天想做什么？
Welcome to the Game Parlor! What's your pleasure?"
"2020051","","",""
"2020052","","",""
"2020053","Play a round on Simple, or see the rules.","「シンプル」のルールで遊ぶか、このルールを確認するか選んでください。","按“简单”规则玩一局，或查看规则。
Play a round on Simple, or see the rules."
"2020054","Play a round on Add Skills, or see the rules.","「スキル追加」のルールで遊ぶか、このルールを確認するか選んでください。","按“追加技能”规则玩一局，或查看规则。
Play a round on Add Skills, or see the rules."
"2020055","Play a round on Add Events, or see the rules.","「イベント追加」のルールで遊ぶか、このルールを確認するか選んでください。","按“追加事件”规则玩一局，或查看规则。
Play a round on Add Events, or see the rules."
"2020056","Play a round on Include All, or see the rules.","「すべて解放」のルールで遊ぶか、このルールを確認するか選んでください。","按“全部开放”规则玩一局，或查看规则。
Play a round on Include All, or see the rules."
"2020061","Welcome to the Game Parlor, where you can play <highlight>cards</highlight> to your heart's content!","ようこそ！<br>ここはカードゲームを<br>思う存分楽しめる<br><highlight>「遊戯場」</highlight>です。","欢迎来到<br><highlight>游艺场</highlight>！<br>这里可以尽情<br>享受卡牌游戏。
Welcome to the Game Parlor, where you can play <highlight>cards</highlight> to your heart's content!"
"2020062","Here, you can play a round with <highlight>up to 4</highlight> nearby players.","ここでは<br>近くのプレイヤーと<br><highlight>最大4人</highlight>で対戦できます。","可与附近<br>玩家<highlight>最多4人</highlight><br>对战。
Here, you can play a round with <highlight>up to 4</highlight> nearby players."
"2020063","Of course, I can supply opponents for you if you're on your own.","もちろん、こちらが用意した対戦相手と1人で戦うこともできます。","当然，只有你一人时，我也可以为你安排对手。
Of course, I can supply opponents for you if you're on your own."
"2020064","So you'll play by yourself against Parlor-supplied opponents. Now all you need to do is choose the rules.","こちらが用意した対戦相手と、君1人で遊びます。<br><br>では、遊びたいルールを選んでください。","那么，由你独自对战<br>游艺场安排的对手。<br>接下来只需选择规则。
So you'll play by yourself against Parlor-supplied opponents. Now all you need to do is choose the rules."
"2020065","","",""
"2020066","The rules are set. Now then, let the game begin!","ルールが決まりました。<br>ゲームを始めましょう。","规则已定。<br>那么，游戏开始！
The rules are set. Now then, let the game begin!"
"2020067","","",""
"2020068","Select your player cards in order on the next screen.","それでは、次の画面で好きなプレイヤーカードを順番に選んでください。","请在下个画面依次选择玩家卡牌。
Select your player cards in order on the next screen."
"2020069","","",""
"2020070","","",""
"2020071","It seems like you don't have enough controllers for the number of players. Please choose another play method.","参加人数に対してコントローラーの数が足りないようです。もう一度操作方法を選びなおしてください。","控制器数量似乎少于参加人数。请选择其他操作方式。
It seems like you don't have enough controllers for the number of players. Please choose another play method."
"2020072","","",""
"2020073","Very well. You can learn the basic rules over a game. Are you ready?","実際にカードゲームをプレイしながら、基本的な遊び方を見ていきましょう。","好。边玩边学基本规则吧，准备好了吗？
Very well. You can learn the basic rules over a game. Are you ready?"
"2020074","","",""
"2020075","","",""
"2020076","First things first, let's get this game set up. Once more, from the top...","まずはゲームの準備から始めましょう。<br><br>では、改めて……","先从准备游戏开始。<br>那么，<br>再来一遍……
First things first, let's get this game set up. Once more, from the top..."
"2020077","","",""
"2020078","Everyone is selecting their player card. Please wait.","他の参加者がプレイヤーカードを選択中です。<br>少しお待ちください。","其他玩家正在选择玩家卡牌，<br>请稍候。
Everyone is selecting their player card. Please wait."
"2020079","Start the round with this number of players? Or would you like to change your character card?","この人数で対戦を開始しますか？<br>それとも、キャラクターカードを選びなおしますか？","按当前人数开始对战，<br>还是重新选择角色卡牌？
Start the round with this number of players? Or would you like to change your character card?"
"2020080","","",""
"2020081","","",""
"2020082","<highlight>{0}</highlight> of you, hm? But up to 4 can play. I can supply the remaining opponents, if you'd like. ","<highlight>{0}人</highlight>で遊ぶのですね。4人までゲームに参加できますが、こちらが用意した対戦相手を追加しますか？","一共<highlight>{0}人</highlight>，对吧？最多可4人游玩，需要我补上其余对手吗？
<highlight>{0}</highlight> of you, hm? But up to 4 can play. I can supply the remaining opponents, if you'd like. "
"2020090","Next player card","次の<br>プレイヤーカードへ","下一张<br>玩家卡牌
Next player card"
"2020091","Previous player card","前の<br>プレイヤーカードへ","上一张<br>玩家卡牌
Previous player card"
"2021000","Using cards numbered 1 to 8, make sets of two or three of a kind, or three numerals in sequential order.","<highlight>1～8</highlight>までの数字のトランプカードを使って、同じ数字を2～3枚、または連続した数字3枚のセットを作ろう。","使用<highlight>1～8</highlight>的数字牌，凑成2～3张同号牌，或3张连续数字牌的组合。
Using cards numbered 1 to 8, make sets of two or three of a kind, or three numerals in sequential order."
"2021001","The game ends when all cards from the deck have been used.","山札にあるトランプカードがすべてなくなったら、そこでゲーム終了です。","牌堆中的卡牌全部用完后，游戏结束。
The game ends when all cards from the deck have been used."
"2021002","The numerals in your sets are added to your score as points, and the player with the highest score at the end of the game is the winner.","カードセットの数字はそのまま君の点数となり、誰よりも高い点を得た者が勝者となります。","组合中各牌数字之和即为得分，游戏结束时分数最高者获胜。
The numerals in your sets are added to your score as points, and the player with the highest score at the end of the game is the winner."
"2021010","Follows the same rules as Simple, but with the addition of <highlight>skill effects</highlight>.","基本はシンプルルールと同じですが、トランプカードに<highlight>スキル効果</highlight>が付きます。","规则与“简单”相同，但加入<highlight>技能效果</highlight>。
Follows the same rules as Simple, but with the addition of <highlight>skill effects</highlight>."
"2021011","Skill effects are triggered when <highlight>sets with matching numerals are formed</highlight>.","スキル効果は<highlight>同じ数字でセットを揃える</highlight>と発動します。","凑成<highlight>同号牌组合</highlight>时会触发技能效果。
Skill effects are triggered when <highlight>sets with matching numerals are formed</highlight>."
"2021012","Effects include those that benefit you and those that hinder your opponents.","スキル効果には、自分が得をするものや、相手を妨害するものがあります。","技能效果既有利己，也有妨碍对手的类型。
Effects include those that benefit you and those that hinder your opponents."
"2021020","<highlight>Adding events</highlight> supplements the rules by allowing <highlight>event cards</highlight> to be drawn at the start of a turn.","<highlight>イベント追加</highlight>は、行動開始時に<highlight>イベントカード</highlight>を引けるようになるルールです。","<highlight>追加事件</highlight>规则下，每回合开始时可以抽取<highlight>事件卡</highlight>。
<highlight>Adding events</highlight> supplements the rules by allowing <highlight>event cards</highlight> to be drawn at the start of a turn."
"2021021","Event cards include a mix of those that may be either beneficial or detrimental to you.","イベントカードには、自分が有利になるもの、不利になるものが混在しています。","事件卡有利有弊。
Event cards include a mix of those that may be either beneficial or detrimental to you."
"2021022","Carefully consider the state of the game before deciding whether or not to draw an event card.","戦況に応じて、イベントカードを引くか引かないかの判断も重要です。","是否抽取事件卡，也要视战况而定。
Carefully consider the state of the game before deciding whether or not to draw an event card."
"2021023","Additionally, card values range from <highlight>1 to 10</highlight>, and skill effects are also included.","トランプカードの数字は<highlight>1～10</highlight>まで、スキル効果もありになっています。","此外，数字牌扩展至<highlight>1～10</highlight>，并启用技能效果。
Additionally, card values range from <highlight>1 to 10</highlight>, and skill effects are also included."
"2021030","Card values range from <highlight>1 to 13</highlight> and also include <highlight>Jokers</highlight>.","<highlight>1～13</highlight>までの数字のトランプカードに、<highlight>ジョーカー</highlight>が追加されたルールです。","数字牌扩展至<highlight>1～13</highlight>，并加入<highlight>小丑牌</highlight>。
Card values range from <highlight>1 to 13</highlight> and also include <highlight>Jokers</highlight>."
"2021031","Drawing a <highlight>Joker</highlight> causes one set from each player to be passed to the right.","<highlight>ジョーカー</highlight>を引くと、全員の所持している1セットが右回りに入れ替わります。","抽到<highlight>小丑牌</highlight>后，所有玩家各将1组组合传给右侧玩家。
Drawing a <highlight>Joker</highlight> causes one set from each player to be passed to the right."
"2021032","This rule set keeps things lively by including skill effects, event cards, and Jokers—the whole shebang.","スキル効果、イベントカード、そしてジョーカーと、戦況を引っ掻き回す要素が盛りだくさんなルールとなっています。","技能效果、事件卡、小丑牌悉数登场，战局变化更多。
This rule set keeps things lively by including skill effects, event cards, and Jokers—the whole shebang."
"2040005","Without further ado, allow me to explain the game's <highlight>basic rules</highlight>.","それでは……<br>カードゲームの<highlight>基本ルール</highlight><br>を説明しよう。","那么，<br>先说明游戏<br>的<highlight>基本规则</highlight>。
Without further ado, allow me to explain the game's <highlight>basic rules</highlight>."
"2040010","The goal is to use your cards to <highlight>get more points</highlight> than other players.","このゲームは、トランプカードを使って、他のプレイヤーよりも<highlight>高い点数を得れば勝利</highlight>となります。","目标很简单：用手中卡牌<highlight>拿到比其他玩家更高的分数</highlight>。
The goal is to use your cards to <highlight>get more points</highlight> than other players."
"2040020","You get points by arranging your cards into <highlight>sets</highlight> of matching cards or consecutive straights.","点数を得るには、同じ数字のカードや、並んだ数字のカードを組み合わせ、<highlight>セット</highlight>を作る必要があります。","将同号牌或连续数字牌凑成<highlight>组合</highlight>，即可得分。
You get points by arranging your cards into <highlight>sets</highlight> of matching cards or consecutive straights."
"2040030","Try making a <highlight>set</highlight>.","では早速、<highlight>セット</highlight>を作ってみましょう。","先试着凑成一个<highlight>组合</highlight>。
Try making a <highlight>set</highlight>."
"2040040","When the game starts, each player is dealt their <highlight>hand</highlight> one card at a time.","まずゲーム開始時に、各プレイヤーには<highlight>手札</highlight>が1枚ずつ配られます。","游戏开始时，每位玩家先获得1张<highlight>手牌</highlight>。
When the game starts, each player is dealt their <highlight>hand</highlight> one card at a time."
"2040050","Then everyone takes their actions in turn order. You're up first.","ここから、1人ずつ順番にプレイしていきます。<br>まずは君のターンから。","之后按顺序轮流行动。<br>你先来。
Then everyone takes their actions in turn order. You're up first."
"2040060","At the start of your turn, <highlight>two cards</highlight> from the deck will be added to your <highlight>hand</highlight>.","行動ターンの初めに、<br>トランプカードの山札から<br><highlight>手札</highlight>が<highlight>２枚</highlight>配られる。","每回合开始时，<br>从牌堆抽<highlight>2张牌</highlight><br>加入<highlight>手牌</highlight>。
At the start of your turn, <highlight>two cards</highlight> from the deck will be added to your <highlight>hand</highlight>."
"2040070","Now you have three cards in your hand. Select <highlight>two</highlight> that have the <highlight>same number</highlight>.","君の手札が3枚になりました。<highlight>同じ数字のカード</highlight>を<highlight>2枚</highlight>選択してみましょう。","现在你有3张手牌。请选择<highlight>2张</highlight><highlight>数字相同</highlight>的牌。
Now you have three cards in your hand. Select <highlight>two</highlight> that have the <highlight>same number</highlight>."
"2040080","When you make a <highlight>set</highlight>, you earn points equal to the <highlight>sum of the numbers</highlight> on the cards.","セットを作成すると、トランプカードに書かれた<highlight>数字の合計</highlight>が、君の点数に加算されます。","凑成<highlight>组合</highlight>后，将获得等同于牌面<highlight>数字总和</highlight>的分数。
When you make a <highlight>set</highlight>, you earn points equal to the <highlight>sum of the numbers</highlight> on the cards."
"2040090","From any cards left over, you can choose one to remain in your hand.","余ったカードは、1枚だけ手札に残せます。","剩余卡牌中，可以选1张留在手中。
From any cards left over, you can choose one to remain in your hand."
"2040100","This is the end of your turn. Next, I'll act for the other player.","これで君のターンは終了となり、次のプレイヤーの操作に移ります。","你的回合到此结束。接下来由我替另一名玩家行动。
This is the end of your turn. Next, I'll act for the other player."
"2040110","I don't have any cards that can make a set. When that happens...","セットにできるカードがありません。この場合は……","我没有能凑成组合的牌。这种时候……
I don't have any cards that can make a set. When that happens..."
"2040120","...you have to discard all but <highlight>one card</highlight> from your hand.","持っている手札を<highlight>1枚</highlight>だけ残して、他のカードは捨てることになります。","……只能留下<highlight>1张牌</highlight>，其余手牌全部丢弃。
...you have to discard all but <highlight>one card</highlight> from your hand."
"2040130","So that means I have to choose which ones to get rid of...","なので私は、捨てるカードを選ぶことにする。","所以，我得选出要丢掉的牌……
So that means I have to choose which ones to get rid of..."
"2040140","Discarded cards go into the <highlight>pot</highlight>, which any player can use.","捨てたカードは、<br>全員が使用できる<br><highlight>共有置場</highlight>に配置される。","丢弃的牌会<br>进入<highlight>公共区</highlight>，<br>所有玩家都能使用。
Discarded cards go into the <highlight>pot</highlight>, which any player can use."
"2040150","And that's the end of my turn. You're up again!","これで私のターンは<br>終わりだな。<br><br>次は再び君のターンだ。","我的回合<br>结束。<br>又轮到<br>你了！
And that's the end of my turn. You're up again!"
"2040160","It's your turn next, but let me take this opportunity to explain the play screen.","次はまた君のターンに戻りますが、その前にプレイ画面について説明します。","接下来是你的回合，不过先借此说明一下游戏画面。
It's your turn next, but let me take this opportunity to explain the play screen."
"2040170","This is <highlight>your player card</highlight>. That's where you can see how many points you have.","これは君の<highlight>プレイヤーカード</highlight>。君が獲得した点数も、ここに表示されます。","这是<highlight>你的玩家卡牌</highlight>，当前得分也显示在这里。
This is <highlight>your player card</highlight>. That's where you can see how many points you have."
"2040180","The <highlight>sets</highlight> you've made are here. You can have up to <highlight>three sets</highlight> at one time.","作成した<highlight>セット</highlight>は、このスペースに置かれます。<br>最大で<highlight>3セット</highlight>まで所持できます。","你凑成的<highlight>组合</highlight>会放在这里，<br>同时最多持有<highlight>3组组合</highlight>。
The <highlight>sets</highlight> you've made are here. You can have up to <highlight>three sets</highlight> at one time."
"2040190","You can see what <highlight>you have left in your hand</highlight> here.","こちらは、君が今持っている<highlight>手札</highlight>です。","这里显示你当前的<highlight>手牌</highlight>。
You can see what <highlight>you have left in your hand</highlight> here."
"2040200","The <highlight>pot</highlight> is at the top. Any player can use these cards when making a set.","上のスペースは<highlight>共有置場</highlight>。ここに置かれたカードは、セット作成時に誰でも使うことができます。","上方是<highlight>公共区</highlight>。凑组合时，任何玩家都能使用这里的牌。
The <highlight>pot</highlight> is at the top. Any player can use these cards when making a set."
"2040210","The <highlight>cards remaining in the deck</highlight> is shown in the upper left. When this reaches 0, the game is over.","<highlight>山札の残り枚数</highlight>は、画面左上に表示されています。<br>残り枚数が0になるとゲーム終了となります。","左上角显示<highlight>牌堆剩余张数</highlight>。<br>归零时游戏结束。
The <highlight>cards remaining in the deck</highlight> is shown in the upper left. When this reaches 0, the game is over."
"2040211","When the deck runs out, <highlight>the game is over</highlight>, and whoever has the most points is the winner.","すべてなくなったところで<highlight>ゲームは終了</highlight>となり、その時点でもっとも得点の高いプレイヤーが勝者となる。","牌堆耗尽后，<highlight>游戏结束</highlight>，此时分数最高者获胜。
When the deck runs out, <highlight>the game is over</highlight>, and whoever has the most points is the winner."
"2040220","And that's the play screen. Let's return to the game. I believe it was your turn.","プレイ画面の説明はこれで終わりです。<br><br>君のターンから、ゲームを再開しましょう。","游戏画面就说明到这里。<br>继续吧，<br>应该轮到你了。
And that's the play screen. Let's return to the game. I believe it was your turn."
"2040230","Try making a set from the cards in the <highlight>pot</highlight> and what's in your hand.","<highlight>共有置場</highlight>に置かれたカードと手札を使って、セットを作ってみましょう。","试着用<highlight>公共区</highlight>和手牌凑成组合。
Try making a set from the cards in the <highlight>pot</highlight> and what's in your hand."
"2040240","You can make a set with <highlight>up to three cards of the same number</highlight>. You have three As, so try making a set.","<highlight>同じ数字は3枚</highlight>までセットにできます。<br>Ａが3枚あるので、セットにしてみましょう。","同号牌最多可用<highlight>3张</highlight>凑成组合。<br>你现在有3张A，试试看。
You can make a set with <highlight>up to three cards of the same number</highlight>. You have three As, so try making a set."
"2040250","You can earn a lot of points from three-card sets, so it's a good idea to aim for that whenever you can.","３枚セットは高得点になる<br>おいしい組み合わせだ。<br><br>うまく狙っていこう。","3张牌的组合<br>得分很高，<br>有机会就<br>尽量争取。
You can earn a lot of points from three-card sets, so it's a good idea to aim for that whenever you can."
"2040260","That's it for your turn.","これで君のターンは<br>終了です。","你的回合<br>结束。
That's it for your turn."
"2040270","All right. Your turn.","よし、君のターンだ。","好，轮到你了。
All right. Your turn."
"2040280","By the way, you can also make sets from <highlight>cards with consecutive numbers</highlight> on them.","ちなみに、<highlight>数字が隣り合う3枚</highlight>の組み合わせでもセットを作成できます。","此外，<highlight>3张连续数字牌</highlight>也能凑成组合。
By the way, you can also make sets from <highlight>cards with consecutive numbers</highlight> on them."
"2040290","But you can only make <highlight>one set</highlight> per turn.","しかし、1ターンに作れるのは<highlight>1セットだけ</highlight>です。","但每回合只能凑<highlight>1组组合</highlight>。
But you can only make <highlight>one set</highlight> per turn."
"2040300","You can make a <highlight>two-card set with the 3s</highlight>, or a <highlight>three-card set of 2, 3, and 4</highlight>. Make whichever you prefer.","この場合は、<br><highlight>3・3の2枚セット</highlight>か<br><highlight>2・3・4の3枚セット</highlight>が作れます。<br>好きなセットを作ってみましょう。","这里可以凑<highlight>两张3</highlight>，<br>也可以凑<br><highlight>2、3、4三张牌</highlight>。<br>任选其一。
You can make a <highlight>two-card set with the 3s</highlight>, or a <highlight>three-card set of 2, 3, and 4</highlight>. Make whichever you prefer."
"2040310","Remember what I told you about sets.","ここでセットについておさらいしておきましょう。","再复习一下组合规则。
Remember what I told you about sets."
"2040320","You can make sets from <highlight>two or three cards of the same number</highlight>, or from <highlight>three consecutively numbered cards</highlight>.","セットは、<highlight>同じ数字が2～3枚</highlight>、または<highlight>連続した数字3枚</highlight>で作成できます。","组合可由<highlight>2～3张同号牌</highlight>，或<highlight>3张连续数字牌</highlight>组成。
You can make sets from <highlight>two or three cards of the same number</highlight>, or from <highlight>three consecutively numbered cards</highlight>."
"2040330","But you can only make <highlight>one set per turn</highlight>.","しかし、<highlight>1ターンに1セット</highlight>しか作れません。","每回合只能凑<highlight>1组组合</highlight>。
But you can only make <highlight>one set per turn</highlight>."
"2040340","And you can only have up to <highlight>three sets at a time</highlight>.","また、所持できるのは、<highlight>最大3セットまで</highlight>です。","同时最多持有<highlight>3组组合</highlight>。
And you can only have up to <highlight>three sets at a time</highlight>."
"2040350","When you make a fourth set, you'll have to discard one of the sets you already have.","4セット目を作ると、いずれか1セットを捨てることになります。","凑出第4组时，必须丢弃已有组合中的1组。
When you make a fourth set, you'll have to discard one of the sets you already have."
"2040360","That's it for the <highlight>basic rules</highlight>.","これで基本的な遊び方の説明は終わりです。","<highlight>基本规则</highlight>就介绍到这里。
That's it for the <highlight>basic rules</highlight>."
"2040361","There are also rules that include additional things like <highlight>skill effects</highlight> and <highlight>events</highlight>. Be sure to give those a try.","この他にも、<highlight>スキル効果</highlight>や<br><highlight>イベントカード</highlight>が追加され<br>たルールを用意している。<br>ぜひ遊んでみてほしい。","另有加入<highlight>技能效果</highlight><br>和<highlight>事件卡</highlight>等<br>要素的规则，<br>也不妨试试。
There are also rules that include additional things like <highlight>skill effects</highlight> and <highlight>events</highlight>. Be sure to give those a try."
"2040370","There are no more cards in the deck. That means this is the last turn.","トランプカードの山札がなくなりました。<br>これが最後のターンです。","牌堆已经耗尽。<br>这就是最后一回合。
There are no more cards in the deck. That means this is the last turn."
"2040371","Last but not least, let me explain the <highlight>menu screen</highlight>.","最後に、メニュー画面の説明をします。","最后，再说明一下<highlight>菜单画面</highlight>。
Last but not least, let me explain the <highlight>menu screen</highlight>."
"2040372","Bring up the menu with <highlight>{BUTTON@PLUS:sp_button-menu}</highlight>. There you can look at the <highlight>rulebook</highlight> or decide to <highlight>abandon the game</highlight>.","<highlight>{BUTTON@PLUS:sp_button-menu}</highlight>で<br>メニューを開くと、<br><highlight>ルールブック</highlight>を見たり、<br><highlight>途中でゲームをやめる</highlight>ことができます。","按<highlight>{BUTTON@PLUS:sp_button-menu}</highlight><br>打开菜单，<br>可查看<highlight>规则手册</highlight>，<br>也可选择<highlight>中途退出游戏</highlight>。
Bring up the menu with <highlight>{BUTTON@PLUS:sp_button-menu}</highlight>. There you can look at the <highlight>rulebook</highlight> or decide to <highlight>abandon the game</highlight>."
"2040373","Bring up the menu with <highlight>{BUTTON@PLUS:sp_button-menu}</highlight>. There you can look at the <highlight>rulebook</highlight> or decide to <highlight>abandon the game</highlight>.","<highlight>{BUTTON@PLUS:sp_button-menu}</highlight>で<br>メニューを開くと、<br><highlight>ルールブック</highlight>を見たり、<br><highlight>途中でゲームをやめる</highlight>ことができます。","按<highlight>{BUTTON@PLUS:sp_button-menu}</highlight><br>打开菜单，<br>可查看<highlight>规则手册</highlight>，<br>也可选择<highlight>中途退出游戏</highlight>。
Bring up the menu with <highlight>{BUTTON@PLUS:sp_button-menu}</highlight>. There you can look at the <highlight>rulebook</highlight> or decide to <highlight>abandon the game</highlight>."
"2050000","Review the rules, or give up and end the game?","ルールを確認するか、ギブアップしてゲームを抜けるかを選んでください。","查看规则，还是认输并结束游戏？
Review the rules, or give up and end the game?"
"2050010","Give up and end the game?","ギブアップして<br>ゲームを終了しますか？","要认输并结<br>束游戏吗？
Give up and end the game?"
"3000000","Completed save data
found. Do you want
to carry this data
over to a new game?","クリアデータがあります。<br>引き継いでゲームを開始しますか？","发现通关存档。<br>
要继承该数据开始新游戏吗？
Completed save data
found. Do you want
to carry this data
over to a new game?"
