"Key","English","Japanese","Target"
"10000001","","",""
"10000002","Would you like to display the subtitles?
Remember, you can always change these settings later in Options.","ゲームマスターのおしゃべりを字幕で表示する設定にしますか？
現在の設定は「表示する」です。","要显示字幕吗？之后也可以随时在「选项」中更改此设置。"
"10000011","Display Subtitles","字幕を表示する","显示字幕"
"10000012","Subtitles will display.","字幕を表示する設定にしました。","已设为显示字幕。"
"10000021","Don't Display Subtitles","字幕を表示しない","不显示字幕"
"10000022","Subtitles will not display.","字幕を表示しない設定にしました。","已设为不显示字幕。"
"10000031","","",""
"10000032","Remember, you can always change these settings later in Options.","字幕表示の設定は、メニューのオプションからいつでも変更可能です。","之后也可以随时在「选项」中更改此设置。"
"10000041","","",""
"10000042","Welcome to the world of <highlight>Voice of Cards</highlight>.","<highlight>Voice of Cards</highlight>
の世界へようこそ。","欢迎来到 <highlight>Voice of Cards</highlight> 的世界。"
"10000051","","",""
"10000052","You are about to embark on a journey as the hero of this tale.","君は今から、ある物語の主人公として冒険へ旅立つことになる。","你即将成为这个故事的主人公，踏上旅途。"
"10000061","","",""
"10000062","This realm is home to <highlight>humans</highlight> and <highlight>monsters</highlight>.","物語の舞台は、<highlight>人間</highlight>と<highlight>{CARDNAME:4340}</highlight>が存在する世界。","这片世界生活着 <highlight>人类</highlight> 与 <highlight>{CARDNAME:4340}</highlight>。"
"10000071","","",""
"10000072","It is there you and your allies' adventure will unfold.","そこで、仲間と助け合いながら冒険をするのだ。","你将与伙伴并肩，在此展开冒险。"
"10000081","Got It!","わかった！","明白了！"
"10000082","","",""
"10000091","I Can't Wait!","たのしみ！","好期待！"
"10000092","","",""
"10000101","","",""
"10000102","Now then, it's time to depart. Safe travels, my friend...","それでは、いよいよ出発の時間だ。旅の無事を祈っている……","那么，该出发了。愿你一路平安……"
"10000111","{CARDNAME:1011}","{CARDNAME:1011}","{CARDNAME:1011}"
"10000112","A girl faces off against a <highlight>monster</highlight> within a dim cave.","薄暗い洞窟で少女が一人
<highlight>{CARDNAME:4340}</highlight>と戦っている。","昏暗的洞窟中，少女正独自迎战 <highlight>{CARDNAME:4340}</highlight>。"
"10000121","{CARDNAME:1011}","{CARDNAME:1011}","{CARDNAME:1011}"
"10000122","慣れた手つきで振り回される武器は、少女が日頃から戦闘に身を置いていることの証明だ。","慣れた手つきで振り回される武器は、少女が日頃から戦闘に身を置いていることの証明だ。","慣れた手つきで振り回される武器は、少女が日頃から戦闘に身を置いていることの証明だ。"
"10000131","{CARDNAME:1011}","{CARDNAME:1011}","{CARDNAME:1011}"
"10000132","The girl adjusts her stance, readies her weapon, and lunges at her opponent.","少女は体勢を整えると、
武器を構え、駆けだした。","少女稳住身形，架起武器，冲向敌人。"
"10000141","{CARDNAME:1011}","{CARDNAME:1011}","{CARDNAME:1011}"
"10000142","The <highlight>monster</highlight> defeated, the girl lets out a sigh of relief.","無事、<highlight>{CARDNAME:4340}</highlight>を倒した少女は「ふう」と息を吐いた。","击倒 <highlight>{CARDNAME:4340}</highlight> 后，少女终于松了口气。"
"10000151","{CARDNAME:1011}","{CARDNAME:1011}","{CARDNAME:1011}"
"10000152","She surveys the area, but sees neither hide nor hair of other beasts.","念のため、ぐるっと辺りを見回したが、他に侵入してきた{CARDNAME:4340}はいないようだ。","她环顾四周，不见其他 {CARDNAME:4340} 的踪影。"
"10000161","{CARDNAME:1011}","{CARDNAME:1011}","{CARDNAME:1011}"
"10000162","This girl is the <highlight>hero of our story</highlight>—and your window into the world.","……この少女こそが、
<highlight>物語の主人公</highlight>。
つまり君の分身である。","这名少女，正是<highlight>故事的主人公</highlight>——也是你在这个世界的化身。"
"10000171","{CARDNAME:1011}","{CARDNAME:1011}","{CARDNAME:1011}"
"10000172","Despite your youth, you are a fierce warrior who defends your <highlight>village</highlight> from monsters.","君は少女でありながら、戦士として{CARDNAME:4340}から<highlight>村</highlight>を守るために戦っている。","年纪虽小，你却已是守护<highlight>村庄</highlight>、抵御 {CARDNAME:4340} 的战士。"
"10000181","{CARDNAME:1011}","{CARDNAME:1011}","{CARDNAME:1011}"
"10000182","""I have to get home."" Your mission accomplished, you quickly leave the area.","「早く戻らないと」
役目を果たした君は、帰路につく。","「得赶快回去。」任务已了，你匆匆踏上归途。"
"10000191","","",""
"10000192","In this world, there are creatures known as <highlight>monsters</highlight>.","この世界には、<highlight>{CARDNAME:4340}</highlight>と呼ばれる生き物がいる。","这个世界存在一种名为 <highlight>{CARDNAME:4340}</highlight> 的生物。"
"10000201","","",""
"10000202","<highlight>魔物</highlight>は非常に凶暴で、時に人を襲う。","<highlight>{CARDNAME:4340}</highlight>は非常に凶暴で、時に人を襲う。","<highlight>魔物</highlight>は非常に凶暴で、時に人を襲う。"
"10000211","","",""
"10000212","Humans have long been in conflict with these beasts.","人と{CARDNAME:4340}は長きに亘り対立関係にあった。","人类与 {CARDNAME:4340} 长久以来争斗不休。"
"10000221","","",""
"10000222","Your village lies deep beneath the earth. Everyone has taken to living underground to safeguard themselves from the monsters.","君が暮らす村は、地下の奥深くにある。{CARDNAME:4340}から身を守るために、皆で地下に潜んでいるのだ。","你的村庄深藏地下。为了躲避 {CARDNAME:4340}，所有人都隐居于此。"
"10000231","","",""
"10000232","地下の各階には、魔物の侵入を阻むための門、<highlight>ゲート</highlight>が設置されている。","地下の各階には、{CARDNAME:4340}の侵入を阻むための門、<highlight>ゲート</highlight>が設置されている。","地下の各階には、魔物の侵入を阻むための門、<highlight>ゲート</highlight>が設置されている。"
"10000241","","",""
"10000242","Although the village itself is well protected...","村は強固に守られていたものの……","村庄虽守得固若金汤……"
"10000251","","",""
"10000252","...the people within it are slowly, but steadily, spiraling toward ruin.","閉ざされた人々は、
ゆるやかに滅びへと
向かっていた。","困居其中的人们，却正缓慢而确凿地走向衰亡。"
"10000261","Ballista","バリスタ","弩炮"
"10000262","This ballista was installed to safeguard the village. Its massive arrows have split many a monstrous skull.","村を守るために設置された武器。巨大な弓から放たれる矢は、数多の{CARDNAME:4340}の頭蓋を砕いてきた。","为守护村庄而架设的武器。巨弩射出的箭矢，早已击碎无数 {CARDNAME:4340} 的头颅。"
"10000271","Pit Trap","落とし穴","陷坑"
"10000272","This concealed pit trap was dug in order to protect the village. A growing pile of monster corpses lies at its bottom.","村を守るために設置された罠。深い穴の底には{CARDNAME:4340}の死体が積み重なっている。","为守护村庄挖设的陷阱。深坑底下，{CARDNAME:4340} 的尸体越积越多。"
"10000281","Rock Trap","落石罠","落石陷阱"
"10000282","This trap was rigged up to protect the village. Boulders drop from above, and crush the monsters below.","村を守るために設置された罠。重たい石をぶつけて、{CARDNAME:4340}達をぺしゃんこに押し潰す。","为守护村庄布下的陷阱。巨石自上方坠落，将下方的 {CARDNAME:4340} 碾成肉泥。"
"10000291","{CARDNAME:91310}","{CARDNAME:91310}","{CARDNAME:91310}"
"10000292","The village is the same as always. It appears the battle above has not affected life here at all.","村はいつもと変わらない。上層階での戦いの影響はないようだ。","村里一如往常。上层的战斗似乎丝毫没有影响这里。"
"10000301","Elderly Man","地下の民・お爺さん","老人"
"10000302","An elderly man approaches you. ""Well done, hunting down those beasts. Are you unharmed?"" he asks.","お爺さんが君に話しかけてきた。
「{CARDNAME:4340}退治お疲れさん。怪我はないかい？」と。","一位老人走来问候：「消灭那些 {CARDNAME:4340} 辛苦了。没受伤吧？」"
"10000311","Elderly Man","地下の民・お爺さん","老人"
"10000312","You nod. He gives a sigh of relief, then begins asking question after question about the monsters' strength and numbers.","君が頷くと、お爺さんはほっと安堵の息を吐いた。そして、{CARDNAME:4340}の強さや数を矢継ぎ早に質問してくる。","你点点头。老人如释重负，随即连珠炮似地追问 {CARDNAME:4340} 的数量和实力。"
"10000321","Elderly Man","地下の民・お爺さん","老人"
"10000322","He appears to be worried about the gates and mechanisms on each level, and whether they'll be enough to defend the village.","どうやら、各階に設置された門や仕掛けで村を守っていけるのか不安なようだ。","他似乎很担心：各层的门和机关，真能一直护住村子吗？"
"10000331","大丈夫！","大丈夫！","大丈夫！"
"10000332","","",""
"10000341","平気だよ！","平気だよ！","平気だよ！"
"10000342","","",""
"10000351","{CARDNAME:1011}","{CARDNAME:1011}","{CARDNAME:1011}"
"10000352","""Don't worry. I'll protect the village!"" you reassure him in a cheery voice, then continue on your way home.","君はお爺さんを安心させるために、「わたしが守るから、大丈夫！」と明るく答え、家路を急ぐ。","「别担心，我会保护村子的！」你爽朗地安慰他，随后继续往家赶。"
"10000361","","",""
"10000362","You should head home.","今は自分の家に帰ろう。","现在先回家吧。"
"10000371","Elderly Man","地下の民・お爺さん","老人"
"10000372","The old man seems uneasy. ""I wonder if our village is truly safe from those beasts...""","お爺さんは、「本当にここまで{CARDNAME:4340}がやってくることはないんだろうか……」と不安がっている。","老人仍忧心忡忡：「那些 {CARDNAME:4340}……真的永远到不了这里吗？」"
"10000381","Girl","地下の民・女の子","女孩"
"10000382","The girl's face lights up when she sees you. ""Hey, come play with me again!"" she chirps, giving you a tight hug.","女の子は君を見るなり、
「お姉ちゃん！今日も遊んで！」と抱きついてきた。","女孩一见你便喜笑颜开，扑上来紧紧抱住你：「姐姐！今天也陪我玩嘛！」"
"10000391","Young Man","地下の民・青年","青年"
"10000392","The young man's face turns red. ""I-if you need anything, I'm your guy!"" he exclaims.","青年は、君を見て耳を赤くしながら「何かあったら俺を頼りなよ！」と言った。","青年见到你，耳根顿时红了：「有、有事尽管找我！」"
"10000401","Old Woman","地下の民・お婆さん","老妇"
"10000402","The old woman smiles gently at you. ""Thank you for protecting our village. But don't push yourself too hard, dear,"" she says.","お婆さんは「いつも頑張ってくれてありがとう。でも無理はしちゃダメよ」と優しく目を細めた。","老妇慈祥地眯起眼：「一直辛苦你保护村子了。可别太勉强自己呀。」"
"10000411","{CARDNAME:1011}","{CARDNAME:1011}","{CARDNAME:1011}"
"10000412","Your mother seems worried as you haven't been home in days.","何日か家を空けていたので心配をかけてしまっていたようだ。","你几天没回家，母亲似乎担心得不得了。"
"10000421","Your Mother","少女の母親","你的母亲"
"10000422","""You've been away for so long. Let the others know you've returned,"" she says, handing you a basket full of eggs.","母親は「ようやく戻れたんだから、村の人達にも挨拶してきなさい」と卵が入ったカゴを君に手渡した。","「好不容易回来了，也去跟村里人打声招呼吧。」母亲说着，把一篮鸡蛋交给你。"
"10000431","Eggs","卵","鸡蛋"
"10000432","They're eggs from your chickens. It's your job to distribute these throughout the village.","家で飼っている鶏が産んだ卵だ。これを村に配るのも君の仕事だった。","这是家里养的鸡下的蛋。把它们分给村里人，也是你的日常差事。"
"10000441","{CARDNAME:1011}","{CARDNAME:1011}","{CARDNAME:1011}"
"10000442","""Okay. I'll be right back!"" you exclaim with a cheerful smile.","君は、カゴを受け取ると「任せて！すぐ配ってくるから！」と快活に笑った。","「交给我！很快就发完！」你接过篮子，爽朗一笑。"
"10000451","Your Mother","少女の母親","你的母亲"
"10000452","As you enter your house, your mother envelops you in a warm hug.","家に入るなり、君は母親に抱きしめられた。","刚进家门，母亲便一把将你拥入怀中。"
"10000461","Your Mother","少女の母親","你的母亲"
"10000462","""I'm so sorry you had to go out and fight on your birthday,"" she says, stroking your cheek apologetically.","母親は、「誕生日にまで戦わせてごめんね……」と、申し訳なさそうに君の頬を撫でる。","「生日还得出去战斗，对不起……」母亲满怀歉意地轻抚你的脸颊。"
"10000471","{CARDNAME:1011}","{CARDNAME:1011}","{CARDNAME:1011}"
"10000472","That's right. Today is the day you turn fourteen!","そう、君は今日、１４歳になったのです！","没错，今天正是你满 14 岁的日子！"
"10000481","{CARDNAME:1011}","{CARDNAME:1011}","{CARDNAME:1011}"
"10000482","Your mother gifted you a <highlight>handmade plush animal</highlight> for the occasion.","君は、母親から誕生日プレゼントに<highlight>手作りのぬいぐるみ</highlight>をもらった。","母亲送你的生日礼物，是一只<highlight>亲手缝制的布偶</highlight>。"
"10000491","{CARDNAME:1011}","{CARDNAME:1011}","{CARDNAME:1011}"
"10000492","""I'm sorry I can't give you more,"" your mother laments, but you have nothing but gratitude for her.","「こんなものしか贈れなくてごめんね」と謝る母親に君は感謝の言葉を返す。","「只能送你这个，对不起。」面对母亲的歉意，你只有满心感激。"
"10000501","{CARDNAME:1011}","{CARDNAME:1011}","{CARDNAME:1011}"
"10000502","...Just then, your stomach starts to rumble.","……同時に、君のお腹が盛大に、ぐうと鳴る。","……就在这时，你的肚子响亮地叫了起来。"
"10000511","Your Mother","少女の母親","你的母亲"
"10000512","Your mother smiles and asks, ""Shall we eat?""","母親は、「ご飯にしましょう」と穏やかに微笑んだ。","母亲温柔一笑：「吃饭吧。」"
"10000521","","",""
"10000522","Several hours later...","ー数時間後ー","——数小时后——"
"10000531","{CARDNAME:1011}","{CARDNAME:1011}","{CARDNAME:1011}"
"10000532","That night, at bedtime, you lay upon your bed with your plush animal in your arms.","その日の就寝時、君はベッドの上でぬいぐるみを抱っこしながら、ぶつぶつと呟いていた。","到了睡觉时，你抱着布偶躺在床上，小声嘀咕着什么。"
"10000541","{CARDNAME:1011}","{CARDNAME:1011}","{CARDNAME:1011}"
"10000542","""Yup. That's it,"" you say to yourself decisively. ""Your name is Ram!"" Your new plush animal officially has a name!","「うん、決めた。あなたの名前はラムよ！」
どうやら、ぬいぐるみの名前を決めていたらしい。","「嗯，就这么定了。以后你就叫拉姆！」新布偶终于有了名字！"
"10000551","{CARDNAME:1011}","{CARDNAME:1011}","{CARDNAME:1011}"
"10000552","""It's nice to meet you, Ram. My name is...""","「これからよろしくね。
わたしの名前は……」","「以后请多关照，拉姆。我的名字是……」"
"10000561","","",""
"10000562","<align=""center""> 
　


<size=120%> </size>
<size=70%>
Please introduce yourself in no more than 12 characters.

</size>
</align>","<align=""center"">　

<size=57%>　</size>
<size=120%> </size>
<size=70%>
※全角６文字以内で自己紹介しよう。
（半角は１２文字以内）
（半角カナは全角として扱われます）
</size>
</align>","<align=""center"">
<size=120%> </size>
<size=70%>
请用不超过 12 个字符介绍自己。
</size>
</align>"
"10000571","","",""
"10000572","<align=""center""> 



<size=120%>{CHARACTERNAME:1010}</size>
<size=70%>
Please introduce yourself in no more than 12 characters.

</size>
</align>","<align=""center"">　

<size=165%>　</size>
<size=120%>{CHARACTERNAME:1010}</size>
<size=70%>※全角６文字以内で自己紹介しよう。
（半角は１２文字以内）
（半角カナは全角として扱われます）
</size>
</align>","<align=""center"">
<size=120%>{CHARACTERNAME:1010}</size>
<size=70%>
请用不超过 12 个字符介绍自己。
</size>
</align>"
"10000581","","",""
"10000582","This name is too long.","その名前は長すぎます。","这个名字太长了。"
"10000591","","",""
"10000592","Is the name <highlight>{CHARACTERNAME:1010}</highlight> correct?","「<highlight>{CHARACTERNAME:1010}</highlight>」
この名前で間違いはないですか？","名字是「<highlight>{CHARACTERNAME:1010}</highlight>」，没错吧？"
"10000601","That's Right","合ってる","没错"
"10000602","{CHARACTERNAME:1010}. You introduce yourself to the plush animal, as any well-mannered person would.","「{CHARACTERNAME:1010}」
君は、自分の名前をぬいぐるみに告げた。","「{CHARACTERNAME:1010}。」你郑重其事地向布偶报上姓名。"
"10000611","That's Wrong","間違えた","不对"
"10000612","You rub your sleepy eyelids, then try again. ""My name is...""","君は閉じかけた瞼をこすって、言い直す。「わたしの名前は……」","你揉揉困倦的眼睛，重新说道：「我的名字是……」"
"10000621","{CHARACTERNAME:1010}","{CHARACTERNAME:1010}","{CHARACTERNAME:1010}"
"10000622","You decide to show your new friend your most prized possession.","そして君は、ぬいぐるみのラムに宝物を見せることにした。","你决定把自己最珍爱的宝物给这位新朋友看。"
"10000631","{CHARACTERNAME:1010}","{CHARACTERNAME:1010}","{CHARACTERNAME:1010}"
"10000632","You grab the book that's always beside your pillow and flip through until you reach a certain page.","いつも枕元に置いている本を開いて、とあるページを指さして言う。","你拿起一直放在枕边的书，翻到其中一页。"
"10000641","{CHARACTERNAME:1010}","{CHARACTERNAME:1010}","{CHARACTERNAME:1010}"
"10000642","""Aren't the stars just beautiful? This is what the outside world looks like! I want to see it with my own eyes someday,"" you confess.","「綺麗な星空でしょう？
外には、こんな世界があるんだって！一度でいいから見てみたいなぁ」と。","「星空很漂亮吧？外面的世界就是这样的！真想亲眼看看啊。」"
"10000651","{CHARACTERNAME:1010}","{CHARACTERNAME:1010}","{CHARACTERNAME:1010}"
"10000652","Not long after, you feel yourself getting sleepy. A yawn escapes your mouth. But just then...","その後、眠気にかられた君が「ふわあ」とあくびをした、その時……","没过多久，睡意袭来，你打了个哈欠。就在这时……"
"10000661","Villager's Scream","村人の叫び声","村民的喊声"
"10000662","A scream echoes through the village: ""Monsters!""","「{CARDNAME:4340}が出たぞ！」という叫び声が村中に響いた！","「{CARDNAME:4340} 来了！」一声惊叫响彻全村！"
"10000671","Old Woman","地下の民・お婆さん","老妇"
"10000672","You dash out of your house. Not a moment later, the old woman rushes over. ""The upper gates have been breached!"" she cries.","君が外に飛び出すと、お婆さんが駆け寄ってきて、
「上の門が突破されたみたいだよ！」と言う。","你冲出家门，老妇随即跑来：「上面的门好像被攻破了！」"
"10000681","{CHARACTERNAME:1010}","{CHARACTERNAME:1010}","{CHARACTERNAME:1010}"
"10000682","""I'm on it!"" You sprint away, weapon in hand.","「わたしに任せて！」
そう言って君は武器を手に取り、走り出す。","「交给我！」你抓起武器，飞奔而去。"
"10000691","Elderly Man","地下の民・お爺さん","老人"
"10000692","You hand the elderly man some eggs, and he gives you a large fish in return.","お爺さんに卵を渡すと、代わりに大きな魚をくれた。","你把鸡蛋交给老人，他回赠了一条大鱼。"
"10000701","Elderly Man","地下の民・お爺さん","老人"
"10000702","""I wonder how long I'll be able to catch fish like this..."" he murmurs, then shakes his head. ""My apologies. I will say no more.""","「こんな魚もいつまで釣れるか……いや、今日は止めておこう。すまないね」","「这样的鱼……还能钓多久呢。算了，今天不说这些。抱歉啊。」"
"10000711","{CARDNAME:1011}","{CARDNAME:1011}","{CARDNAME:1011}"
"10000712","The elderly man forces a smile, and you give him a smile of your own. ""Everything will be all right!"" you reassure him before heading on your way.","無理やり笑顔を浮かべたお爺さんを、君はいつも通り「大丈夫だよ！」と励まして、その場を立ち去った。","老人勉强挤出笑容。你也像往常一样笑着宽慰：「没事的！」随后转身离开。"
"10000721","Girl","地下の民・女の子","女孩"
"10000722","When the girl notices you, she immediately presents you with an armful of potatoes.","女の子は君に気づくと、いきなり両手にイモを抱えて差し出してきた。","女孩一看到你，立刻抱着一大堆土豆跑来。"
"10000731","Girl","地下の民・女の子","女孩"
"10000732","""Look, look! I dug these up all by myself!"" she boasts. ""And the biggest one is for you!""","「お姉ちゃん！このおイモさん、私が掘ったんだよ！一番大きいのをあげるね」","「姐姐快看！这些都是我自己挖的！最大的送给你！」"
"10000741","{CARDNAME:1011}","{CARDNAME:1011}","{CARDNAME:1011}"
"10000742","""That's incredible!"" you exclaim, giving her a good-natured pat on the head. You then trade her some eggs for the giant potato.","君は「すごいね！」と、女の子の頭を撫でると、貰ったイモの代わりに卵を手渡した。","「真厉害！」你笑着摸摸她的头，又用鸡蛋换走那颗大土豆。"
"10000751","Young Man","地下の民・青年","青年"
"10000752","Just as you're about to hand the young man some eggs, you see his ears turn red, and he lifts a jar of water up.","君が卵を渡そうとすると、青年はなぜか耳を赤くしながら、水がなみなみ入った瓶を持ち上げた。","你正要把鸡蛋交给青年，却见他耳根发红，举起一只装满水的大瓶。"
"10000761","Young Man","地下の民・青年","青年"
"10000762","""This is for you, but it's heavy, so I'll help you carry it home!""","「これ、お返しの水だけど、重いから俺が家まで持っていくよ！」","「这是给你的水，不过太重了，我帮你送回家吧！」"
"10000771","{CARDNAME:1011}","{CARDNAME:1011}","{CARDNAME:1011}"
"10000772","""Don't worry. I can handle it!"" you assure him, then take the jar and hand him some eggs.","君は「これくらい持てる」と、青年から瓶を奪い取り代わりに卵を手渡した。","「这点东西我拿得动！」你从他手里接过水瓶，又把鸡蛋塞给他。"
"10000781","Old Woman","地下の民・お婆さん","老妇"
"10000782","After you give the old woman a few eggs, she hands you some homemade seasonings.","君が卵を手渡すと、お婆さんは代わりに、手作りの調味料をくれた。","你送给老妇几枚鸡蛋，她则回赠了自制调味料。"
"10000791","Old Woman","地下の民・お婆さん","老妇"
"10000792","""Sprinkle this on your food and you'll regain your strength in no time,"" she tells you.","「これを使ってたくさんご飯を食べて、体力をつけるんだよ」","「撒点这个，多吃些饭，很快就有力气了。」"
"10000801","{CARDNAME:1011}","{CARDNAME:1011}","{CARDNAME:1011}"
"10000802","""I will! You take care of yourself, too, you hear?"" you reply in a lively voice.","君は元気よく返事をして、「お婆ちゃんも元気でいてね！」と、お婆さんの身体を気遣った。","「好！奶奶也要一直健健康康的！」你精神十足地答道。"
"10000811","House","家","房屋"
"10000812","There are large gaps in the roof and walls, but it hardly matters in a village with no rain.","屋根や壁には隙間が目立っている。しかし、雨が降らないこの村では、問題ないのだろう。","屋顶和墙壁到处漏缝，不过村里从不下雨，倒也无妨。"
"10000821","","",""
"10000822","Before you can return, though, you must distribute all the eggs.","まずは、村の中で卵を配ってしまおう。","回家之前，先把鸡蛋都送完吧。"
"10000831","Your House","君の家","你的家"
"10000832","A delectable scent wafts from your house. You hurry to finish your chores so you can go home and eat.","君の家からは美味しそうな匂いがしている。さっさと用事を済ませて帰ろう。","家里飘来诱人的香气。赶快办完事，回去吃饭吧。"
"10000841","","",""
"10000842","After making sure everyone receives their eggs, you quickly head home, spoils in hand.","君は村中の人に卵を配り終えた。物々交換でもらった品々を手に、家に帰ることにする。","鸡蛋终于全部送完。你带着交换得来的东西，快步回家。"
"10000851","Dinner","ご飯","晚餐"
"10000852","You return home to see tasty dishes upon the table. While simple, it is more extravagant than usual.","君が帰ると、テーブルの上には美味しそうなご飯が並んでいた。質素ではあるが普段と比べると豪華だ。","回到家，桌上已经摆满香喷喷的饭菜。虽算不上丰盛，却比平日豪华许多。"
"10000861","Your Mother","少女の母親","你的母亲"
"10000862","""Happy birthday, dear,"" your mother says, stroking your cheek gently.","母親は「お誕生日おめでとう！」と言い、君の頬を優しく撫でる。","「生日快乐。」母亲温柔地抚摸你的脸颊。"
"10000871","{CHARACTERNAME:1010}'s Mother","{CHARACTERNAME:1010}の母親","{CHARACTERNAME:1010} 的母亲"
"10000872","Your mother rushes over with a concerned look on her face and places something in your hand.","母親が心配そうに駆けつけると、君の手に何かを握らせた。","母亲满脸担忧地赶来，把某样东西塞进你手中。"
"10000881","{CHARACTERNAME:1010}'s Mother","{CHARACTERNAME:1010}の母親","{CHARACTERNAME:1010} 的母亲"
"10000882","""Promise me you'll run away if it gets too dangerous,"" your mother says, fearing for your safety.","「危なくなったらすぐに逃げるのよ」と、母親は君の身を案じている。","「答应妈妈，真有危险就马上逃。」母亲忧心地叮嘱你。"
"10000891","Girl","地下の民・女の子","女孩"
"10000892","""I'm s-s-scared..."" the little girl whimpers. Her body trembles as she cries.","「お姉ちゃん、怖いよう」と、女の子は肩を震わせて泣いている。","「姐、姐姐，我好怕……」女孩浑身发抖，哭个不停。"
"10000901","Old Woman","地下の民・お婆さん","老妇"
"10000902","""I've never seen them in such great number!"" she proclaims, clearly panicked.","「あんな数で攻めてきたことなんて、今までなかったのに！」と、お婆さんは狼狽えている。","「从没见过这么多！以前根本没有过！」老妇慌得不知所措。"
"10000911","Gate","門の前","门前"
"10000912","Before the fourth level gate, the villagers face off against the incoming beasts.","地下４階の門の前では、村人達が襲ってきた{CARDNAME:4340}と戦っていた。","地下 4 层的门前，村民正与涌来的 {CARDNAME:4340} 激战。"
"10000921","Elderly Man","地下の民・お爺さん","老人"
"10000922","An elderly man turns to you and exclaims, ""We must close the gate! Please, stop the monsters!""","お爺さんが君に向かって、「一旦門を閉じる！{CARDNAME:4340}の攻撃を防いでくれ！」と、叫ぶ。","老人冲你喊道：「得先把门关上！帮我们挡住 {CARDNAME:4340}！」"
"10000931","{CHARACTERNAME:1010}","{CHARACTERNAME:1010}","{CHARACTERNAME:1010}"
"10000932","You nod and turn both pointed gaze and pointed weapon at the creatures.","君は頷くと、{CARDNAME:4340}に鋭い視線と武器を向けた。","你点点头，目光与武器一同锐利地指向 {CARDNAME:4340}。"
"10000941","{CHARACTERNAME:1010}","{CHARACTERNAME:1010}","{CHARACTERNAME:1010}"
"10000942","You defended the gate splendidly!","君は見事に門を
守り切った！","你漂亮地守住了大门！"
"10000951","{CHARACTERNAME:1010}","{CHARACTERNAME:1010}","{CHARACTERNAME:1010}"
"10000952","Once the battle is over, the villagers tell you that the upper levels are in danger, so you make your way up.","すると今度は、
「すまない！上の階も危ないらしい！」と言われ、君は階段へと向かう。","战斗刚结束，村民便喊道：「抱歉！上面几层好像也出事了！」你立刻奔向楼梯。"
"10000961","Gate","門","大门"
"10000962","The gate is closed. You cannot return to the village.","門は塞がれている。
村には戻れない。","大门已经关闭，暂时回不了村子。"
"10000971","Young Man","地下の民・青年","青年"
"10000972","The young man is fighting back monsters, but is losing ground. It won't be long before they reach the gate.","青年が{CARDNAME:4340}と戦っているがかなり押されている。今にも門を突破されそうだ。","青年正奋力抵挡 {CARDNAME:4340}，却节节败退。大门眼看就要失守。"
"10000981","{CHARACTERNAME:1010}","{CHARACTERNAME:1010}","{CHARACTERNAME:1010}"
"10000982","""I'll fight them off. You close the gate!"" you shout.","君は「わたしが戦うから、あなたはその隙に門を閉じて！」と叫ぶ。","「我来挡住它们！你趁机关门！」你大声喊道。"
"10000991","Young Man","地下の民・青年","青年"
"10000992","The young man grimaces. ""I'm so sorry,"" he says, closing the gate behind him.","青年は悔しそうに、「くそっ！すまない！」と唇を噛みながら、門を閉じた。","青年咬着嘴唇，满脸不甘：「可恶……对不起！」随即在身后关上大门。"
"10001001","Elderly Man","地下の民・お爺さん","老人"
"10001002","You manage to defend the gate, but see the old man from the village approach.","何とか門を守り切った君のところへ、村のお爺さんが近寄ってきた。","勉强守住大门后，村里的老人朝你走来。"
"10001011","Elderly Man","地下の民・お爺さん","老人"
"10001012","Blood oozes out of a gaping wound on his back.","お爺さんの背中には酷い傷がついて、血が大量に滲み出していた。","他背上裂开一道骇人的伤口，鲜血不断渗出。"
"10001021","Elderly Man","地下の民・お爺さん","老人"
"10001022","""The fiends...at the gates...were a decoy. The village...""","「門の敵は……
囮だった……村、が……」","「门口的敌人……是诱饵……村、村子……」"
"10001031","Elderly Man","地下の民・お爺さん","老人"
"10001032","お爺さんは、その場に倒れこんだ。","お爺さんは、その場に倒れこんだ。","お爺さんは、その場に倒れこんだ。"
"10001041","Elderly Man","地下の民・お爺さん","老人"
"10001042","You rush to his side and check his pulse...but he doesn't have one.","君はお爺さんに駆け寄り、息を確かめたが……すでに事切れている。","你冲到老人身旁探他的呼吸……已经没有了。"
"10001051","","",""
"10001052","You need to get back to the village—quick!","早く村に戻らなければ！","得赶快回村！"
"10001061","{CHARACTERNAME:1010}","{CHARACTERNAME:1010}","{CHARACTERNAME:1010}"
"10001062","Your successive battles with the monsters leave you devoid of strength.","君は{CARDNAME:4340}達との連戦によって、体力を使い果たしてしまった。","接连与 {CARDNAME:4340} 作战，你已经耗尽体力。"
"10001071","","",""
"10001072","Restore your HP and try again?","ＨＰを全回復して、
再挑戦しますか？","要恢复全部 HP 后再挑战吗？"
"10001081","Try Again","再挑戦する","再次挑战"
"10001082","Knowing you must protect the village, you steel yourself to continue the fight.","村を守らなければ……！
君は気持ちを奮い立たせ、戦闘の構えをとった。","必须保护村子……！你重新振作，摆好架势。"
"10001091","Give Up","再挑戦しない","放弃"
"10001092","You feel your consciousness slipping away...","君はそのまま気を失った。","你的意识渐渐远去……"
"10001101","{CHARACTERNAME:1010}","{CHARACTERNAME:1010}","{CHARACTERNAME:1010}"
"10001102","""But...the village..."" you gasp out, your heart trembling in anger and unease.","「まさか村が……」
君の心は、不安と怒りで揺らめいた。","「难道村子……」你勉强挤出一句，心中满是愤怒与不安。"
"10001111","Elderly Man","地下の民・お爺さん","老人"
"10001112","The old man has already breathed his last...","お爺さんは、すでに事切れている……","老人已经没了气息……"
"10001121","{CARDNAME:91310}","{CARDNAME:91310}","{CARDNAME:91310}"
"10001122","Pebbles patter down on you from above.","頭上からパラパラと砂礫が落ちてくる。","细碎的砂石从头顶簌簌落下。"
"10001131","{CARDNAME:91310}","{CARDNAME:91310}","{CARDNAME:91310}"
"10001132","When you look up, you see a giant hole in the ceiling. You wonder if that's how the monsters got in.","見上げれば、そこには大きな穴が開いていた。
{CARDNAME:4340}達はここから侵入したのだろう。","抬头一看，顶上竟破了个大洞。那些 {CARDNAME:4340} 恐怕就是从这里闯进来的。"
"10001141","{CHARACTERNAME:1010}","{CHARACTERNAME:1010}","{CHARACTERNAME:1010}"
"10001142","...Oh, no. Your mother. Is she safe?","……母親は無事だろうか？","……不好。母亲呢？她安全吗？"
"10001151","","",""
"10001152","You have to get home!","早く家に戻ろう！","得赶快回家！"
"10001161","Girl","地下の民・女の子","女孩"
"10001162","The girl has already breathed her last... No longer will you feel her little hand hold yours.","女の子は、すでに事切れている……もうその小さな手が君に触れることはない。","女孩已经没了气息……那只小手，再也不会牵住你了。"
"10001171","Old Woman","地下の民・お婆さん","老妇"
"10001172","The old woman has already breathed her last... No longer will those warm eyes ever look upon you.","お婆さんは、すでに事切れている……もうその穏やかな目を、君に向けることはない。","老妇已经没了气息……那双温和的眼睛，再也不会望向你了。"
"10001181","Young Man","地下の民・青年","青年"
"10001182","The young man has already breathed his last... No longer will that cheerful voice ever call out to you.","青年は、すでに事切れている……もうその明るい声を君にかけることはない。","青年已经没了气息……那爽朗的声音，再也不会唤你了。"
"10001191","House","家","房屋"
"10001192","You can see a broken desk and bed peeking through the destroyed wall...","崩れた壁からは、ぐちゃぐちゃになった机やベッドが覗いている……","坍塌的墙后，破碎的桌椅和床榻依稀可见……"
"10001201","{CHARACTERNAME:1010}","{CHARACTERNAME:1010}","{CHARACTERNAME:1010}"
"10001202","You rush into your house, panting for breath...and find your mother on the ground in a pool of blood.","息を切らせた君が目の当たりにしたのは……
血の海に横たわる母親の姿だった。","你上气不接下气地冲进家门……眼前却是倒在血泊中的母亲。"
"10001211","{CHARACTERNAME:1010}","{CHARACTERNAME:1010}","{CHARACTERNAME:1010}"
"10001212","""Mother!"" you shriek. She opens her eyes, but only just.","「お母さん！」
君の呼びかけに、母親は薄らと目を開く。","「妈妈！」你失声尖叫。母亲勉强睁开双眼。"
"10001221","{CHARACTERNAME:1010}'s Mother","{CHARACTERNAME:1010}の母親","{CHARACTERNAME:1010} 的母亲"
"10001222","""My sweet little girl... You must...live...""","「……私の可愛い子。あなたは、生き、て……」","「我的乖女儿……你一定要……活下去……」"
"10001231","{CHARACTERNAME:1010}","{CHARACTERNAME:1010}","{CHARACTERNAME:1010}"
"10001232","You sob and scream as you cling tight to her, but she never wakes to console you.","君は泣き叫びながら、母親にすがりついた。
だが、母親の手が君に触れることはない。","你哭喊着紧紧抱住母亲，可她再也没有醒来安慰你。"
"10001241","{CHARACTERNAME:1010}'s Mother","{CHARACTERNAME:1010}の母親","{CHARACTERNAME:1010} 的母亲"
"10001242","""......""","「…………」","「……」"
"10001251","Plush Animal from Mom","母の手作りのぬいぐるみ","母亲亲手做的布偶"
"10001252","Ram lies among the rubble, tattered and frayed. It is beyond repair.","ぬいぐるみのラムが、瓦礫に埋もれて潰れている。直すのも不可能なほどにぐちゃぐちゃだ。","拉姆埋在瓦砾中，已经被压得破烂不堪，再也修不好了。"
"10001261","{CHARACTERNAME:1010}","{CHARACTERNAME:1010}","{CHARACTERNAME:1010}"
"10001262","Your screams are the only sounds in the village that once hummed with life...","命の気配がなくなった村に君の悲痛な叫び声だけが、響く。","曾经充满生气的村庄，如今只剩你的悲鸣回荡……"
"10001271","Scarred Monster","傷アリの{CARDNAME:4340}","带伤的 {CARDNAME:4340}"
"10001272","Just then, a monster with a wounded eye appears. ""I found. A survivor!""","そこに、片目に傷を負った{CARDNAME:4340}が現れ、「マだ生キテイるヤツ、イた」と叫ぶ。","就在这时，一只眼部负伤的 {CARDNAME:4340} 出现了：「还、有活着的家伙！」"
"10001281","Scarred Monster","傷アリの{CARDNAME:4340}","带伤的 {CARDNAME:4340}"
"10001282","As the monster shouts those resentful words, it lunges at you!","そして、{CARDNAME:4340}は怨嗟の言葉を吐きながら、君に襲い掛かってきた！","{CARDNAME:4340} 吐着怨毒的话，猛地朝你扑来！"
"10001291","{CHARACTERNAME:1010}","{CHARACTERNAME:1010}","{CHARACTERNAME:1010}"
"10001292","You can't bring yourself to put up a fight.","攻撃する手に、力がこもらない。","你却怎么也提不起力气反击。"
"10001301","{CHARACTERNAME:1010}","{CHARACTERNAME:1010}","{CHARACTERNAME:1010}"
"10001302","Everyone you ever cared about is gone forever...","大切な人達は、もうどこにもいない……","你珍视的人，全都不在了……"
"10001311","Scarred Monster","傷アリの{CARDNAME:4340}","带伤的 {CARDNAME:4340}"
"10001312","The monster roars with laughter. ""Is this all. You <highlight>subterran</highlight> worms. Can do?"" it taunts.","{CARDNAME:4340}は「<highlight>地下ノ民</highlight>ナド、こんなモノカ！」と、ゲラゲラと笑っている。","{CARDNAME:4340} 放声大笑：「<highlight>地下之民</highlight>，就这点本事吗！」"
"10001321","Scarred Monster","傷アリの{CARDNAME:4340}","带伤的 {CARDNAME:4340}"
"10001322","The monster brandishes its weapon, readying to strike the final blow.","君に止めを刺すべく、{CARDNAME:4340}が大きく振りかぶる。","{CARDNAME:4340} 高高举起武器，准备给你最后一击。"
"10001331","{CHARACTERNAME:1010}","{CHARACTERNAME:1010}","{CHARACTERNAME:1010}"
"10001332","Having lost all those precious to you, you close your eyes and resign yourself to your fate.","守る者をなくした君に抵抗する気力はない。

君は、そっと目を閉じた。","再无想守护的人，你也失去了反抗的念头。
你轻轻闭上双眼。"
"10001341","Scarred Monster","傷アリの{CARDNAME:4340}","带伤的 {CARDNAME:4340}"
"10001342","""GYAAAH!""","「ぎゃアあ！？」","「嘎啊啊！？」"
"10001351","{CHARACTERNAME:1010}","{CHARACTERNAME:1010}","{CHARACTERNAME:1010}"
"10001352","When you open your eyes, you see the gravely wounded beast on the ground.","君が目を開くと、そこには深手を負って倒れている{CARDNAME:4340}がいる。","睁开眼时，那只 {CARDNAME:4340} 已身负重伤，倒在地上。"
"10001361","{CARDNAME:1021}","{CARDNAME:1021}","{CARDNAME:1021}"
"10001362","You also see a boy who you assume is the one who struck down the monster. ""You okay?"" he asks.","「大丈夫か？」
{CARDNAME:4340}を倒したと思われる少年が、君に声をかけた。","你还看到一名少年，想必正是他击倒了 {CARDNAME:4340}。「没事吧？」他问。"
"10001371","{CHARACTERNAME:1010}","{CHARACTERNAME:1010}","{CHARACTERNAME:1010}"
"10001372","In a faint voice, you ask him who he is.","君は微かな声で、少年が何者か問いかける。","你声音微弱地问他是谁。"
"10001381","{CARDNAME:1021}","{CARDNAME:1021}","{CARDNAME:1021}"
"10001382","""I'm...here to save you,"" he answers as he helps you to your feet.","少年は君を助け起こしながら、「オレは……アンタを助けに来た」と言った。","「我是……来救你的。」少年说着，将你扶起。"
"10001391","{CARDNAME:1021}","{CARDNAME:1021}","{CARDNAME:1021}"
"10001392","""C'mon. This place is about to collapse,"" he says, then pulls you along.","「急げ。ここはもうすぐ崩れる」そう言って、少年は強引に君の手を引く。","「快走，这里马上要塌了。」少年不由分说地拉着你离开。"
"10001401","Plush Animal from Mom","母の手作りのぬいぐるみ","母亲亲手做的布偶"
"10001402","Maybe it's the shock, but you think you hear Ram, crushed under the debris, whisper, ""Go.""","瓦礫で潰れたぬいぐるみが君に「行って」と言った気がした。","恍惚间，你仿佛听见压在瓦砾下的拉姆轻声说：「走吧。」"
"10001411","","",""
"10001412","{CARDNAME:1021} has joined your party.","{CARDNAME:1021}が
仲間に加わりました。","{CARDNAME:1021} 加入了队伍。"
"10001421","","",""
"10001422","You can't stay here. You must make for the surface.","もうここにはいられない。
……地上へ向かおう。","这里已经待不下去了。去地面吧。"
"10001431","{CARDNAME:91310}","{CARDNAME:91310}","{CARDNAME:91310}"
"10001432","Your home, your village, your family...","村人全員が家族のようだった地下の村……","故乡、村庄、家人……"
"10001441","{CARDNAME:91310}","{CARDNAME:91310}","{CARDNAME:91310}"
"10001442","Memories of your life underground flood your mind.","君の脳裏を、様々な記憶が駆け抜けてゆく。","地下生活的种种回忆涌上心头。"
"10001451","Elderly Man","地下の民・お爺さん","老人"
"10001452","You remember the old man who was such a worrywart, but only because he loved the village more than anyone else...","心配性だったけど、誰よりも村を大切に想っていたお爺さん……","那个总爱操心、却比谁都珍爱村庄的老人……"
"10001461","Girl","地下の民・女の子","女孩"
"10001462","You remember the little girl who always asked you to play with her...","「お姉ちゃん！」といつも甘えてくれた女の子……","那个总缠着你一起玩的女孩……"
"10001471","Young Man","地下の民・青年","青年"
"10001472","You remember the regrettably unreliable, but undeniably kindhearted young man...","頼りなかったけど、誰よりも優しかった青年……","那个有些靠不住、却比谁都善良的青年……"
"10001481","Old Woman","地下の民・お婆さん","老妇"
"10001482","You remember the wise old woman who taught you all manner of things...","物識りで、色々なことを教えてくれたお婆さん……","那个见多识广、教会你许多事的老妇……"
"10001491","{CHARACTERNAME:1010}'s Mother","{CHARACTERNAME:1010}の母親","{CHARACTERNAME:1010} 的母亲"
"10001492","Your heart aches for your mother, who loved you more than anyone...","たくさんの愛を注いでくれた大好きな母親……","还有那个倾尽爱意呵护你的母亲……"
"10001501","{CHARACTERNAME:1010}'s Mother","{CHARACTERNAME:1010}の母親","{CHARACTERNAME:1010} 的母亲"
"10001502","""My sweet little girl... You must...live...""","「……私の可愛い子。あなたは、生き、て……」","「我的乖女儿……你一定要……活下去……」"
"10001511","{CARDNAME:1021}","{CARDNAME:1021}","{CARDNAME:1021}"
"10001512","""We're almost at the surface,"" the {CARDNAME:1021} says.","「この先が地上だ」と、
{CARDNAME:1021}が言う。","「前面就是地面了。」{CARDNAME:1021} 说道。"
"10001521","{CHARACTERNAME:1010}","{CHARACTERNAME:1010}","{CHARACTERNAME:1010}"
"10001522","You don't know if you can trust him...but you have nowhere else to go.","この少年が信じられる相手なのかはわからない……だが、他に行くあてもない。","你不知道能不能信任这个少年……可如今也无处可去。"
"10001531","{CHARACTERNAME:1010}","{CHARACTERNAME:1010}","{CHARACTERNAME:1010}"
"10001532","Though your legs are unstable, you keep moving forward, unsure what awaits.","君はためらいながら足を踏み出す……
その先に、何があるのかもわからないままに。","双腿仍在发软，你却还是迈步向前——前方有什么，无从知晓。"
"10001541","{CHARACTERNAME:1010}","{CHARACTERNAME:1010}","{CHARACTERNAME:1010}"
"10001542","You lay eyes on the surface for the first time in your life. Captivated by the endless sands before you, you scoop up a handful. Just then...","君が生まれて初めて見た外の世界は、一面の砂漠だった。誘われるように砂を掬い上げた、その時……","生平第一次见到地面，眼前却是一望无际的沙海。你被它吸引，俯身捧起一把沙。就在这时……"
"10001551","{CARDNAME:91310}","{CARDNAME:91310}","{CARDNAME:91310}"
"10001552","The passage leading to your village collapses.","地下の村に続く入り口が崩壊した。","通往地下村庄的入口坍塌了。"
"10001561","{CARDNAME:91310}","{CARDNAME:91310}","{CARDNAME:91310}"
"10001562","Your family, friends, and even Ram...are all buried in the sand now.","一緒に暮らした村の人も、友達のラムも、大好きな母親も、すべてが飲み込まれていく……","家人、朋友，就连拉姆……如今都被埋在黄沙之下。"
"10001571","{CHARACTERNAME:1010}","{CHARACTERNAME:1010}","{CHARACTERNAME:1010}"
"10001572","You fall to your knees, overcome with grief.","改めて襲ってきた喪失感に君は、その場に崩れた。","失去一切的悲恸再次袭来，你跪倒在地。"
"10001581","{CARDNAME:1021}","{CARDNAME:1021}","{CARDNAME:1021}"
"10001582","The boy stares at you, watching as you sob until you can barely breathe...","幼子のように泣きじゃくる君を、少年はじっと見ている……","少年默默看着你哭得几乎喘不过气……"
"10001591","{CARDNAME:1021}","{CARDNAME:1021}","{CARDNAME:1021}"
"10001592","Once you've calmed, he speaks. ""Let's go,"" he says, then begins walking.","君が落ち着いたのを見計らって、少年は、「……行くぞ」と、歩き出した。","等你稍稍平静，少年开口：「……走吧。」说完便迈步离去。"
"10001601","{CARDNAME:1021}","{CARDNAME:1021}","{CARDNAME:1021}"
"10001602","""Where are you going?""","「どこへ行く気だ？」","「你要去哪？」"
"10001611","{CHARACTERNAME:1010}","{CHARACTERNAME:1010}","{CHARACTERNAME:1010}"
"10001612","You swallow, hoping to ease the dryness in your throat, and cast your hollow eyes at the sky. ""I can't see the stars..."" you murmur.","喉を潤し、少し落ち着いた君は虚ろな瞳で空を見上げた。そして、「……星が見えない」と小さくこぼす。","你咽了咽干涩的喉咙，空洞地仰望天空：「……看不到星星。」"
"10001621","{CARDNAME:1021}","{CARDNAME:1021}","{CARDNAME:1021}"
"10001622","""Of course you can't,"" he replies. ""The sun never sets here.""","その呟きに少年は、
「当たり前だ。この世界は日が沈まないんだから」
と、説明した。","「当然看不到。」他解释道，「这个世界的太阳从不落山。」"
"10001631","{CARDNAME:1021}","{CARDNAME:1021}","{CARDNAME:1021}"
"10001632","In a world without night, stars are merely a thing of fairy tales.","夜のないこの世界では、星は物語の中だけのものだという。","在这个没有黑夜的世界，星星只存在于故事里。"
"10001641","{CHARACTERNAME:1010}","{CHARACTERNAME:1010}","{CHARACTERNAME:1010}"
"10001642","When you ask the boy where he's going, his answer is short.","君は少年に、どこに行くのか問いかける。
すると少年は一言……","你问少年要去哪里。他只答了两个字。"
"10001651","{CARDNAME:1021}","{CARDNAME:1021}","{CARDNAME:1021}"
"10001652","""To get revenge.""","「復讐」と、短く返した。","「复仇。」"
"10001661","{CHARACTERNAME:1010}","{CHARACTERNAME:1010}","{CHARACTERNAME:1010}"
"10001662","Revenge... A darkness finds its way into your once-hollow eyes.","復讐……虚ろだった君の瞳に暗い光が宿る。","复仇……原本空洞的眼中，渐渐染上一抹阴翳。"
"10001671","","",""
"10001672","You...","君は……","你……"
"10001681","Want Revenge on the Monsters","{CARDNAME:4340}達に復讐したい","向 {CARDNAME:4340} 复仇"
"10001682","""I want revenge on the monsters,"" you whisper. They robbed you of everything you loved. There's no way that can go unpunished.","「{CARDNAME:4340}達に復讐したい」と君は呟いた。愛する者達を奪った{CARDNAME:4340}を、このままにしておける訳がない。","「我要向 {CARDNAME:4340} 复仇。」你低声说道。它们夺走了你所爱的一切，绝不能就此罢休。"
"10001691","Want to Live a Peaceful Life","静かに暮らしたい","安静地生活"
"10001692","You stifle the unusual feeling welling up inside of you and whisper, ""I want to live a peaceful life.""","君は生まれて初めての感情を押し殺すように「静かに暮らしたい」と呟いた。","你强压下心中陌生的情绪，低声说道：「我只想安静地生活。」"
"10001701","傷アリの魔物に復讐する","{CARDNAME:4340}に復讐する","傷アリの魔物に復讐する"
"10001702","「魔物達に復讐したい」と君は呟いた。愛する者達を奪った魔物を、このままにしておける訳がない。","「{CARDNAME:4340}達に復讐したい」と君は呟いた。愛する者達を奪った{CARDNAME:4340}を、このままにしておける訳がない。","「魔物達に復讐したい」と君は呟いた。愛する者達を奪った魔物を、このままにしておける訳がない。"
"10001711","静かに暮らす","静かに暮らす","静かに暮らす"
"10001712","君は生まれて初めての感情を押し殺すように「静かに暮らしたい」と呟いた。","君は生まれて初めての感情を押し殺すように「静かに暮らしたい」と呟いた。","君は生まれて初めての感情を押し殺すように「静かに暮らしたい」と呟いた。"
"10001721","{CHARACTERNAME:1010}","{CHARACTERNAME:1010}","{CHARACTERNAME:1010}"
"10001722","""Are you okay with that?"" the boy asks. You're not, and your body trembles in rage just remembering what happened...","「それでいいのか？」という少年の問いに、君は肩を震わせる。いいはずがないと……","「这样就行了吗？」少年问。怎么可能。只要想起那一切，你便气得浑身发抖……"
"10001731","{CARDNAME:1021}","{CARDNAME:1021}","{CARDNAME:1021}"
"10001732","""Follow me,"" he says, then extends a hand to you.","「ついてこい」
そう言って、少年は君に手を差し出す。","「跟我来。」少年向你伸出手。"
"10001741","{CHARACTERNAME:1010}","{CHARACTERNAME:1010}","{CHARACTERNAME:1010}"
"10001742","You take it.","君は、自分の意思でその手を取った。","你握住了他的手。"
"10001751","{CARDNAME:1021}","{CARDNAME:1021}","{CARDNAME:1021}"
"10001752","The boy says he's heading to <highlight>{CARDNAME:91320}</highlight> in the north to find a means to exact his revenge.","少年によると、このオアシスから北にある<highlight>{CARDNAME:91320}</highlight>に、復讐するための道具があるのだという。","少年说，北边的 <highlight>{CARDNAME:91320}</highlight> 有能助他复仇的东西。"
"10001761","{CHARACTERNAME:1010}","{CHARACTERNAME:1010}","{CHARACTERNAME:1010}"
"10001762","You decide to head that way with him.","君は少年と共に<highlight>{CARDNAME:91320}</highlight>を目指すことにした。","你决定与少年一同前往 <highlight>{CARDNAME:91320}</highlight>。"
"10001771","{CARDNAME:1021}","{CARDNAME:1021}","{CARDNAME:1021}"
"10001772","The boy stands before some sort of wreckage.","{CARDNAME:1021}は、何かの残骸の前で立ち尽くしている。","{CARDNAME:1021} 站在一片残骸前。"
"10001781","Wreckage","何かの残骸","残骸"
"10001782","It appears to be the remains of some mode of desert transportation that was destroyed by a sandstorm. Whatever was inside of it seems to be missing, too.","どうやらそれは、砂漠での移動手段だったようだが、砂嵐に遭い壊れてしまったようだ。さらに、積荷も流されてしまったらしい。","看起来曾是穿越沙漠的交通工具，却毁于沙暴，里面的货物也不知所踪。"
"10001791","{CHARACTERNAME:1010}","{CHARACTERNAME:1010}","{CHARACTERNAME:1010}"
"10001792","""Can you walk?"" he asks you. For the first time, you realize just how thirsty you are.","「歩けるか？」と少年に問われ、そこで初めて君は、喉がカラカラに渇いていることに気が付いた。","「还能走吗？」他问。直到此刻，你才发觉自己早已渴得厉害。"
"10001801","{CARDNAME:1021}","{CARDNAME:1021}","{CARDNAME:1021}"
"10001802","You shake your head, and the boy tells you of an <highlight>oasis</highlight> to the west. ""Try not to faint before then,"" he says curtly.","首を小さく振る君に少年は「西に<highlight>オアシス</highlight>があったはずだ。そこまでは頑張れ」とぶっきらぼうに言う。","你轻轻摇头。少年说西边有片<highlight>绿洲</highlight>：「撑到那里，别先晕过去。」"
"10001811","{CHARACTERNAME:1010} and {CARDNAME:1021}","{CHARACTERNAME:1010}と{CARDNAME:1021}","{CHARACTERNAME:1010} 与 {CARDNAME:1021}"
"10001812","Once you arrive, both you and the boy scoop water out of the oasis to quench your parched throats.","オアシスを見つけた君と少年は、水を両手で掬うとそれを喉に流し込む。","抵达绿洲后，你和少年双手捧起清水，痛饮解渴。"
"10001821","","",""
"10001822","Your HP is fully restored!","二人のＨＰが全回復した！","两人的 HP 全部恢复！"
"10001831","Oasis","オアシス","绿洲"
"10001832","The oasis water looks crystal clear and safe to drink. There are even shady spots beneath the rocks to rest.","オアシスの水は透き通っており、飲んでも問題なさそうだ。さらに暑さを凌ぐための岩陰まである。","绿洲的水清澈见底，看起来可以放心饮用。岩石下还有阴凉处可供歇息。"
"10001841","{CARDNAME:91310}","{CARDNAME:91310}","{CARDNAME:91310}"
"10001842","The entrance has collapsed. There's no way to get back in...","入り口が崩壊していて、入ることはできない……","入口已经坍塌，没法再进去了……"
"10001851","{CHARACTERNAME:1010}","{CHARACTERNAME:1010}","{CHARACTERNAME:1010}"
"10001852","You find yourself in awe of the large and lively town, a far cry from where you came from.","地下の村より遥かに大きく賑やかな街の様子に、君は戸惑っている。","眼前城镇庞大而喧闹，与地下村庄判若两个世界。你一时看得出神。"
"10001861","{CARDNAME:1021}","{CARDNAME:1021}","{CARDNAME:1021}"
"10001862","As you stand, wide-eyed in wonder, the boy says, ""Follow me,"" and walks off.","きょろきょろと辺りを見回す君に、少年は一言「ついてこい」と言って、さっさと行ってしまった。","你正睁大眼四处张望，少年丢下一句「跟我来」，径自走远。"
"10001871","{CHARACTERNAME:1010}","{CHARACTERNAME:1010}","{CHARACTERNAME:1010}"
"10001872","You must follow that boy.","少年を追いかけねば。","得跟上那个少年。"
"10001881","Woman with Bread","街の人・パンを抱えた女性","抱着面包的女人"
"10001882","You see a woman stuffing her mouth with something delectable and ask her what she's eating.","女性が美味しそうに頬張っているパンを見て、
君は「それは、なに？」と尋ねた。","你看见一名女人正津津有味地吃着什么，便问她那是什么。"
"10001891","Woman with Bread","街の人・パンを抱えた女性","抱着面包的女人"
"10001892","""This is just normal bread,"" she answers. ""Just normal bread...?"" you repeat curiously.","「普通のパンだけど」と答える女性に君は、「普通のパン？」と首を傾げた。","「普通面包啊。」女人答道。你疑惑地重复：「普通……面包？」"
"10001901","Woman with Bread","街の人・パンを抱えた女性","抱着面包的女人"
"10001902","You can't take your eyes off the bread. ""You're not getting any! Run along, now,"" she says, shooing you away.","不思議そうにパンを見つめる君を、女性は「あげないよ。あっちへ行きな」と追い払った。","你盯着面包挪不开眼。「不给你，快走吧。」女人挥手把你赶开。"
"10001911","Beautiful Woman","街の人・美意識の高い女性","爱美的女人"
"10001912","You see a woman holding a parasol and can't help but wonder what it's for.","日傘をさしている女性を見て、君は「あれはなんの道具なのかな？」と、首を傾げた。","你看到一名撑着阳伞的女人，不禁好奇那东西有什么用。"
"10001921","Lively Boy","街の人・陽気な少年","活泼的少年"
"10001922","The boy sees your eyes darting about and laughs. ""What, are you a country bumpkin or something?""","きょろきょろしている君を見て少年は笑った。
「なんだよねーちゃん、田舎者か？」","少年见你东张西望，笑道：「怎么，姐姐是乡下来的？」"
"10001931","Lively Boy","街の人・陽気な少年","活泼的少年"
"10001932","""Country...bumpkin..."" You repeat his words curiously. ""You can't be serious!"" he exclaims in bewilderment.","「田舎者って、なに？」と首を傾げた君に、「こいつはマジもんだぜぇ……！」と少年は震えた。","「乡下……来的？」你疑惑地重复。少年愣住：「不是吧，真没见过世面啊！」"
"10001941","Lively Boy","街の人・陽気な少年","活泼的少年"
"10001942","""Isn't the city great?"" the boy asks, beaming with pride. Your head tilts, almost of its own accord, as you turn the word over in your mind. City? City...","少年は、「どうだ都会はすごいだろ！」と自慢したが君は、都会？と首を傾げるばかりだ。","「城里很厉害吧！」少年得意洋洋。你却只是歪头琢磨：城里？城市……？"
"10001951","Cheerful Man","街の人・にこやかな男性","笑容满面的男人"
"10001952","""Hey there, miss! How about a pretty hairpin? I think it'd suit you perfectly!"" a man calls out to you.","「お嬢さん、可愛いね！この髪飾りなんかどう？」
と男性が声をかけてきた。","「小姐，长得真可爱！这枚发饰怎么样？肯定很配你！」男人热情地招呼你。"
"10001961","{CHARACTERNAME:1010}","{CHARACTERNAME:1010}","{CHARACTERNAME:1010}"
"10001962","""Thank you,"" you reply as you accept the accessory, then walk off.","君は「ありがとう」とそれを受け取り、立ち去ろうとする。","「谢谢。」你接过发饰，转身便走。"
"10001971","Cheerful Man","街の人・にこやかな男性","笑容满面的男人"
"10001972","""W-wait! You didn't pay!"" he calls after you. Confused, you decide to return the gift instead.","「お嬢さん、お金！」と男性は、慌てて追いかけてきた。君は、首を傾げながら髪飾りを返した。","「等、等等！还没付钱呢！」男人慌忙追上来。你一头雾水，只好把「礼物」还给他。"
"10001981","Cheerful Man","街の人・にこやかな男性","笑容满面的男人"
"10001982","""I've got nothing for you unless you've got money for me. Scram,"" he says curtly. You cock your head to the side. What's money?","男性は、「お金がないなら用はない」と言った。君はお金？と、首を傾げた。","「没钱就别来烦我，走开。」男人冷淡地说道。你歪歪头：钱是什么？"
"10001991","Gatekeeper","門番","守门人"
"10001992","The gatekeeper bars your path. Only those with business in the mines are allowed to pass.","門番が君の行く手を阻む。この先は鉱山で、関係者以外は通せないそうだ。","守门人拦住去路。前方是矿山，只有相关人员才能通行。"
"10002001","{CARDNAME:103380}","{CARDNAME:103380}","{CARDNAME:103380}"
"10002002","An intimidating building towers before you. It doesn't look like a place you can just wander into...","威圧感のある建物がそびえ立っている。気軽に入って良いものではなさそうだ。","一座气势逼人的建筑耸立眼前。怎么看都不像能随便闯进去的地方……"
"10002011","{CARDNAME:105430}","{CARDNAME:105430}","{CARDNAME:105430}"
"10002012","Steel boats are lined up before you. They remind you of the ones in your book, though those vessels floated upon the ocean...","鉄で作られた船が並べられている。君は、絵本で見た船は海に浮かんでいたような……？と首を傾げた。","眼前停着一排钢铁打造的船。你想起书里见过的船，可那些明明是漂在海上的……"
"10002021","{CHARACTERNAME:1010}","{CHARACTERNAME:1010}","{CHARACTERNAME:1010}"
"10002022","You finally catch up to the boy...","君は、ようやく少年に追いついた……","你总算追上少年……"
"10002031","{CARDNAME:1021}","{CARDNAME:1021}","{CARDNAME:1021}"
"10002032","Apparently tired of waiting for you, he grabs your hand and pulls you into the grandiose building.","少年は待ちわびた様子で君の手を引くと、仰々しい建物に入っていく。","少年似乎等得不耐烦了，拉起你的手，径直走进那座宏伟建筑。"
"10002041","Shop","店","商店"
"10002042","You contemplate entering the strange building, but decide it's best not to go poking around unfamiliar places.","なんだかよくわからない建物に入るのは、やめておいた方が良いだろう。","你本想进这座陌生建筑看看，转念一想，还是别在不熟悉的地方乱闯为好。"
"10002051","{CARDNAME:1021}","{CARDNAME:1021}","{CARDNAME:1021}"
"10002052","In front of the boy stand several masked elders.","少年の前には、
仮面をつけた怪しい老人達が並んでいた。","少年面前，站着几名戴面具的可疑老人。"
"10002061","{CARDNAME:1021}","{CARDNAME:1021}","{CARDNAME:1021}"
"10002062","""I brought her,"" he says, briefly introducing you.","「連れてきました」と少年が君を紹介する。","「人带来了。」少年简单介绍了你。"
"10002071","Suspicious Elders","怪しい老人達","可疑的老人们"
"10002072","""Very well. You may go,"" they tell him curtly.","すると老人達は「うむ、下がれ」と、ぞんざいに指示をした。","「很好，你退下吧。」他们冷淡地吩咐。"
"10002081","{CARDNAME:1021}","{CARDNAME:1021}","{CARDNAME:1021}"
"10002082","As he passes, he whispers to you that these people are members of the town's governing body: the <highlight>Senate</highlight>.","去り際、少年が君に耳打ちした。彼らは、この街を統治する<highlight>元老院</highlight>という機関の議員達だという。","少年经过你身旁时低声提醒：这些人是统治城镇的机构——<highlight>元老院</highlight>——的成员。"
"10002091","Senators","元老院・議員","元老院议员"
"10002092","""We are the ones who told him to bring you here,"" one of the senators explains in pompous tones. It appears, for whatever reason, they have need of you.","議員は「お前を連れて来させたのは、私達だ」と、偉そうに言う。どうやら君に特別な用事があるらしい。","其中一名议员趾高气扬地说：「让他带你来的，正是我们。」看来他们特意找你有事。"
"10002101","{CARDNAME:1021}","{CARDNAME:1021}","{CARDNAME:1021}"
"10002102","It seems he won't let you leave until you speak with the senators.","君が元老院の話を聞くまで退いてくれないようだ。","在你听完议员们的话之前，他似乎不会放你离开。"
"10002111","Senator","元老院・議員","元老院议员"
"10002112","The senator refers to you as a <highlight>subterran</highlight>.","議員は君のことを<highlight>地下の民</highlight>と呼んだ。","议员称你为<highlight>地下之民</highlight>。"
"10002121","Senator","元老院・議員","元老院议员"
"10002122","According to legend, those who live beneath the surface have the <highlight>power to subjugate monsters</highlight>.","伝承によると、地下の民には<highlight>{CARDNAME:4340}を従える力</highlight>があるらしい。","传说地下之民拥有<highlight>驾驭 {CARDNAME:4340} 的力量</highlight>。"
"10002131","Senator","元老院・議員","元老院议员"
"10002132","He says they have need of that power.","議員はその力に用があるのだと言った。","他说，他们正需要这种力量。"
"10002141","Senator","元老院・議員","元老院议员"
"10002142","The senator explains the town's situation to you.","議員は、街の現状を説明し始める。","议员开始向你说明城中的现状。"
"10002151","Senator","元老院・議員","元老院议员"
"10002152","The people of {CARDNAME:91320} have been living by the grace of a mighty monster known as the <highlight>{CARDNAME:4310}</highlight> that inhabits the mines.","この{CARDNAME:91320}の人々は、鉱山に棲む<highlight>{CARDNAME:4310}</highlight>と呼ばれる強大な{CARDNAME:4340}の恵みによって暮らしていた。","{CARDNAME:91320} 的居民一直仰赖矿山中强大的 {CARDNAME:4340}——<highlight>{CARDNAME:4310}</highlight>——的恩泽而生。"
"10002161","Senator","元老院・議員","元老院议员"
"10002162","But in recent years, that beast has begun to rampage.","だが、近年、その神獣が暴走を始めたというのだ。","可近几年，那头神兽开始失控。"
"10002171","元老院・議員","元老院・議員","元老院・議員"
"10002172","議員は、どうにかしてその{CARDNAME:4310}を鎮めたいのだと訴えかけてきた。","議員は、どうにかしてその{CARDNAME:4310}を鎮めたいのだと訴えかけてきた。","議員は、どうにかしてその{CARDNAME:4310}を鎮めたいのだと訴えかけてきた。"
"10002181","Senator","元老院・議員","元老院议员"
"10002182","The senator explains that, due to the primal's influence, other monsters have been growing violent.","議員は、{CARDNAME:4310}の影響により、周りの{CARDNAME:4340}も凶暴化していると言う。","议员说，受 {CARDNAME:4310} 影响，周围的 {CARDNAME:4340} 也愈发凶暴。"
"10002191","Senator","元老院・議員","元老院议员"
"10002192","""It may be why your village was attacked,"" he says with an exaggerated frown.","「お前達の村が襲われたのも、そのせいかもしれないな……」と大袈裟に嘆いてみせた。","「你们的村子遇袭，或许也是这个缘故……」他故作沉痛地说道。"
"10002201","Senator","元老院・議員","元老院议员"
"10002202","""Pray hear what the others have to say,"" he tells you in that pompous voice.","議員は「私以外の議員達にも話を聞いてみろ」と、偉そうに言っている。","他摆着架子说道：「也去听听其他议员怎么说吧。」"
"10002211","Senators","元老院・議員","元老院议员"
"10002212","The three senators ask you to use <highlight>your powers</highlight> to subdue the {CARDNAME:4310}.","元老院の議員達は改めて、「<highlight>{CARDNAME:4340}を従える力</highlight>を使って{CARDNAME:4310}を鎮めよ」と、君に依頼する。","三名议员要求你运用<highlight>驾驭 {CARDNAME:4340} 的力量</highlight>，镇压 {CARDNAME:4310}。"
"10002221","","",""
"10002222","Will you accept the senators' request?","元老院からの依頼を
受けるか？","要接受元老院的委托吗？"
"10002231","I Accept...","依頼を受けよう……","接受委托……"
"10002232","If the {CARDNAME:4310} truly is why your village was destroyed, you have no reason to refuse.","{CARDNAME:4310}が村を滅ぼした元凶なら、断る理由はない。","若 {CARDNAME:4310} 真是毁掉村庄的元凶，你没有拒绝的理由。"
"10002241","I Should Refuse...","拒否しようか……","拒绝委托……"
"10002242","You find the senators to be haughty and the whole situation unpleasant...","この元老院の議員達は無駄に偉そうで、とても嫌な感じがする……","这些元老院议员傲慢得令人不快，整件事也叫人厌烦……"
"10002251","{CHARACTERNAME:1010}","{CHARACTERNAME:1010}","{CHARACTERNAME:1010}"
"10002252","But, in order to exact your revenge on the monsters who destroyed your home, you want more information.","しかし、村を襲った{CARDNAME:4340}に復讐を遂げるためには、今は少しでも情報が欲しい。","可是，为了向毁掉故乡的 {CARDNAME:4340} 复仇，你需要尽可能多的情报。"
"10002261","{CHARACTERNAME:1010}","{CHARACTERNAME:1010}","{CHARACTERNAME:1010}"
"10002262","""If it means getting revenge, I'll do it,"" you say.","君は「復讐できるなら協力する」と言った。","「只要能复仇，我就帮你们。」你说道。"
"10002271","{CHARACTERNAME:1010}","{CHARACTERNAME:1010}","{CHARACTERNAME:1010}"
"10002272","Still...you have no idea how to use your so-called <highlight>powers to subjugate beasts</highlight>.","だが、君には<highlight>{CARDNAME:4340}を従える力</highlight>なんて、まったく心当たりがない。","可是，所谓<highlight>驾驭 {CARDNAME:4340} 的力量</highlight>，你根本不知道该怎么用。"
"10002281","Senator","元老院・議員","元老院议员"
"10002282","Just then, one of the senators speaks. ""According to legend, you need special tools to activate your powers.""","その時、議員の一人が「伝承によれば、能力を使うためには道具が必要なのだ」と言った。","这时，一名议员开口：「传说要借助特殊道具，才能激发那种力量。」"
"10002291","Senator","元老院・議員","元老院议员"
"10002292","Summoned by the senator, the boy presents you with new clothes and a weapon...","議員に呼びつけられた少年が君に新しい衣服と武器、そして……","议员把少年叫来，让他给你送上新的衣服和武器……"
"10002301","Cards","カード","卡牌"
"10002302","He also hands you a bundle of papers that look like cards.","切りそろえられた紙の束を手渡す。カードのようだ。","他还递来一叠裁得整整齐齐的纸，看起来像卡牌。"
"10002311","{CHARACTERNAME:1010}","{CHARACTERNAME:1010}","{CHARACTERNAME:1010}"
"10002312","You take them as told.","君は、言われるがままにそれらを身につけた。","你照他们说的，把这些东西收下并装备起来。"
"10002321","Senator","元老院・議員","元老院议员"
"10002322","""It looks like you're ready,"" a senator says, and a monster in a steel cage is brought in.","議員の一人が君を見て、「準備ができたようだな」と言うと、鋼の檻に入れられた{CARDNAME:4340}が運ばれてきた。","「看来准备好了。」一名议员说着，让人抬来一只关在钢笼里的 {CARDNAME:4340}。"
"10002331","Senators","元老院・議員","元老院议员"
"10002332","""Now, subterran, show us your powers,"" they all but command.","「さあ、地下の民よ。その力を示せ！」と、議員達が仰々しく言う。","「来吧，地下之民。让我们见识你的力量！」议员们几乎是在命令你。"
"10002341","{CHARACTERNAME:1010}","{CHARACTERNAME:1010}","{CHARACTERNAME:1010}"
"10002342","Though surprised by the sudden turn of events, you take your weapon in hand.","突然の出来事に驚きながらも、君は武器を握った。","事发突然，你虽有些吃惊，还是握紧武器。"
"10002351","{CHARACTERNAME:1010}","{CHARACTERNAME:1010}","{CHARACTERNAME:1010}"
"10002352","You defeat the beast with ease. And then...","君は見事に{CARDNAME:4340}を倒した。
すると……","你轻松击倒了 {CARDNAME:4340}。随后……"
"10002361","Cards","カード","卡牌"
"10002362","The cards you were handed earlier begin to glow, and the light envelops the monster.","先ほど渡されたカードが突然光を放ち、{CARDNAME:4340}を取り込んでしまった！","先前拿到的卡牌忽然发光，将 {CARDNAME:4340} 笼罩其中！"
"10002371","Senators","元老院・議員","元老院议员"
"10002372","The senators explain that you can now summon the beast and <highlight>use it in battle</highlight>.","議員達は、「これで{CARDNAME:4340}を召喚して<highlight>使役できる</highlight>ようになったはずだ」と、君に告げる。","议员们告诉你，现在已经能召唤这只 {CARDNAME:4340}，并在战斗中<highlight>使役它</highlight>。"
"10002381","{CHARACTERNAME:1010}","{CHARACTERNAME:1010}","{CHARACTERNAME:1010}"
"10002382","With a trembling hand, you raise the card with the monster sealed inside it.","君は、恐る恐る{CARDNAME:4340}を封じたカードを掲げてみた。","你有些发怵地举起封印着 {CARDNAME:4340} 的卡牌。"
"10002391","Senators","元老院・議員","元老院议员"
"10002392","""Just like the legend!"" the senators exclaim with joy.","議員達は地下の民の力を目の前にして「おお、伝承通りだ！」と興奮している。","「果然和传说一样！」议员们兴奋不已。"
"10002401","{CHARACTERNAME:1010}","{CHARACTERNAME:1010}","{CHARACTERNAME:1010}"
"10002402","You affix your gaze on the card. ""If only I had this power before, my village wouldn't have...""","「この力があれば、あの時村を……」君は、カードをじっと見つめた……","你死死盯着卡牌：「如果那时就有这种力量，村子也不会……」"
"10002411","Senators","元老院・議員","元老院议员"
"10002412","Having witnessed your power, the senators order you to make for the <highlight>mines northwest of town</highlight>.","君の力に満足した議員達は{CARDNAME:91320}の<highlight>北西にある鉱山</highlight>に向かうよう指示してきた。","见识过你的力量后，议员们命你前往 {CARDNAME:91320} <highlight>西北方的矿山</highlight>。"
"10002421","Senator","元老院・議員","元老院议员"
"10002422","One of them hands you some money for your journey.","議員の一人が、旅に必要なお金を君に手渡す。","其中一人交给你一些旅费。"
"10002431","{CARDNAME:1021}","{CARDNAME:1021}","{CARDNAME:1021}"
"10002432","Seeing you gaze at the money with a curious expression, the boy explains, ""Above ground, we use this to buy things and pay people to work.""","お金を不思議そうに見つめる君に少年は、「地上では物や労働力は、これと交換して手に入れるんだ」と、簡単に説明してくれた。","见你一脸好奇地盯着钱，少年解释：「地面上买东西、雇人做事，都得用这个交换。」"
"10002441","{CHARACTERNAME:1010}","{CHARACTERNAME:1010}","{CHARACTERNAME:1010}"
"10002442","Having lived your whole life beneath the surface, you don't quite understand the coin he's given you, but...","地下育ちゆえに、君は
お金の価値がよくわからないが……","你从小生活在地下，对这些钱币的价值仍没什么概念，不过……"
"10002451","Money","お金","钱"
"10002452","You can tell it's not much.","はっきり言って必要最低限である。","至少看得出来，这点钱少得可怜。"
"10002461","Senators","元老院・議員","元老院议员"
"10002462","The senators then summon the boy and give you both an edict. ""Defeat the {CARDNAME:4310} in the mines and seize its power!""","議員達は少年を呼びつけると、「二人で{CARDNAME:4310}を討伐し、その力を手中に収めよ！」と命令した。","议员们又把少年叫来，对你们下令：「两人一同讨伐 {CARDNAME:4310}，夺取它的力量！」"
"10002471","{CHARACTERNAME:1010} and {CARDNAME:1021}","{CHARACTERNAME:1010}と{CARDNAME:1021}","{CHARACTERNAME:1010} 与 {CARDNAME:1021}"
"10002472","With that, you and the boy make your way toward the monster's den.","こうして、君と少年は二人で神獣討伐に向かうことになった。","于是，你与少年一同前往神兽巢穴。"
"10002481","Senators","元老院・議員","元老院议员"
"10002482","""Hurry and seize the beast's power,"" they say.","「早く神獣の力を手中に収めるのだ」と、議員達は君を急かしている。","「快去把神兽的力量夺来。」议员们催促着你。"
"10002491","Gatekeep","門番","守门人"
"10002492","The gatekeep, having gotten official notice from the senators, allows you to pass.","元老院から通達があったから、と門番はあっさり道を譲った。","守门人已经收到元老院通知，很干脆地让开了路。"
"10002501","Gatekeep","門番","守门人"
"10002502","""You may pass freely,"" he says.","門番は「自由に通行してよし」と言っている。","「你们可以自由通行。」"
"10002511","{CHARACTERNAME:1010}","{CHARACTERNAME:1010}","{CHARACTERNAME:1010}"
"10002512","You're ready to set off toward the mines and defeat the primal, but...","早速、神獣を討伐するために、鉱山に出発しようとする君だったが……","你正准备出发前往矿山，讨伐神兽，可是……"
"10002521","{CARDNAME:1021}","{CARDNAME:1021}","{CARDNAME:1021}"
"10002522","""I have an errand to run,"" the boy tells you. ""You can do some shopping while you wait."" And without further ado, he walks away.","少年は、「ちょっと用がある。買い物でもして待っていろ」と、どこかへ行ってしまった。","「我有点事。你先去买点东西等我。」少年说完便径自离开。"
"10002531","","",""
"10002532","{CARDNAME:1021} was removed from the party.","{CARDNAME:1021}が、
仲間から外れました。","{CARDNAME:1021} 离开了队伍。"
"10002541","{CHARACTERNAME:1010}","{CHARACTERNAME:1010}","{CHARACTERNAME:1010}"
"10002542","You despair for a moment, having never gone <highlight>shopping</highlight> before, but with nothing else to do, you set out in search of shops.","<highlight>買い物</highlight>をしたことがない君は途方に暮れたが、他にすることもないので、お店を見てみることにする。","从没<highlight>买过东西</highlight>的你一时不知所措。反正也无事可做，只好去找找商店。"
"10002551","{CARDNAME:103015}","{CARDNAME:103015}","{CARDNAME:103015}"
"10002552","You enter a store and see...","店に入った君が目にしたのは……","走进店里，你看到的是……"
"10002561","{CHARACTERNAME:1010}","{CHARACTERNAME:1010}","{CHARACTERNAME:1010}"
"10002562","Dozens upon dozens of monsters. You quickly ready your weapon for a fight.","大量の{CARDNAME:4340}だ。
君はとっさに武器を構え、戦闘態勢をとる。","一大群 {CARDNAME:4340}。你立刻架起武器，准备迎战。"
"10002571","Shopkeeper","店主","店主"
"10002572","Just then, the shopkeeper rushes out. ""Stop!"" he exclaims. ""Wait!""","すると、「ちょっと待って待って！」と店主が飛び出してきた。","这时店主慌忙冲出来：「等等！先别动手！」"
"10002581","Shopkeeper","店主","店主"
"10002582","He claims that the monsters are for sale. Upon closer inspection, you realize that they are bound by chains.","店主によると、この{CARDNAME:4340}達は売り物なのだという。よく見ると、確かに{CARDNAME:4340}達は鎖に繋がれている。","店主说，这些 {CARDNAME:4340} 都是商品。仔细一看，它们果然全被铁链拴着。"
"10002591","Shopkeeper","店主","店主"
"10002592","""You can keep them as pets, put them to work, or cook them in a stew. The possibilities are endless! So? Would you like a monster?""","「可愛がるも良し。働かせるも良し。煮て食べるのも良し。どうです？{CARDNAME:4340}はいりませんか？」","「当宠物也行，拿去干活也行，炖了吃也行。怎么用都随你！怎么样，要来一只 {CARDNAME:4340} 吗？」"
"10002601","{CHARACTERNAME:1010}","{CHARACTERNAME:1010}","{CHARACTERNAME:1010}"
"10002602","Something about the conversation leaves you feeling icky, so you turn to leave, but...","君は気分が悪くなり、すぐに店を出るが……","这番话让你很不舒服，于是转身离开。不过……"
"10002611","{CHARACTERNAME:1010}","{CHARACTERNAME:1010}","{CHARACTERNAME:1010}"
"10002612","You realize that you could harness your subterran power to control the monsters.","ここで{CARDNAME:4340}を買えば、地下の民の力で使役できるようになるかもしれない、と閃いた。","你忽然想到：买下 {CARDNAME:4340} 后，或许能用地下之民的力量驾驭它。"
"10002621","Shopkeeper","店の人","店员"
"10002622","After you enter the shop, you realize you have no clue what to do next. Not long after, the shopkeeper comes over to speak to you.","店に入って君がもごもごしていると、店の人が話しかけてきた。","进店后，你却不知道下一步该做什么，只能支支吾吾。没多久，店员主动过来搭话。"
"10002631","Shopkeeper","店の人","店员"
"10002632","After you enter the shop, you realize you have no clue what to do next. Not long after, the shopkeeper comes over to speak to you.","店に入って君がもごもごしていると、店の人が話しかけてきた。","进店后，你却不知道下一步该做什么，只能支支吾吾。没多久，店员主动过来搭话。"
"10002641","Shopkeeper","店の人","店员"
"10002642","You tell him that you don't understand how shopping works. Though initially surprised, the man patiently explains all you need to know.","君が正直に買い物の仕方がわからないと言うと、店の人は驚きながらも、丁寧に説明してくれる。","你坦白说自己不会买东西。男人先是一愣，随后耐心把该知道的都讲给你听。"
"10002651","Shopkeeper","店の人","店员"
"10002652","You tell her that you don't understand how shopping works. Though initially surprised, the woman patiently explains all you need to know.","君が正直に買い物の仕方がわからないと言うと、店の人は驚きながらも、丁寧に説明してくれる。","你坦白说自己不会买东西。女人先是一愣，随后耐心把该知道的都讲给你听。"
"10002661","Shopkeeper","店の人","店员"
"10002662","He then asks if there is anything you would like to buy and shows you his wares.","そして、何か買っていくかと、商品を並べた。","男人接着问你想买什么，把商品一一摆了出来。"
"10002671","Shopkeeper","店の人","店员"
"10002672","She then asks if there is anything you would like to buy and shows you her wares.","そして、何か買っていくかと、商品を並べた。","女人接着问你想买什么，把商品一一摆了出来。"
"10002681","{CHARACTERNAME:1010}","{CHARACTERNAME:1010}","{CHARACTERNAME:1010}"
"10002682","It's too dangerous to leave town alone. You decide to wait for the boy instead.","街の外に一人で出るのは危険だ。少年が戻ってくるのを待とう。","一个人出城太危险了。还是等少年回来吧。"
"10002691","Cheerful Man","街の人・にこやかな男性","笑容满面的男人"
"10002692","""Hey there, miss! How about a pretty hairpin? I think it'd suit you perfectly!"" a man calls out to you.","「お嬢さん、可愛いね！この髪飾りなんかどう？」
と男性が声をかけてきた。","「小姐，长得真可爱！这枚发饰怎么样？肯定很配你！」男人热情地招呼你。"
"10002701","{CHARACTERNAME:1010}","{CHARACTERNAME:1010}","{CHARACTERNAME:1010}"
"10002702","He seems to be some sort of merchant. Knowing that you cannot waste your precious money, you scurry away.","どうやら、男は露天商のようだ。君は無駄遣いはいけないと、足早にその場を立ち去った。","看来这男人是个商贩。钱本就不多，不能乱花，你赶紧离开了。"
"10002711","Cheerful Man","街の人・にこやかな男性","笑容满面的男人"
"10002712","Though tempted by the adorable hair ornament, you know you must spend your money wisely and refuse his offer.","男が勧める髪飾りの可愛さに、君は心が揺れるが……無駄遣いは良くないなと、ぐっと我慢した。","那枚可爱的发饰让你很心动，可想到钱得省着用，还是忍痛拒绝了。"
"10002721","{CHARACTERNAME:1010}","{CHARACTERNAME:1010}","{CHARACTERNAME:1010}"
"10002722","The boy has yet to return. With few other options, you decide to take a look around town.","少年はまだ戻ってこない。仕方なく、君はもう少し街を見て回ることにする。","少年还没回来。无事可做，你决定再逛逛城里。"
"10002731","{CARDNAME:1021}","{CARDNAME:1021}","{CARDNAME:1021}"
"10002732","The boy returns, wiping his hands on his clothes. You wonder if his ""errand"" was just a simple trip to the restroom...","少年が服で手を拭いながら戻ってきた。トイレにでも行っていたのだろうか？","少年终于回来，一边走一边往衣服上擦手。所谓「有事」，难道只是去了一趟厕所……？"
"10002741","","",""
"10002742","{CARDNAME:1021} rejoined the party.","{CARDNAME:1021}が、
再び仲間に加わりました。","{CARDNAME:1021} 重新加入了队伍。"
"10002751","{CHARACTERNAME:1010}","{CHARACTERNAME:1010}","{CHARACTERNAME:1010}"
"10002752","The time has finally come to fight the primal.","とにかくこれで、神獣討伐に出発できる。","这下终于能出发讨伐神兽了。"
"10002761","{CARDNAME:1021}","{CARDNAME:1021}","{CARDNAME:1021}"
"10002762","As you walk, the boy asks, ""Do you think I can summon the monsters in the cards, too?""","歩いていると、「カードになった{CARDNAME:4340}はオレにも使えるのか？」と、少年が聞いてきた。","走在路上，少年忽然问：「卡牌里的 {CARDNAME:4340}，我也能召唤吗？」"
"10002771","{CHARACTERNAME:1010}","{CHARACTERNAME:1010}","{CHARACTERNAME:1010}"
"10002772","Unsure yourself, you decide to test it right away.","何も知らない君は、早速試してみることにした。","你也不清楚，索性当场试试。"
"10002781","{CARDNAME:1021}","{CARDNAME:1021}","{CARDNAME:1021}"
"10002782","""I guess you could just let the monster go,"" he remarks.","少年が今度は「このまま{CARDNAME:4340}を逃がしてやることはできるのか」と聞く。","少年又问：「那能不能直接把 {CARDNAME:4340} 放走？」"
"10002791","{CHARACTERNAME:1010}","{CHARACTERNAME:1010}","{CHARACTERNAME:1010}"
"10002792","""Let it go!? Why would I ever want to do that!?""","「{CARDNAME:4340}を逃がすなんてありえない……！」","「放走 {CARDNAME:4340}！？我怎么可能这么做！」"
"10002801","{CARDNAME:1021}","{CARDNAME:1021}","{CARDNAME:1021}"
"10002802","Faced with your hate-filled denial, he murmurs, ""Right...""","君が憎々しく否定すると、少年は「そうだよな……」と呟いた。","面对你满怀憎恨的否定，少年低声道：「也是……」"
"10002811","Monster","{CARDNAME:4340}","{CARDNAME:4340}"
"10002812","For some reason, the monster doesn't attack... It just stares at you silently.","{CARDNAME:4340}はなぜか、攻撃してこない……ただ、静かに君達を見つめている。","不知为何，{CARDNAME:4340} 没有攻击，只是静静望着你们。"
"10002821","Monster","{CARDNAME:4340}","{CARDNAME:4340}"
"10002822","The monster shows no intent of attacking, so there's no need to run away...","{CARDNAME:4340}が攻撃してくる気配はない。逃げるまでもないだろう。","{CARDNAME:4340} 毫无攻击之意，没必要逃。"
"10002831","{CARDNAME:1021}","{CARDNAME:1021}","{CARDNAME:1021}"
"10002832","""What's this?"" you ask. The boy tells you it's a mine cart.","「これは何？」と君が尋ねると、少年はトロッコだと答えた。","「这是什么？」你问。少年告诉你，这是矿车。"
"10002841","{CARDNAME:1021}","{CARDNAME:1021}","{CARDNAME:1021}"
"10002842","Seeing the intrigued glimmer in your eyes, the boy says, ""Walking is a pain, so we might as well get in.""","微かに目を輝かせる君を見て、少年は「歩くのも面倒だし、乗っていこう」と、言った。","见你眼中闪过好奇，少年说道：「走路太麻烦，坐这个吧。」"
"10002851","{CHARACTERNAME:1010}","{CHARACTERNAME:1010}","{CHARACTERNAME:1010}"
"10002852","""This would've been so handy to have back home,"" you whisper to yourself.","君は「村にもトロッコがあったら便利だったのに」と呟いた。","「村里要是也有矿车就方便了……」你喃喃自语。"
"10002861","{CHARACTERNAME:1010}","{CHARACTERNAME:1010}","{CHARACTERNAME:1010}"
"10002862","Anything that needed to be moved was done so by hand. By everyone's hands...","地下の村では、重い土砂も全て人力で運搬していた。みんなで力を合わせて……","地下村庄里，再重的土石也只能靠人搬。大家一起出力……"
"10002871","{CHARACTERNAME:1010}","{CHARACTERNAME:1010}","{CHARACTERNAME:1010}"
"10002872","「重いものはみんなで協力して運ぶの。声を掛けて、いっせーのって。たまに息が全然合わなくて……」","「重いものはみんなで協力して運ぶの。声を掛けて、いっせーのって。たまに息が全然合わなくて……」","「重いものはみんなで協力して運ぶの。声を掛けて、いっせーのって。たまに息が全然合わなくて……」"
"10002881","{CARDNAME:1021}","{CARDNAME:1021}","{CARDNAME:1021}"
"10002882","The boy quietly lends an ear as you reminisce of your village.","懐かしそうに村の思い出を話す君に、少年は黙って耳を傾けている。","你怀念地说起村里的往事，少年默默听着。"
"10002891","{CARDNAME:1021}","{CARDNAME:1021}","{CARDNAME:1021}"
"10002892","""It sounds like you were all one big family,"" he comments. You nod, a little teary eyed.","少年が「みんな仲が良かったんだな」と言うと、君は少し目を赤くして頷いた。","「听起来，你们就像一家人。」少年说道。你眼眶微红地点点头。"
"10002901","{CHARACTERNAME:1010}","{CHARACTERNAME:1010}","{CHARACTERNAME:1010}"
"10002902","""That's why...I have to avenge them...""","「……だから、必ず仇を取らなくちゃ……」","「……所以，我一定要替他们报仇……」"
"10002911","{CARDNAME:1021}","{CARDNAME:1021}","{CARDNAME:1021}"
"10002912","""......""","「……」","「……」"
"10002921","{CHARACTERNAME:1010}","{CHARACTERNAME:1010}","{CHARACTERNAME:1010}"
"10002922","You realize that you've been the only one talking and ask the boy to tell you about his own past.","自分の話ばかりしていると気付いた君は、少年にも思い出話をして欲しいとお願いする。","你发觉一直都是自己在说，便请少年也讲讲他的过去。"
"10002931","{CARDNAME:1021}","{CARDNAME:1021}","{CARDNAME:1021}"
"10002932","But the boy simply shrugs you off. ""I don't see the point,"" he says somewhat sadly.","しかし、少年は「オレにはそういうのはわからない」と、少し寂しげに返すのみだった。","少年却只是推辞，神情略显寂寞：「我不懂那些。」"
"10002941","{CHARACTERNAME:1010} and {CARDNAME:1021}","{CHARACTERNAME:1010}と{CARDNAME:1021}","{CHARACTERNAME:1010} 与 {CARDNAME:1021}"
"10002942","Monsters block your path. Knowing you need to press on, you and the boy decide to strike them down.","{CARDNAME:4340}達が道を塞いでいる。君と少年は進むのに邪魔だと、{CARDNAME:4340}を排除することにした。","{CARDNAME:4340} 挡住了去路。为了继续前进，你和少年决定将它们清除。"
"10002951","{CARDNAME:4310}","{CARDNAME:4310}","{CARDNAME:4310}"
"10002952","A sinister beast rears it head! It appears to be the Steel Primal.","禍々しい{CARDNAME:4340}が、姿を現わした！どうやら鋼の神獣らしい。","一头凶煞的 {CARDNAME:4340} 现身！看来正是钢之神兽。"
"10002961","{CARDNAME:4310}","{CARDNAME:4310}","{CARDNAME:4310}"
"10002962","The monster seems enraged and has lost its senses...","神獣は怒り狂っている。正気を失っているようだ……","神兽怒不可遏，似乎已经失去理智……"
"10002971","{CHARACTERNAME:1010}","{CHARACTERNAME:1010}","{CHARACTERNAME:1010}"
"10002972","""It's all your fault...!"" you exclaim, brandishing your weapon at the beast.","「こいつのせいで……！」君は怒りと共に神獣に武器を向ける。","「都是你的错……！」你怒火中烧，将武器指向神兽。"
"10002981","{CARDNAME:4310}","{CARDNAME:4310}","{CARDNAME:4310}"
"10002982","""This. Is. Humans. Fault!""","「ニンゲン、ノ、
セイデ！！」","「都、是、人类、的错！」"
"10002991","{CARDNAME:4310}","{CARDNAME:4310}","{CARDNAME:4310}"
"10002992","The primal unleashes a roar, then lunges at you!","{CARDNAME:4310}が、雄叫びを上げながら襲い掛かってきた！","{CARDNAME:4310} 发出怒吼，朝你猛扑过来！"
"10003001","{CHARACTERNAME:1010}","{CHARACTERNAME:1010}","{CHARACTERNAME:1010}"
"10003002","You successfully defeat the beast and capture it in a card!","君は見事に神獣を討ち果たし、カードに封じ込めることに成功した！","你成功击败神兽，并将它封进卡牌！"
"10003011","{CHARACTERNAME:1010}","{CHARACTERNAME:1010}","{CHARACTERNAME:1010}"
"10003012","Your breathing is ragged after having avenged your village.","村の仇である神獣を倒し、君の息はまだ荒いままだ。","终于替村庄报了仇，你的呼吸仍久久不能平复。"
"10003021","{CHARACTERNAME:1010} and {CARDNAME:1021}","{CHARACTERNAME:1010}と{CARDNAME:1021}","{CHARACTERNAME:1010} 与 {CARDNAME:1021}"
"10003022","""Let's report back,"" the boy says, and the two of you return to {CARDNAME:91320}.","少年が「ひとまず報告に戻ろう」と言い、君達は{CARDNAME:91320}に戻ることにした。","「先回去报告吧。」少年说。于是你们返回 {CARDNAME:91320}。"
"10003031","","",""
"10003032","Leave the mines?","鉱山から今すぐ
脱出しますか？","现在离开矿山吗？"
"10003041","Leave","今すぐ脱出する","立即离开"
"10003042","You decide to leave the mines behind right away.","君達は鉱山から今すぐ出ることにした。","你们决定马上离开矿山。"
"10003051","Return on My Own","自力で戻る","自己走回去"
"10003052","You decide to explore the mines a bit more before leaving.","君は、もう少し鉱山を探索してから出ることにした。","你决定再探索一会儿矿山，再自行离开。"
"10003061","Senators","元老院・議員","元老院议员"
"10003062","The senators await your return at Steel Hall.","議事堂では、議員達が君の帰りを待ち構えていた。","钢铁议事堂里，议员们早已等着你回来。"
"10003071","Senators","元老院・議員","元老院议员"
"10003072","When you tell them you have defeated the primal, they demand you give them the card.","神獣を倒したことを報告すると、議員達は君に「神獣のカードを渡せ」と詰め寄ってくる。","听说神兽已被击败，他们立刻逼你交出卡牌。"
"10003081","{CHARACTERNAME:1010}","{CHARACTERNAME:1010}","{CHARACTERNAME:1010}"
"10003082","""Why?"" you ask, not liking their tone.","嫌な気配を感じた君は、
「どうして？」と尋ねた。","他们的语气让你心生警惕：「为什么？」"
"10003091","Senators","元老院・議員","元老院议员"
"10003092","""We're declaring war on the neighboring town,"" they tell you. ""The primal's power will ensure our victory.""","その問いに議員達は、
「隣の街に、戦争をしかける。その戦力にするのだ」と、答える。","「我们要向邻城开战。」议员们说，「有神兽之力，胜券在握。」"
"10003101","{CHARACTERNAME:1010}","{CHARACTERNAME:1010}","{CHARACTERNAME:1010}"
"10003102","魔物との戦いで大変な中、人間同士で争うなんて……君は「絶対にカードは渡さない」と拒否した。","{CARDNAME:4340}との戦いで大変な中、人間同士で争うなんて……君は「絶対にカードは渡さない」と拒否した。","魔物との戦いで大変な中、人間同士で争うなんて……君は「絶対にカードは渡さない」と拒否した。"
"10003111","","",""
"10003112","How do you respond?","その返答に君は……","你要怎么回答？"
"10003121","Don't Give Them the Card","カードを渡さない","不给他们卡牌"
"10003122","Fighting beasts is hard enough, and now they want to fight other humans? ""I'm keeping the card,"" you say decisively.","{CARDNAME:4340}との戦いで大変な中、人間同士で争うなんて……君は「カードは渡さない」と拒否した。","对付 {CARDNAME:4340} 已经够艰难了，他们竟还要与人开战？「卡牌我不会交。」你斩钉截铁地说道。"
"10003131","Complain","文句を言ってみる","提出抗议"
"10003132","You object and tell the senators that declaring war makes them no different than monsters.","争いを仕掛けるなんて{CARDNAME:4340}達と同じではないかと、君は議員達を止めるために、抗議の声をあげた。","你出声反对：主动挑起战争，与 {CARDNAME:4340} 又有什么区别？"
"10003141","Senators","元老院・議員","元老院议员"
"10003142","One of the men then turns to the boy and shouts, ""Get that card!""","すると議員の一人が少年に向けて「カードを奪え！」と叫ぶ。","这时，一名议员转向少年吼道：「把卡牌抢过来！」"
"10003151","{CARDNAME:1021}","{CARDNAME:1021}","{CARDNAME:1021}"
"10003152","As ordered, the boy pushes you and takes the {CARDNAME:4310}'s card!","命令を受けた少年は、君を突き飛ばし、{CARDNAME:4310}のカードを奪い取った！","少年依令将你推开，夺走了 {CARDNAME:4310} 的卡牌！"
"10003161","","",""
"10003162","This isn't the time for that!","今は外に出ている場合ではない！","现在不是做这种事的时候！"
"10003171","","",""
"10003172","You need to get the {CARDNAME:4310} card back from that boy!","早く少年から、
{CARDNAME:4310}のカードを取り戻さなければ！","得赶快从少年手里夺回 {CARDNAME:4310} 的卡牌！"
"10003181","{CARDNAME:1021}","{CARDNAME:1021}","{CARDNAME:1021}"
"10003182","When you try to take the card back, he pushes you once more.","カードを取り返そうとした君を、少年は再び突き飛ばした。","你试图抢回卡牌，少年却再次将你推开。"
"10003191","Senator","元老院・議員","元老院议员"
"10003192","""What are you doing?"" one of the senators roars. ""Give me that card this instant!"" He approaches the boy, and then...","議員の一人が「何をしている。さあ、早くそのカードを渡せ！」と、少年に近づいた、その時……","「你在干什么！马上把卡牌交出来！」一名议员怒吼着走向少年。就在这时……"
"10003201","Senators","元老院・議員","元老院议员"
"10003202","The senators, taken aback, demand to know what the boy is doing.","突然少年から攻撃を受けた議員達は「何をする！？」と叫んだ。","少年突然出手，议员们大惊失色：「你干什么！？」"
"10003211","{CARDNAME:1021}","{CARDNAME:1021}","{CARDNAME:1021}"
"10003212","""Getting revenge,"" he answers with a twisted grin.","少年は「復讐だ」と、口元を歪めて笑う。","「复仇。」少年扭曲着嘴角笑道。"
"10003221","Senator","元老院・議員","元老院议员"
"10003222","""Did you forget who took you in, you fool!?"" one senator demands fiercely.","議員の一人が「拾ってやった恩を忘れたか！この愚か者！」と少年を激しく罵倒した。","「忘了是谁收留你的？忘恩负义的蠢货！」一名议员厉声辱骂。"
"10003231","{CARDNAME:1021}","{CARDNAME:1021}","{CARDNAME:1021}"
"10003232","The boy spits and glares at the men.","少年はツバを吐き、議員達を睨みつける。","少年啐了一口，死死瞪着他们。"
"10003241","{CARDNAME:1021}","{CARDNAME:1021}","{CARDNAME:1021}"
"10003242","""I haven't forgotten. You took me in...and treated me like an animal!""","「恩？今まで家畜扱いしておいて、どの口が……！」","「恩情？你们一直把我当牲口，现在还有脸说这种话！」"
"10003251","{CARDNAME:1021}","{CARDNAME:1021}","{CARDNAME:1021}"
"10003252","So he's getting revenge for the horrible things the senators have done to him.","少年がこれまで議員達から受けた惨い仕打ち。その報復をしようというのだ。","原来少年要报复的，是这些议员过去加诸于他的种种虐待。"
"10003261","{CARDNAME:1021}","{CARDNAME:1021}","{CARDNAME:1021}"
"10003262","""I'm a human being!"" he shouts, before killing every last one of them...","「オレは人間だ！」
少年は最後にそう叫び、議員達を皆殺しにした……","「我是人！」少年最后这样吼着，将议员们一个不留地杀死……"
"10003271","Senators","元老院・議員","元老院议员"
"10003272","You can barely stand to look at their mangled corpses...","議員達は、見るに堪えない姿で息絶えている……","议员们死状惨不忍睹，你几乎不敢直视……"
"10003281","{CARDNAME:1021}","{CARDNAME:1021}","{CARDNAME:1021}"
"10003282","At your shocked expression, the boy says, ""They didn't deserve to live.""","唖然とする君の前で、少年は「奴らは生きる価値などなかった」と語る。","见你惊愕不已，少年冷冷说道：「他们不配活着。」"
"10003291","{CARDNAME:1021}","{CARDNAME:1021}","{CARDNAME:1021}"
"10003292","He explains that the primal only became enraged after the senators attempted to claim its power.","もともと、{CARDNAME:4310}が暴走したのは、神獣の力を手に入れようとした元老院が原因だったのだという。","他告诉你，{CARDNAME:4310} 之所以失控，正是因为元老院企图夺取它的力量。"
"10003301","{CARDNAME:1021}","{CARDNAME:1021}","{CARDNAME:1021}"
"10003302","He also tells you that it was those same senators that sent the monsters to your village.","さらに、君の村に{CARDNAME:4340}を差し向けたのも、元老院の議員達だというのだ。","他还说，派 {CARDNAME:4340} 袭击你们村子的，也是这些议员。"
"10003311","{CARDNAME:1021}","{CARDNAME:1021}","{CARDNAME:1021}"
"10003312","It was all a ploy to get the subterrans' <highlight>power to control monsters</highlight>.","全ては、地下の民の<highlight>{CARDNAME:4340}を操る力</highlight>を手に入れるため。","这一切，只为夺取地下之民<highlight>操纵 {CARDNAME:4340} 的力量</highlight>。"
"10003321","{CHARACTERNAME:1010}","{CHARACTERNAME:1010}","{CHARACTERNAME:1010}"
"10003322","Faced with the truth, you find yourself at a loss for words.","明かされた真相に、
君は言葉を失った。","真相摆在眼前，你一时说不出话。"
"10003331","{CARDNAME:1021}","{CARDNAME:1021}","{CARDNAME:1021}"
"10003332","""People will come after us. Let's go,"" he says, then pulls you along.","少年は「追っ手が来る。逃げるぞ」と、君の腕を強く引いた。","「很快会有人追来。走。」少年一把拉住你的手臂。"
"10003341","{CARDNAME:1021}","{CARDNAME:1021}","{CARDNAME:1021}"
"10003342","""We'll take a <highlight>sandskiff</highlight> and flee,"" he tells you.","少年は「<highlight>砂船</highlight>を奪って逃げる」と言っている。","「抢一艘<highlight>沙舟</highlight>逃走。」少年说道。"
"10003351","","",""
"10003352","He claims there are plenty of them in {CARDNAME:91320}.","{CARDNAME:91320}には、砂の上を航行できる船、<highlight>砂船</highlight>が大量にあるらしい。","{CARDNAME:91320} 有许多能在沙海上航行的<highlight>沙舟</highlight>。"
"10003361","{CHARACTERNAME:1010}","{CHARACTERNAME:1010}","{CHARACTERNAME:1010}"
"10003362","This is hardly the time to be dillydallying. You need to get out of here, and fast!","今は道草をしている場合ではない。一刻も早くこの街から逃げなければ……！","现在可不是磨蹭的时候。必须尽快逃出这座城！"
"10003371","{CARDNAME:1021}","{CARDNAME:1021}","{CARDNAME:1021}"
"10003372","The boy stops you. ""There are no skiffs that way,"" he says.","「そっちに砂船はない」と少年は君を止めた。","少年拦住你：「那边没有沙舟。」"
"10003381","","",""
"10003382","The only way out of this place is aboard a sandskiff.","街を出るのは、砂船を手に入れてからにしよう。","要离开这里，只能先弄到一艘沙舟。"
"10003391","{CHARACTERNAME:1010} and {CARDNAME:1021}","{CHARACTERNAME:1010}と{CARDNAME:1021}","{CHARACTERNAME:1010} 与 {CARDNAME:1021}"
"10003392","Even fleeing requires preparation. You keep an eye out for your pursuers and enter as calmly as possible.","逃げるにも準備が必要だ。君達は追っ手に気を配りながら、素知らぬふりで店に入った。","逃命也得做准备。你们提防着追兵，装作若无其事地走进店里。"
"10003401","","",""
"10003402","You must have a sandskiff to leave town.","街を出るのは、砂船を手に入れてからにしよう。","要离开城里，必须先弄到沙舟。"
"10003411","Sandskiff","砂船","砂船"
"10003412","Just as the boy said, there are several sandskiffs at the entrance.","少年の言った通り、街の出口付近にはたくさんの船が並んでいる。","正如少年所说，出口附近停着好几艘沙舟。"
"10003421","{CARDNAME:1021}","{CARDNAME:1021}","{CARDNAME:1021}"
"10003422","""Let's take one. Hurry!"" he says, running toward the boats. You scramble after him.","「砂船を奪うぞ。急げ！」と走り出す少年を、君は慌てて追いかけた。","「抢一艘。快！」少年朝船跑去，你连忙跟上。"
"10003431","{CHARACTERNAME:1010}","{CHARACTERNAME:1010}","{CHARACTERNAME:1010}"
"10003432","Before you can board the boat, you stumble.","砂船に乗り込む直前で、君は転んでしまった！","就在登上沙舟前，你突然绊倒了。"
"10003441","{CARDNAME:1021}","{CARDNAME:1021}","{CARDNAME:1021}"
"10003442","""What are you doing!?"" the boy demands. Though his tone is harsh, he helps you up.","少年は「何をしてる！」と言いながらも、君を見捨てずに助け起こす。","「你搞什么！？」少年嘴上虽凶，还是把你扶了起来。"
"10003451","Guards","衛兵","卫兵"
"10003452","Just then, guards from the city catch up to you and attack!","そこに、追いかけてきた衛兵が襲い掛かってきた！","就在这时，城里的卫兵追上来，发动了攻击！"
"10003461","{CARDNAME:1021}","{CARDNAME:1021}","{CARDNAME:1021}"
"10003462","""Destroy the other boats so they can't come after us,"" he instructs.","少年は、「追っ手を撒くために他の船を壊す……」と言った。","「把其他船毁掉，免得他们追来。」少年说道。"
"10003471","","",""
"10003472","You must destroy the other sandskiffs before leaving town.","街を出るのは、他の砂船を破壊してからにしよう。","离开之前，得先毁掉其他沙舟。"
"10003481","","",""
"10003482","You summon the Steel Primal, who easily crushes all the sandskiffs.","君達は鋼の神獣を呼び出して、砂船を押しつぶした。","你召出钢之神兽，轻而易举地把其他沙舟全部压毁。"
"10003491","","",""
"10003492","They are squashed flat.","砂船は、ペシャンコにひしゃげている。","沙舟已经被压得扁扁的。"
"10003501","Sandskiff","砂船","砂船"
"10003502","This is the only vessel that can still move.","動かせる砂船は、もうこれだけだ。","现在只剩这艘还能动。"
"10003511","{CARDNAME:1021}","{CARDNAME:1021}","{CARDNAME:1021}"
"10003512","""Let's go!"" You and the boy board the boat, then make your way out of town.","「よし、行くぞ！」
君と少年は砂船に乗って、街の外へと繰り出した。","「走！」你和少年登上沙舟，驶离城镇。"
"10003521","{CARDNAME:1021}","{CARDNAME:1021}","{CARDNAME:1021}"
"10003522","According to the boy, these boats can traverse <highlight>quicksand</highlight>, which is impossible on foot.","少年の話では、この砂船なら、徒歩では渡ることができない<highlight>流砂</highlight>をも越えられるという。","少年说，沙舟能穿越步行绝无可能通过的<highlight>流沙</highlight>。"
"10003531","{CARDNAME:1021}","{CARDNAME:1021}","{CARDNAME:1021}"
"10003532","Meaning if you can get across some, your pursuers won't be able to follow.","つまり、砂船で流砂を渡ってしまえば、追っ手の心配もなくなるという訳だ。","只要越过流沙，追兵就再也跟不上了。"
"10003541","{CARDNAME:1021}","{CARDNAME:1021}","{CARDNAME:1021}"
"10003542","""There's a large swath of it to the east. We'll lose them there,"" he says.","少年は「東に大きな流砂がある。そこから逃げよう」と言った。","「东边有大片流沙，从那里甩掉他们。」少年说道。"
"10003551","","",""
"10003552","You need to flee, and quickly!","急いで街から離れよう！","必须赶快逃！"
"10003561","","",""
"10003562","This is no time for a joyride! Cross the quicksand and shake your pursuers.","今は寄り道をしている場合ではない。急いで流砂を渡って逃げよう。","现在可不是兜风的时候！赶快穿过流沙，甩掉追兵。"
"10003571","{CHARACTERNAME:1010} and {CARDNAME:1021}","{CHARACTERNAME:1010}と{CARDNAME:1021}","{CHARACTERNAME:1010} 与 {CARDNAME:1021}"
"10003572","You plunge the sandskiff over the quicksand, then cautiously look around...","君達は砂船で流砂に突っ込んだ。その後、周囲をしばらく警戒したが……","你们驾着沙舟一头冲进流沙，随后谨慎地观察四周……"
"10003581","","",""
"10003582","It seems you've managed to shake your pursuers.","……どうやら追っ手は撒けたようだ。","看来总算甩掉追兵了。"
"10003591","{CARDNAME:1021}","{CARDNAME:1021}","{CARDNAME:1021}"
"10003592","The boy returns the {CARDNAME:4310} card to you. ""I'm sorry for using it,"" he says.","少年は{CARDNAME:4310}のカードを君に返すと「利用してごめん」と謝った。","少年把 {CARDNAME:4310} 的卡牌还给你：「抱歉，擅自用了它。」"
"10003601","{CHARACTERNAME:1010}","{CHARACTERNAME:1010}","{CHARACTERNAME:1010}"
"10003602","You take the card back from him. ""What do we do now?"" you whisper.","カードを受け取った君は、「これからどうしたらいいのかな……」と呟く。","你接回卡牌，低声问道：「接下来怎么办……」"
"10003611","{CHARACTERNAME:1010}","{CHARACTERNAME:1010}","{CHARACTERNAME:1010}"
"10003612","You've both gotten your revenge. Neither of you had any plans beyond that.","少年も君も、復讐を果たした。もう目的は何もない。","你们都已经报了仇，却谁也没想过复仇之后要做什么。"
"10003621","{CARDNAME:1021}","{CARDNAME:1021}","{CARDNAME:1021}"
"10003622","He turns to you and asks, ""Isn't there anything you want to do?""","少年は、「……何かないのか？やりたいこととか」と君に問いかける。","少年转头问你：「没有什么想做的事吗？」"
"10003631","{CHARACTERNAME:1010}","{CHARACTERNAME:1010}","{CHARACTERNAME:1010}"
"10003632","""How about you?"" you question back. The boy gives a somewhat sad laugh.","「あなたは？」と君が問い返すと、少年は寂しそうに笑った。","「那你呢？」你反问。少年有些寂寞地笑了。"
"10003641","{CARDNAME:1021}","{CARDNAME:1021}","{CARDNAME:1021}"
"10003642","""I haven't really thought about it. I've been busy just trying to stay alive...""","「……そういうの、オレにはよくわからない。生きるので必死だったから」","「没怎么想过。以前光是活下去，就已经拼尽全力了……」"
"10003651","{CHARACTERNAME:1010}","{CHARACTERNAME:1010}","{CHARACTERNAME:1010}"
"10003652","You place your hand to your chest and wonder what you want to do...","やりたいこと……君は自分の胸に手を当てて考える。","你把手按在胸口，认真思索自己究竟想做什么……"
"10003661","","",""
"10003662","What do you want to do?","君のやりたいことは……","你想做的是……"
"10003671","Get Revenge...","復讐はまだ……","继续复仇……"
"10003672","You loathe monsters. But is continuing to fight them what you truly want...?","{CARDNAME:4340}は憎い。しかし、{CARDNAME:4340}と戦い続けることが、本当にやりたいことなのだろうか……？","你憎恨 {CARDNAME:4340}。可一直与它们战斗，真是自己想要的人生吗……？"
"10003681","...See the Stars","……星空が見たい","……去看星空"
"10003682","You suddenly remember the dream you confessed to your plush animal.","ふと君は、ぬいぐるみに打ち明けた夢を思い出した。","你忽然想起，曾向布偶倾诉过的那个愿望。"
"10003691","{CHARACTERNAME:1010}","{CHARACTERNAME:1010}","{CHARACTERNAME:1010}"
"10003692","""...I want to see the stars,"" you say. It's been your dream since you were young.","君は「……じゃあ、星空を見たい」と言った。幼いころからの夢なのだと。","「……我想看星空。」那是你从小怀抱至今的梦想。"
"10003701","{CARDNAME:1021}","{CARDNAME:1021}","{CARDNAME:1021}"
"10003702","The boy nods. ""I'll show you the most beautiful stars in the world,"" he says, then extends a hand to you.","その提案に少年は頷くと、「最高にキレイな星空を見せてやる」と言って、君に向けて手を差し出す。","少年点点头：「我带你去看世上最美的星空。」说着向你伸出手。"
"10003711","{CHARACTERNAME:1010}","{CHARACTERNAME:1010}","{CHARACTERNAME:1010}"
"10003712","You take it.","君は……自分の意思でその手を取った。","你握住了他的手。"
"10003721","{CHARACTERNAME:1010}","{CHARACTERNAME:1010}","{CHARACTERNAME:1010}"
"10003722","""I look forward to our adventure, um...""","「じゃあ、これからよろしくね。ええと……」","「那以后就一起旅行吧，呃……」"
"10003731","{CHARACTERNAME:1010} and {CARDNAME:1021}","{CHARACTERNAME:1010}と{CARDNAME:1021}","{CHARACTERNAME:1010} 与 {CARDNAME:1021}"
"10003732","You both realize you haven't introduced yourselves yet and share a laugh.","君と少年は、まだ互いの名前を知らない。
今更なことに気がついて、君達は笑い合う。","直到此刻，你们才发现竟还没互通姓名，不由相视而笑。"
"10003741","{CARDNAME:1021}","{CARDNAME:1021}","{CARDNAME:1021}"
"10003742","""<highlight>{CARDNAME:1020}</highlight>,"" he says.","少年は<highlight>{CARDNAME:1020}</highlight>と
名乗った。","「<highlight>{CARDNAME:1020}</highlight>。」他报上姓名。"
"10003751","{CHARACTERNAME:1010}
and {CARDNAME:1020}","{CHARACTERNAME:1010}と{CARDNAME:1020}","{CHARACTERNAME:1010}
与 {CARDNAME:1020}"
"10003752","Where your journey to avenge your village ends, a new one with {CARDNAME:1020} begins...","こうして、復讐を終えた
君と{CARDNAME:1020}の旅が
始まった……","为村庄复仇的旅途就此结束，而你与 {CARDNAME:1020} 的新旅程才刚刚开始……"
"10003761","","",""
"10003762","ここで2章予告ムービーが流れます（仮）","ここで2章予告ムービーが流れます（仮）","ここで2章予告ムービーが流れます（仮）"
"10003771","","",""
"10003772","Several days after you escape Steelborough...","君達が鋼の街から逃げ出して数日後……","逃离钢铁城数日后……"
"10003781","","",""
"10003782","{CARDNAME:1020} helps you row aimlessly through the desert. Either one of you is liable to pass out at any moment.","君と{CARDNAME:1020}は、朦朧とした意識の中、砂漠を彷徨っていた。","你和 {CARDNAME:1020} 驾着沙舟漫无目的地穿行沙漠，意识都已模糊，仿佛随时会昏过去。"
"10003791","","",""
"10003792","The sandskiff you stole as you fled the city has proven handy for getting around...","街から脱出する時に奪った砂船は、移動するには便利だったが……","逃离钢铁城时抢来的沙舟，赶路确实方便……"
"10003801","","",""
"10003802","...but there isn't a scrap of food nor a drop of water aboard.","水も食料も、何も載せて
いなかったのだ。","……可船上既没有食物，也没有一滴水。"
"10003811","","",""
"10003812","You probably should've had more of a plan, you think to yourself. The two of you row in complete silence.","少し無計画すぎたのでは、と思いながらも、二人は無言で船を漕ぐ。","早知道该多做些准备。你暗自后悔，两人却谁也没有开口，只默默划船。"
"10003821","","",""
"10003822","You fear if you make so much as a peep, the sheer effort involved will cause you to collapse.","今、弱音を口に出せば、全身から力が抜けてしまいそうになるからだ。","仿佛只要说句话，耗掉的力气就足以让自己倒下。"
"10003831","","",""
"10003832","You propel the boat forward with all your might, when suddenly...","必死で船を進めていた、その時……","你拼尽全力让船前进。突然……"
"10003841","","",""
"10003842","A patch of quicksand swallows your sandskiff whole!","二人の乗る砂船が、流砂に呑み込まれてしまった！","一片流沙将整艘沙舟吞了进去！"
"10003851","{CHARACTERNAME:1010}","{CHARACTERNAME:1010}","{CHARACTERNAME:1010}"
"10003852","""Where...are we?"" You look around, trying to figure out where the quicksand has spit you out.","「……ここは、どこ？」
君は流砂に流された先で、辺りを見渡す。","「……这里是哪？」你四下张望，想弄清流沙把你们带到了什么地方。"
"10003861","{CHARACTERNAME:1010}","{CHARACTERNAME:1010}","{CHARACTERNAME:1010}"
"10003862","At the very least, your tight grip on the boat has prevented you from getting separated from {CARDNAME:1020}.","しっかりと砂船に掴まっていたおかげか、{CARDNAME:1020}とは、はぐれずに済んだ。","至少你一直死死抓住沙舟，没有和 {CARDNAME:1020} 失散。"
"10003871","Desert","砂漠","沙漠"
"10003872","But in a desert this vast and empty, there's no telling how far the quicksand might have taken you.","しかし、この広大な砂漠では、どのくらい流されてしまったのか、見当すらつかない。","可沙漠如此辽阔空旷，根本无从判断被流沙带出了多远。"
"10003881","{CARDNAME:1020}","{CARDNAME:1020}","{CARDNAME:1020}"
"10003882","""We better find some water,"" {CARDNAME:1020} grumbles, shaking sand out of every possible crevice. His comment snaps you out of your bewilderment.","途方に暮れる君に、{CARDNAME:1020}は砂を振り払いながら、「とにかく水を探そう」
と、提案する。","「总之先找水。」{CARDNAME:1020} 一边抖掉满身沙子，一边嘟囔。这句话让你回过神来。"
"10003891","{CHARACTERNAME:1010}","{CHARACTERNAME:1010}","{CHARACTERNAME:1010}"
"10003892","You nod at him, and begin searching your surroundings for potable water.","{CARDNAME:1020}の言葉に頷いた君は、水を求めて近くを探索することにした。","你向 {CARDNAME:1020} 点点头，开始在附近寻找能喝的水。"
"10003901","{CHARACTERNAME:1010} and {CARDNAME:1020}","{CHARACTERNAME:1010}と{CARDNAME:1020}","{CHARACTERNAME:1010} 和 {CARDNAME:1020}"
"10003902","Unfortunately, your legs are less cooperative. They may as well be made of lead...","しかし、君達はすでに限界だ。足取りは重い……","可双腿根本不听使唤，沉得像灌了铅……"
"10003911","","",""
"10003912","The <highlight>Jump ability</highlight> has been disabled.","<highlight>ジャンプ機能</highlight>が使えなくなりました。","<highlight>跳跃功能</highlight>暂时无法使用。"
"10003921","{CHARACTERNAME:1010}","{CHARACTERNAME:1010}","{CHARACTERNAME:1010}"
"10003922","You're so thirsty even the act of breathing feels painful.","もはや、息をするのも苦痛なほどに、二人は渇ききっている。","渴得连呼吸都变成折磨。"
"10003931","{CHARACTERNAME:1010}","{CHARACTERNAME:1010}","{CHARACTERNAME:1010}"
"10003932","The sun's rays beat down upon you. It's so hot. You need water. Your head is killing you.","太陽の光が君を貫く。
暑い。
水が飲みたい。
頭が痛い。","烈日灼身。好热。想喝水。头痛欲裂。"
"10003941","{CHARACTERNAME:1010}","{CHARACTERNAME:1010}","{CHARACTERNAME:1010}"
"10003942","You lift your head. There before you, impossibly, walks Ram, your plush animal.","ふと顔を上げると、ぬいぐるみのラムが目の前を歩いている。","你抬起头。不可思议的是，布偶拉姆竟正在眼前走动。"
"10003951","{CHARACTERNAME:1010}","{CHARACTERNAME:1010}","{CHARACTERNAME:1010}"
"10003952","No. No, no, no. You shake your head. That isn't real.","そんなはずはないと、君はかぶりを振った。","不、不可能。你拼命摇头。那不是真的。"
"10003961","{CHARACTERNAME:1010}","{CHARACTERNAME:1010}","{CHARACTERNAME:1010}"
"10003962","So hot. So thirsty. Water... Ram waves to you. ARE you hallucinating? You don't know anymore. So...hot... Water...","暑い。喉が渇いた。水。
ぬいぐるみのラムが手招きしている。幻覚？わからない。暑い。水を……","好热。好渴。水……拉姆在向你招手。是幻觉吗？你已经分不清了。好热……水……"
"10003971","{CHARACTERNAME:1010}","{CHARACTERNAME:1010}","{CHARACTERNAME:1010}"
"10003972","You feel your consciousness slipping away...","君の意識は、だんだん遠のいていった……","你的意识渐渐远去……"
"10003981","{CHARACTERNAME:1010}","{CHARACTERNAME:1010}","{CHARACTERNAME:1010}"
"10003982","When your eyes finally open, you find yourself back on board the sandskiff.","気が付くと、君は砂船の上にいた。","再次睁眼时，你发现自己竟还在沙舟上。"
"10003991","{CHARACTERNAME:1010}","{CHARACTERNAME:1010}","{CHARACTERNAME:1010}"
"10003992","
""We better find some water,"" {CARDNAME:1020} grumbles, shaking sand out of every possible crevice. His comment snaps you out of your stupor.","ぼうっとする君に、{CARDNAME:1020}は砂を振り払いながら、「とにかく水を探そう」
と、提案する。","「总之先找水。」{CARDNAME:1020} 一边抖掉满身沙子，一边嘟囔。这句话让你从恍惚中回过神来。"
"10004001","{CHARACTERNAME:1010}","{CHARACTERNAME:1010}","{CHARACTERNAME:1010}"
"10004002","Apparently you hallucinated everything that just happened... Which means you'd better find that water, and fast.","どうやら、君は幻覚を見ていたらしい……
このままでは危険だ。
早く水を見つけないと。","刚才的一切似乎都是幻觉……再找不到水，真的要出事了。"
"10004011","{CHARACTERNAME:1010}","{CHARACTERNAME:1010}","{CHARACTERNAME:1010}"
"10004012","You nod at him, and begin searching your surroundings for potable water.","{CARDNAME:1020}の言葉に君は頷き水を求めて近くを探索することにした。","你向 {CARDNAME:1020} 点点头，开始在附近寻找能喝的水。"
"10004021","Chest","宝箱","宝箱"
"10004022","You open the treasure chest to find a bottle glimmering in the sunlight!","宝箱の中には、
ビンが入っていた！","打开宝箱，一只瓶子在阳光下闪闪发亮！"
"10004031","Chest","宝箱","宝箱"
"10004032","You snatch it up...but it's empty. {CARDNAME:1020}'s shoulders drop in unison with yours.","しかし、ビンの中身は空だった。君と{CARDNAME:1020}はがっくりと肩を落とした……","你一把抓起瓶子……里面却空空如也。你和 {CARDNAME:1020} 同时垮下肩膀。"
"10004041","{CARDNAME:1020}","{CARDNAME:1020}","{CARDNAME:1020}"
"10004042","""There...!"" {CARDNAME:1020} croaks. Your eyes follow his outstretched finger, and land upon an oasis!","「あれは……！」と{CARDNAME:1020}が声を振り絞る。彼が指さした先には、オアシスがあった！","「那、那里……！」{CARDNAME:1020} 挤出声音。顺着他手指的方向望去，竟是一片绿洲！"
"10004051","{CHARACTERNAME:1010} and {CARDNAME:1020}","{CHARACTERNAME:1010}と{CARDNAME:1020}","{CHARACTERNAME:1010} 和 {CARDNAME:1020}"
"10004052","Adrenaline takes hold. You both run toward the oasis and watch as it...dissipates. Alas, it was a mirage.","君達は喜んで駆け寄ったがオアシスはたちまち消えてしまった。どうやら蜃気楼だったようだ……","你们顿时来了精神，飞奔过去，眼睁睁看着绿洲消散……原来只是海市蜃楼。"
"10004061","{CHARACTERNAME:1010}","{CHARACTERNAME:1010}","{CHARACTERNAME:1010}"
"10004062","As consciousness threatens to forsake you, you catch sight of a young man.","途切れそうになる意識を、必死で繋ぎ止める君の前に一人の青年が現れた。","就在意识几乎断线时，一名青年出现在你面前。"
"10004071","Scholarly Youth","学者風の青年","学者模样的青年"
"10004072","""You've come at a very good time!"" he chirps.","「これは良い所に来ましたね！」と、青年は実に嬉しそうに話しかけてくる。","「你们来得正是时候！」青年满脸喜色地说道。"
"10004081","","",""
"10004082","How will you respond?","君は何と返す？","你怎么回答？"
"10004091","Who Are You?","あなたは誰？","你是谁？"
"10004092","""Who am I... What a fascinating philosophical question,"" he says, his glasses reflecting the desert sun as he launches into a story.","青年は、「ボクが誰か……それは、哲学的な問いでしょうか？」と、メガネを光らせ長々と語り出す。","「我是谁……多么耐人寻味的哲学问题。」青年镜片映着沙漠烈日，滔滔不绝地讲了起来。"
"10004101","Scholarly Youth","学者風の青年","学者模样的青年"
"10004102","""Who am I... What a fascinating philosophical question,"" he says, his glasses reflecting the desert sun as he launches into a story.","青年は、「ボクが誰か……それは、哲学的な問いでしょうか？」と、メガネを光らせ長々と語り出す。","「我是谁……多么耐人寻味的哲学问题。」青年镜片映着沙漠烈日，滔滔不绝地讲了起来。"
"10004111","Good Time...?","良い所……？","正是时候……？"
"10004112","""Well, for me at least,"" he says, launching into a story before you can get a word in edgewise.","青年は、「この場合の良い所というのは、ボクにとっての良い所という意味で」と、延々と語り出す。","「至少对我而言，是正是时候。」不给你插话的机会，他又滔滔不绝地讲了起来。"
"10004121","Scholarly Youth","学者風の青年","学者模样的青年"
"10004122","""Well, for me at least,"" he says, launching into a story before you can get a word in edgewise.","青年は、「この場合の良い所と言うのは、ボクにとっての良い所という意味で」と、延々と語り出す。","「至少对我而言，是正是时候。」不给你插话的机会，他又滔滔不绝地讲了起来。"
"10004131","Water First, Talk Later...","それより水を……","先给水……再说话……"
"10004132","""Ah, so you seek the compound formed from hydrogen and oxygen!"" he says excitedly, launching into the beginning of a very long speech.","青年は「キミの言う水とはすなわち、水素と酸素の化合物であるところの……」と、滔々と語り出す。","「哦！你要的是氢与氧形成的化合物！」他兴奋起来，随即开始了一场漫长演说。"
"10004141","Scholarly Youth","学者風の青年","学者模样的青年"
"10004142","""Ah, so you seek the compound formed from hydrogen and oxygen!"" he says excitedly, launching into the beginning of a very long speech.","青年は「キミの言う水とはすなわち、水素と酸素の化合物であるところの……」と、滔々と語り出す。","「哦！你要的是氢与氧形成的化合物！」他兴奋起来，随即开始了一场漫长演说。"
"10004151","Scholarly Youth","学者風の青年","学者模样的青年"
"10004152","His words flow as quickly as the quicksand that brought you here.","流砂のごとく、流れるように話す青年。","青年的话语像把你们卷来这里的流沙一般，滔滔不绝。"
"10004161","{CARDNAME:1020}","{CARDNAME:1020}","{CARDNAME:1020}"
"10004162","{CARDNAME:1020} musters every last ounce of his strength to try and interrupt the torrent of babble, when suddenly...","{CARDNAME:1020}が気力を振り絞り青年の話を遮ろうとした、その時……","{CARDNAME:1020} 挤出最后一点力气，正想打断这股话语洪流。突然……"
"10004171","Growl","唸り声","低吼声"
"10004172","A monster's cry issues from behind the youth!","青年の背後から、魔物の唸り声が響いた。","青年身后传来 {CARDNAME:4340} 的低吼！"
"10004181","Scholarly Youth","学者風の青年","学者模样的青年"
"10004182","""You see, I was about to be attacked by foul beasts!"" the youth says, beaming.","「実は、今まさに魔物に襲われている所だったんですよ！」と、青年は朗らかに言い放つ。","「其实我正要被 {CARDNAME:4340} 袭击呢！」青年竟还笑得十分灿烂。"
"10004191","Scholarly Youth","学者風の青年","学者模样的青年"
"10004192","""Yes, you've come at a very good time indeed!"" he chirps again, which must be his way of asking for your help.","青年は再び「良い所に来ましたね！」と言い、君達に助けを求めた。","「所以你们真是来得正好！」他再次欢快地说道——大概这就是在求救吧。"
"10004201","{CHARACTERNAME:1010} and {CARDNAME:1020}","{CHARACTERNAME:1010}と{CARDNAME:1020}","{CHARACTERNAME:1010} 和 {CARDNAME:1020}"
"10004202","You certainly haven't the strength to escape. Looks like you're in for a fight.","君達に逃げる気力はもうない。魔物と戦うしかないようだ。","你们连逃跑的力气都没有了。看来只能一战。"
"10004211","{CHARACTERNAME:1010}","{CHARACTERNAME:1010}","{CHARACTERNAME:1010}"
"10004212","Calling upon the {CARDNAME:4310} helped you fell the monsters. But before you can catch your breath...","君は、{CARDNAME:4310}を使役して魔物を倒した。すると……","你使役 {CARDNAME:4310}，顺利击倒了 {CARDNAME:4340}。还没来得及喘口气……"
"10004221","Scholarly Youth","学者風の青年","学者模样的青年"
"10004222","""What on EARTH was THAT!?"" the youth says, rushing up behind you from his vantage point for the battle.","「今のは何ですか！？」
と、背後で見ていた青年がすごい勢いで迫ってきた。","「刚、刚才那到底是什么！？」一直躲在后面观战的青年猛地冲了上来。"
"10004231","Scholarly Youth","学者風の青年","学者模样的青年"
"10004232","He peppers you with questions and comments in his breathless style.","青年はそのまま、早口でまくしたてる。","他气都不喘一下，劈头盖脸地抛来一连串问题。"
"10004241","Scholarly Youth","学者風の青年","学者模样的青年"
"10004242","""That was the {CARDNAME:4310}, wasn't it? The fact that you can control it means you're one of the fabled subterrans! You are, aren't you!?""","「今のって{CARDNAME:4310}ですよね？それを使役していたということはキミはもしや、あの噂の地下の民なんですか！？」","「刚才那是 {CARDNAME:4310} 吧？能驾驭它，也就是说，你就是传说中的地下之民！对吧！？」"
"10004251","Scholarly Youth","学者風の青年","学者模样的青年"
"10004252","""I had no idea you actually existed! Well, if today isn't my lucky day! If you don't mind my asking, how do you control that beast?""","「まさか、実在していたとは！いやー、今日のボクはツイてる！早速ですがどのような仕組みで、魔物を使役しているのでしょう？」","「没想到真的存在！今天运气也太好了！冒昧问一句，你究竟是怎么驾驭 {CARDNAME:4340} 的？」"
"10004261","Scholarly Youth","学者風の青年","学者模样的青年"
"10004262","""I have deduced that the card you're holding there is the key to controlling them, but beyond that I—""","「ボクの推論によると、そのカードが鍵だとは思うのですが、それ以上の仕組みはまだ皆目見当も─中略」","「依我推断，你手里的卡牌就是关键，可除此之外，我还——」"
"10004271","Scholarly Youth","学者風の青年","学者模样的青年"
"10004272","He pays your pained expression no mind as he carries on, finally realizing that he has yet to introduce himself.","君の反応もお構いなしに喋り続けた青年は、最後に自己紹介がまだだったと付け加える。","他完全不顾你痛苦的表情，自顾自说个不停，最后才想起还没自我介绍。"
"10004281","Scholarly Youth","学者風の青年","学者模样的青年"
"10004282","The young man's name is <highlight>{CARDNAME:1030}</highlight>, and he's on a long, winding journey in pursuit of monsters to study.","青年は<highlight>{CARDNAME:1030}</highlight>と名乗った。流浪の旅をしながら、魔物の研究をしている学者なのだと言う。","青年名叫 <highlight>{CARDNAME:1030}</highlight>。他一边四处漂泊，一边追寻并研究 {CARDNAME:4340}。"
"10004291","{CARDNAME:1030}","{CARDNAME:1030}","{CARDNAME:1030}"
"10004292","As if you hadn't heard enough, he asks if you'd like to hear an explanation about the primals.","{CARDNAME:1030}はまだ喋り足りないようで、今度は「神獣について説明しましょうか？」と、聞いてくる。","{CARDNAME:1030} 似乎还没说够，又问你想不想听听关于神兽的说明。"
"10004301","","",""
"10004302","How will you respond?","何と返す？","你要怎么回答？"
"10004311","Please and Thank You!","聞かせて！","请务必讲讲！"
"10004312","You agree that you would! As the words leave your lips, you realize just how addled the heat has left you.","君は青年の提案を受け入れそうになった後、暑さで正常な判断力を失っていた事に気付いた。しかし……","你差点就答应了。话一出口，才意识到自己恐怕已经热昏了头。"
"10004321","No Thanks!","結構です！","不用了，谢谢！"
"10004322","You try to remain civil as you decline. You're likely to crumble to dust if you have to endure another long speech in this heat.","君は青年の提案を拒否しようとした。これ以上、長話に付き合っていたら、干からびてしまう。しかし……","你尽量客气地拒绝。这种天气里再听一场长篇大论，恐怕真要干成粉末。"
"10004331","Water... Please?","それより水を……","水……能先给水吗？"
"10004332","You make another desperate plea for water.","君は兎にも角にも水をもらおうとした。……もう限界なのだ。
しかし……","你再次拼命讨水。无论如何，先给水吧……你已经到极限了。可是……"
"10004341","{CARDNAME:1030}","{CARDNAME:1030}","{CARDNAME:1030}"
"10004342","{CARDNAME:1030}, however, hasn't even done you the courtesy of waiting for an answer! He's already chattering away about the <highlight>primals</highlight>.","{CARDNAME:1030}は、君が答えるよりも先に、なんと！勝手に喋り始めた。","{CARDNAME:1030} 根本没等你回答，就已经自顾自讲起了<highlight>神兽</highlight>。"
"10004351","Primals","神獣","神兽"
"10004352","There are three kinds, he tells you at breakneck speed.","彼が言うには、<highlight>神獣</highlight>と呼ばれる魔物が、この世界には三体存在しているらしい。","据他飞快讲述，这个世界共有三头被称作<highlight>神兽</highlight>的 {CARDNAME:4340}。"
"10004361","Primals","神獣","神兽"
"10004362","In addition to the {CARDNAME:4310}, there exists a <highlight>Fire Primal</highlight> and a <highlight>Frost Primal</highlight>.","{CARDNAME:4310}の他に、<highlight>炎の神獣</highlight>と<highlight>氷の神獣</highlight>の二体がいるのだそうだ。","除了 {CARDNAME:4310}，还有<highlight>炎之神兽</highlight>与<highlight>冰之神兽</highlight>。"
"10004371","Primals","神獣","神兽"
"10004372","And all are powerful enough to cause changes in their natural environment...because of...reasons...","それぞれが、自然環境に多大な影響を与えるほど、強大な力を持っているというが……","它们都拥有足以改变周遭自然环境的强大力量……至于原因嘛……"
"10004381","{CHARACTERNAME:1010}","{CHARACTERNAME:1010}","{CHARACTERNAME:1010}"
"10004382","Unfortunately, your fevered brain can parse no more of his blathering.","残念ながら、朦朧とする君の頭に{CARDNAME:1030}の説明は入ってこなかった。","可惜你脑子已经烧得昏昏沉沉，{CARDNAME:1030} 的解释一个字也听不进去。"
"10004391","{CARDNAME:1020}","{CARDNAME:1020}","{CARDNAME:1020}"
"10004392","""Look, we helped you, so give us some water already,"" {CARDNAME:1020} barks, clearly out of patience.","痺れを切らした{CARDNAME:1020}は「助けてやったんだから、水をくれ」と話を遮る。","{CARDNAME:1020} 终于忍无可忍，打断道：「我们救了你，水总该给了吧。」"
"10004401","{CARDNAME:1030}","{CARDNAME:1030}","{CARDNAME:1030}"
"10004402","Finally, {CARDNAME:1030} closes his mouth for the first time since you've met. He looks rather contrite.","しかし、{CARDNAME:1030}はここで初めて、申し訳なさそうに口をつぐんだ。","自从认识以来，{CARDNAME:1030} 第一次闭上嘴，神情还颇为愧疚。"
"10004411","{CARDNAME:1030}","{CARDNAME:1030}","{CARDNAME:1030}"
"10004412","For he, too, has no water on his person.","どうやら{CARDNAME:1030}もまた、水を持っていないらしい。","因为 {CARDNAME:1030} 身上……也没有水。"
"10004421","What...?","は……？","哈……？"
"10004422","""What...?""","「は……？」","「哈……？」"
"10004431","How...?","え……？","啊……？"
"10004432","""How...?""","「え……？」","「啊……？」"
"10004441","{CARDNAME:1030}","{CARDNAME:1030}","{CARDNAME:1030}"
"10004442","You stare at him, speechless. ""You know, I'm actually rather thirsty,"" he says, and collapses into the sand.","絶句する君達の前で、{CARDNAME:1030}は「喉が渇きました」と言ってあっけなく倒れた。","你们哑口无言地盯着他。「说起来，我也挺渴的。」{CARDNAME:1030} 说完便一头栽进沙里。"
"10004451","{CARDNAME:1030}","{CARDNAME:1030}","{CARDNAME:1030}"
"10004452","Clearly his was a thirst brought on by incessant blabbering, rather than fleeing from monsters.","魔物から逃げ回ったせいもあるが、何より喋り過ぎたのだろう。","虽说也有逃避 {CARDNAME:4340} 的缘故，但更大的原因显然是他说得太多。"
"10004461","{CHARACTERNAME:1010} and {CARDNAME:1020}","{CHARACTERNAME:1010}と{CARDNAME:1020}","{CHARACTERNAME:1010} 和 {CARDNAME:1020}"
"10004462","You both look at {CARDNAME:1030}'s crumpled form, and then at one another...","倒れた{CARDNAME:1030}を前にした君と{CARDNAME:1020}は、顔を見合わせ……","你和 {CARDNAME:1020} 看看倒地的 {CARDNAME:1030}，又彼此对望……"
"10004471","{CHARACTERNAME:1010} and {CARDNAME:1020}","{CHARACTERNAME:1010}と{CARDNAME:1020}","{CHARACTERNAME:1010} 和 {CARDNAME:1020}"
"10004472","""We're done for...""","「……終わった」","「……完了。」"
"10004481","{CHARACTERNAME:1010}","{CHARACTERNAME:1010}","{CHARACTERNAME:1010}"
"10004482","Mind and body pushed well beyond their limits, the two of you finally surrender to sweet, sweet unconsciousness.","心身ともに限界を迎えた君は、とうとう意識を手放した……","身心早已超出极限，你们终于彻底放弃抵抗，任由意识沉入黑暗。"
"10004491","","",""
"10004492","Four hours later...","４時間後……","4 小时后……"
"10004501","{CHARACTERNAME:1010}","{CHARACTERNAME:1010}","{CHARACTERNAME:1010}"
"10004502","You awaken to find yourself lying down inside a tent.","目を覚ますと、君はテントの中で横になっていた。","醒来时，你发现自己正躺在一顶帐篷里。"
"10004511","","",""
"10004512","{CARDNAME:1020} was removed from the party.","{CARDNAME:1020}が
仲間から外れました。","{CARDNAME:1020} 离开了队伍。"
"10004521","Gentle Woman","柔和な女性","温和的女人"
"10004522","Startled, you leap to your feet. ""Well, you seem much better!"" a woman says sweetly as she enters.","驚いた君が跳ね起きると、「体は大丈夫そうね」と、テントに入ってきた女性は笑った。","你吃惊地猛然坐起。这时一名女人走进帐篷，温柔笑道：「看来已经没事了。」"
"10004531","Gentle Woman","柔和な女性","温和的女人"
"10004532","She says she found the three of you collapsed in the desert, and nursed you back to health.","女性が言うには砂漠に倒れていた三人を拾い、看病までしてくれていたらしい。","她说，是自己在沙漠里发现昏倒的你们三人，还把大家带回来照料。"
"10004541","{CHARACTERNAME:1010}","{CHARACTERNAME:1010}","{CHARACTERNAME:1010}"
"10004542","You thank her and quickly ask where she's taken {CARDNAME:1020}.","君は女性に礼を言うと、
{CARDNAME:1020}のことを尋ねた。","你向她道谢，随即赶紧问起 {CARDNAME:1020} 的去向。"
"10004551","Gentle Woman","柔和な女性","温和的女人"
"10004552","She tells you {CARDNAME:1020} woke up not long before. He and {CARDNAME:1030} are at a stall outside.","先に目を覚ました{CARDNAME:1020}は、どうやら{CARDNAME:1030}と共に今は屋台にいるという。","她说 {CARDNAME:1020} 不久前已经醒了，现在正和 {CARDNAME:1030} 在外面的摊位上。"
"10004561","","",""
"10004562","外を見ると、他にもテントが並んでいる。君達は砂漠を行く隊商……<highlight>キャラバン</highlight>に拾われたようだ。","外を見ると、他にもテントが並んでいる。君達は砂漠を行く隊商……<highlight>キャラバン</highlight>に拾われたようだ。","外を見ると、他にもテントが並んでいる。君達は砂漠を行く隊商……<highlight>キャラバン</highlight>に拾われたようだ。"
"10004571","{CHARACTERNAME:1010}","{CHARACTERNAME:1010}","{CHARACTERNAME:1010}"
"10004572","You burst out of the tent, eager to reunite with him.","【カット】{CARDNAME:1020}と合流するべく、君はテントの外に出た。","你迫不及待地冲出帐篷，想赶快与 {CARDNAME:1020} 会合。"
"10004581","","",""
"10004582","You exit the tent to find several more lined up before you. It looks like you've been picked up by a <highlight>caravan</highlight>.","外には、他にもテントが並んでいる。君達は砂漠を行く隊商……<highlight>キャラバン</highlight>に拾われたようだ。","走出帐篷，眼前还排着许多顶帐篷。看来你们被一支穿越沙漠的<highlight>商队</highlight>救了。"
"10004591","","",""
"10004592","You may now move using the Jump ability.","ジャンプ機能が使えるようになりました。","现在可以使用跳跃功能了。"
"10004601","{CHARACTERNAME:1010}","{CHARACTERNAME:1010}","{CHARACTERNAME:1010}"
"10004602","It's far too dangerous to wander the desert alone. You should find {CARDNAME:1020}.","一人で砂漠に出るのは危険だ。屋台にいる{CARDNAME:1020}と合流してからにしよう。","独自闯入沙漠太危险。先去找 {CARDNAME:1020} 会合吧。"
"10004611","Tent","テント","帐篷"
"10004612","A simple but sturdy tent stands before you. It's suitable shelter in even the harshest environments.","簡易的だが丈夫なテント。荒れた土地でも快適に過ごせそうだ。","一顶简朴却结实的帐篷。即使环境恶劣，也足以遮风避难。"
"10004621","{CARDNAME:1020} and {CARDNAME:1030}","{CARDNAME:1020}と{CARDNAME:1030}","{CARDNAME:1020} 和 {CARDNAME:1030}"
"10004622","You arrive at the stall to find {CARDNAME:1020} and {CARDNAME:1030} devouring food as if it were a competition.","君が屋台に着くと、{CARDNAME:1020}と{CARDNAME:1030}が競い合うように食事をしていた。","来到摊位，你发现 {CARDNAME:1020} 和 {CARDNAME:1030} 正像比赛一样狼吞虎咽。"
"10004631","{CARDNAME:1030}","{CARDNAME:1030}","{CARDNAME:1030}"
"10004632","""Om nom nom...! I feel reborn! Oh, are you going to eat that, {CARDNAME:1020}? Because I sure will!""","「はぐはぐはぐ……！生き返りますね！あ、{CARDNAME:1020}さん、それいらないなら貰いますね？」","「嚼嚼嚼……！活过来了！啊，{CARDNAME:1020}，那个你不吃吧？那我可拿走了！」"
"10004641","{CARDNAME:1020}","{CARDNAME:1020}","{CARDNAME:1020}"
"10004642","""Please, at least spare me your blather at mealtime.""","「食事の時くらい、黙れ」","「至少吃饭的时候给我闭嘴。」"
"10004651","{CHARACTERNAME:1010}","{CHARACTERNAME:1010}","{CHARACTERNAME:1010}"
"10004652","You heave a sigh of relief upon seeing them alive and well.","君は二人の元気な姿に、ほっと安堵の息を吐く。","见两人都安然无恙，你终于松了口气。"
"10004661","{CARDNAME:1020}","{CARDNAME:1020}","{CARDNAME:1020}"
"10004662","{CARDNAME:1020} notices you as he reaches for a bit of food. He stays his hand and instead beckons you over. ""Get in on this,"" he says between bites.","そんな君に気付いた{CARDNAME:1020}は、食事の手を止めて、「アンタも食え」と手招きした。","{CARDNAME:1020} 正伸手拿吃的，忽然发现了你。他收回手，朝你招招：「你也来吃。」"
"10004671","{CHARACTERNAME:1010}","{CHARACTERNAME:1010}","{CHARACTERNAME:1010}"
"10004672","君は誘われるがままに、テーブルに着き……水や食べ物をガツガツと流し込む。","君は誘われるがままに、テーブルに着き……水や食べ物をガツガツと流し込む。","君は誘われるがままに、テーブルに着き……水や食べ物をガツガツと流し込む。"
"10004681","","",""
"10004682","You reply...","君はそれに応え……","你答道……"
"10004691","DRINK!","まずは飲み物！","先喝个痛快！"
"10004692","You waltz calmly up to the table, snatch up an entire barrel of some liquid or other, and proceed to drink it dry.","君は誘われるがままに机に着き……大樽いっぱいに入った飲み物を、ガブガブと飲み干す。","你若无其事地走到桌边，抱起一整桶不知什么饮料，仰头就喝了个精光。"
"10004701","Food! Glorious Food!","まずは食べ物！","先大吃一顿！"
"10004702","You approach the table, casually lift up a plate bearing a mountain of food, and proceed to tilt the entire platter toward your mouth.","君は誘われるがままに机に着き……大皿に山のように盛られた食べ物を、ガツガツと流し込む。","你走到桌边，端起堆成小山的大盘食物，直接朝嘴里倾了下去。"
"10004711","Stout Man","小太りな男","微胖男人"
"10004712","Without warning, you see a stout man dancing toward you.","そこへ突然、小太りな男が踊りながらやってきた。","毫无预兆，一个微胖男人竟一路跳着舞朝你走来。"
"10004721","Stout Man","小太りな男","微胖男人"
"10004722","""Ah, you're all awake!"" he says with a satisfied nod.","「三人とも、目が覚めたようだな」と、男は満足げに頷く。","「看来三位都醒了！」男人满意地点点头。"
"10004731","Stout Man","小太りな男","微胖男人"
"10004732","He introduces himself as the circus's ringmaster, and explains that they're on a tour of the desert.","男はサーカス団の団長だと名乗った。このキャラバンは、実は砂漠を巡業しているサーカスなのだという。","他自称马戏团团长，并说他们正在沙漠各地巡演。"
"10004741","{CHARACTERNAME:1010}","{CHARACTERNAME:1010}","{CHARACTERNAME:1010}"
"10004742","君は「サーカス！」と、目を輝かせた。絵本で読んだことがあったからだ。","君は「サーカス！」と、目を輝かせた。絵本で読んだことがあったからだ。","君は「サーカス！」と、目を輝かせた。絵本で読んだことがあったからだ。"
"10004751","{CHARACTERNAME:1010}","{CHARACTERNAME:1010}","{CHARACTERNAME:1010}"
"10004752","As someone fascinated by the circus, you'd always wanted to talk with a ringmaster. It's your lucky day!","サーカスに興味があった君は、団長に話を聞きたいと思った……まさにその時。","你一直对马戏很感兴趣，也早就想和团长聊聊。今天可真走运！"
"10004761","Monsters","魔物","魔物"
"10004762","Before you speak so much as a syllable, the caravan is beset by monsters! You all draw your weapons and prepare for a fight.","魔物が現れ、キャラバンを襲い始めた！君達は武器を構え臨戦態勢に入る。","还没来得及开口，{CARDNAME:4340} 便突然袭击商队！众人立刻拿起武器，准备迎战。"
"10004771","Ringmaster","サーカス団・団長","团长"
"10004772","団長は、「またか……」と頭を抱える。","団長は、「またか……」と頭を抱える。","団長は、「またか……」と頭を抱える。"
"10004781","{CHARACTERNAME:1010}","{CHARACTERNAME:1010}","{CHARACTERNAME:1010}"
"10004782","君と{CARDNAME:1020}はすぐさま武器を確認して、戦闘態勢に入る。","君と{CARDNAME:1020}はすぐさま武器を確認して、戦闘態勢に入る。","君と{CARDNAME:1020}はすぐさま武器を確認して、戦闘態勢に入る。"
"10004791","{CHARACTERNAME:1010}","{CHARACTERNAME:1010}","{CHARACTERNAME:1010}"
"10004792","君達は、助けてもらった恩を返すべく、魔物に向けて駆けだした。","君達は、助けてもらった恩を返すべく、魔物に向けて駆けだした。","君達は、助けてもらった恩を返すべく、魔物に向けて駆けだした。"
"10004801","{CHARACTERNAME:1010} and Company","{CHARACTERNAME:1010}達","{CHARACTERNAME:1010} 一行"
"10004802","Having eaten and drank your fill, you offer thanks for the meal.","思う存分飲み食いした君達は、食事のお礼をすることにした。","吃饱喝足后，你们决定好好答谢这一餐。"
"10004811","{CHARACTERNAME:1010} and Company","{CHARACTERNAME:1010}達","{CHARACTERNAME:1010} 一行"
"10004812","According to {CARDNAME:1020} and {CARDNAME:1030}, a stout man treated them to their meal at the stall earlier.","先に屋台に来ていた{CARDNAME:1020}と{CARDNAME:1030}によると、ご馳走をしてくれたのは、小太りな男だったという。","据先到摊位的 {CARDNAME:1020} 和 {CARDNAME:1030} 说，请他们吃饭的正是那个微胖男人。"
"10004821","{CHARACTERNAME:1010} and Company","{CHARACTERNAME:1010}達","{CHARACTERNAME:1010} 一行"
"10004822","First and foremost, you should thank him properly for the food.","まずは、きちんと食事のお礼をしよう。","总之，先郑重向他道谢吧。"
"10004831","Stout Man","小太りな男","微胖男人"
"10004832","You find the man hurrying about busily, and thank him for the meal.","君達は、くるくると忙しなく動き回る小太りな男を見つけ、食事のお礼をした。","你们找到正忙得团团转的微胖男人，向他道谢。"
"10004841","{CARDNAME:1030}","{CARDNAME:1030}","{CARDNAME:1030}"
"10004842","{CARDNAME:1030} barges into battle unannounced. ""I, too, shall fight!"" he proclaims.","突然、{CARDNAME:1030}が「ボクも戦います！」と言って、乱入してきた。","{CARDNAME:1030} 突然闯进战场：「我也来战！」"
"10004851","{CARDNAME:1030}","{CARDNAME:1030}","{CARDNAME:1030}"
"10004852","{CARDNAME:1020} asks if he CAN fight, to which {CARDNAME:1030} replies that it comes with the territory when one studies monsters.","戦えるのかと問う{CARDNAME:1020}に、一人旅で魔物の研究をするには戦闘が付き物だ、と{CARDNAME:1030}が返す。","{CARDNAME:1020} 问他到底会不会打架。{CARDNAME:1030} 回答，独自旅行研究 {CARDNAME:4340}，战斗自然少不了。"
"10004861","{CARDNAME:1030}","{CARDNAME:1030}","{CARDNAME:1030}"
"10004862","""You're in for a world of hurt if you underestimate science! Because science makes medicine, and you shouldn't underestimate that..."" {CARDNAME:1030} rambles, drawing his weapon.","{CARDNAME:1030}は「科学を舐めると痛い目を見ますよ？あ、薬品は舐めちゃダメですからね？」と武器を構えた。","{CARDNAME:1030} 架起武器：「可别小看科学哦。不过药品可不能乱舔！」"
"10004871","{CHARACTERNAME:1010} and {CARDNAME:1020}","{CHARACTERNAME:1010}と{CARDNAME:1020}","{CHARACTERNAME:1010} 和 {CARDNAME:1020}"
"10004872","You take up arms shoulder-to-shoulder with {CARDNAME:1030} and prepare to fight.","君達は、{CARDNAME:1030}と肩を並べて、共に戦うことにした。","你们与 {CARDNAME:1030} 并肩而立，准备一同战斗。"
"10004881","Ringmaster","サーカス団・団長","团长"
"10004882","The ringmaster thanks you profusely for defeating the monsters.","魔物を倒した君達に、団長は感謝の言葉を述べた。","击退 {CARDNAME:4340} 后，团长连声向你们道谢。"
"10004891","Ringmaster","サーカス団・団長","团长"
"10004892","It seems the countless monster attacks are to blame for scattering his troupe to the winds.","ああいった魔物に何度も襲われたせいで、サーカス団は現在バラバラになってしまっているらしい。","看来正是因为屡遭 {CARDNAME:4340} 袭击，马戏团如今已经四散失联。"
"10004901","Ringmaster","サーカス団・団長","团长"
"10004902","He's at a loss for what to do. You notice, however, that the number of sighs he's peppered his story with feels very...intentional.","団長は困り果てた様子で、何度もわざとらしくため息をついている。","团长一筹莫展，说着说着还频频叹气——而且怎么看都有些刻意。"
"10004911","Ringmaster","サーカス団・団長","团长"
"10004912","He looks your way rather bashfully. You suspect he wants your help.","なんと、団長は、
助けてほしそうに
こちらを見ている！","他有些扭捏地望向你们。看来是想请你们帮忙。"
"10004921","","",""
"10004922","Will you help him?","助けてあげますか？","要帮他吗？"
"10004931","Sure","助ける","帮忙"
"10004932","""Of course we'll help you!"" {CARDNAME:1030} blurts out before you can answer.","君が答える前に、{CARDNAME:1030}が「もちろん助けます！」と答えた。","你还没开口，{CARDNAME:1030} 已抢先答道：「当然帮！」"
"10004941","Ignore Him","無視する","无视他"
"10004942","You've returned the favor by felling the beast; that is enough. You let the moment pass quietly.","魔物を倒したことで、恩は返した。過剰返済は良くないと、君達は団長を無視することにした。","击退 {CARDNAME:4340}，也算还清了救命之恩。再帮就算多还了，于是你们默默无视团长。"
"10004951","Ringmaster","サーカス団・団長","团长"
"10004952","The ringmaster, looking a bit dejected, takes his leave.","団長は、さみしそうに
去っていった……","团长一脸失落地转身离去……"
"10004961","Ringmaster","サーカス団・団長","团长"
"10004962","...Or so you think. He takes a small hop, spins back toward you, and leans in nice and close. ""Surely saving your lives is worth a little more than that?"" he needles.","と思ったら、すかさず跳ね戻り、君達に詰め寄る。
「命を助けた恩って、もうちょっと重いよね？」と。","……才怪。他一个小跳转身折返，凑到你们面前：「救命之恩，怎么也不止这点分量吧？」"
"10004971","{CARDNAME:1030}","{CARDNAME:1030}","{CARDNAME:1030}"
"10004972","{CARDNAME:1030}, overwhelmed by the man's intensity, relents. ""I suppose it is, yes,"" he says.","{CARDNAME:1030}はその勢いに圧され「仕方ないですね」と引き受けた。","{CARDNAME:1030} 被他的气势压倒，只好松口：「好吧，也是。」"
"10004981","{CARDNAME:1030}","{CARDNAME:1030}","{CARDNAME:1030}"
"10004982","But the three of you expect fair compensation for the effort, he adds slyly.","ただし、きちんと報酬はもらうと、ちゃっかり交換条件を添えて。","不过，他马上补了一句：既然要拼命，报酬可得照付。"
"10004991","{CARDNAME:1030}","{CARDNAME:1030}","{CARDNAME:1030}"
"10004992","あまりの図々しさに驚く団長に、{CARDNAME:1030}は命を懸けるのだから、当然だと言う。","あまりの図々しさに驚く団長に、{CARDNAME:1030}は命を懸けるのだから、当然だと言う。","あまりの図々しさに驚く団長に、{CARDNAME:1030}は命を懸けるのだから、当然だと言う。"
"10005001","Ringmaster","サーカス団・団長","团长"
"10005002","背に腹は代えられないのか団長は鼻に皺を寄せて、もの凄く嫌そうな顔をしながらも、報酬を承諾した。","背に腹は代えられないのか団長は鼻に皺を寄せて、もの凄く嫌そうな顔をしながらも、報酬を承諾した。","背に腹は代えられないのか団長は鼻に皺を寄せて、もの凄く嫌そうな顔をしながらも、報酬を承諾した。"
"10005011","Ringmaster","サーカス団・団長","团长"
"10005012","その代わり、必ずサーカス団の仲間を、無事に見つけて欲しいと。","その代わり、必ずサーカス団の仲間を、無事に見つけて欲しいと。","その代わり、必ずサーカス団の仲間を、無事に見つけて欲しいと。"
"10005021","{CARDNAME:1030}","{CARDNAME:1030}","{CARDNAME:1030}"
"10005022","{CARDNAME:1030} turns to you and {CARDNAME:1020}, grinning from ear to ear. ""Let's get going!"" he chirps excitedly.","{CARDNAME:1030}は君達の方に振り返ると、満面の笑みで「頑張りましょうね！」と声をかけてくる。","{CARDNAME:1030} 回过头看向你和 {CARDNAME:1020}，笑容满面地招呼道：「一起加油吧！」"
"10005031","","",""
"10005032","How will you respond?","なんと答える？","你要怎么回答？"
"10005041","Um...","え？","呃……"
"10005042","Did you hear him correctly? Yes, it seems like you did...","君は聞き間違いか？と自分の耳を疑った。しかし、どうやら聞き間違いではないらしい。","你怀疑自己是不是听错了。可看来，你并没有听错……"
"10005051","What?","ん？","嗯？"
"10005052","Did you misunderstand him? You replay the conversation in your head. Alas, no; it seems you understood perfectly...","君は聞き間違いか？と頭の中で{CARDNAME:1030}の言葉を繰り返した。しかし、どうやら聞き間違いではないらしい。","你以为自己听岔了，又在脑中回想了一遍 {CARDNAME:1030} 的话。可惜，你听得一清二楚……"
"10005061","{CHARACTERNAME:1010} and {CARDNAME:1020}","{CHARACTERNAME:1010}と{CARDNAME:1020}","{CHARACTERNAME:1010} 和 {CARDNAME:1020}"
"10005062","And just like that, you and {CARDNAME:1020} have been roped into helping, too.","いつの間にか、君と{CARDNAME:1020}も協力することになっていたようだ。","不知不觉间，你和 {CARDNAME:1020} 也被拉来帮忙了。"
"10005071","{CARDNAME:1020}","{CARDNAME:1020}","{CARDNAME:1020}"
"10005072","{CARDNAME:1020} objects, only to be drowned out by {CARDNAME:1030}'s contemporaneous rebuttal: a treatise on the value of money and friendship in travel.","{CARDNAME:1020}が反論するが、旅をするにはお金も仲間も必要だと{CARDNAME:1030}に捲し立てられ、押しきられてしまう。","{CARDNAME:1020} 正要反驳，却被 {CARDNAME:1030} 一通「旅行既要有钱，也要有伙伴」的大道理堵了回去。"
"10005081","{CHARACTERNAME:1010}","{CHARACTERNAME:1010}","{CHARACTERNAME:1010}"
"10005082","君は「協力しよう」と{CARDNAME:1020}を宥めた。
お金は大切だと知ったが、何よりも……","君は「協力しよう」と{CARDNAME:1020}を宥めた。
お金は大切だと知ったが、何よりも……","君は「協力しよう」と{CARDNAME:1020}を宥めた。
お金は大切だと知ったが、何よりも……"
"10005091","{CHARACTERNAME:1010}","{CHARACTERNAME:1010}","{CHARACTERNAME:1010}"
"10005092","「わたし、サーカスを見てみたい」","「わたし、サーカスを見てみたい」","「わたし、サーカスを見てみたい」"
"10005101","{CARDNAME:1020}","{CARDNAME:1020}","{CARDNAME:1020}"
"10005102","サーカスへの興味に目を輝かせる君に、{CARDNAME:1020}はやれやれと頷いた。","サーカスへの興味に目を輝かせる君に、{CARDNAME:1020}はやれやれと頷いた。","サーカスへの興味に目を輝かせる君に、{CARDNAME:1020}はやれやれと頷いた。"
"10005111","{CHARACTERNAME:1010} and {CARDNAME:1020}","{CHARACTERNAME:1010}と{CARDNAME:1020}","{CHARACTERNAME:1010} 和 {CARDNAME:1020}"
"10005112","And so it goes that you, {CARDNAME:1020}, and {CARDNAME:1030} end up combing the desert for lost circus troupers.","こうして君と{CARDNAME:1020}は、{CARDNAME:1030}と共に、砂漠ではぐれたサーカス団員を探すことになった。","就这样，你和 {CARDNAME:1020} 跟着 {CARDNAME:1030}，开始在沙漠里寻找走散的马戏团成员。"
"10005121","","",""
"10005122","{CARDNAME:1030} has joined your party.","{CARDNAME:1030}が
仲間に加わりました。","{CARDNAME:1030} 加入了队伍。"
"10005131","Ringmaster","サーカス団・団長","团长"
"10005132","The ringmaster paces back and forth, restlessly mopping sweat from his brow. He clearly cares a great deal about his performers.","団長は落ち着かない様子でせわしなく動き回っては、汗を拭っている。団員達がよほど心配なのだろう。","团长坐立不安地来回踱步，不停擦着额头上的汗。看来他实在放心不下团员们。"
"10005141","Gentle Woman","柔和な女性","温和的女人"
"10005142","""You all look quite well,"" the woman says, her wide smile narrowing her eyes. You swear you see {CARDNAME:1020} briefly shiver in fear for some reason.","「すっかり元気そうね」と女性は優しく目を細めた。その視線に、なぜか{CARDNAME:1020}は身震いした。","「看起来已经完全恢复了呢。」女人和蔼地眯起眼笑着。不知为何，你仿佛看见 {CARDNAME:1020} 打了个寒战。"
"10005151","{CARDNAME:91320}","{CARDNAME:91320}","{CARDNAME:91320}"
"10005152","The entrance to {CARDNAME:91320} is heavily guarded, so you turn around. They must have increased security after the scene {CARDNAME:1020} caused.","{CARDNAME:1020}が起こした惨劇のせいか、街の入り口には衛兵が立っている。立ち入るのはやめておこう。","或许是因为 {CARDNAME:1020} 之前闹出的惨剧，{CARDNAME:91320} 入口如今有卫兵严加把守。还是别进去了。"
"10005161","Stall","屋台","摊位"
"10005162","The shopkeeper's wares are indeed as attractive as (forcefully) advertised. Somehow you manage to resist parting with your money, and walk on by.","店主が威勢よく宣伝する商品達は、どれも魅力的だ。君は買いたい衝動をどうにか抑えてその場を離れた。","店主吆喝得卖力，货品也确实件件诱人。你好不容易压下购物冲动，离开了这里。"
"10005171","{CHARACTERNAME:1010}","{CHARACTERNAME:1010}","{CHARACTERNAME:1010}"
"10005172","You see a lone tent pitched in the middle of the desert.","君は、砂漠の中に立つテントを見つけた。","你发现沙漠中孤零零立着一顶帐篷。"
"10005181","{CHARACTERNAME:1010}","{CHARACTERNAME:1010}","{CHARACTERNAME:1010}"
"10005182","You approach it and peer inside, but nobody's home. Surely a circus performer must be around here somewhere?","近づいて中を確認するが、誰もいない。ここに団員はいないのだろうか……？","你凑近往里看，却空无一人。附近应该还有马戏团成员吧？"
"10005191","Mysterious Voice","謎の声","神秘声音"
"10005192","""...elp!""","「……けて」","「……救……」"
"10005201","{CHARACTERNAME:1010} and Company","{CHARACTERNAME:1010}達一行","{CHARACTERNAME:1010} 一行"
"10005202","A mysterious voice calls from who-knows-where. You look around once more, but see no signs of life.","突然、謎の声が聞こえた。君達は辺りを見渡すが、人影はない。","不知从哪儿突然传来一道神秘声音。你们环顾四周，却不见半个人影。"
"10005211","{CARDNAME:1030}","{CARDNAME:1030}","{CARDNAME:1030}"
"10005212","{CARDNAME:1030}が「まさか……幽霊……？」と科学者にあるまじき、非科学的なことを言った。","{CARDNAME:1030}が「まさか……幽霊……？」と科学者にあるまじき、非科学的なことを言った。","{CARDNAME:1030}が「まさか……幽霊……？」と科学者にあるまじき、非科学的なことを言った。"
"10005221","Mysterious Voice","謎の声","神秘声音"
"10005222","""Hhheeelp!""","「た……けて……」","「救……救我……」"
"10005231","Mysterious Voice","{CHARACTERNAME:1010}","{CHARACTERNAME:1010}"
"10005232","There it is again; clearer this time. You turn and look behind you.","今度は、もう少しハッキリと聞こえた。君が振り返ると……","声音又响了起来，这次听得更清楚。你回头一看……"
"10005241","Mysterious Voice","謎の声","神秘声音"
"10005242","""Heeeeeelllp!""","「たす……けて……！」","「救——命——！」"
"10005251","{CHARACTERNAME:1010}","{CHARACTERNAME:1010}","{CHARACTERNAME:1010}"
"10005252","There's a severed head in the sand! Or at least it looks severed...but it's alive?","砂の上に置かれた生首……のように見える、生きた人間の頭があった。","沙地上竟有一颗人头！至少看起来像是断头……可它还活着？"
"10005261","Head","生首","人头"
"10005262","The head frantically beseeches you for aid. Apparently it hid in the sand during a monster attack and could not free itself afterward.","生首は必死に君達に助けを求める。魔物に襲われた際に砂の中に隠れたら、出られなくなったらしい。","那颗人头拼命向你们求救。原来他遭魔物袭击时躲进沙里，之后却怎么也爬不出来。"
"10005271","{CHARACTERNAME:1010} and Company","{CHARACTERNAME:1010}達一行","{CHARACTERNAME:1010} 一行"
"10005272","You all grab hold and pull in an attempt to dislodge the perhaps-not-disembodied head.","皆で、埋まっていた生首を引き抜くと……","大家一起抓住那颗似乎并未离体的人头，用力往外拔。"
"10005281","Burly Boy","サーカス団・逞しい青年","壮实青年"
"10005282","And wouldn't you know it, it was attached to a young man who performs in the circus!","出てきたのはサーカス団の青年だった。","拔出来一看，原来是马戏团的一名青年！"
"10005291","Burly Boy","サーカス団・逞しい青年","壮实青年"
"10005292","He helpfully informs you that there are two others who were separated from the troupe during the attacks.","青年によると、団員はあと二人いるらしい。襲われた際に散り散りになってしまったのだという。","青年告诉你们，还有两名团员也在袭击中和大家走散了。"
"10005301","Burly Boy","サーカス団・逞しい青年","壮实青年"
"10005302","He says they, too, may have hidden or otherwise disguised themselves.","他の二人も隠れていたり、変装していたりするかもしれない。","他说，那两人或许也躲了起来，或是做了什么伪装。"
"10005311","{CHARACTERNAME:1010} and Company","{CHARACTERNAME:1010}達一行","{CHARACTERNAME:1010} 一行"
"10005312","You resume your search, eyes primed to pick out anything unusual.","君達は、注意深く他の団員を探すことにした。","你们继续搜索，格外留心四周一切异样。"
"10005321","Burly Boy","サーカス団・逞しい青年","壮实青年"
"10005322","The man is clearly worried about the other missing circus members.","青年は散り散りになった他の団員の事を心配しているようだ。","青年似乎很担心其他失散的团员。"
"10005331","Chest","宝箱","宝箱"
"10005332","There's a strange sound coming from this treasure chest...","宝箱から妙な物音がしている……","这个宝箱里传来了奇怪的动静……"
"10005341","Chest","宝箱","宝箱"
"10005342","You open it to find a very alive young boy from the circus inside!","なんと！宝箱の中には、
サーカス団の少年が潜んでいた！","你打开宝箱，竟发现一个活生生的马戏团少年躲在里面！"
"10005351","Clown","サーカス団・ピエロ","小丑"
"10005352","""You saved me!"" he pants. ""I was about to suffocate in there!""","少年は「助かったー！窒息するところだったよ」と君達に礼を言っている。","「得救啦！我差点憋死在里面！」少年喘着气向你们道谢。"
"10005361","Clown","サーカス団・ピエロ","小丑"
"10005362","The boy makes a beeline for his fellow performer's tent.","サーカス団の少年は、仲間のテントに戻っていった。","少年飞快跑回了同伴的帐篷。"
"10005371","Cactus","サボテン","仙人掌"
"10005372","This cactus doesn't look unusual at first glance...","一見普通のサボテンに見えるが……","乍看之下，这株仙人掌似乎没什么异常……"
"10005381","Cactus","サボテン","仙人掌"
"10005382","You reach out and touch it, but it...wiggles? Whoa! It's actually a woman from the circus!","君が触ると、サボテンが急にうねうねと動き出した！
なんと！サボテンはサーカス団の女性だった。","你伸手一碰，仙人掌竟扭动起来！原来这是马戏团的一名女子！"
"10005391","Acrobat","サーカス団・曲芸師","杂技演员"
"10005392","""Hehe, you saw right through my disguise. I'm impressed!"" she says with a confident smile.","女性は「ふふっ、私の変装を見破るなんて大したものね」と不敵に笑っている。","「呵呵，居然看穿了我的伪装，挺厉害嘛。」女子自信地笑了。"
"10005401","Acrobat","サーカス団・曲芸師","杂技演员"
"10005402","She hurries back to her fellow performer's tent.","サーカス団の女性は、仲間のテントに戻っていった。","女子匆匆回到了同伴的帐篷。"
"10005411","Burly Boy","サーカス団・逞しい青年","壮实青年"
"10005412","He thanks you warmly, and makes way for the ringmaster's waiting caravan.","サーカス団の青年は、君にお礼を告げ、団長の待つサーカスへと戻っていった。","青年诚恳地向你道谢，随后返回团长等候的马戏团。"
"10005421","{CHARACTERNAME:1010} and Company","{CHARACTERNAME:1010}達一行","{CHARACTERNAME:1010} 一行"
"10005422","Having found the remaining two performers the young man mentioned, you return to his tent.","君達は、サーカス団の青年に頼まれていた二人を見つけたので、青年のいるテントに戻ることにする。","受青年所托寻找的另外两人都找到了，你们便回到他的帐篷。"
"10005431","Tent","テント","帐篷"
"10005432","You happen upon a tent pitched in front of some ruins. Might there be another performer within? You peer inside.","遺跡の前に、テントが立っていた。サーカス団のものだろうか？と、君達は中を覗く。","遗迹前立着一顶帐篷。会不会还有团员在里面？你们探头往里看。"
"10005441","Tent","テント","帐篷"
"10005442","Why yes, the young girl you see before you may well be one of the performers, but she's rather tearful at the moment.","すると中には、いかにもサーカス団の団員と思しき少女が、シクシクと泣いていた…… ","里面有个一看就像马戏团团员的少女，正抽抽搭搭地哭着……"
"10005451","{CARDNAME:1030}","{CARDNAME:1030}","{CARDNAME:1030}"
"10005452","""Are you with the circus?"" {CARDNAME:1030} asks gently. The girl nods.","{CARDNAME:1030}が「もしかしてサーカスの方ですか？」と尋ねると、少女はコクリとうなずく。","{CARDNAME:1030} 轻声问：「你是马戏团的人吗？」少女点了点头。"
"10005461","Circus Performer(?)","団員らしき少女","疑似团员的少女"
"10005462","""Yes. Beast tamer. Circus,"" she says through her tears, before begging for your help.","「アタイ　サーカス団　猛獣使イ」そう自己紹介した少女は続けて、涙ながらに君達に助けを求めてきた。","「俺，马戏团，驯兽师。」少女一边抽泣着自我介绍，一边向你们求助。"
"10005471","Beast Tamer","サーカス団・猛獣使い","驯兽师"
"10005472","""Partner. Big monster. Swallowed. Went that way.""","「相棒　大キイ魔物　飲マレタ　アッチニ　逃ゲタ」","「伙伴，大魔物，吞了。往那边，跑了。」"
"10005481","Beast Tamer","サーカス団・猛獣使い","驯兽师"
"10005482","Wading through the fragmented words, you gather that a monster swallowed her performing partner and ran off.","カタコトで語られた話を推測するに、魔物が少女の相棒を飲み込んで、逃げていったらしい。","从她断断续续的话里，你们大致听明白了：她的表演搭档被一头魔物吞下，随后那魔物逃走了。"
"10005491","Beast Tamer","サーカス団・猛獣使い","驯兽师"
"10005492","She goes on to lament that this is all her fault as sobs wrack her body anew.","相棒が飲まれたのは自分のせいだと言って、少女はわんわんと泣き出す。","少女说伙伴被吞都是自己的错，顿时又嚎啕大哭起来。"
"10005501","{CARDNAME:1030}","{CARDNAME:1030}","{CARDNAME:1030}"
"10005502","""We have to help her,"" {CARDNAME:1030} says softly.","「……助けましょう」と、{CARDNAME:1030}は言った。","「……帮帮她吧。」{CARDNAME:1030} 轻声说道。"
"10005511","{CARDNAME:1030}","{CARDNAME:1030}","{CARDNAME:1030}"
"10005512","He declares that he cannot abide turning away from someone who's been separated from someone they care for.","大切な人と離ればなれになってしまうのを、見過ごせないというのだ。","他说，自己无法坐视别人和珍视之人被迫分离。"
"10005521","{CHARACTERNAME:1010}","{CHARACTERNAME:1010}","{CHARACTERNAME:1010}"
"10005522","You're inclined to agree with him. So long as there are lives to be saved, you'll fight to save them.","{CARDNAME:1030}の言葉に君も同意する。魔物から救える命があるなら、救いたい。","你也赞同 {CARDNAME:1030}。只要还有生命能从魔物手中救下，你就想救。"
"10005531","{CHARACTERNAME:1010}'s Mother","{CHARACTERNAME:1010}の母親","{CHARACTERNAME:1010} 的母亲"
"10005532","""My sweet little girl... You must...live...""","「……私の可愛い子。あなたは、生き、て……」","「我的乖女儿……你一定要……活下去……」"
"10005541","{CHARACTERNAME:1010}","{CHARACTERNAME:1010}","{CHARACTERNAME:1010}"
"10005542","""Are you okay?"" {CARDNAME:1020} asks carefully, sensing that you're in pain. You nod, and begin walking toward the ruins.","「……大丈夫か？」と君を気遣う{CARDNAME:1020}に頷き、君は遺跡へと足を向けた。","{CARDNAME:1020} 察觉到你的痛苦，小心问道：「……没事吧？」你点点头，迈向遗迹。"
"10005551","{CARDNAME:1030}","{CARDNAME:1030}","{CARDNAME:1030}"
"10005552","""Wait a minute,"" {CARDNAME:1030} says suddenly.","「ちょっと待ってください」と{CARDNAME:1030}が言った。","「等一下。」{CARDNAME:1030} 突然说道。"
"10005561","{CARDNAME:1030}","{CARDNAME:1030}","{CARDNAME:1030}"
"10005562","He begins tapping on the wall in several places, listening intently as he does so.","{CARDNAME:1030}は何ヶ所か壁を叩いて、音を聴いている。","{CARDNAME:1030} 在墙上几处敲了敲，凝神听着回声。"
"10005571","{CARDNAME:1030}","{CARDNAME:1030}","{CARDNAME:1030}"
"10005572","""There's nothing behind this wall,"" he says, pointing at one section of it.","「この奥に広い空間があります」と、{CARDNAME:1030}は壁の一角を示した。","「这堵墙后面有一大片空间。」{CARDNAME:1030} 指向墙上一角。"
"10005581","{CARDNAME:1020}","{CARDNAME:1020}","{CARDNAME:1020}"
"10005582","Not one to wait for permission, {CARDNAME:1020} strikes the section of wall with all his might.","{CARDNAME:1020}は、{CARDNAME:1030}に言われるがまま壁を破壊した。すると……","{CARDNAME:1020} 二话不说，照着 {CARDNAME:1030} 指的位置猛力砸去。"
"10005591","Wall","壁","墙壁"
"10005592","And what do you know, {CARDNAME:1030} was right! The wall concealed a hidden chamber.","なんと！崩れた壁の先に、隠された空間があった。","果然被 {CARDNAME:1030} 说中了！倒塌的墙后藏着一间密室。"
"10005601","{CHARACTERNAME:1010}","{CHARACTERNAME:1010}","{CHARACTERNAME:1010}"
"10005602","{CARDNAME:1030}の観察力に、君と
{CARDNAME:1020}は素直に称賛を
贈る。","{CARDNAME:1030}の観察力に、君と
{CARDNAME:1020}は素直に称賛を
贈る。","{CARDNAME:1030}の観察力に、君と
{CARDNAME:1020}は素直に称賛を
贈る。"
"10005611","{CARDNAME:1030}","{CARDNAME:1030}","{CARDNAME:1030}"
"10005612","""That's a scientist for you!"" {CARDNAME:1030} boasts, puffing out his chest. ""Science is awesome,"" you reply, jaw slack with wonder.","「科学者ですから！」
と胸を張る{CARDNAME:1030}に、君は科学の力はすごいなと感嘆の声をあげた。","「毕竟我是科学家嘛！」{CARDNAME:1030} 挺起胸膛。你看得目瞪口呆，不由感叹科学真厉害。"
"10005621","Chest","宝箱","宝箱"
"10005622","You attempt to open the chest, when suddenly a band of cackling monsters appears from the shadows!","君達が宝箱を開けようとしたその時……陰からクスクスという笑い声と共に魔物が現れた。","你们正要打开宝箱，阴影中忽然传来阵阵窃笑，一群魔物现身了！"
"10005631","Monsters","魔物達","魔物们"
"10005632","It looks like they were using this chest as bait. They waste no time in surrounding you and attacking!","魔物達は、この宝箱を囮にしていたのだろう。素早く君達を取り囲むと、一斉に襲い掛かってきた！","看来这些魔物一直拿宝箱当诱饵。它们转眼包围你们，一齐扑了上来！"
"10005641","{CHARACTERNAME:1010} and Company","{CHARACTERNAME:1010}達一行","{CHARACTERNAME:1010} 一行"
"10005642","Having defeated the monsters, you decide to try opening the chest. And when you do...","魔物を倒した君達は、一応宝箱を開けてみることにする。すると中には……","击败魔物后，你们还是决定打开宝箱看看。里面竟然……"
"10005651","Key","カギ","钥匙"
"10005652","You find inside a key of seemingly little value.","なんの価値もなさそうな、小さなカギが入っていた。","里面只有一把怎么看都不值钱的小钥匙。"
"10005661","{CARDNAME:1030}","{CARDNAME:1030}","{CARDNAME:1030}"
"10005662","All the same, {CARDNAME:1030} picks it up and tucks it away, a pleased look on his face. ""One never knows when a key could come in handy. Let's take it just in case.""","しかし{CARDNAME:1030}は、「どこかで使えるかもしれません。念のため持っていきましょう」と、嬉しそうにカギをカバンに仕舞った。","可 {CARDNAME:1030} 还是高兴地捡起钥匙收进包里：「说不定哪里用得上。保险起见，还是带着吧。」"
"10005671","???","？？？","？？？"
"10005672","You swear you see something move in the darkness...","暗がりの奥で、何かが動いた気がした……","你仿佛看见黑暗深处有什么动了一下……"
"10005681","{CHARACTERNAME:1010} and Company","{CHARACTERNAME:1010}達一行","{CHARACTERNAME:1010} 一行"
"10005682","The three of you carefully step toward whatever it is...","君達は、慎重にそれに近づく。すると……","你们三人小心翼翼地靠近那个东西……"
"10005691","Monster","魔物","魔物"
"10005692","...only to find it's a monster!","動いていたものの正体は、なんと大きな魔物だった！","原来是一头大魔物！"
"10005701","Monster","魔物","魔物"
"10005702","Something squirms in the worm's midsection...","倒した魔物の腹のあたりで何かが蠢いている……","倒下的魔物腹部附近，有什么东西正在蠕动……"
"10005711","{CARDNAME:1030}","{CARDNAME:1030}","{CARDNAME:1030}"
"10005712","""She did say the monster swallowed her partner..."" {CARDNAME:1030} whispers.","「確か、相棒が飲み込まれたと言ってましたね」と、
{CARDNAME:1030}が呟いた。","「她确实说过，伙伴被魔物吞了……」{CARDNAME:1030} 低声说道。"
"10005721","{CHARACTERNAME:1010}","{CHARACTERNAME:1010}","{CHARACTERNAME:1010}"
"10005722","Not wanting to injure the very-much-alive entity inside, you carefully begin slicing into the worm's stomach...","君は中身を傷つけないように、細心の注意を払って魔物の腹を切り裂いた。
すると……","为了不伤到里面仍活着的东西，你极其小心地剖开魔物腹部。随后……"
"10005731","Rat Monster","ネズミの魔物","鼠形魔物"
"10005732","...when a rat pops out!","腹の中からネズミの魔物が飛び出してきた！","一只鼠形魔物从腹中蹿了出来！"
"10005741","{CHARACTERNAME:1010}","{CHARACTERNAME:1010}","{CHARACTERNAME:1010}"
"10005742","You've ventured into the deepest part of the ruins, but there's no sign of the large monster OR the girl's partner...","遺跡の最奥までやってきたが、他に猛獣使いの少女が言う大きな魔物も「相棒」も見当たらない……","你们已经来到遗迹最深处，却既没见到少女所说的大魔物，也没找到她的「伙伴」……"
"10005751","{CHARACTERNAME:1010}","{CHARACTERNAME:1010}","{CHARACTERNAME:1010}"
"10005752","What if...the rat is her ""partner""? You tilt your head in confusion, and the rodent scampers off out of sight.","これが相棒？と首を傾げる君達を他所に、ネズミの魔物は走り去ってしまった。","难道……这只老鼠就是她的「伙伴」？你们疑惑地歪着头，它却一溜烟跑没了影。"
"10005761","{CHARACTERNAME:1010} and Company","{CHARACTERNAME:1010}達一行","{CHARACTERNAME:1010} 一行"
"10005762","With no further leads to go on, you decide to return to the young girl for now and tell her what you've found.","手がかりがなくなってしまった君達は、ひとまず少女のもとへ戻ることにした。","线索断了，你们决定先回少女那里，把发现告诉她。"
"10005771","","",""
"10005772","Leave the Sand Ruins immediately?","砂の遺跡から今すぐ
脱出しますか？","现在立刻离开砂之遗迹吗？"
"10005781","Get Me Out Now","今すぐ脱出する","立即离开"
"10005782","You all resolve to leave the Sand Ruins immediately.","君達は砂の遺跡から今すぐ出ることにした。","你们决定立刻离开砂之遗迹。"
"10005791","I'll See Myself Out","自力で戻る","自己走出去"
"10005792","You decided to leave the Sand Ruins on your own two feet.","君は、歩いて砂の遺跡から出ることにした。","你决定靠双脚走出砂之遗迹。"
"10005801","Beast Tamer","サーカス団・猛獣使い","驯兽师"
"10005802","You emerge from the ruins in time to see the beast tamer leaping up and down, the rat you freed earlier gathered up in her arms.","君達が地上に戻ると、猛獣使いの少女が先ほどのネズミの魔物を抱きしめて飛び跳ねていた。","回到地面时，你们看见驯兽少女正抱着先前救出的鼠形魔物，兴奋地蹦个不停。"
"10005811","Beast Tamer","サーカス団・猛獣使い","驯兽师"
"10005812","""Thank! Partner safe! Happy!"" she squeals through tears of joy, rather than sadness.","少女は「アリガトウ　相棒元気　嬉シイ！」と、今度は喜びの涙を流している。","「谢谢！伙伴平安！高兴！」少女这次流下的是喜悦的泪水。"
"10005821","{CHARACTERNAME:1010}","{CHARACTERNAME:1010}","{CHARACTERNAME:1010}"
"10005822","""Oh, isn't that lovely!"" {CARDNAME:1030} says, smiling. You've got...slightly more complicated feelings about it.","{CARDNAME:1030}が「……良かったですね」と、微笑む隣で、君は少々複雑な気持ちを抱いていた。","「……太好了呢。」{CARDNAME:1030} 微笑着说道。你在一旁，心情却有些复杂。"
"10005831","{CHARACTERNAME:1010}","{CHARACTERNAME:1010}","{CHARACTERNAME:1010}"
"10005832","(She's...hugging a monster...)","（……魔物なのに）","（……可那是魔物啊。）"
"10005841","Beast Tamer","サーカス団・猛獣使い","驯兽师"
"10005842","The girl announces that she's off to rejoin the rest of the main troupe, and trots off with her companion in tow.","少女は、サーカス団の本隊に合流すると告げ、相棒と共に去っていった。","少女说要去和马戏团主队会合，随后带着伙伴一起离开了。"
"10005851","","",""
"10005852","The caravan is larger than it was when you left. Seems the troupe members you rescued found their way back safely.","キャラバンは以前より大きくなっている。散り散りになっていた団員達が戻ってきたようだ。","商队比你们离开时大了不少。看来获救的团员都平安回来了。"
"10005861","Burly Boy","サーカス団・逞しい青年","壮实青年"
"10005862","The young man you rescued races over the moment he sees you.","君達の姿を見つけたサーカス団の青年が、走り寄ってきた。","先前获救的青年一看到你们，立刻跑了过来。"
"10005871","Burly Boy","サーカス団・逞しい青年","壮实青年"
"10005872","""I found my way back! Thank you so much for saving me!"" he beams.","「無事に合流できた。助けてくれてありがとう」と、青年は笑う。","「我顺利和大家会合了。谢谢你们救我！」青年笑着说道。"
"10005881","Ringmaster","サーカス団・団長","团长"
"10005882","The ringmaster is next in line, peppering you with praise as he wrenches your entire arm up and down in a forceful handshake.
He proudly announces that you can eat and drink your fill as a show of his gratitude.","団長が走り寄ってきて、感謝の言葉を並べ立てながら強引に握手した。お礼として、飲み食いは自由にしていいと言う。","团长也紧跟着跑来，一边连声道谢，一边抓住你的手使劲上下摇。他还豪爽地说，为表谢意，这里的吃喝任你享用。"
"10005891","Ringmaster","サーカス団・団長","团长"
"10005892","He proudly announces that you can eat and drink your fill as a show of his gratitude.","お礼として、飲み食いは自由にしていいと言う。","他豪爽地说，为表谢意，这里的吃喝任你享用。"
"10005901","Ringmaster","サーカス団・団長","团长"
"10005902","Oh, and he absolutely INSISTS you see the show. He's certain you'll love it.","さらに、団長はサーカスのショーも見ていってほしいと言った。ショーに絶対の自信があるのだという。","团长还执意要你们看场马戏。他对自家表演显然信心十足。"
"10005911","{CHARACTERNAME:1010}","{CHARACTERNAME:1010}","{CHARACTERNAME:1010}"
"10005912","君はサーカスを楽しみにしていたはずだ。君達はショーを見に行くことにする。","君はサーカスを楽しみにしていたはずだ。君達はショーを見に行くことにする。","君はサーカスを楽しみにしていたはずだ。君達はショーを見に行くことにする。"
"10005921","{CHARACTERNAME:1010}","{CHARACTERNAME:1010}","{CHARACTERNAME:1010}"
"10005922","Finding yourself looking forward to the circus, you decide to invite {CARDNAME:1020} and {CARDNAME:1030} to come along...but they're nowhere to be found.","サーカスを楽しみにしていた君は、{CARDNAME:1020}と{CARDNAME:1030}を誘って行こうと思ったが……二人の姿がない。","你正期待着马戏，想叫上 {CARDNAME:1020} 和 {CARDNAME:1030} 一起去，却发现两人都不见了。"
"10005931","{CHARACTERNAME:1010}","{CHARACTERNAME:1010}","{CHARACTERNAME:1010}"
"10005932","It looks like they took off on their own. Thinking it would be much more fun to go see the circus together, you decide to look for the pair.","どうやら勝手に自由行動に出たようだ。君は、皆で見た方が楽しいと考え、二人を探すことにする。","看来他们各自跑去自由活动了。你觉得大家一起看才有意思，便决定去找两人。"
"10005941","{CHARACTERNAME:1010}","{CHARACTERNAME:1010}","{CHARACTERNAME:1010}"
"10005942","You need to track the two of them down before the show starts.","ショーが始まる前に、二人を誘わなければ。","得在表演开始前找到他们两个。"
"10005951","Circus Tent","サーカステント","马戏帐篷"
"10005952","Beyond this tarp is a wondrous dreamland. Hurry and find those boys so you can see the show!","布を一枚隔てた内側には、夢の世界が広がっているのだろう。早く二人を誘ってショーを見よう！","一层帐布之隔，里面想必就是梦幻世界。快找到那两个人，一起去看表演吧！"
"10005961","Circus","サーカス","马戏团"
"10005962","Don't leave now. The show is about to begin!","もうすぐショーが始まるようだ……","表演马上就要开始了，现在别离开。"
"10005971","Ringmaster","サーカス団・団長","团长"
"10005972","""Our show is incredible!"" the ringmaster boasts. He REALLY believes in it.","「うちのショーは、すごいぞ！」と、団長は自慢げに語る。相当な自信があるようだ。","「我们家的表演可厉害了！」团长得意洋洋地夸道。看来他是真的很有信心。"
"10005981","Mild-mannered Woman","サーカス団・柔和な女性","温和女子"
"10005982","""It's okay; it's trained,"" the gentle-looking woman says of her beast companion. She smiles and cracks her whip.","優しそうな女性が魔物を従えている。「調教済みだから安全よ」と、女性は笑って鞭をふるった。","这名神情温和的女子带着一头魔物。「放心，已经驯好了，很安全。」她笑着挥下鞭子。"
"10005991","Monster","魔物","魔物"
"10005992","The monster, face vacant, mutters, ""Treat...""","女性の鞭打ちに、魔物は
「ゴホウビ……」と、うっとりとした顔で呟いた。","挨了女人一鞭，魔物神情陶醉地喃喃道：「奖……励……」"
"10006001","{CHARACTERNAME:1010}","{CHARACTERNAME:1010}","{CHARACTERNAME:1010}"
"10006002","「……」","「……」","「……」"
"10006011","Burly Boy","サーカス団・逞しい青年","壮实青年"
"10006012","The young man has once again buried himself in the sand from the neck down. It seems to be keeping him calm.","青年は、砂の中に首から下を埋めている。この方が落ち着くようになってしまったらしい。","青年又把脖子以下全埋进沙里。看来这样反而能让他安心。"
"10006021","Clown","サーカス団・ピエロ","小丑"
"10006022","""No more dark places... No more small spaces..."" the boy mumbles to himself.","少年は「暗いのやだ……狭いのやだ……」と、ブツブツと呟いている。","「不要黑的地方……不要小的地方……」少年低声念叨着。"
"10006031","Clown","サーカス団・ピエロ","小丑"
"10006032","Sounds like his time in the treasure chest traumatized him...","宝箱の中に逃げ込んだことが、トラウマになっているようだ。","看来躲进宝箱的经历给他留下了心理阴影……"
"10006041","Acrobat","サーカス団・曲芸師","杂技演员"
"10006042","Free of her cactus cosplay, the woman now balances herself adroitly atop a monster.","サボテンに変装していた女性が、魔物の上で逆立ちをし、器用にバランスをとっている。","先前扮成仙人掌的女子，如今正倒立在魔物身上，灵巧地保持着平衡。"
"10006051","Acrobat","サーカス団・曲芸師","杂技演员"
"10006052","And as if that weren't impressive enough, they've only gone and synchronized their breathing as well.","そのバランス感覚もさることながら、魔物との呼吸もピッタリだ。","平衡感已经够惊人了，她和魔物竟还配合得严丝合缝。"
"10006061","Beast Tamer","サーカス団・猛獣使い","驯兽师"
"10006062","""Hero! Hero!"" the beast tamer shouts, clearly meaning to thank you.","猛獣使いの少女は「恩人！恩人！」と、拙い言葉ながらに君達に感謝の意を表しているようだ。","「恩人！恩人！」驯兽少女用生涩的话反复喊着，似乎是在向你们道谢。"
"10006071","Beast Tamer","サーカス団・猛獣使い","驯兽师"
"10006072","Your expression hardens as you see the monster—her ""partner""—still gathered in her arms.","愛おしそうに相棒の魔物を腕に抱くその姿に、君の顔つきが厳しくなった。","看见她珍爱地抱着那头「伙伴」魔物，你的神情不由严肃起来。"
"10006081","{CARDNAME:1020}","{CARDNAME:1020}","{CARDNAME:1020}"
"10006082","""Let's go. You want to see the show, don't you?"" {CARDNAME:1020} offers. You turn your gaze from the girl.","「……行こう。ショーを見るんだろう？」と{CARDNAME:1020}に言われ、君は少女達から視線を外した。","「……走吧。不是还要看表演吗？」{CARDNAME:1020} 提醒道。你这才移开了视线。"
"10006091","{CHARACTERNAME:1010}","{CHARACTERNAME:1010}","{CHARACTERNAME:1010}"
"10006092","You find {CARDNAME:1030}, holding a cup with some kind of golden liquid in it. A gentle-looking woman seems to be teaching him something.","君は、黄金色の液体が入ったコップを持った{CARDNAME:1030}を見つけた。柔和な女性に何かを教わっているようだ。","你找到 {CARDNAME:1030} 时，他手里正端着一杯金黄色液体，旁边一名温和女子似乎在教他什么。"
"10006101","Mild-mannered Woman","サーカス団・柔和な女性","温和女子"
"10006102","The woman whips the monster and roars with laughter. ""This little fellow sees this as a reward!""","女性は魔物に鞭を打ちながら、「この子にとってこれはご褒美なのよ！」と高笑いしている。","女子一边抽打魔物，一边放声大笑：「对这孩子来说，这可是奖励！」"
"10006111","{CARDNAME:1030}","{CARDNAME:1030}","{CARDNAME:1030}"
"10006112","{CARDNAME:1030} nods along. ""Aha, I see! This is most instructive!""","それに対して{CARDNAME:1030}は、
「なるほど！勉強になります！」と頻りに相槌を打っていた。","{CARDNAME:1030} 连连点头：「原来如此！真是受教了！」"
"10006121","{CHARACTERNAME:1010}","{CHARACTERNAME:1010}","{CHARACTERNAME:1010}"
"10006122","You're not completely sure what you're looking at. You decide to drag {CARDNAME:1030} away and take him to the show.","なんだかよくわからない光景だったが、君は{CARDNAME:1030}を引きずってショーに連れていくことにした。","你也弄不明白眼前究竟是什么场面，索性把 {CARDNAME:1030} 拽走，带他去看表演。"
"10006131","{CHARACTERNAME:1010}","{CHARACTERNAME:1010}","{CHARACTERNAME:1010}"
"10006132","You find {CARDNAME:1020} stuffing some kind of well-cooked meat into his mouth. Beside him is the beast tamer girl.","君は、こんがりと焼けた肉を頬張る{CARDNAME:1020}を見つけた。その傍らには猛獣使いの少女がいる。","你找到 {CARDNAME:1020} 时，他正大口吃着烤得焦香的肉，旁边站着那名驯兽少女。"
"10006141","Beast Tamer","サーカス団・猛獣使い","驯兽师"
"10006142","When she notices you, she begins to thank you enthusiastically in crude language. ","少女は君に気が付くと、
「恩人！恩人！」と、拙い言葉ながらに、感謝の意を表した。","少女一发现你，便用生涩的话连声喊着：「恩人！恩人！」拼命表达谢意。"
"10006151","{CHARACTERNAME:1010}","{CHARACTERNAME:1010}","{CHARACTERNAME:1010}"
"10006152","However, your features harden when you see her looking lovingly at her monster partner.","しかし、愛おしそうに相棒の魔物を抱くその姿に、君の顔つきは厳しくなる。","然而，看见她满怀爱意地抱着魔物伙伴，你的神情又沉了下来。"
"10006161","{CARDNAME:1020}","{CARDNAME:1020}","{CARDNAME:1020}"
"10006162","Seeing this, {CARDNAME:1020} asks, ""You need something?""","すると{CARDNAME:1020}が君に、
「何か用があったんじゃないか？」と尋ねてきた。","{CARDNAME:1020} 见状问你：「你是不是还有事？」"
"10006171","{CHARACTERNAME:1010}","{CHARACTERNAME:1010}","{CHARACTERNAME:1010}"
"10006172","You invite {CARDNAME:1020} to come to the show and step away.","君は{CARDNAME:1020}をショーに誘い、その場を離れた。","你邀请 {CARDNAME:1020} 一起去看表演，随后离开了这里。"
"10006181","Circus","サーカス","马戏团"
"10006182","You can hear the sounds of a lively crowd coming from the circus tent. The show must be about to begin.","サーカステントの方から、賑やかな音が聞こえる。
もうすぐショーが始まるようだ……","马戏帐篷那边传来热闹的人声。看来表演就要开始了。"
"10006191","Show","ショー","表演"
"10006192","Stepping into the tent is akin to entering another universe.","テントの中は、別世界のようだった。","一踏进帐篷，仿佛便进入了另一个世界。"
"10006201","Show","ショー","表演"
"10006202","Clowns balance atop balls, jugglers juggle objects with ease, performers soar through the air on the trapeze...","ピエロによる玉乗りや、
道具を自在に扱うジャグリング、幻想的な空中ブランコ……","踩球的小丑、将道具玩得出神入化的杂耍、梦幻般的空中飞人……"
"10006211","{CHARACTERNAME:1010}","{CHARACTERNAME:1010}","{CHARACTERNAME:1010}"
"10006212","Your first circus show is infinitely more impressive than all the images you'd conjured in your head.","初めて見るサーカスのショーは、君の想像の何倍も迫力があり、キレイだった。","第一次亲眼见到马戏，远比你想象中更震撼、更绚丽。"
"10006221","{CHARACTERNAME:1010}","{CHARACTERNAME:1010}","{CHARACTERNAME:1010}"
"10006222","Unfortunately, you also find yourself too vexed to fully enjoy it. You cannot stop thinking about the girl making nice with that monster...","しかし、君は思うように楽しめずにいた。魔物と仲良く接する少女の姿が、頭から離れないのだ……","可惜，你怎么也无法尽兴。那个和魔物亲昵相处的少女始终在脑海里挥之不去……"
"10006231","Clown","サーカス団・ピエロ","小丑"
"10006232","The young boy makes a show of stopping his ball directly in front of you, and holds something out to you.","玉乗りを披露していた少年が、君の前でピタリと止まって、何かを差し出してきた。そして……","踩球的少年特意在你面前稳稳停下，随后朝你伸出几样东西。"
"10006241","Clown","サーカス団・ピエロ","小丑"
"10006242","""Which one of these do you like best?"" he asks with a wink.","「この中で君はどれが一番好きかな？」と、少年が君にウィンクする。","「这里面，你最喜欢哪个？」少年冲你眨了眨眼。"
"10006251","","",""
"10006252","Which will you choose?","どれを選ぶ？","你要选哪个？"
"10006261","Clown","サーカス団・ピエロ","小丑"
"10006262","You point at the potion bottle, but the boy simply keeps smiling at you. He makes no effort to hand it over.","君は薬ビンを指さしたが、少年は笑うばかりでくれようとはしない。","你指向药瓶，少年却只是笑眯眯地看着你，丝毫没有递过来的意思。"
"10006271","Clown","サーカス団・ピエロ","小丑"
"10006272","The boy points to his own round nose. You stare intently at his nose...but nothing happens.","少年は、自分の丸い鼻を指さした。君は少年の鼻を凝視するが……
何も起こらない。","少年指了指自己的圆鼻子。你盯着他的鼻子看了半天……什么也没发生。"
"10006281","Clown","サーカス団・ピエロ","小丑"
"10006282","He then points to his hand. You look down at your own hands, and...","次に少年は君の手元を指さした。君が目線を落とすとそこには……","接着，他又指向你的手。你低头一看……"
"10006291","{CHARACTERNAME:1010}","{CHARACTERNAME:1010}","{CHARACTERNAME:1010}"
"10006292","What!? The curative is already in your hand!","なんと！君の手には薬ビンが握られていた！","什么！？药瓶竟已经握在你手里！"
"10006301","","",""
"10006302","You obtain <highlight>{CARDNAME:50250}</highlight>!","君は、<highlight>{CARDNAME:50250}</highlight>を
手に入れた！","获得了 <highlight>{CARDNAME:50250}</highlight>！"
"10006311","Clown","サーカス団・ピエロ","小丑"
"10006312","The boy sticks out his tongue, playfully mocking you.","少年はお道化たように、舌をだした。","少年调皮地吐了吐舌头，像是在笑你。"
"10006321","Clown","サーカス団・ピエロ","小丑"
"10006322","You point at the money, but the boy simply keeps smiling at you. He makes no effort to hand it over.","君はお金を指さしたが、少年は笑うばかりでくれようとはしない。","你指向钱，少年却只是笑眯眯地看着你，丝毫没有递过来的意思。"
"10006331","Clown","サーカス団・ピエロ","小丑"
"10006332","少年は、自分の丸い鼻を指さした。君は少年の鼻を凝視するが……
何も起こらない。","少年は、自分の丸い鼻を指さした。君は少年の鼻を凝視するが……
何も起こらない。","少年は、自分の丸い鼻を指さした。君は少年の鼻を凝視するが……
何も起こらない。"
"10006341","Clown","サーカス団・ピエロ","小丑"
"10006342","次に少年は君の手元を指さした。君が目線を落とすとそこには……","次に少年は君の手元を指さした。君が目線を落とすとそこには……","次に少年は君の手元を指さした。君が目線を落とすとそこには……"
"10006351","{CHARACTERNAME:1010}","{CHARACTERNAME:1010}","{CHARACTERNAME:1010}"
"10006352","What!? The money is already in your hand!","なんと！君の手にはお金が握られていた！","什么！？钱竟已经握在你手里！"
"10006361","","",""
"10006362","You obtain <highlight>900G</highlight>!","君は、<highlight>９００Ｇ</highlight>を
手に入れた！","获得了 <highlight>900 G</highlight>！"
"10006371","Clown","サーカス団・ピエロ","小丑"
"10006372","The boy smiles wryly at you.","少年はいやらしい笑みを浮かべた。","少年露出一抹坏笑。"
"10006381","Clown","サーカス団・ピエロ","小丑"
"10006382","You point at the ring, but the boy simply keeps smiling at you. He makes no effort to hand it over.","君は指輪を選んだが、少年は笑うばかりでくれようとはしない。","你指向戒指，少年却只是笑眯眯地看着你，丝毫没有递过来的意思。"
"10006391","Clown","サーカス団・ピエロ","小丑"
"10006392","少年は、自分の丸い鼻を指さした。君は少年の鼻を凝視するが……
何も起こらない。","少年は、自分の丸い鼻を指さした。君は少年の鼻を凝視するが……
何も起こらない。","少年は、自分の丸い鼻を指さした。君は少年の鼻を凝視するが……
何も起こらない。"
"10006401","Clown","サーカス団・ピエロ","小丑"
"10006402","次に少年は君の手元を指さした。君が目線を落とすとそこには……","次に少年は君の手元を指さした。君が目線を落とすとそこには……","次に少年は君の手元を指さした。君が目線を落とすとそこには……"
"10006411","{CHARACTERNAME:1010}","{CHARACTERNAME:1010}","{CHARACTERNAME:1010}"
"10006412","What!? A beautiful ring has already found its way onto your finger!","なんと！君の指に綺麗な指輪がはめられていた！","什么！？一枚漂亮的戒指竟已经戴在你手指上！"
"10006421","","",""
"10006422","You obtain <highlight>{CARDNAME:63180}</highlight>!","君は、<highlight>{CARDNAME:63180}</highlight>を
手に入れた！","获得了 <highlight>{CARDNAME:63180}</highlight>！"
"10006431","Clown","サーカス団・ピエロ","小丑"
"10006432","The boy sticks out his tongue, playfully mocking you.","少年はお道化たように、舌をだした。","少年调皮地吐了吐舌头，像是在笑你。"
"10006441","{CHARACTERNAME:1010}","{CHARACTERNAME:1010}","{CHARACTERNAME:1010}"
"10006442","You cannot help but gaze at the prize that so wondrously found its way into your possession.","君は不思議そうに、いつの間にか手にしていたそれを見つめる。","你满腹疑惑地端详着这件不知何时落到手里的奖品。"
"10006451","Beast Tamer","サーカス団・猛獣使い","驯兽师"
"10006452","The beast tamer is the next performer to take the stage. It seems she's going to put on some sort of monster show, as you'd expect.","次いで、ステージ上に猛獣使いの少女が現れた。どうやら魔物を使った見世物を行うようだ。","接着登台的是那名驯兽少女。顾名思义，她似乎要表演一场魔物秀。"
"10006461","Beast Tamer","サーカス団・猛獣使い","驯兽师"
"10006462","Though this time she's joined not just by the rat, but other foul creatures.","少女は相棒のネズミだけでなく、色々な魔物を従えている。","这次跟在她身边的不只有那只老鼠，还有各式各样的魔物。"
"10006471","Beast Tamer","サーカス団・猛獣使い","驯兽师"
"10006472","""Watch! Teamwork! Do best!""","「アタイ　頑張ル！
スゴク！　チームワーク　見テテ！」","「俺，会加油！厉害！团队配合，看好了！」"
"10006481","{CHARACTERNAME:1010}","{CHARACTERNAME:1010}","{CHARACTERNAME:1010}"
"10006482","And just like that, the goodwill engendered by the young boy's gift evaporates, and your heart hardens anew.","少年の手品で引き込まれ始めた君の心が、再び冷えていく。","方才被少年魔术勾起的兴致，转眼又冷了下去。"
"10006491","{CHARACTERNAME:1010}","{CHARACTERNAME:1010}","{CHARACTERNAME:1010}"
"10006492","(Monsters killed my family...)","（魔物は、わたしの大切な家族を……）","（魔物杀了我的家人……）"
"10006501","Beast Tamer","サーカス団・猛獣使い","驯兽师"
"10006502","The beast tamer, however, has no idea that you harbor such simmering resentment, and begins her show.","君の静かな怒りを知る由もなく、猛獣使いの少女はショーを始めた。すると……","驯兽少女浑然不知你心底压着怒火，照常开始了表演。然而……"
"10006511","Monster","魔物","魔物"
"10006512","Or she tries to, but one of the beasts begins raging out of control!","少女に従っていた大きな魔物が、突然暴れだした！","她才刚开始，一头大魔物突然失控，发起狂来！"
"10006521","Ringmaster","サーカス団・団長","团长"
"10006522","""H-help!"" the ringmaster shouts in a panic. You instinctively grip your weapon and leap out of your seat to confront the monster.","「た、大変だ！」と焦る団長よりも早く、君は武器を手に取り魔物に向かう。","「不、不好了！」团长慌忙大喊。你却早已本能地握住武器，跃出座位迎向魔物。"
"10006531","{CHARACTERNAME:1010}","{CHARACTERNAME:1010}","{CHARACTERNAME:1010}"
"10006532","The monster is nearly dead. You prepare to strike the killing blow, only for the beast tamer to leap between you and your prey.","君が魔物にトドメを刺そうとすると、猛獣使いの少女が割り込んできた。","魔物已奄奄一息。你正要给它最后一击，驯兽少女却突然挡在了你面前。"
"10006541","Beast Tamer","サーカス団・猛獣使い","驯兽师"
"10006542","You unleash your fury upon the girl as she protects the monster.","魔物をかばう少女に、君は怒りをぶつける。","见少女护着魔物，你压不住怒火，冲她发作起来。"
"10006551","{CHARACTERNAME:1010}","{CHARACTERNAME:1010}","{CHARACTERNAME:1010}"
"10006552","""Why would you try to save this filthy beast's life!?""","「どうして魔物なんかかばうの！？」","「为什么要护着这种魔物！？」"
"10006561","Beast Tamer","サーカス団・猛獣使い","驯兽师"
"10006562","She leaps to her feet, now inches from your face.","サーカス団の少女が君の前に飛び出る。","少女猛地冲到你面前。"
"10006571","{CARDNAME:1030}","{CARDNAME:1030}","{CARDNAME:1030}"
"10006572","{CARDNAME:1030}'s eyes widen as she easily parries your attack.","君の攻撃を難なく弾き返す少女の姿に、{CARDNAME:1030}は目を丸くする。","少女轻而易举挡下你的攻击，{CARDNAME:1030} 看得瞪大了眼。"
"10006581","Beast Tamer","サーカス団・猛獣使い","驯兽师"
"10006582","""Listen. Story,"" she says, hugging you so tightly you can hardly move.","少女は「聞イテ　ハナシ」と言うと、君に抱きついていともたやすく行動の自由を奪ってしまった。","少女一把将你抱得动弹不得，说道：「听。故事。」"
"10006591","Beast Tamer","サーカス団・猛獣使い","驯兽师"
"10006592","The beast tamer tells you it was her fault the beast went berserk.","猛獣使いの少女によると、魔物が暴れた原因は自分にあるのだという。","驯兽少女告诉你，魔物会发狂，其实是她自己的错。"
"10006601","Beast Tamer","サーカス団・猛獣使い","驯兽师"
"10006602","She accidentally trod on its tail as she issued her command.","指示を出す際に、勢い余って尻尾を踏んでしまったというのだ。","她下指令时一不小心踩到了魔物的尾巴。"
"10006611","Beast Tamer","サーカス団・猛獣使い","驯兽师"
"10006612","It wasn't the monster's fault, she says. Tears well up in her eyes. It was her own inexperience! She begins to sob.","だから、暴れた魔物に非はないと言うと、少女は未熟な自分のせいだとわんわん泣き出した。","她说魔物并没有错，都是自己还不够熟练。说着说着，少女眼眶一红，又哇哇大哭起来。"
"10006621","Ringmaster","サーカス団・団長","团长"
"10006622","The ringmaster peels her off you and gives you his heartfelt thanks for once again saving the circus.","団長が少女を君から引きはがし、また助けられたと深い感謝の言葉を述べる。
そして……","团长把少女从你身上拉开，再次郑重感谢你救了马戏团。随后……"
"10006631","Ringmaster","サーカス団・団長","团长"
"10006632","""Allow me to introduce you. This is <highlight>{CARDNAME:1040}</highlight>,"" he says.","猛獣使いの少女を、
「こいつは<highlight>{CARDNAME:1040}</highlight>と言ってな……」と紹介した。","「来，给你介绍一下。这家伙叫 <highlight>{CARDNAME:1040}</highlight>。」团长说道。"
"10006641","Ringmaster","サーカス団・団長","团长"
"10006642","He follows up the introduction with yet another unexpected request.","続けて団長は、意外な申し出をしてきた。","介绍完后，团长又提出了一个出人意料的请求。"
"10006651","Ringmaster","サーカス団・団長","团长"
"10006652","He wants {CARDNAME:1040} to accompany you so she can further develop her skills.","{CARDNAME:1040}と呼んだ少女を君達に同行させ、修行をつけてくれと言うのだ。","他希望让 {CARDNAME:1040} 跟你们同行，好继续磨炼本领。"
"10006661","Ringmaster","サーカス団・団長","团长"
"10006662","Apparently the idea came to him as soon as he saw your masterful command of the beast in battle.","戦闘で魔物を使いこなす君の姿を見て、ピーンときたらしい。","看来他刚才见你在战斗中熟练驱使魔物，顿时有了这个主意。"
"10006671","{CARDNAME:1040}","{CARDNAME:1040}","{CARDNAME:1040}"
"10006672","{CARDNAME:1040}, trembling, turns her gaze to you.","{CARDNAME:1040}と紹介された少女は、おずおずとこちらを見ている。","{CARDNAME:1040} 有些忐忑地望向你。"
"10006681","","",""
"10006682","Will you take {CARDNAME:1040} with you?","{CARDNAME:1040}を同行させるか？","要带 {CARDNAME:1040} 一起走吗？"
"10006691","Hrm...","うーん……","唔……"
"10006692","You hesitate. ""That's a fantastic idea!"" bellows {CARDNAME:1030}, agreeing in your stead.","君が渋っていると、
「いいじゃないですか！」と、{CARDNAME:1030}が勝手に承諾してしまった！","你还在犹豫，{CARDNAME:1030} 已大声替你答应：「这不是挺好的吗！」"
"10006701","I Don't Know...","どうしよう……","怎么办呢……"
"10006702","You take a moment to think it over. ""That's a fantastic idea!"" bellows {CARDNAME:1030}, agreeing in your stead.","君が悩んでいると、
「いいじゃないですか！」と、{CARDNAME:1030}が勝手に承諾してしまった！","你还在考虑，{CARDNAME:1030} 已大声替你答应：「这不是挺好的吗！」"
"10006711","{CARDNAME:1040}","{CARDNAME:1040}","{CARDNAME:1040}"
"10006712","同行の許可をもらった{CARDNAME:1040}は、ぱあっと顔を輝かせた。","同行の許可をもらった{CARDNAME:1040}は、ぱあっと顔を輝かせた。","同行の許可をもらった{CARDNAME:1040}は、ぱあっと顔を輝かせた。"
"10006721","{CARDNAME:1020}","{CARDNAME:1020}","{CARDNAME:1020}"
"10006722","{CARDNAME:1020} turns to {CARDNAME:1040}. ""We're all talking around you. Is this what YOU want?""","{CARDNAME:1020}は、{CARDNAME:1040}に向かって「勝手に話が進んでるようだが、アンタはそれでいいのか？」と問う。","{CARDNAME:1020} 转向 {CARDNAME:1040}：「大家擅自把话说到这份上了，不过你自己愿意吗？」"
"10006731","{CARDNAME:1040}","{CARDNAME:1040}","{CARDNAME:1040}"
"10006732","{CARDNAME:1040} thinks for a moment. ""Yes. Train!"" she chirps, nodding emphatically.","{CARDNAME:1040}はしばらく考えたあと「修行　スル」と、力強くうなずいた。","{CARDNAME:1040} 想了一会儿，用力点头：「修行，要去！」"
"10006741","{CARDNAME:1020}","{CARDNAME:1020}","{CARDNAME:1020}"
"10006742","それを察知した{CARDNAME:1020}は「勝手にしろ」と、早々に話を遮る。","それを察知した{CARDNAME:1020}は「勝手にしろ」と、早々に話を遮る。","それを察知した{CARDNAME:1020}は「勝手にしろ」と、早々に話を遮る。"
"10006751","{CHARACTERNAME:1010}","{CHARACTERNAME:1010}","{CHARACTERNAME:1010}"
"10006752","Sensing no way to push back against the overwhelming force of {CARDNAME:1030} and the ringmaster, you agree to take {CARDNAME:1040} along.","強引な{CARDNAME:1030}や団長達に圧され、君はトラリスの同行を許可した。","架不住 {CARDNAME:1030} 和团长他们的强势，你最终同意让 {CARDNAME:1040} 同行。"
"10006761","","",""
"10006762","{CARDNAME:1040} has joined your party.","{CARDNAME:1040}が
仲間に加わりました。","{CARDNAME:1040} 加入了队伍。"
"10006771","{CARDNAME:1040}","{CARDNAME:1040}","{CARDNAME:1040}"
"10006772","She breathes frantically through her nose. ""Do best! Do best!"" she says eagerly.","{CARDNAME:1040}は鼻息荒く、
「アタイ　頑張ル！」とやる気を見せている。","{CARDNAME:1040} 鼻息粗重，干劲十足地说：「俺，会加油！」"
"10006781","{CARDNAME:1030}","{CARDNAME:1030}","{CARDNAME:1030}"
"10006782","""This is shaping up to be a fun journey!"" {CARDNAME:1030} says, visibly excited.","{CARDNAME:1030}は「これから楽しい旅になりそうですね！」と喜んでいる。","{CARDNAME:1030} 兴奋地说道：「接下来的旅程一定很有意思！」"
"10006791","{CARDNAME:1030}","{CARDNAME:1030}","{CARDNAME:1030}"
"10006792","{CARDNAME:1030} has apparently invited himself to join your crew.","いつの間にか、{CARDNAME:1030}も仲間に加わったらしい。","不知不觉间，{CARDNAME:1030} 似乎也擅自成了你们的同伴。"
"10006801","{CARDNAME:1020}","{CARDNAME:1020}","{CARDNAME:1020}"
"10006802","{CARDNAME:1020} starts to say something, but {CARDNAME:1030} is already so deep into a speech that he loses the will.","{CARDNAME:1020}は、{CARDNAME:1030}に何か言おうとしたが、{CARDNAME:1030}の話が長すぎて反論する気を失っていった。","{CARDNAME:1020} 本想对 {CARDNAME:1030} 说些什么，可对方越说越长，他最后连反驳的劲都没了。"
"10006811","","",""
"10006812","{CARDNAME:1030}が
仲間に加わりました。","{CARDNAME:1030}が
仲間に加わりました。","{CARDNAME:1030}が
仲間に加わりました。"
"10006821","Ringmaster","サーカス団・団長","团长"
"10006822","""We must celebrate the start of {CARDNAME:1040}'s training!"" the ringmaster shouts. Not a moment later, everything and everyone is in motion.","「{CARDNAME:1040}の修行の旅立ちを祝うぞ！」という団長の掛け声で、サーカスが一気にお祭り騒ぎになる。","「来庆祝 {CARDNAME:1040} 踏上修行之旅！」团长一声号令，整个马戏团顿时闹成了庆典。"
"10006831","{CHARACTERNAME:1010}","{CHARACTERNAME:1010}","{CHARACTERNAME:1010}"
"10006832","The various performers jostle you about as they rush up to wish you the best and tell you to take good care of {CARDNAME:1040}.","君達はもみくちゃにされながら、団員達から{CARDNAME:1040}のことを頼まれた。","团员们一拥而上，把你们挤得东倒西歪，一边送上祝福，一边拜托你们照顾好 {CARDNAME:1040}。"
"10006841","{CHARACTERNAME:1010}","{CHARACTERNAME:1010}","{CHARACTERNAME:1010}"
"10006842","""......""","「……」","「……」"
"10006851","","",""
"10006852","As the dust settles, the performers settle to sleep wherever there happens to be space.","散々騒いだ後、サーカスの団員達は、ところ構わず寝始めた……","闹腾了好一阵后，马戏团众人就地倒下，哪里有空便睡在哪里……"
"10006861","{CHARACTERNAME:1010}","{CHARACTERNAME:1010}","{CHARACTERNAME:1010}"
"10006862","You stealthily pack your belongings. You have to get out of here. This monster-loving circus just rubs you the wrong way...","君はそっと旅立ちの支度をした。魔物と仲良くするこのサーカスはどこか居心地が悪い……","你悄悄收拾好行李。必须离开这里。这个与魔物亲近的马戏团，让你怎么都待不自在……"
"10006871","","",""
"10006872","{CARDNAME:1020}, {CARDNAME:1030}, and {CARDNAME:1040} have left the party.","{CARDNAME:1020}、{CARDNAME:1030}、
{CARDNAME:1040}が
仲間から外れました。","{CARDNAME:1020}、{CARDNAME:1030} 和 {CARDNAME:1040} 离开了队伍。"
"10006881","Shop","店","商店"
"10006882","The shopkeep is sleeping. Try not to wake them.","どうやら店の人も寝ているようだ。起こさないようにしておこう。","店员似乎也睡着了。还是别把人吵醒。"
"10006891","","",""
"10006892","{CARDNAME:1020} should be sleeping somewhere around here.","{CARDNAME:1020}はサーカスのどこかで寝ているはずだ。","{CARDNAME:1020} 应该正睡在马戏团的某个地方。"
"10006901","","",""
"10006902","Will you wake {CARDNAME:1020}?","{CARDNAME:1020}を起こすか？","要叫醒 {CARDNAME:1020} 吗？"
"10006911","Wake Him","起こす","叫醒他"
"10006912","You reach out to wake {CARDNAME:1020}. To tell him you both should get out of—","君は一緒にここを出ようと{CARDNAME:1020}を起こそうとするが……","你伸手想叫醒 {CARDNAME:1020}，告诉他你们该一起离开这里，可……"
"10006921","Let Him Sleep","起こさない","让他继续睡"
"10006922","You stop for a moment, realizing {CARDNAME:1020} has no obligation to accompany you. Maybe you should just let him—","君は{CARDNAME:1020}が自分に付き合う義理はないのでは、と思い直したが……","你忽然想到，{CARDNAME:1020} 本来也没有义务陪你。或许还是让他继续睡……"
"10006931","{CARDNAME:1020}","{CARDNAME:1020}","{CARDNAME:1020}"
"10006932","""I'm awake,"" he whispers. You look more closely and see he, too, has packed his things.","「……起きてるよ」と、{CARDNAME:1020}は静かに言った。よく見ると、彼もすでに旅支度を終えている。","「……我醒着。」{CARDNAME:1020} 轻声说道。你仔细一看，才发现他也已经收拾好了行李。"
"10006941","{CARDNAME:1020}","{CARDNAME:1020}","{CARDNAME:1020}"
"10006942","He must've known how you felt all along.","{CARDNAME:1020}は、君の気持ちに気付いていたようだ。","看来 {CARDNAME:1020} 早就察觉了你的心思。"
"10006951","{CHARACTERNAME:1010}","{CHARACTERNAME:1010}","{CHARACTERNAME:1010}"
"10006952","The two of you agree to sneak out of the circus.","君と{CARDNAME:1020}は、足音を忍ばせてサーカスを出ることにした。","你和 {CARDNAME:1020} 决定悄悄溜出马戏团。"
"10006961","","",""
"10006962","{CARDNAME:1020} has joined your party.","{CARDNAME:1020}が
仲間に加わりました。","{CARDNAME:1020} 加入了队伍。"
"10006971","Ringmaster","サーカス団・団長","团长"
"10006972","The snoring emanating from the ringmaster could saw down an entire forest.","「ぐーがーぐーがー」と、盛大ないびきをかいて寝ている。","团长鼾声震天，简直能锯倒一片森林。"
"10006981","Mild-mannered Woman","サーカス団・柔和な女性","温和女子"
"10006982","The woman giggles in her sleep. The monster by her side quietly drools onto the ground. Whatever dreams they're having must be good.","女性は寝ながら、ふふふっと笑い、そばにいる魔物は涎を垂らしている。どんな夢を見ているのだろうか。","女人睡梦中还在轻笑，身旁的魔物则安静地流着口水。看来他们都做了个好梦。"
"10006991","Burly Boy","サーカス団・逞しい青年","壮实青年"
"10006992","The boy sleeps peacefully, buried up to his neck.","青年は、砂の中に首から下を埋めたまま寝ている。","青年把脖子以下埋在沙里，就这么安稳地睡着了。"
"10007001","Clown","サーカス団・ピエロ","小丑"
"10007002","A cold-looking sweat dots the clown's brow, and you hear a faint groaning as you pass by.","冷や汗をかき、うーうー唸なりながら寝ている。","小丑额头直冒冷汗，你经过时还能听见他低低呻吟。"
"10007011","Acrobat","サーカス団・曲芸師","杂技演员"
"10007012","The acrobat is sleeping, adroitly perched in a headstand atop a monster. So that's what consistent training can do for you...","魔物の上で逆立ちをしながら器用に寝ている。これも修練の賜物なのだろうか。","杂技演员倒立在魔物身上，居然还能稳稳睡着。看来这就是日积月累的修行成果……"
"10007021","{CARDNAME:1040}","{CARDNAME:1040}","{CARDNAME:1040}"
"10007022","{CARDNAME:1040} is sleeping soundly, her ""partner"" cradled preciously in her arms.","{CARDNAME:1040}は、「相棒」を大切そうに抱きしめながら、幸せそうに寝ている。","{CARDNAME:1040} 珍爱地抱着她的「伙伴」，睡得十分香甜。"
"10007031","Ringmaster","サーカス団・団長","团长"
"10007032","""Do look after {CARDNAME:1040}, now,"" the ringmaster says. His warm, if uncomfortably moist, hand shakes yours in a show of goodwill.","「{CARDNAME:1040}をよろしく頼んだよ」と、団長は君の手を握った。湿っているが、温かい想いが伝わってくる。","「{CARDNAME:1040} 就拜托你们了。」团长握住你的手。掌心虽湿，却能感到他的真心。"
"10007041","Circus Tent","サーカステント","马戏帐篷"
"10007042","A single tarp is all that separates you from a wondrous dreamland. You can only imagine how much joy this place has brought people.","布を一枚隔てた内側には、夢の世界が広がっている。
きっと、多くの人を笑顔にしてきたに違いない。","一层帐布之隔，里面便是梦幻世界。这里一定曾为无数人带来笑容。"
"10007051","{CARDNAME:1030}","{CARDNAME:1030}","{CARDNAME:1030}"
"10007052","You approach the exit to find {CARDNAME:1030} standing there as though he were waiting for you. This is sure to be awkward...","サーカスの出口に一人、
{CARDNAME:1030}が君を待つように
立っていた。","你来到出口，却发现 {CARDNAME:1030} 独自站在那里，仿佛一直在等你。气氛顿时有些尴尬……"
"10007061","{CARDNAME:1030}","{CARDNAME:1030}","{CARDNAME:1030}"
"10007062","He approaches you. ""Can I tell you something?"" he asks, in a far more measured tone than you've ever heard from him.","ばつが悪そうにする君に、
「少し、話をいいですか」と、いつもとは違う落ち着いた調子で語り始める。","他走近你，用从未有过的沉静语气说道：「能听我说几句吗？」"
"10007071","{CARDNAME:1030}","{CARDNAME:1030}","{CARDNAME:1030}"
"10007072","He begins to recount the story of his parents. They, too, studied monsters.","{CARDNAME:1030}が幼かったころのことだ。彼の両親は、魔物の研究者だったという。","{CARDNAME:1030} 讲起了父母的往事。他们也都是研究魔物的学者。"
"10007081","{CARDNAME:1030}","{CARDNAME:1030}","{CARDNAME:1030}"
"10007082","One day, when {CARDNAME:1030} was very young, monsters attacked his village, killing his parents.","{CARDNAME:1030}の家族が住んでいた村は魔物に襲われ、両親は殺された。","{CARDNAME:1030} 年幼时，村子遭魔物袭击，父母也因此丧命。"
"10007091","{CHARACTERNAME:1010}","{CHARACTERNAME:1010}","{CHARACTERNAME:1010}"
"10007092","""......""","「……」","「……」"
"10007101","{CARDNAME:1030}","{CARDNAME:1030}","{CARDNAME:1030}"
"10007102","His mother raced to get him to safety. She told him to run, and began shouting: ""The monsters, they're—!"" That was when the flames took her.","{CARDNAME:1030}の母は、必死で彼を逃がし、その際に
「魔物は……」と言い残して炎の中に消えたそうだ。","母亲拼命把年幼的 {CARDNAME:1030} 送走，让他快逃。临终前只留下「魔物其实……」几个字，便消失在火海中。"
"10007111","{CARDNAME:1030}","{CARDNAME:1030}","{CARDNAME:1030}"
"10007112","{CARDNAME:1030} tells you that he began studying monsters in the hopes of one day understanding what she was trying to say.","魔物の研究者だった母の最期の言葉。その意味を解き明かすために、彼は学者になったのだという。","母亲最后那句话究竟是什么意思？为了找出答案，{CARDNAME:1030} 才走上了研究魔物的道路。"
"10007121","{CARDNAME:1030}","{CARDNAME:1030}","{CARDNAME:1030}"
"10007122","He lowers his head and confesses that he needs your help in order to do so.","{CARDNAME:1030}は魔物に隠された謎を調べるために、どうしても君の協力が必要だと頭を下げた。","{CARDNAME:1030} 低下头坦言，为了解开魔物身上的谜团，自己无论如何都需要你的帮助。"
"10007131","{CARDNAME:1030}","{CARDNAME:1030}","{CARDNAME:1030}"
"10007132","""You subterrans have the power I need to solve this mystery. I know it."" You search his face; he's being sincere.","「地下の民の力は、きっと謎の解明に必要なんです」と、真摯な瞳を向ける{CARDNAME:1030}に、君は……","「地下之民的力量，一定是解开谜团的关键。」{CARDNAME:1030} 真诚地望着你。"
"10007141","","",""
"10007142","Will you help {CARDNAME:1030}?","{CARDNAME:1030}に協力するか？","要帮助 {CARDNAME:1030} 吗？"
"10007151","Okay!","わかった……！","好……！"
"10007152","You nod. {CARDNAME:1030} is no longer just someone you met, or just some scholar. He's you. An orphan.","君は頷いた。親を魔物に殺された{CARDNAME:1030}を、他人のように思えなかったからだ。","你点了点头。父母同样死于魔物之手的 {CARDNAME:1030}，让你无法把他当作毫不相干的外人。"
"10007161","I Guess...","しょうがないな……","真拿你没办法……"
"10007162","You're not the least bit interested in any mystery the monsters might be hiding, but can't bring yourself to deny a fellow orphan's plea for aid.","憎むべき魔物の謎なんて、知りたくもない。しかし、自分と似た境遇の{CARDNAME:1030}の願いを拒絶できなかった。","你对魔物隐藏着什么秘密毫无兴趣，甚至根本不想知道。可面对和自己境遇相似的 {CARDNAME:1030}，你还是无法拒绝。"
"10007171","{CHARACTERNAME:1010}","{CHARACTERNAME:1010}","{CHARACTERNAME:1010}"
"10007172","You tell {CARDNAME:1030} you'll help him once he answers one question: Does he hate monsters?","協力を決めた君は、{CARDNAME:1030}に一つだけ質問をした。
魔物は憎いかと……","决定帮忙后，你只问了 {CARDNAME:1030} 一个问题：他恨魔物吗？"
"10007181","{CARDNAME:1030}","{CARDNAME:1030}","{CARDNAME:1030}"
"10007182","""Hatred reduces the mind's capacity for serious inquiry,"" he notes, his smile exposing gritted teeth.","{CARDNAME:1030}は「憎しみは考察を鈍らせます」と、苦笑いを浮かべる。","{CARDNAME:1030} 苦笑着答道：「憎恨会妨碍思考。」"
"10007191","{CHARACTERNAME:1010}","{CHARACTERNAME:1010}","{CHARACTERNAME:1010}"
"10007192","その瞳に一瞬だけ冷たい炎が宿ったことを、君は見逃さなかった。","その瞳に一瞬だけ冷たい炎が宿ったことを、君は見逃さなかった。","その瞳に一瞬だけ冷たい炎が宿ったことを、君は見逃さなかった。"
"10007201","{CARDNAME:1030}","{CARDNAME:1030}","{CARDNAME:1030}"
"10007202","So he's suppressing his hatred of them beneath a veneer of reason and logic. That'll do.","君は理解した。{CARDNAME:1030}は魔物への憎しみを理性で抑えているのだと。","你明白了。{CARDNAME:1030} 只是用理性压住了对魔物的憎恨。这样就够了。"
"10007211","{CARDNAME:1040}","{CARDNAME:1040}","{CARDNAME:1040}"
"10007212","""Already leave?"" comes another voice. Your chatter must have woken {CARDNAME:1040}.","そこに、「モウ　出発？」と、{CARDNAME:1040}が起きてきてしまった。","「已经，要走？」另一个声音响起。看来你们的谈话把 {CARDNAME:1040} 吵醒了。"
"10007221","{CARDNAME:1030}","{CARDNAME:1030}","{CARDNAME:1030}"
"10007222","""Her strength will serve us well. We should bring her with us,"" {CARDNAME:1030} adds, sensing your reluctance.","戸惑う君に、{CARDNAME:1030}は
「{CARDNAME:1040}の力も必ず役に立ちます。連れて行きましょう」と言う。","见你迟疑，{CARDNAME:1030} 又说道：「{CARDNAME:1040} 的力量一定派得上用场。带她一起走吧。」"
"10007231","{CARDNAME:1040}","{CARDNAME:1040}","{CARDNAME:1040}"
"10007232","""Serve well!"" {CARDNAME:1040} parrots, sweeping you off your feet.","「アタイ　役立ツ！」と
{CARDNAME:1040}は言うなり、君を持ち上げ回った。","「俺，有用！」{CARDNAME:1040} 话音刚落，便把你整个人抱起来转了几圈。"
"10007241","","",""
"10007242","{CARDNAME:1030} and {CARDNAME:1040} have joined the party.","{CARDNAME:1030}、{CARDNAME:1040}が
仲間に加わりました。","{CARDNAME:1030} 和 {CARDNAME:1040} 加入了队伍。"
"10007251","{CHARACTERNAME:1010}","{CHARACTERNAME:1010}","{CHARACTERNAME:1010}"
"10007252","君は、傍で見ている{CARDNAME:1020}に問いかける。「これでいいのかな？」と。","君は、傍で見ている{CARDNAME:1020}に問いかける。「これでいいのかな？」と。","君は、傍で見ている{CARDNAME:1020}に問いかける。「これでいいのかな？」と。"
"10007261","{CARDNAME:1020}","{CARDNAME:1020}","{CARDNAME:1020}"
"10007262","{CARDNAME:1020}は「アンタの好きにしろ」と君の判断を否定はしなかった。","{CARDNAME:1020}は「アンタの好きにしろ」と君の判断を否定はしなかった。","{CARDNAME:1020}は「アンタの好きにしろ」と君の判断を否定はしなかった。"
"10007271","","",""
"10007272","Thus were your defenses eroded, and your ranks bolstered. You depart the circus with your new companions...","こうして君は、成り行きで増えた仲間達と、サーカスを旅立つことになった……","就这样，你的防线一点点被攻破，队伍也稀里糊涂壮大了。你带着新伙伴离开马戏团……"
"10007281","","",""
"10007282","A few days later...","数日後……","几天后……"
"10007291","","",""
"10007292","...","……","……"
"10007301","","",""
"10007302","......","…………","……"
"10007311","","",""
"10007312",".........","……………………","………………"
"10007321","{CHARACTERNAME:1010} and Company","{CHARACTERNAME:1010}達一行","{CHARACTERNAME:1010} 一行"
"10007322","Somehow, your group finds themselves wandering in the desert yet again.","君達は、なんと、またしても砂漠を彷徨っていた。","不知怎么，你们竟又一次迷失在沙漠里。"
"10007331","{CHARACTERNAME:1010} and Company","{CHARACTERNAME:1010}達一行","{CHARACTERNAME:1010} 一行"
"10007332","You had no problem with letting {CARDNAME:1030} lead the way—but the sandskiff soon sailed headlong into quicksand and met with disaster.","{CARDNAME:1030}の指示で進路を決めたはいいが、すぐに砂船ごと巨大な流砂に巻き込まれ遭難してしまったのだ。","让 {CARDNAME:1030} 指路本来没什么问题，可砂船没开多久就一头扎进巨大流沙，彻底遭了难。"
"10007341","{CARDNAME:1030}","{CARDNAME:1030}","{CARDNAME:1030}"
"10007342","""No use crying over spilt milk. Don't want to waste even a drop of moisture out here, after all,"" {CARDNAME:1030} quips, holding a water canteen over his mouth and tapping it.","{CARDNAME:1030}は「後悔先に立たずって、よくできた言葉ですよねえ。航海だけに」と、空の水筒を舐めている。","{CARDNAME:1030} 拿着空水壶往嘴里倒了倒，还不忘开玩笑：「都说覆水难收——在这种地方，真有水我可舍不得覆。」"
"10007351","{CHARACTERNAME:1010}","{CHARACTERNAME:1010}","{CHARACTERNAME:1010}"
"10007352","君は{CARDNAME:1030}のボケに反応する余力もなく、ただ甲板に横たわっている。","君は{CARDNAME:1030}のボケに反応する余力もなく、ただ甲板に横たわっている。","君は{CARDNAME:1030}のボケに反応する余力もなく、ただ甲板に横たわっている。"
"10007361","","",""
"10007362","A joke, it seems. How do you reply?","{CARDNAME:1030}の発言に君は……","听见 {CARDNAME:1030} 这句玩笑，你要怎么回应？"
"10007371","...","…………","……"
"10007372","You lack the energy to react to {CARDNAME:1030}'s little jest, and remain splayed and unmoving on the deck.","君は{CARDNAME:1030}の冗談に反応する余力もなく、ただ甲板に横たわっている。","你连回应 {CARDNAME:1030} 玩笑的力气都没有，只能瘫在甲板上一动不动。"
"10007381","Say You Don't Get It","聞き返す","问他什么意思"
"10007382","You say in a flat tone, ""I don't get it.""","君は{CARDNAME:1030}の冗談に、
「どういう意味？」と聞き返した。","你有气无力地问 {CARDNAME:1030}：「什么意思？」"
"10007391","{CARDNAME:1030}","{CARDNAME:1030}","{CARDNAME:1030}"
"10007392","For perhaps the first time ever in your acquaintance, {CARDNAME:1030} refuses to elaborate. ""Don't make me explain it.""","{CARDNAME:1030}は珍しく、「説明させないでください」と喋るのを拒否する。","认识以来难得一见，{CARDNAME:1030} 居然拒绝解释：「别逼我解释笑话……」"
"10007401","{CARDNAME:1040}","{CARDNAME:1040}","{CARDNAME:1040}"
"10007402","Despite the rest of the group wasting away under the heat and grappling with brutal thirst, {CARDNAME:1040} seems to have maintained some vigor.","君達が暑さと渇きに喘ぐなか、{CARDNAME:1040}だけが元気だった。","大家都被酷热和干渴折磨得奄奄一息，只有 {CARDNAME:1040} 似乎还留着几分精神。"
"10007411","{CARDNAME:1040}","{CARDNAME:1040}","{CARDNAME:1040}"
"10007412","""I look for water! Can smell. Wait!""","「アタイ　水　探ス！　
水　匂イ　ワカル　待ッテテ！」","「俺，去找水！俺闻得到。等着！」"
"10007421","{CARDNAME:1040}","{CARDNAME:1040}","{CARDNAME:1040}"
"10007422","{CARDNAME:1040}'s nose twitches as she sniffs at the air a bit. She picks up the scent of water to the north, and heads off in that direction.","{CARDNAME:1040}はくんくんと鼻を鳴らすと、北の方から水の匂いがすると足を向けた。","{CARDNAME:1040} 鼻子抽动几下，嗅了嗅空气。她闻到北边有水的气味，便朝那里走去。"
"10007431","","",""
"10007432","{CARDNAME:1040} is now the only member of your party.","パーティが{CARDNAME:1040}だけになりました。","队伍里只剩 {CARDNAME:1040} 一人。"
"10007441","{CARDNAME:1040}","{CARDNAME:1040}","{CARDNAME:1040}"
"10007442","It's dangerous to venture too far. {CARDNAME:1040} decides to continue the search for hydration a little closer to her friends.","あまり遠ざかると危険だ。{CARDNAME:1040}はもっと仲間の近くで水を探す事にした。","走得太远会有危险。{CARDNAME:1040} 决定在离伙伴更近的地方继续找水。"
"10007451","{CARDNAME:1040}","{CARDNAME:1040}","{CARDNAME:1040}"
"10007452","The others are splayed out on the deck of the sandskiff, barely moving. Things may take a dark turn if {CARDNAME:1040} doesn't hurry...","三人が砂船の上で伸びきっている。早く水を探さなければ……","另外三人全瘫在砂船甲板上，几乎一动不动。{CARDNAME:1040} 再不快点，恐怕真要出事……"
"10007461","{CARDNAME:1040}","{CARDNAME:1040}","{CARDNAME:1040}"
"10007462","Is there anywhere nearby that might have water?","どこかに水がありそうな、怪しい場所はないだろうか……","附近有没有什么地方看起来可能有水呢……"
"10007471","{CARDNAME:1040}","{CARDNAME:1040}","{CARDNAME:1040}"
"10007472","A musty smell wafts from the rocky area beyond. Maybe there could be some water there...","岩場の陰から湿った匂いがする。もしかしたら水があるかもしれない……","岩石后飘来一股潮湿的气味。那里或许有水……"
"10007481","{CARDNAME:1040}","{CARDNAME:1040}","{CARDNAME:1040}"
"10007482","No sooner does the thought cross {CARDNAME:1040}'s mind than a monster attacks from the shadows!","そう思った矢先、暗がりからいきなり魔物が襲い掛かってきた！","{CARDNAME:1040} 刚想到这里，一头魔物便突然从暗处扑了出来！"
"10007491","{CARDNAME:1040}","{CARDNAME:1040}","{CARDNAME:1040}"
"10007492","The rush of victory over the monster is short-lived, as there doesn't seem to be any water nearby.","魔物は無事倒せたが、近くに水の気配はない。","魔物虽然顺利解决了，可附近并没有水的迹象。"
"10007501","{CARDNAME:1040}","{CARDNAME:1040}","{CARDNAME:1040}"
"10007502","Muttering, ""Water..."" {CARDNAME:1040} stares at the defeated creature.","「水……」と呟いた{CARDNAME:1040}は、倒した魔物をじっと見る……","{CARDNAME:1040} 喃喃念着「水……」，盯住了倒下的魔物。"
"10007511","{CARDNAME:1040}","{CARDNAME:1040}","{CARDNAME:1040}"
"10007512","The beast does seem to have a great deal of...well, liquid.","その魔物は、とても水分が多そうだった……","这头魔物看起来……似乎水分相当充足。"
"10007521","{CARDNAME:10110}","{CARDNAME:10110}","{CARDNAME:10110}"
"10007522","""Eek!""","「ヒイッ！？」","「咿！？」"
"10007531","{CARDNAME:1040}","{CARDNAME:1040}","{CARDNAME:1040}"
"10007532","With a great squelchy squeeze, {CARDNAME:1040} wrings the fluid out of the creature's body!","ぎゅうううううううっと、その体液を絞り出した！","{CARDNAME:1040} 用力一拧，噗叽一声把魔物体内的液体全挤了出来！"
"10007541","","",""
"10007542","{CARDNAME:1040} obtained <highlight>{CARDNAME:53301}</highlight>!","{CARDNAME:1040}は<highlight>{CARDNAME:53301}</highlight>を手に入れた！","{CARDNAME:1040} 获得了 <highlight>{CARDNAME:53301}</highlight>！"
"10007551","{CARDNAME:1040}","{CARDNAME:1040}","{CARDNAME:1040}"
"10007552","""Water! Make friends happy! Hurry and bring!""","「水　ミンナ喜ブ！　
届ケル　早ク！」","「水！大家，高兴！快，送回去！」"
"10007561","{CARDNAME:1040}","{CARDNAME:1040}","{CARDNAME:1040}"
"10007562","{CARDNAME:1040} returns to the sandskiff and helps everyone drink some of the slime juice. Each in turn regains their vitality!","砂船に戻った{CARDNAME:1040}が、三人に{CARDNAME:53301}を飲ませると、皆たちまち元気になった！","{CARDNAME:1040} 回到砂船，把 {CARDNAME:53301} 分给三人喝下。大家立刻恢复了精神！"
"10007571","{CARDNAME:1030}","{CARDNAME:1030}","{CARDNAME:1030}"
"10007572","The juice is faintly sweet and tasty. {CARDNAME:1030} asks, ""Where'd you come by this stuff?""","ほのかな甘みがある美味しい液体に、{CARDNAME:1030}は「どうやって手に入れたのか？」と{CARDNAME:1040}に問いかける。","液体带着淡淡甜味，意外地很好喝。{CARDNAME:1030} 问 {CARDNAME:1040}：「你从哪弄来的？」"
"10007581","{CARDNAME:1040}","{CARDNAME:1040}","{CARDNAME:1040}"
"10007582","However, {CARDNAME:1040}'s reply leaves something to be desired. ""Squeezed it! Everyone drank. Everyone better!""","しかし、{CARDNAME:1040}の答えは「絞ッタ　飲ンダ　ミンナ
元気！」と、いまいち要領を得ない。","可 {CARDNAME:1040} 只答：「挤的！喝了！大家，精神！」还是让人摸不着头脑。"
"10007591","{CARDNAME:1030}","{CARDNAME:1030}","{CARDNAME:1030}"
"10007592","{CARDNAME:1030} inclines his head, deep in thought. ""But fruit is rare and hard to come by...""","{CARDNAME:1030}は「果物なんて希少なものが、簡単に手に入るわけもありませんし……」と頭を捻っている。","{CARDNAME:1030} 歪头思索：「可水果那么稀罕，哪有这么容易弄到……」"
"10007601","{CHARACTERNAME:1010}","{CHARACTERNAME:1010}","{CHARACTERNAME:1010}"
"10007602","The group decides to have {CARDNAME:1040} lead them to where she located the sweet liquid.","君達は、{CARDNAME:1040}がこの美味しい液体を手に入れたという場所まで、案内してもらうことにした。","你们决定让 {CARDNAME:1040} 带路，去看看她找到这种美味液体的地方。"
"10007611","","",""
"10007612","{CHARACTERNAME:1010}, {CARDNAME:1020}, and {CARDNAME:1030} have joined your party.","{CHARACTERNAME:1010}、{CARDNAME:1020}、
{CARDNAME:1030}が
仲間に加わりました。","{CHARACTERNAME:1010}、{CARDNAME:1020} 和 {CARDNAME:1030} 加入了队伍。"
"10007621","{CHARACTERNAME:1010} and Company","{CHARACTERNAME:1010}達一行","{CHARACTERNAME:1010} 一行"
"10007622","The group arrives at the place where {CARDNAME:1040} obtained the liquid, but there seems to be nothing there.","{CARDNAME:1040}が液体を手に入れた場所までやってきたが、そこには何もなかった。","你们来到 {CARDNAME:1040} 找到液体的地方，却什么也没看见。"
"10007631","{CHARACTERNAME:1010}","{CHARACTERNAME:1010}","{CHARACTERNAME:1010}"
"10007632","Did {CARDNAME:1040} bring all of it back in one trip?","{CARDNAME:1040}が全て取りきってしまったのだろうか……？","难道 {CARDNAME:1040} 一趟就全拿光了？"
"10007641","{CARDNAME:1030}","{CARDNAME:1030}","{CARDNAME:1030}"
"10007642","As you mull your thoughts, {CARDNAME:1030} suddenly points. ""Look there!""","君が考え込んでいると、突然{CARDNAME:1030}が「あれを見てください！」と、とある場所を指さした。","你正琢磨着，{CARDNAME:1030} 突然指向一处：「看那里！」"
"10007651","Rocks","岩場","岩地"
"10007652","You take a closer look and see that there are cracks running through the rocks. They just might break open if hit with enough force.","よく見ると、岩場には割れ目が走っている。力を入れて殴れば、割れるかもしれない……","仔细一看，岩石上布满裂缝。只要力气够大，也许能直接打碎。"
"10007661","{CHARACTERNAME:1010}","{CHARACTERNAME:1010}","{CHARACTERNAME:1010}"
"10007662","Who should hit it?","誰に殴ってもらおうか？","让谁来砸？"
"10007671","{CARDNAME:1030}","{CARDNAME:1030}","{CARDNAME:1030}"
"10007672","""Me?!"" {CARDNAME:1030} protests. Your wordless stare seems to cow him, and he reluctantly takes a swing at the rocks.","「ボクですか！？」と{CARDNAME:1030}は抗議しながらも、君の無言の圧力に負け、渋々と岩を殴った。すると……","「我！？」{CARDNAME:1030} 抗议了一声，可在你无言的注视下还是败下阵来，只得硬着头皮朝岩石挥拳。"
"10007681","{CARDNAME:1030}","{CARDNAME:1030}","{CARDNAME:1030}"
"10007682","""OWW!"" he cries out. The rocks, however, appear unperturbed.","「痛い！」と{CARDNAME:1030}が悲鳴を上げた。……岩はびくともしていない。","「好痛！」{CARDNAME:1030} 惨叫一声。岩石却纹丝不动。"
"10007691","{CARDNAME:1030}","{CARDNAME:1030}","{CARDNAME:1030}"
"10007692","""AGAIN?!"" {CARDNAME:1030} protests once more—but once again he withers under your silent gaze and takes another swing at the rocks.","「またですか！？」と{CARDNAME:1030}は抗議しながらも、君の無言の圧力に負け、渋々と岩を殴った。すると……","「还来！？」{CARDNAME:1030} 再次抗议，可又一次败给你的无言施压，只好再朝岩石挥拳。"
"10007701","{CARDNAME:1030}","{CARDNAME:1030}","{CARDNAME:1030}"
"10007702","With a loud <highlight>THWACK</highlight>, {CARDNAME:1030}'s fist makes contact, and he cries out. The rocks have little opinion on this, and even less inclination to move.","<highlight>ボキッ！</highlight>と{CARDNAME:1030}の拳が悲鳴を上げた。
……岩はもちろん、びくともしていない。","只听 <highlight>咔嚓！</highlight> 一声，{CARDNAME:1030} 的拳头先发出了悲鸣。岩石当然还是纹丝不动。"
"10007711","{CARDNAME:1030}","{CARDNAME:1030}","{CARDNAME:1030}"
"10007712","{CARDNAME:1030} takes <highlight>3</highlight> damage!","{CARDNAME:1030}は、
<highlight>３</highlight>のダメージを受けた！","{CARDNAME:1030} 受到 <highlight>3</highlight> 点伤害！"
"10007721","{CARDNAME:1040}","{CARDNAME:1040}","{CARDNAME:1040}"
"10007722","{CARDNAME:1040} winds up and swings at the rocks with all she has.","{CARDNAME:1040}は大きく拳を振り上げると、全力で岩を殴りつけた。すると……","{CARDNAME:1040} 高高抡起拳头，使尽全力砸向岩石。"
"10007731","{CARDNAME:1020}","{CARDNAME:1020}","{CARDNAME:1020}"
"10007732","{CARDNAME:1020} grunts in affirmation, and then starts hitting the rocks. Over and over again he pounds on them, until blood oozes from his fist and flecks of it splatter the stones.","{CARDNAME:1020}は短く返事をすると、岩を殴り始めた。何度も何度も何度も……拳に血が滲むまで。すると……","{CARDNAME:1020} 简短应了一声，便开始一拳又一拳地砸岩石，直到拳头渗血，血点溅上石面。"
"10007741","Rocks","岩場","岩地"
"10007742","With a cracking sound, the rocks break apart! You can continue on!","岩が音を立てて割れ、先に進めるようになった！","伴着一声脆响，岩石碎开了！可以继续前进了！"
"10007751","","",""
"10007752","Beyond the rocks, a barren waste stretches out before you.","岩場の先は、荒れた土地へと続いているようだ。","岩地后方，是一片荒芜之地。"
"10007761","{CHARACTERNAME:1010} and Company","{CHARACTERNAME:1010}達一行","{CHARACTERNAME:1010} 一行"
"10007762","The party decides to press on through the arid expanse in hopes of finding a place to rest and eat.","君達は休める場所と、食料を求めて荒れ地を進むことにした。","为了寻找休息之处和食物，你们决定继续穿过这片荒地。"
"10007771","Lake","湖","湖"
"10007772","The flames flare up, their heat practically suffocating. This place seems exceptionally dangerous. You'd best not approach without good reason.","炎が猛々しく燃え上がっている。この先はとても危険そうだ。用事もないのに近づくのはやめておこう。","烈焰熊熊升腾，热浪几乎令人窒息。前方显然十分危险，没有要紧事还是别靠近。"
"10007781","{CHARACTERNAME:1010} and Company","{CHARACTERNAME:1010}達一行","{CHARACTERNAME:1010} 一行"
"10007782","You've come across a river!","君達は、川を発見した！","你们发现了一条河！"
"10007791","River","川","河流"
"10007792","A river that is somehow fully ablaze. There won't be any drinking this water.","しかし、なんと川はごうごうと燃えている。これでは水は飲めない。","可这条河竟烧得烈焰翻腾。这样的水当然没法喝。"
"10007801","{CARDNAME:1030}","{CARDNAME:1030}","{CARDNAME:1030}"
"10007802","{CARDNAME:1030}'s curiosity is piqued. He shouts, ""But water cannot BURN! It defies scientific reason!""","「水が燃えるなんてありえない！」と言いつつ、{CARDNAME:1030}は興味津々だ。","{CARDNAME:1030} 顿时来了兴致：「水怎么可能燃烧！这不合科学常理！」"
"10007811","{CARDNAME:1030}","{CARDNAME:1030}","{CARDNAME:1030}"
"10007812","学者としての探求心ゆえなのか、今にも燃える水につっこんで行きそうな{CARDNAME:1030}を、{CARDNAME:1020}が押さえる。","学者としての探求心ゆえなのか、今にも燃える水につっこんで行きそうな{CARDNAME:1030}を、{CARDNAME:1020}が押さえる。","学者としての探求心ゆえなのか、今にも燃える水につっこんで行きそうな{CARDNAME:1030}を、{CARDNAME:1020}が押さえる。"
"10007821","{CARDNAME:1040}","{CARDNAME:1040}","{CARDNAME:1040}"
"10007822","Next to him, {CARDNAME:1040}'s nose twitches.","その横で、{CARDNAME:1040}がひくひくと鼻を鳴らす。","一旁，{CARDNAME:1040} 的鼻子忽然抽动起来。"
"10007831","{CARDNAME:1040}","{CARDNAME:1040}","{CARDNAME:1040}"
"10007832","""Good smells. Lots! Over there!""","「美味シイ　匂イ
タクサン　アッチ！」","「好吃，味道！好多！那边！」"
"10007841","{CARDNAME:1040}","{CARDNAME:1040}","{CARDNAME:1040}"
"10007842","She's evidently located something with her keen sense of smell. There might be food nearby.","持ち前の嗅覚で、何かを見つけたようだ。もしかすると、近くに食べ物があるのかもしれない。","看来她凭敏锐的嗅觉发现了什么。附近或许有吃的。"
"10007851","{CHARACTERNAME:1010}","{CHARACTERNAME:1010}","{CHARACTERNAME:1010}"
"10007852","The party opts to trust in {CARDNAME:1040}'s nose and heads off in the direction she indicates.","飲み物を探してきた{CARDNAME:1040}の嗅覚を信じて、君達は彼女が示す方向へと向かうことにした。","你们决定相信曾找到饮水的 {CARDNAME:1040}，朝她所指的方向走去。"
"10007861","{CHARACTERNAME:1010}","{CHARACTERNAME:1010}","{CHARACTERNAME:1010}"
"10007862","You arrive in a city humming with life and bustle.","たどり着いた街は、活気に溢れていた。","你们来到一座熙熙攘攘、充满活力的城市。"
"10007871","{CARDNAME:1040}","{CARDNAME:1040}","{CARDNAME:1040}"
"10007872","""THERE!"" {CARDNAME:1040} practically falls over with excitement as she whips her hand out to point at the food stall.","{CARDNAME:1040}が「アレ！」と勢いよく屋台を指す。","「那个！」{CARDNAME:1040} 兴奋得几乎扑出去，猛地指向一处食摊。"
"10007881","Meats","肉","肉"
"10007882","The stall is stacked high with fresh grilled meats, which are by all accounts the source of the smell she noticed.","屋台には、炙り焼きした肉がずらっと並んでいる。
彼女の言う美味しい匂いの正体はこれらしい。","摊上摆满了刚烤好的肉，香气扑鼻。看来她闻到的美味气味正是从这里来的。"
"10007891","","",""
"10007892","屋台だけでなく、街のそこかしこで炎を使って生活しているようだ。そのせいか街全体が暑い。","屋台だけでなく、街のそこかしこで炎を使って生活しているようだ。そのせいか街全体が暑い。","屋台だけでなく、街のそこかしこで炎を使って生活しているようだ。そのせいか街全体が暑い。"
"10007901","{CHARACTERNAME:1010}","{CHARACTERNAME:1010}","{CHARACTERNAME:1010}"
"10007902","You...","君は……","你……"
"10007911","Examine the Locals","人々の様子を見る","看看城里的人"
"10007912","It's not just only at the food stall, but throughout the city that people seem to make a living using fire. Perhaps that is why the place is sweltering.","屋台だけでなく、街のそこかしこで炎を使って生活しているようだ。そのせいか街全体が暑い。","不只食摊，城里到处都有人靠火维持生计。或许正因如此，整座城市都热得发烫。"
"10007921","Take in the City","街の設備を見る","看看城里的设施"
"10007922","Black smoke billows from rows of chimneys, swirling up into the sky. It looks as though the whole city makes use of the flammable water.","建物の煙突からは黒煙が噴き出している。どうやら街中で、燃える水を利用しているようだ。","一排排烟囱不断喷出黑烟，盘旋升向天空。看来整座城市都在利用这种会燃烧的水。"
"10007931","{CARDNAME:1030}","{CARDNAME:1030}","{CARDNAME:1030}"
"10007932","{CARDNAME:1030} cannot hold back his curiosity. ""I must inquire as to this comburent water!"" he says, zipping away. ","好奇心を抑えられない{CARDNAME:1030}が、「燃える水について聞いてきます！」と、飛び出していってしまった。","{CARDNAME:1030} 再也按捺不住好奇心：「我去打听一下这种会燃烧的水！」说完便飞奔而去。"
"10007941","{CHARACTERNAME:1010}","{CHARACTERNAME:1010}","{CHARACTERNAME:1010}"
"10007942","In fact, he zips off quickly enough that you and the others lose sight of him. Shrugging your shoulders, you decide to head off in search of him.","あまりの速さに、{CARDNAME:1030}を見失ってしまった君達は、仕方なくその行方を探すことにする。","{CARDNAME:1030} 跑得实在太快，你们转眼就跟丢了。无奈之下，只好去找他。"
"10007951","{CHARACTERNAME:1010}","{CHARACTERNAME:1010}","{CHARACTERNAME:1010}"
"10007952","You can't well leave him to his own devices, so the party decides to accompany him and talk with the locals.","{CARDNAME:1030}を一人にする訳にもいかない。君達は{CARDNAME:1030}と共に、街の人に話を聞くことにした。","总不能放任 {CARDNAME:1030} 一个人乱跑。你们决定陪他一起向城里人打听。"
"10007961","{CHARACTERNAME:1010}","{CHARACTERNAME:1010}","{CHARACTERNAME:1010}"
"10007962","It would be so sad to leave poor {CARDNAME:1030} behind. You really should look for him.","{CARDNAME:1030}を置いていくのは、流石にかわいそうだ。ちゃんと探してあげよう。","把可怜的 {CARDNAME:1030} 丢下也太过分了。还是好好找找他吧。"
"10007971","Stall","屋台","摊位"
"10007972","You ask the stall owner if they've seen a bespectacled young man, but they shake their head and say that there have been no customers of that description.","君は屋台の店主に、眼鏡の青年を見なかったか尋ねたが、「そんな客は来ていない」と店主は首を振った。","你问摊主有没有见过一个戴眼镜的青年，对方摇摇头：「没来过这样的客人。」"
"10007981","Stall","屋台","摊位"
"10007982","The stall is lined with delicious-looking grilled meats. However, it seems that they will only sell to people from the city...","店頭には炙り焼きした肉がずらっと並んでいる。しかし、この街の人間にしか売ってくれないそうだ……","摊上摆满了诱人的烤肉。可听说这里只卖给城里人……"
"10007991","Manor","貴族の館","贵族宅邸"
"10007992","You stand before a handsome mansion whose occupant is assuredly possessed of abundant worldly means. In layman's terms, they're loaded.","明らかに裕福な人が住んでいそうな、とても立派な屋敷が建っている……","眼前是一座气派非凡的宅邸，一看就知道主人家财万贯。简单说，就是有钱。"
"10008001","Manor","貴族の館","贵族宅邸"
"10008002","It doesn't seem likely that {CARDNAME:1030} is here. Try looking elsewhere for now.","{CARDNAME:1030}がお邪魔しているとも思えない。探すにしても後回しにしよう。","{CARDNAME:1030} 应该不会跑来这里。先去别处找吧。"
"10008011","Ardent Woman","街の人・情熱的な女","热情女子"
"10008012","The woman explains that the city's economy depends on the energy generated from burning the ""tinderwater"" drawn from the <highlight>{CARDNAME:92340}</highlight>.","女によると、この街は
<highlight>{CARDNAME:92340}</highlight>から引いてきた燃える水をエネルギーにして生活しているらしい。","女人告诉你们，这座城市靠燃烧从 <highlight>{CARDNAME:92340}</highlight> 引来的「燃水」获取能源，维持生活。"
"10008021","Ardent Woman","街の人・情熱的な女","热情女子"
"10008022","""You've gotta be careful when handling it."" With a wink, she adds, ""True of fire AND love, dears.""","「取り扱いには注意が必要よ。恋も炎もね」と、情熱的な女は片目をつぶってウィンクした。","「用的时候可得小心。」她眨眨眼，又补了一句：「火和爱情都一样哦。」"
"10008031","Ardent Woman","街の人・情熱的な女","热情女子"
"10008032","The woman is lost in thought as she gazes at the flames from a distance. ""Love and fire are rather similar, aren't they...?""","女は炎を遠目に眺めつつ、「恋と炎って、似てるわよね……」と黄昏ている。","女人远远望着火焰，若有所思：「爱情和火焰，还真有点像呢……」"
"10008041","{CHARACTERNAME:1010} and Company","{CHARACTERNAME:1010}達一行","{CHARACTERNAME:1010} 一行"
"10008042","You find her incomparable presence so overwhelming that you are unable to even ask about {CARDNAME:1030}.","君達はそのただならぬ雰囲気に圧されてしまい、{CARDNAME:1030}のことを聞けなかった。","她身上那股不同寻常的气势压得你们开不了口，连 {CARDNAME:1030} 的事都没能问。"
"10008051","Knowledgeable Old Woman","街の人・物識りな老婆","博学老妇"
"10008052","The wise old woman offers cautionary words. ""You'd best be careful. The <highlight>{CARDNAME:4320}</highlight> dwells in the {CARDNAME:92340}.""","君達が話しかけると、老婆は「{CARDNAME:92340}には<highlight>{CARDNAME:4320}</highlight>がいるから気を付けな」と、こっそりと耳打ちした。","老妇悄声提醒你们：「{CARDNAME:92340} 里有 <highlight>{CARDNAME:4320}</highlight>，可得小心。」"
"10008061","Knowledgeable Old Woman","街の人・物識りな老婆","博学老妇"
"10008062","You ask the woman about {CARDNAME:1030}, and she replies, ""Why, he and I were speaking until just a short while ago.""","{CARDNAME:1030}のことを尋ねると、老婆は「さっきまで、一緒に話してたんだけどねぇ」と言う。","你问起 {CARDNAME:1030}，老妇答道：「他刚才还在跟我聊天呢。」"
"10008071","Knowledgeable Old Woman","街の人・物識りな老婆","博学老妇"
"10008072","He's probably still nearby. You thank the woman and take your leave.","まだ{CARDNAME:1030}は近くにいるかもしれない。君達は老婆にお礼を言って、その場を離れた。","{CARDNAME:1030} 或许还在附近。你们向老妇道谢后离开。"
"10008081","Ambitious Lad","街の人・野心家の青年","野心青年"
"10008082","According to the young lad, the ""tinderwater"" is controlled by the <highlight>aristocrat</highlight> who runs the city.","青年によると、燃える水はこの街を取り仕切る<highlight>貴族</highlight>の管理下にあるらしい。","据青年所说，燃水由统治这座城市的 <highlight>贵族</highlight> 掌控。"
"10008091","Ambitious Lad","街の人・野心家の青年","野心青年"
"10008092","The young man is mumbling something. Listening carefully, you put the snatches of audible words together. It sounds as though he is unhappy about the local aristocrat.","青年はブツブツと何かを呟いている。途切れ途切れ聞こえる言葉を繋ぐと、どうやらこの街の貴族への不満を垂れ流しているようだ。","青年正低声嘟囔着什么。你仔细听了听，把断断续续的词拼起来，才发现他是在抱怨城里的贵族。"
"10008101","Ambitious Lad","街の人・野心家の青年","野心青年"
"10008102","Apparently said aristocrat is monopolizing the tinderwater supply and reaping massive profits from it.","貴族が燃える水を独占し、莫大な利益を得ているのが気に食わないらしい。","看来他很不满贵族垄断燃水、从中攫取巨额利益。"
"10008111","Ambitious Lad","街の人・野心家の青年","野心青年"
"10008112","You ask the lad about {CARDNAME:1030}, and he answers quickly, ""He ran off toward the pet shop.""","君達が{CARDNAME:1030}のことを尋ねると、「ペットショップの方に走っていったよ」と、あっさり教えてくれた。","你问起 {CARDNAME:1030}，青年爽快答道：「他往宠物店那边跑了。」"
"10008121","Overheated Man","街の人・暑苦しい男","燥热男子"
"10008122","""Heat, heat, heat! He who has the heat controls everything! HEAT is everything!"" the man shouts.","「何事も熱くなってこそだよ！熱量がすべてだよ！」と、男は叫んでいる。","「热！热！热！有热量就有一切！热量才是一切！」男人高声叫喊着。"
"10008131","Overheated Man","街の人・暑苦しい男","燥热男子"
"10008132","This city is hot enough as it is, but the man radiates fervor, making it all the hotter.","ただでさえ暑い街なのに、男の周辺はさらに暑く感じられた。","这座城市本来就够热了，可男人浑身散发着过度的热情，让周围仿佛又升了几度。"
"10008141","Overheated Man","街の人・暑苦しい男","燥热男子"
"10008142","You ask the man about {CARDNAME:1030}, and he replies in an encouraging tone, ""You'll find him, you will! It is essential that you never give up!""","君が{CARDNAME:1030}のことを尋ねると「いつか必ず見つかる！諦めないことが肝心だ！」と、励まされてしまった。","你问起 {CARDNAME:1030}，男人却热情鼓励你：「一定会找到的！最重要的是绝不能放弃！」"
"10008151","{CHARACTERNAME:1010} and Company","{CHARACTERNAME:1010}達一行","{CHARACTERNAME:1010} 一行"
"10008152","You locate {CARDNAME:1030} in a state of considerable excitement as he observes a burning pond.","君達は、興奮気味に燃える池を観察する{CARDNAME:1030}を見つけた。","你们终于找到 {CARDNAME:1030}。他正兴奋不已地观察一池燃烧的水。"
"10008161","{CARDNAME:1030}","{CARDNAME:1030}","{CARDNAME:1030}"
"10008162","He notices you a moment later and starts chattering rapidly. ""This town is incredible! They use this combustible water as an energy source to make their living!""","{CARDNAME:1030}は君達に気が付くと「この街はすごいです！なんと燃える水をエネルギーにして暮らしに役立てているんです」と捲し立てる。","{CARDNAME:1030} 一发现你们就滔滔不绝：「这座城太厉害了！他们竟然把会燃烧的水当作能源，用在日常生活里！」"
"10008171","{CARDNAME:1030}","{CARDNAME:1030}","{CARDNAME:1030}"
"10008172","""And what's more—"" He goes on without taking a breath. It doesn't sound like his rambles are anywhere close to finished, but then...","「それに加えて」と、止まらなくなった{CARDNAME:1030}の長話を遮るように……","「而且还有——」{CARDNAME:1030} 连气都不换，眼看又要没完没了。就在这时……"
"10008181","Cry","泣き声","哭声"
"10008182","""Waah! Waaah!""","「えーん！えーん！」","「呜哇！呜哇！」"
"10008191","{CHARACTERNAME:1010}","{CHARACTERNAME:1010}","{CHARACTERNAME:1010}"
"10008192","Suddenly, the sound of children weeping reaches your ears. It sounds like it's coming from a back alley.","突然、君の耳に子供達の泣き声が届いた。どうやら、路地裏の方から聞こえるようだ。","突然，孩子的哭声传入耳中。声音似乎来自一条后巷。"
"10008201","Knowledgeable Old Woman","街の人・物識りな老婆","博学老妇"
"10008202","The old woman says to {CARDNAME:1030}, ""I have plenty more knowledge yet."" His eyes burn with longing.","老婆は{CARDNAME:1030}に「私の知識は、まだまだあるのよ」と目を爛々とさせて言った。","老妇两眼放光地对 {CARDNAME:1030} 说：「我知道的可还多着呢。」"
"10008211","{CARDNAME:1030}","{CARDNAME:1030}","{CARDNAME:1030}"
"10008212","""I think you'll find I'm not lacking in that regard myself,"" he counters. Why, it looks like he's found a kindred spirit!","{CARDNAME:1030}はそれに「ボクの知識だって負けてませんよ」と対抗する。どうやら、意気投合したらしい。","{CARDNAME:1030} 也不甘示弱：「论知识，我可不会输给你。」看来两人颇为投缘。"
"10008221","Children","子供達","孩子们"
"10008222","In the back alleyway, two emaciated children stand alone, with naught but the clothes on their backs. They look to be siblings.","路地裏では、二人の痩せた子供が着の身着のままで立っていた。どうやら姉弟のようだ。","后巷里站着两个瘦骨嶙峋的孩子，除了一身衣服什么都没有。看起来像是一对姐弟。"
"10008231","Children","子供達","孩子们"
"10008232","Great tears stream down the boy's face. Between sobs, he explains that their mother and father both died of illness...","男の子は、ぼろぼろと大粒の涙を流している。父も母も病気で死んでしまった、と……","男孩泪流满面，抽噎着说，爸爸妈妈都病死了……"
"10008241","子供達","子供達","子供達"
"10008242","男の子はひどく痩せている上に、着の身着のままで何も持っていなかった。","男の子はひどく痩せている上に、着の身着のままで何も持っていなかった。","男の子はひどく痩せている上に、着の身着のままで何も持っていなかった。"
"10008251","子供達","子供達","子供達"
"10008252","路地の奥には、男の子と似たような年頃の子供達がうずくまっている。","路地の奥には、男の子と似たような年頃の子供達がうずくまっている。","路地の奥には、男の子と似たような年頃の子供達がうずくまっている。"
"10008261","{CARDNAME:1020}","{CARDNAME:1020}","{CARDNAME:1020}"
"10008262","""Orphans. Not uncommon in big cities like this,"" {CARDNAME:1020} says.","{CARDNAME:1020}が「二人とも親を亡くした孤児だろうな。大きな街には珍しくない」と言った。","{CARDNAME:1020} 说道：「他们大概都是失去双亲的孤儿。大城市里并不少见。」"
"10008271","{CHARACTERNAME:1010}","{CHARACTERNAME:1010}","{CHARACTERNAME:1010}"
"10008272","Something akin to a vice grips your heart, and you wonder if there is some way you can help them.","君は胸が締め付けられるのを感じていた。何かできることはないだろうか……","你的心像被狠狠攥住一样。能不能为他们做点什么呢……"
"10008281","","",""
"10008282","What will you do for the orphans?","君が孤児達にしてあげられることは何か？","你能为这些孤儿做些什么？"
"10008291","Give Food","食べ物をあげる","给些吃的"
"10008292","You rummage around in your things for some food to give them. Alas, you have nothing that could fill their tiny bellies.","君は食べ物をあげようと荷物を漁った。しかし、お腹の足しになりそうなものは入っていない。","你翻找行李，想给他们一些吃的。可惜，里面什么能填饱肚子的东西都没有。"
"10008301","{CHARACTERNAME:1010}","{CHARACTERNAME:1010}","{CHARACTERNAME:1010}"
"10008302","You also remember that you're starving, too, and your stomach rumbles in displeasure.","そういえば、自分も飢えていたのだと思い出すと、君のお腹はぐうっと鳴った。","你这才想起，自己也还饿着。肚子顿时不满地咕噜叫了起来。"
"10008311","Do a Cheerful Dance","陽気に踊る","跳支欢快的舞"
"10008312","Hoping to cheer the little ones up, you perform a lively dance. It holds a special place in your heart; you learned the steps from an old woman in your village.","君は孤児達を励まそうと、陽気な踊りを披露した。地下の村でお婆さんに教わった自慢の踊りだ。","为了逗孩子们开心，你跳起一支欢快的舞。这可是你在地下村庄跟一位老婆婆学来的拿手舞步。"
"10008321","Orphans","孤児達","孤儿们"
"10008322","Sadly, the orphans are unmoved. Their mouths don't even crease a little. {CARDNAME:1020} raises an eyebrow at you and issues a stare that says, ""What the hell are you doing?"" Ouch.","しかし、孤児達はニコリともしなかった。{CARDNAME:1020}の「何をしてるんだ？」と言いたげな視線が痛い。","可惜，两个孩子一点反应都没有，连嘴角都没动一下。{CARDNAME:1020} 挑眉看着你，眼神仿佛在说「你到底在干什么？」真刺人。"
"10008331","Ask Aristocrat for Help","貴族に助けを求める","向贵族求助"
"10008332","You hit upon an idea. Why not ask the <highlight>aristocrat</highlight> making huge profits from the tinderwater for assistance?","君は、燃える水で莫大な利益を得ているという<highlight>貴族</highlight>に助けを求めてはどうか、と考えついた。","你忽然想到：何不去找那个靠燃水赚得盆满钵满的 <highlight>贵族</highlight> 求助？"
"10008341","Overheated Man","街の人・暑苦しい男","燥热男子"
"10008342","「そうだ！その意気だ！君ならやれる！できるよ！」","「そうだ！その意気だ！君ならやれる！できるよ！」","「そうだ！その意気だ！君ならやれる！できるよ！」"
"10008351","{CHARACTERNAME:1010}","{CHARACTERNAME:1010}","{CHARACTERNAME:1010}"
"10008352","どこからか応援の声を感じた君は、早速貴族に会いに行くことにする。","どこからか応援の声を感じた君は、早速貴族に会いに行くことにする。","どこからか応援の声を感じた君は、早速貴族に会いに行くことにする。"
"10008361","Orphaned Boy","親を亡くした男の子","孤儿男孩"
"10008362","The boy speaks, his words punctuated with sobs. ""I'm so hungry...""","「お腹が減ったよ……」と少年は涙声で訴えている。","男孩带着哭腔说道：「我好饿……」"
"10008371","Aristocrat","貴族","贵族"
"10008372","A well-dressed man of clear sophistication and means emerges from the manor. And he seems willing to listen to you!","館から出てきたのは上品そうな貴族だった。どうやら話を聞いてくれるようだ。","一名衣着考究、气度不凡的男子从宅邸中走了出来。看样子，他愿意听你们说话。"
"10008381","{CHARACTERNAME:1010}","{CHARACTERNAME:1010}","{CHARACTERNAME:1010}"
"10008382","You bring up the plight of the city's orphans.","君は、街にいる孤児達の窮状を訴える。","你向他讲起城里这些孤儿的困境。"
"10008391","Aristocrat","貴族","贵族"
"10008392","The man listens to your story, and then hangs his head. ""I would love to do something, truly I would. But you see, my own child...""","一通り話を聞いた貴族は、「何とかしてやりたいが、その前に自分の子が……」とうなだれた。","男子听完后垂下头：「我是真的很想帮他们。可是，我自己的孩子……」"
"10008401","Aristocrat","貴族","贵族"
"10008402","He explains that his son is bedridden, stricken with an illness of unknown origin.","貴族の子供は、原因不明の病気で臥せっているのだという。","原来贵族的儿子正卧病在床，病因至今不明。"
"10008411","Aristocrat","貴族","贵族"
"10008412","The aristocrat's mind seems fully preoccupied with thoughts of his own child...","今は自分の子供のことで頭がいっぱいだという貴族を君は……","贵族现在满脑子都是自己的孩子。你决定……"
"10008421","","",""
"10008422","How do you attempt to persuade him?","どう説得する？","要怎么说服他？"
"10008431","Leave It to {CARDNAME:1030}","{CARDNAME:1030}に任せる","交给 {CARDNAME:1030}"
"10008432","At a loss, you look over at {CARDNAME:1030}.","途方に暮れた君は、{CARDNAME:1030}の方に視線を送る。","你一时没了主意，便看向 {CARDNAME:1030}。"
"10008441","{CARDNAME:1030}","{CARDNAME:1030}","{CARDNAME:1030}"
"10008442","He catches your glance, and then offers to examine the aristocrat's child.","すると、{CARDNAME:1030}は貴族の子供の診察をしようと、申し出た。","{CARDNAME:1030} 会意，主动提出替贵族的孩子诊察。"
"10008451","Aristocrat","貴族","贵族"
"10008452","{CARDNAME:1030} explains that he has some medical knowledge, and the man practically leaps on him, desperate enough to cling to any ray of hope.","多少は医術の心得がある、という{CARDNAME:1030}の話に、貴族は飛びつく。藁にもすがる思いのようだ。","{CARDNAME:1030} 说自己略懂医术。贵族仿佛抓住救命稻草，当场就答应了。"
"10008461","Turn On the Waterworks","涙ながらに訴える","含泪恳求"
"10008462","You appeal to the man's better nature, tears welling up in your eyes.","君は情に訴えかけようと、涙を光らせながらの説得を試みる。
すると……","你眼中泛起泪光，试图打动贵族的恻隐之心。"
"10008471","Aristocrat","貴族","贵族"
"10008472","In reply, he sheds a single tear of his own. ""Would that I were a better man, the sort who could prioritize orphans over my own flesh and blood...""","「我が子よりも孤児を優先できるほど、私はできた人間ではないのだ……」と、貴族も一粒の涙を流した。","贵族也落下一滴泪：「若我真是个能把孤儿置于亲生骨肉之前的圣人就好了……」"
"10008481","脅す","脅す","脅す"
"10008482","君は、自分は伝承にある
あの地下の民であると、
身分を明かした。","君は、自分は伝承にある
あの地下の民であると、
身分を明かした。","君は、自分は伝承にある
あの地下の民であると、
身分を明かした。"
"10008491","貴族","貴族","貴族"
"10008492","「地下の民？」と貴族は首を捻る。どうやら効果はなかったようだ。","「地下の民？」と貴族は首を捻る。どうやら効果はなかったようだ。","「地下の民？」と貴族は首を捻る。どうやら効果はなかったようだ。"
"10008501","{CARDNAME:1030}","{CARDNAME:1030}","{CARDNAME:1030}"
"10008502","It looks as though {CARDNAME:1030} will be performing an impromptu medical exam.","{CARDNAME:1030}は、貴族の子供の診察をすることになった。","看来 {CARDNAME:1030} 要临时充当医生，为孩子诊察了。"
"10008511","","",""
"10008512","A few minutes later...","ー数分後ー","数分钟后……"
"10008521","{CARDNAME:1030}","{CARDNAME:1030}","{CARDNAME:1030}"
"10008522","According to {CARDNAME:1030}, the aristocrat's child has been poisoned.","診察を終えた{CARDNAME:1030}によると、貴族の子供は毒に侵されているらしい。","据诊察后的 {CARDNAME:1030} 所说，贵族的孩子中了毒。"
"10008531","Aristocrat","貴族","贵族"
"10008532","The man's jaw falls open. ""That cannot be. My household employs silverware that reacts to poison in food.""","しかし貴族は「常に毒に反応する銀食器を使っているからありえない」と言っている。","贵族愕然道：「不可能。家里一直用会对食物毒物起反应的银餐具。」"
"10008541","","",""
"10008542","What could be the cause?","では何が原因だろう？","那毒究竟从何而来？"
"10008551","A Plant?","植物では？","植物？"
"10008552","You raise the possibility that there could be some kind of poisonous plant nearby.","君は、「毒を放つ植物が近くにあるのでは？」と、可能性を指摘する。","你提出，会不会附近有什么有毒植物。"
"10008561","{CARDNAME:1030}","{CARDNAME:1030}","{CARDNAME:1030}"
"10008562","{CARDNAME:1030}, however, denies this possibility. He hasn't seen any plants at all around the city, much less poisonous ones.","しかし、{CARDNAME:1030}がそれを否定した。街の周りには毒を放つ植物どころか、植物自体を見かけないと。","{CARDNAME:1030} 却否定了这个可能。别说有毒植物了，他在城周围连普通植物都没怎么看见。"
"10008571","A Monster?","魔物では？","魔物？"
"10008572","You suggest the possibility that there could be a venomous monster nearby.","君は、「毒を放つ魔物が近くにいるのでは？」と、可能性を指摘する。","你提出，会不会附近有什么带毒的魔物。"
"10008581","Aristocrat","貴族","贵族"
"10008582","At this suggestion, the aristocrat blurts out, ""The {CARDNAME:4320}! It exudes a toxic gas!""","その言葉に、貴族はすぐに反応した。「{CARDNAME:4320}に違いない！あいつが有毒なガスを出しているんだ」と。","贵族一听立刻叫道：「一定是 {CARDNAME:4320}！那家伙会释放有毒气体！」"
"10008591","Food Scavenging?","拾い食いでは？","捡东西吃？"
"10008592","You suggest the possibility that the child may have picked up and eaten something they found lying around outside.","君は貴族の子供が、「外に落ちているものを拾って食べたのでは？」と、可能性を指摘する。","你提出，会不会是孩子在外面捡了什么东西吃。"
"10008601","{CARDNAME:1020}","{CARDNAME:1020}","{CARDNAME:1020}"
"10008602","""Could well be,"" {CARDNAME:1020} agrees, a mysterious look on his face. However, the aristocrat vehemently denies the possibility.","「あり得るな……」と{CARDNAME:1020}が神妙な面持ちで同意したが、貴族はその可能性を強く否定した。","「也不是没可能……」{CARDNAME:1020} 一脸认真地点头，贵族却坚决否认。"
"10008611","{CARDNAME:1030}","{CARDNAME:1030}","{CARDNAME:1030}"
"10008612","{CARDNAME:1030} explains that if the source of the poison was indeed somehow the {CARDNAME:4320}, it might be possible to craft an antidote from its body.","{CARDNAME:1030}は、{CARDNAME:4320}が毒の原因ならば、その体から薬が作れるかもしれない、と言った。","{CARDNAME:1030} 解释，如果毒源真是 {CARDNAME:4320}，也许能用它的身体制出解毒药。"
"10008621","{CARDNAME:1030}","{CARDNAME:1030}","{CARDNAME:1030}"
"10008622","And then, as though struck by an idea, he adds, ""Ah, and perhaps as a thank-you for my doing so, we might discuss aid for the poor orphans of the city?""","そして、突然思いついたかのように、「あ、薬を作るお礼と言ってはなんですが……」と、街の貧しい子達への援助を切り出す。","接着，{CARDNAME:1030} 像忽然想起什么似的补充：「对了，要说制药的谢礼……能不能顺便谈谈救济城里那些贫苦孤儿的事？」"
"10008631","{CHARACTERNAME:1010}","{CHARACTERNAME:1010}","{CHARACTERNAME:1010}"
"10008632","""Yes, of course!"" Seeing the aristocrat's immediate response, you can't help but be astonished by {CARDNAME:1030}'s wisdom and negotiating skill.","貴族の、「もちろんだ」と言う姿を見て、君は{CARDNAME:1030}の知識と交渉術に、舌を巻いた。","「当然可以！」贵族答得毫不迟疑。你不禁对 {CARDNAME:1030} 的学识和谈判手腕刮目相看。"
"10008641","{CARDNAME:1030}","{CARDNAME:1030}","{CARDNAME:1030}"
"10008642","Upon leaving the manor, {CARDNAME:1030} explains (with no small amount of pride in his voice), ""My own investigations indicate that the {CARDNAME:4320} is in the <highlight>Lake of Fire</highlight> to the northwest of the city.""","屋敷を出ると{CARDNAME:1030}は、「僕が調べた話によると、{CARDNAME:4320}は街の北西にある<highlight>火の湖</highlight>にいるそうです」と、自慢げに説明した。","离开宅邸后，{CARDNAME:1030} 得意地解释：「据我打听，{CARDNAME:4320} 就在城西北的 <highlight>火之湖</highlight>。」"
"10008651","{CARDNAME:1030}","{CARDNAME:1030}","{CARDNAME:1030}"
"10008652","It seems like his running about all over the city wasn't for nothing.","どうやら、街を走り回ったことは無駄ではなかったようだ。","看来他之前满城乱跑，也不是毫无收获。"
"10008661","Manor","貴族の館","贵族宅邸"
"10008662","With a deep bow of the head, the aristocrat implores you, ""Please hurry and save my son. I will prepare your reward with all haste.""","貴族は、「報酬は急いで用意させる。早く我が子を救ってくれ」と、深く頭を下げている。","贵族深深低下头：「报酬我会立刻准备。求你们快去救救我的儿子。」"
"10008671","{CARDNAME:1030}","{CARDNAME:1030}","{CARDNAME:1030}"
"10008672","{CARDNAME:1030} pipes up with enthusiasm, ""First, we investigate!"" You go along with this, deciding to head to the <highlight>{CARDNAME:92340}</highlight>, where the {CARDNAME:4320} is said to dwell.","「まずは調査です！」と息巻く{CARDNAME:1030}に従い、君達は{CARDNAME:4320}がいるという、<highlight>{CARDNAME:92340}</highlight>に向かうことにする。","「先调查！」{CARDNAME:1030} 干劲十足。你们便听从他的提议，前往据说有 {CARDNAME:4320} 栖息的 <highlight>{CARDNAME:92340}</highlight>。"
"10008681","{CARDNAME:1030}","{CARDNAME:1030}","{CARDNAME:1030}"
"10008682","The lake is located to the north of the city.","<highlight>{CARDNAME:92340}</highlight>は街から北に行った場所にあるようだ。","看起来 <highlight>{CARDNAME:92340}</highlight> 就在城北。"
"10008691","{CARDNAME:1030}","{CARDNAME:1030}","{CARDNAME:1030}"
"10008692","{CARDNAME:1030} warns, ""Don't breathe too deeply here. The very air could be noxious poison.""","{CARDNAME:1030}が「あまり深い呼吸をしないように。ここには毒が充満している可能性があるので」と言っている。","{CARDNAME:1030} 提醒道：「这里可能弥漫着毒气，别吸得太深。」"
"10008701","Monsters","魔物","魔物"
"10008702","Monsters bar the path. That said, it doesn't look like they've noticed you yet.","君達の行く手を魔物達が塞いでいる。しかし、こちらにはまだ気が付いていないようだ。","魔物挡住了去路。不过，它们似乎还没发现你们。"
"10008711","Monsters","魔物","魔物"
"10008712","They probably don't see many humans around here, given that the lake is surrounded by fire. They're completely oblivious.","火に囲まれたこの湖に、人間が立ち入ることは珍しいのだろう。完全に油断しきっている。","这片湖被烈火包围，平时大概很少有人闯进来。那些魔物完全没有戒心。"
"10008721","{CHARACTERNAME:1010} and Company","{CHARACTERNAME:1010}達一行","{CHARACTERNAME:1010} 一行"
"10008722","Taking care to be as quiet as possible, you steal close to the monsters...and attack them!","君達は気付かれないように忍び寄り……魔物達に襲い掛かった！","你们尽量不发出声音，悄悄摸到魔物身边……突然发动攻击！"
"10008731","Monsters","魔物","魔物"
"10008732","The monsters don't attack—in fact, they look like they're trying to find an opening to make a run for it.","魔物は攻撃してこない……
それどころか、逃げるチャンスを見計らっているように見える。","魔物并没有反击……反而像是在寻找机会逃跑。"
"10008741","Monsters","魔物","魔物"
"10008742","君達が逃げようとすると、それよりも早く、魔物達が逃げ出した。","君達が逃げようとすると、それよりも早く、魔物達が逃げ出した。","君達が逃げようとすると、それよりも早く、魔物達が逃げ出した。"
"10008751","{CARDNAME:1030}","{CARDNAME:1030}","{CARDNAME:1030}"
"10008752","""You can't cross here. The heat of the flames is too intense.""","「これはダメですね……
炎の勢いがあり過ぎて渡れません」","「不行……火势太猛，过不去。」"
"10008761","{CHARACTERNAME:1010}","{CHARACTERNAME:1010}","{CHARACTERNAME:1010}"
"10008762","You survey the area for some way to cross over and spot an iron bridge, collapsed into the burning tinderwater.","何か渡れる方法はないか、と君が辺りを見回すと、燃える水の中に、鉄の橋が落ちているのが見える。","你四下寻找渡过去的办法，发现一座铁桥已经坍塌，沉进燃烧的燃水中。"
"10008771","{CHARACTERNAME:1010}","{CHARACTERNAME:1010}","{CHARACTERNAME:1010}"
"10008772","Someone in a time long past built a bridge here, though it has since collapsed from the heat.","昔の人が造った橋が、熱で崩れて落ちたようだ。","很久以前有人在这里架过桥，但似乎被高温烧塌了。"
"10008781","{CHARACTERNAME:1010}","{CHARACTERNAME:1010}","{CHARACTERNAME:1010}"
"10008782","Suddenly, an idea strikes you! ""Maybe I can use the {CARDNAME:4310}'s power to manipulate metal and make it so we can cross!""","君は閃いた！
「金属を操る{CARDNAME:4310}の力を使えば、渡れるかもしれない！」","你灵机一动：「用能操纵金属的 {CARDNAME:4310} 之力，说不定能把桥修好！」"
"10008791","{CHARACTERNAME:1010}","{CHARACTERNAME:1010}","{CHARACTERNAME:1010}"
"10008792","You decide to summon forth the primal's power and repair the fallen bridge.","君は{CARDNAME:4310}を呼び出すとその力で、落ちていた橋をかけ直すことにした。","你召出 {CARDNAME:4310}，借它的力量重新架起坍塌的桥。"
"10008801","{CARDNAME:1040}","{CARDNAME:1040}","{CARDNAME:1040}"
"10008802","{CARDNAME:1040} gazes intently at you. She's noted your mastery of the {CARDNAME:4310}'s power.","{CARDNAME:4310}の力を使いこなす君に、{CARDNAME:1040}が熱い眼差しを向けている。","看见你熟练驾驭 {CARDNAME:4310} 的力量，{CARDNAME:1040} 目不转睛地盯着你。"
"10008811","{CARDNAME:1040}","{CARDNAME:1040}","{CARDNAME:1040}"
"10008812","She explains that ever since she was picked up by the circus at a young age, she's trained as a beast tamer.","{CARDNAME:1040}は、幼い頃にサーカスに拾われて以来、ずっと猛獣使いの訓練をしてきたのだという。","{CARDNAME:1040} 说，自己从小被马戏团收养后，便一直接受驯兽师训练。"
"10008821","{CARDNAME:1040}","{CARDNAME:1040}","{CARDNAME:1040}"
"10008822","However, as she puts it, she has not managed to improve in the slightest.","しかし、まったく上達しなかったそうだ。","可她始终没有半点长进。"
"10008831","{CARDNAME:1040}","{CARDNAME:1040}","{CARDNAME:1040}"
"10008832","""I wished and wished. Wish didn't come true. Understanding each other...very hard.""","「オ願イシテモ　無理
ココロ　通ワセル　難シイ　トテモ」","「俺一直，许愿。愿望，不实现。心意相通……太难。」"
"10008841","{CARDNAME:1040}","{CARDNAME:1040}","{CARDNAME:1040}"
"10008842","She asks you to give her some pointers on how to get monsters to obey, and you reply: ","魔物を従えるコツを教えてほしいという{CARDNAME:1040}に、君は答えた。","{CARDNAME:1040} 想请你教她让魔物听从命令的诀窍。你回答道："
"10008851","{CHARACTERNAME:1010}","{CHARACTERNAME:1010}","{CHARACTERNAME:1010}"
"10008852","""There's not really any trick to giving an order. I just do it.""","「命令するのに、コツなんてないよ」","「下命令哪有什么诀窍，我就是直接命令。」"
"10008861","{CARDNAME:1020}","{CARDNAME:1020}","{CARDNAME:1020}"
"10008862","""......""","「…………」","「……」"
"10008871","{CARDNAME:92340}","{CARDNAME:92340}","{CARDNAME:92340}"
"10008872","A massive monster wreathed in flames rises from the lake! It's shrouded in such heat and fury that you can scarcely turn your eyes to it!","湖の中から、炎を纏った巨大な魔物が姿を現した！
直視できない程の熱気と怒気に包まれている！！","湖中突然升起一头浑身缠绕烈焰的巨大魔物！炽热与怒气扑面而来，几乎令人无法直视！"
"10008881","Monster","魔物","魔物"
"10008882","This is in all likelihood the {CARDNAME:4320}. Your party readies their weapons and prepares for a fight.","おそらく、この魔物が{CARDNAME:4320}だ。君達は武器を構え戦闘態勢をとった。","它多半就是 {CARDNAME:4320}。你们纷纷举起武器，准备迎战。"
"10008891","Poison","毒","毒"
"10008892","You can't tell if it has something to do with the primal, but poison is slowly coursing through you. You must end this battle quickly.","{CARDNAME:4320}の影響だろうか？君達の身体に、ゆっくりと毒が回る。早く決着をつけなければ。","不知是不是受 {CARDNAME:4320} 影响，毒正缓缓侵入你们身体。必须尽快结束战斗。"
"10008901","{CHARACTERNAME:1010}","{CHARACTERNAME:1010}","{CHARACTERNAME:1010}"
"10008902","You've managed to gain the advantage on your foe. But suddenly...","君は仲間と共に{CARDNAME:4320}を追い込んだ。しかし……","你和伙伴终于把 {CARDNAME:4320} 逼入劣势。然而……"
"10008911","{CHARACTERNAME:1010}","{CHARACTERNAME:1010}","{CHARACTERNAME:1010}"
"10008912","You feel as if suffocated and fall upon one knee. Your poisoned body is screaming, raging in protest.","君は息苦しさを感じて片膝をつく。毒に蝕まれた身体が悲鳴をあげているのだ。","你忽然感到窒息般难受，单膝跪倒在地。被毒侵蚀的身体正发出悲鸣。"
"10008921","{CARDNAME:4320}","{CARDNAME:4320}","{CARDNAME:4320}"
"10008922","The {CARDNAME:4320} clearly isn't going to let this chance pass it up, and it begins amassing power!","その隙を逃すものかと、{CARDNAME:4320}が力を溜める！","{CARDNAME:4320} 显然不肯放过这个机会，开始积蓄力量！"
"10008931","{CARDNAME:1020}","{CARDNAME:1020}","{CARDNAME:1020}"
"10008932","""Not good! {CHARACTERNAME:1010}, watch out!""","「まずい！{CHARACTERNAME:1010}、
避け……！」","「不好！{CHARACTERNAME:1010}，快躲……！」"
"10008941","Dodge Right","右に避け……","向右躲"
"10008942","Barely thinking, you go right, attempting to dodge the primal's attack—but your foot catches on something, and you trip and fall to the ground.","君は神獣の攻撃を、咄嗟に右に避けようとした。しかし、足がもつれて転んでしまった。","你下意识向右闪避神兽的攻击，却脚下一绊，摔倒在地。"
"10008951","Dodge Left","左に避け……","向左躲"
"10008952","Barely thinking, you go left, attempting to dodge the primal's attack—but your foot catches on something, and you trip and fall to the ground.","君は神獣の攻撃を、咄嗟に左に避けようとした。しかし、足がもつれて転んでしまった。","你下意识向左闪避神兽的攻击，却脚下一绊，摔倒在地。"
"10008961","{CHARACTERNAME:1010}","{CHARACTERNAME:1010}","{CHARACTERNAME:1010}"
"10008962","You shut your eyes, believing this might be the end of you...","君はこれまでか、と瞼を閉じた……","你以为这次真的完了，闭上了眼睛……"
"10008971","{CHARACTERNAME:1010}","{CHARACTERNAME:1010}","{CHARACTERNAME:1010}"
"10008972","But the pain you brace yourself for doesn't come. You wonder what's happened and open your eyes to see...","覚悟した痛みが来ない。不思議に思った君が目を開けると、そこには……！","可预想中的疼痛迟迟没有到来。你疑惑地睁开眼睛，只见……！"
"10008981","{CARDNAME:1040}","{CARDNAME:1040}","{CARDNAME:1040}"
"10008982","""{CARDNAME:1040}!"" you scream. She turns to you and gives a pained smile.","「{CARDNAME:1040}！」と君が叫ぶと、{CARDNAME:1040}は振り返って無理に笑った。","「{CARDNAME:1040}！」你失声大喊。她回过头，勉强挤出一丝笑。"
"10008991","{CARDNAME:1040}","{CARDNAME:1040}","{CARDNAME:1040}"
"10008992","""I protect. Everyone!""","「アタイ　守ル！　
ミンナ！」","「俺，保护！大家！」"
"10009001","{CARDNAME:1040}","{CARDNAME:1040}","{CARDNAME:1040}"
"10009002","The acrid smell of burning meat assaults your nostrils, and {CARDNAME:1040} cries out in anguish. Still, she desperately musters her strength...","肉が焼ける臭いと、漏れ出る{CARDNAME:1040}の苦悶。それでも必死に力を込めると……","焦肉的刺鼻气味冲进鼻腔，{CARDNAME:1040} 痛苦地呻吟着，却仍拼命挤出最后的力气……"
"10009011","{CARDNAME:1040}","{CARDNAME:1040}","{CARDNAME:1040}"
"10009012","...and pushes back the {CARDNAME:4320}!","{CARDNAME:1040}は、{CARDNAME:4320}を押し返した！","{CARDNAME:1040} 竟把 {CARDNAME:4320} 顶了回去！"
"10009021","{CHARACTERNAME:1010}","{CHARACTERNAME:1010}","{CHARACTERNAME:1010}"
"10009022","{CARDNAME:1040} has given you and your friends a chance. You stand, and together you and your comrades attack the primal with all your strength.","{CARDNAME:1040}が作ってくれたチャンスだ。君は立ち上がると、仲間と共に{CARDNAME:4320}を全力で攻撃した。","这是 {CARDNAME:1040} 拼命创造的机会。你重新站起，与伙伴一同全力攻向 {CARDNAME:4320}。"
"10009031","{CARDNAME:4320}","{CARDNAME:4320}","{CARDNAME:4320}"
"10009032","""Unbelievable... These wretches dare. Steal MY power!?""","「オノレ……貴様達ニ、
チカラヲ、奪ワレル、
トハ……！！」","「可恶……我的力量，竟会被你们夺走……！！」"
"10009041","{CHARACTERNAME:1010}","{CHARACTERNAME:1010}","{CHARACTERNAME:1010}"
"10009042","You've done it! You've beaten the {CARDNAME:4320} and sealed it within a card!","君は見事に{CARDNAME:4320}を打ち破り、カードに封じ込めることに成功した！","成功了！你们击败 {CARDNAME:4320}，并将它封进了卡牌！"
"10009051","{CARDNAME:92340}","{CARDNAME:92340}","{CARDNAME:92340}"
"10009052","The flames upon the lake begin to recede and then blink out entirely. Perhaps because you've beaten the {CARDNAME:4320}?","{CARDNAME:4320}を倒したからだろう。湖の炎がゆっくりと消えていく。","湖面上的火焰缓缓减弱，最后彻底熄灭。或许是因为 {CARDNAME:4320} 已被击败。"
"10009061","{CARDNAME:1040}","{CARDNAME:1040}","{CARDNAME:1040}"
"10009062","You see {CARDNAME:1040} crouching on the ground and run over to her. ""Are you all right?"" you ask. She totters to her feet.","うずくまる{CARDNAME:1040}に駆け寄ると「大丈夫」と、よろめきながら立ち上がった。","你急忙跑向蹲在地上的 {CARDNAME:1040}，问她有没有事。她摇摇晃晃站起来，说：「没事。」"
"10009071","{CARDNAME:1030}","{CARDNAME:1030}","{CARDNAME:1030}"
"10009072","Almost immediately, {CARDNAME:1030} sets about collecting bodily fluids from the {CARDNAME:4320}'s body and examining them.","{CARDNAME:1030}はすぐさま、{CARDNAME:4320}から体液を採取し、調べ始める。","{CARDNAME:1030} 马上从 {CARDNAME:4320} 身上采集体液，开始检查。"
"10009081","{CARDNAME:1030}","{CARDNAME:1030}","{CARDNAME:1030}"
"10009082","Having rather shrewdly managed to gather some of the {CARDNAME:4320}'s bodily fluids during the fight, {CARDNAME:1030} immediately sets about inspecting it to determine its composition.","{CARDNAME:1030}は戦いの中で、{CARDNAME:4320}の体液をちゃっかり入手しており、すぐさまその成分を調べ始めるが……","原来 {CARDNAME:1030} 早在战斗中就顺手收集了 {CARDNAME:4320} 的体液。他立刻开始分析其中成分，可……"
"10009091","{CARDNAME:1030}","{CARDNAME:1030}","{CARDNAME:1030}"
"10009092","""What could this mean...?""","「これは、どういうことでしょう……？」","「这是……怎么回事？」"
"10009101","{CARDNAME:4320}'s Bodily Fluid","{CARDNAME:4320}の体液","{CARDNAME:4320} 的体液"
"10009102","To the great surprise of all, he does not detect any trace of poison in the fluid! Could something else be the cause?","その体液からは、なんと！毒は検出されなかった。他に原因があるのだろうか？","出乎所有人意料，体液中竟完全检测不到毒！难道毒源另有其物？"
"10009111","In Search of Answers","調査","追查真相"
"10009112","The cause of the poison remains unknown. It would be best to act cautiously.","毒の原因はまだわかっていない。慎重に行動するに越したことはないだろう。","毒源依然不明。最好谨慎行事。"
"10009121","Poison","毒","毒"
"10009122","You have to investigate and find the source of the poison—for the orphans.","孤児達のためにも、毒の発生源を調べないと……","为了那些孤儿，也必须查出毒从何而来……"
"10009131","{CARDNAME:1030}","{CARDNAME:1030}","{CARDNAME:1030}"
"10009132","{CARDNAME:1030} collects some of the lake water in a bottle.","{CARDNAME:1030}は、湖の水をビンの中に採取する。","{CARDNAME:1030} 用瓶子装了一些湖水。"
"10009141","{CARDNAME:1030}","{CARDNAME:1030}","{CARDNAME:1030}"
"10009142","He then busies himself dipping various papers and medicinal compounds into the bottle. At length, he makes a curious face.","色々な紙や薬を入れていた{CARDNAME:1030}はやがて神妙な顔つきになり言った。","接着，他把各种试纸和药剂放进瓶里反复测试。过了一阵，{CARDNAME:1030} 神情忽然凝重起来。"
"10009151","{CARDNAME:1030}","{CARDNAME:1030}","{CARDNAME:1030}"
"10009152","""The source...is this tinderwater.""","「原因は……この燃える水です」","「毒源……就是这燃水。」"
"10009161","{CARDNAME:1030}","{CARDNAME:1030}","{CARDNAME:1030}"
"10009162","According to {CARDNAME:1030}, burning the water releases toxins that accumulate and can cause fatal harm to the human body.","{CARDNAME:1030}によると、水を燃やした時に発生する毒素が蓄積し、人体に致命的なダメージを与えていたらしい。","据 {CARDNAME:1030} 所说，燃烧这种水会释放毒素。毒素长期积累，最终会对人体造成致命伤害。"
"10009171","{CARDNAME:1030}","{CARDNAME:1030}","{CARDNAME:1030}"
"10009172","「症状を和らげることはできますが……」と、{CARDNAME:1030}は顔を曇らせている。","「症状を和らげることはできますが……」と、{CARDNAME:1030}は顔を曇らせている。","「症状を和らげることはできますが……」と、{CARDNAME:1030}は顔を曇らせている。"
"10009181","{CHARACTERNAME:1010} and Company","{CHARACTERNAME:1010}達一行","{CHARACTERNAME:1010} 一行"
"10009182","Your party decides to head back to the {CARDNAME:91350} and inform the aristocrat of your findings.","君達は、事の仔細を貴族に報告するために、{CARDNAME:91350}に戻ることにした。","为了把调查结果告诉贵族，你们决定返回 {CARDNAME:91350}。"
"10009191","{CARDNAME:91350}","{CARDNAME:91350}","{CARDNAME:91350}"
"10009192","With the flames of the lake extinguished, those of the pond in the center of the city have also gone out.","湖の炎が消えたことで、街の中央にある池の炎も消えている。","随着湖面火焰熄灭，城中央池塘里的火也一并灭了。"
"10009201","{CARDNAME:91350}","{CARDNAME:91350}","{CARDNAME:91350}"
"10009202","The people seem frantic to reignite the tinderwater once more.","人々は再び、燃える水に火をつけようと躍起になっているようだ。","人们似乎正拼命想把燃水重新点燃。"
"10009211","Aristocrat's Child","貴族の子供","贵族的孩子"
"10009212","{CARDNAME:1030}'s medicine succeeds in stabilizing the child's condition.","{CARDNAME:1030}が調合した薬によって、貴族の子供の容体は安定した。","服下 {CARDNAME:1030} 配制的药后，贵族孩子的病情终于稳定下来。"
"10009221","Aristocrat's Child","貴族の子供","贵族的孩子"
"10009222","However, he is quick to indicate that it is but a stopgap measure.","しかし、それも一時凌ぎでしかない。","可 {CARDNAME:1030} 很快指出，这终究只是权宜之计。"
"10009231","{CARDNAME:1030}","{CARDNAME:1030}","{CARDNAME:1030}"
"10009232","{CARDNAME:1030} advises that, should they wish to prolong the life of the child—and of all those in the city—they must stop using the tinderwater.","命を長らえさせたいのならば、毒の原因である燃える水の利用を止めるべきだ、と{CARDNAME:1030}は進言した。","{CARDNAME:1030} 建议，若想让孩子和城中众人活得更久，就必须停止使用造成中毒的燃水。"
"10009241","Aristocrat","貴族","贵族"
"10009242","The aristocrat shakes his head and says, ""That we cannot do.""","しかし、貴族は「それはできない」と首を横に振る。","贵族却摇摇头：「做不到。」"
"10009251","","",""
"10009252","In response to this, you...","貴族の反応に君は……","面对贵族的回答，你……"
"10009261","Ask Why","どうして？と訊く","问为什么"
"10009262","You calmly ask, ""Why?""","「どうして？」と訊く君に貴族は静かに答えた。","你平静地问：「为什么？」贵族也静静答道。"
"10009271","Tell Them to Do It for Their Child","子供のためにも、と訴える","劝他为了孩子停用"
"10009272","""It would benefit your child, too,"" you assert. But he shakes his head again, unmoved.","「子供のためにも」と君は訴えたが、貴族は尚も首を振った。","你劝道：「这也是为了你的孩子。」可贵族依旧摇头。"
"10009281","Aristocrat","貴族","贵族"
"10009282","He explains that the tinderwater is the basis of all life here in the city. The city would fall into decline if they were to stop using it, and most of the citizens would be set adrift with no means of supporting themselves.","燃える水はこの街の生活基盤であり、使用を止めれば街が衰退して多くの人が路頭に迷うだろう、と。","贵族解释，燃水是整座城市赖以生存的根基。一旦停用，城市便会衰败，无数居民将失去生计。"
"10009291","Aristocrat","貴族","贵族"
"10009292","""I am in charge of this city, and I cannot stop our use of tinderwater...""","「街を取り仕切る者として燃える水の利用を止めることはできない」と、貴族は言った。","「身为管理这座城市的人，我不能停止使用燃水……」贵族说道。"
"10009301","Aristocrat","貴族","贵族"
"10009302","""...even if it costs the life of my child.""","……たとえ、そのために我が子が犠牲になろうとも。","「……哪怕代价是我孩子的性命。」"
"10009311","","",""
"10009312","Ask someone about a solution?","君は解決方法を……","要问谁有没有解决办法？"
"10009321","Ask {CARDNAME:1030}","{CARDNAME:1030}に訊く","问 {CARDNAME:1030}"
"10009322","{CARDNAME:1030}'s voice is quiet. ""I cannot claim to understand how those who rule over others make their choices.""","{CARDNAME:1030}は、人の上に立つ人間の判断は、自分にはわからない、と静かに言った。","{CARDNAME:1030} 低声说道：「站在众人之上的人要如何作出选择，我也无法妄言。」"
"10009331","Ask {CARDNAME:1040}","{CARDNAME:1040}に訊く","问 {CARDNAME:1040}"
"10009332","""Hmm."" {CARDNAME:1040} scratches her chin, clearly wracking her brain. She replies at last, ""No know.""","{CARDNAME:1040}は、一生懸命に
うーうー唸って考えているが、結局「ワカラナイ」と言った。","{CARDNAME:1040} 托着下巴，呜呜嗯嗯地拼命思考，最后还是答道：「不知道。」"
"10009341","Ask the Aristocrat","貴族に訊く","问贵族"
"10009342","You ask the man if there is some way to resolve this impasse. He grimaces and makes a self-deprecating snort.","解決方法を問われた貴族はふと顔を歪めて自嘲した。","你问贵族有没有办法打破僵局。他脸色一沉，自嘲般哼了一声。"
"10009351","Aristocrat","貴族","贵族"
"10009352","""Maybe if <highlight>Newterra</highlight> existed, then all would be solved.""","「<highlight>シンテンチ</highlight>が本当に存在するなら、すべて解決するのにな」と……","「如果 <highlight>新天地</highlight> 真的存在，也许一切问题都能解决。」"
"10009361","","",""
"10009362","What is <highlight>Newterra</highlight>?","<highlight>シンテンチ</highlight>って……","<highlight>新天地</highlight> 是什么？"
"10009371","Medicine?","薬？","药？"
"10009372","You ask if it is perhaps some kind of panacea that can cure all illnesses, but {CARDNAME:1030} shakes his head.","君が、シンテンチはどんな病気でも治せる万能薬なのかと聞くと……
{CARDNAME:1030}は首を振った。","你问新天地是不是能治百病的万能药，{CARDNAME:1030} 摇了摇头。"
"10009381","Dessert?","デザート？","甜点？"
"10009382","For some reason the word makes you think of sweets, so you take a shot in the dark and ask if it's a fancy dessert. {CARDNAME:1030} shakes his head.","君が言葉の響きから、当てずっぽうでシンテンチはデザートなのかと聞くと……
{CARDNAME:1030}は首を振った。","这名字莫名让你想到甜食。你索性瞎猜它是不是一种高级甜点，{CARDNAME:1030} 摇了摇头。"
"10009391","A Place?","場所？","一个地方？"
"10009392","You ask if Newterra is some kind of place, and {CARDNAME:1030} nods.","君が、シンテンチはどこかの土地を指しているのかと聞くと……
{CARDNAME:1030}は頷いた。","你问新天地是不是某个地方，{CARDNAME:1030} 点了点头。"
"10009401","{CARDNAME:1030}","{CARDNAME:1030}","{CARDNAME:1030}"
"10009402","{CARDNAME:1030} explains, ""<highlight>Newterra</highlight> is said to be a mysterious land abundant with all manner of resources.""","「<highlight>新天地</highlight>。豊かな資源に溢れていると言われる幻の土地のことです」と、{CARDNAME:1030}が説明する。","{CARDNAME:1030} 解释道：「<highlight>新天地</highlight>，就是传说中资源无比丰富的神秘土地。」"
"10009411","Aristocrat","貴族","贵族"
"10009412","The aristocrat picks up the thread. ""Scholars claim it exists beyond the river to the northwest...""","貴族は、「北西にある川を越えた先に、そんな場所があると学者達が言っていたが……」","贵族接着说道：「学者们声称，越过西北方向那条河，就能到达那里……」"
"10009421","Aristocrat","貴族","贵族"
"10009422","""...but none who go there ever return."" With that, the man gives you a large amount of food and sends you away from the manor.","「誰一人戻ってこなかったよ」と吐き捨てると、君達に報酬だと大量の食料を手渡し、館から追い出した。","「……可去的人一个也没回来。」贵族说完便给你们一大批食物作为报酬，把你们送出了宅邸。"
"10009431","","",""
"10009432","You obtain <highlight>{CARDNAME:53302}</highlight>!","君は、<highlight>{CARDNAME:53302}</highlight>を
手に入れた！","获得了 <highlight>{CARDNAME:53302}</highlight>！"
"10009441","Ardent Woman","街の人・情熱的な女","热情女子"
"10009442","""NOOOOOO! COME BACK, FLAMES!""","「嫌よ！消えないでぇぇぇええ！」","「不要——！火焰，快回来啊啊啊！」"
"10009451","Ardent Woman","街の人・情熱的な女","热情女子"
"10009452","The passionate woman is screaming herself hoarse, coughing and sputtering as she points in shock at the pond where the fire has gone out.","情熱的な女は、火が消えてしまった池に向かって絶叫すると、ゴホゴホとせき込んだ。","热情女子对着已经熄火的池塘声嘶力竭地大喊，喊到最后连连咳嗽。"
"10009461","Knowledgeable Old Woman","街の人・物識りな老婆","博学老妇"
"10009462","With a trembling hand, the knowledgeable old woman strikes a knife against stone, muttering, ""This'll get it burning, I'm sure it will.""","物識りな老婆は震える手で包丁と石をガチガチ擦り合わせながら、「これで火が付くはず」と呟いている。","博学老妇双手颤抖，用刀和石头不停刮擦，嘴里念着：「这样肯定能点着……」"
"10009471","Ambitious Lad","街の人・野心家の青年","野心青年"
"10009472","The lad is all smiles and mirth, claiming that if he were to invent a tool to start fires, he could make a killing. Despite his sunny attitude, though, he looks quite unwell.","火起こしの道具を発明すれば一攫千金だと、青年はニタニタ笑っているが、その顔色は優れない。","青年笑得合不拢嘴，说只要发明一种生火工具就能一夜暴富。可尽管满脸兴奋，他的气色却很差。"
"10009481","Overheated Man","街の人・暑苦しい男","燥热男子"
"10009482","""The fire in my heart...has gone out with all the rest,"" the man mutters before sinking to the ground, his arms hanging limp.","「僕の心の炎も消えてしまった……」と、男はぼそぼそと呟き、その場にへたりこんでしまった。","「其他火都灭了……我心里的火也灭了……」男人喃喃说着，双臂无力垂下，一屁股瘫坐在地。"
"10009491","{CHARACTERNAME:1010}","{CHARACTERNAME:1010}","{CHARACTERNAME:1010}"
"10009492","You hand the food out to the orphans.","君は、孤児達に食べ物を分け与えた。","你把食物分给了孤儿们。"
"10009501","Orphaned Boy","親を亡くした男の子","孤儿男孩"
"10009502","""How did you get this?"" the boy asks. You explain that you received it as a reward from the aristocrat.","「これどうしたの？」と問いかけてくる男の子に、君は貴族から報酬としてもらったと説明する。","男孩问：「这些是哪来的？」你告诉他，这是贵族给你们的报酬。"
"10009511","Orphaned Boy","親を亡くした男の子","孤儿男孩"
"10009512","Hearing this, the boy blurts out, ""I'm going to use the burning water to get rich, too!""","すると、男の子は「ぼくも燃える水を使ってお金持ちになる！」と言い出した。","男孩一听，立刻说道：「那我以后也要靠燃水赚大钱！」"
"10009521","Orphaned Boy","親を亡くした男の子","孤儿男孩"
"10009522","The boy mentioned that his parents died due to illness. Likely they were stricken with the toxins from the tinderwater, just like the aristocrat's child.","男の子の両親は病で死んだと言っていた。それは恐らく、貴族の子供と同じように、燃える水の毒素で……","男孩曾说父母都病死了。恐怕他们也和贵族的孩子一样，长期受到了燃水毒素的侵害……"
"10009531","","",""
"10009532","What do you say to the boy?","男の子になんと声をかけよう……","你要对男孩说什么？"
"10009541","You Shouldn't...","やめた方が……","还是别这样……"
"10009542","You tell the boy that the tinderwater isn't good for him, but he replies, ""I don't care.""","君は、燃える水が体に良くないことを話した。しかし男の子は「それでもいい」と言う。","你告诉男孩，燃水对身体不好。可他却答：「那也没关系。」"
"10009551","That's the Spirit!","その意気だ！","有志气！"
"10009552","You try to express support for the boy's dream while conveying to him that the tinderwater isn't good for him.","君は、燃える水が体に良くないことを伝えつつも、男の子の夢を応援した。","你一边告诉男孩燃水有害健康，一边又鼓励他追逐自己的梦想。"
"10009561","Orphaned Boy","親を亡くした男の子","孤儿男孩"
"10009562","""You can't worry about your health tomorrow if you starve to death today!""","「未来の健康より、今、食べ物がなくて死んじゃったら意味がないもん！」","「要是今天就饿死了，哪还顾得上明天健不健康！」"
"10009571","Orphaned Boy","親を亡くした男の子","孤儿男孩"
"10009572","The boy thanks you for the food and runs off with his sister.","男の子は食料のお礼を言うと、姉と共に走り去った。","男孩向你道谢，随后和姐姐一起跑远了。"
"10009581","{CHARACTERNAME:1010}","{CHARACTERNAME:1010}","{CHARACTERNAME:1010}"
"10009582","The pond filled with tinderwater is clouded and dark.","燃える水を溜めた池は、
どす黒く濁っている。","装满燃水的池塘一片浑浊漆黑。"
"10009591","{CHARACTERNAME:1010}","{CHARACTERNAME:1010}","{CHARACTERNAME:1010}"
"10009592","""Hard to believe,"" you mutter dejectedly, ""such beautiful flames cause such a deadly poison."" {CARDNAME:1020} gives you a supportive thump on the shoulder.","「キレイな炎だったけど、毒があるなんて」と悲しげに呟く君の肩を、{CARDNAME:1020}が労わる様に軽く叩いた。","「这么漂亮的火焰，居然有毒……」你低落地喃喃道。{CARDNAME:1020} 轻轻拍了拍你的肩。"
"10009601","{CHARACTERNAME:1010} and {CARDNAME:1030}","{CHARACTERNAME:1010}と{CARDNAME:1030}","{CHARACTERNAME:1010} 和 {CARDNAME:1030}"
"10009602","{CARDNAME:1030} has a difficult-to-read expression on his face. ""Let's at least hand out the medicine,"" he suggests. You nod without uttering a word.","複雑な表情を浮かべる君に{CARDNAME:1030}が「せめて薬を配りましょう」と提案する。それに、君は静かに頷いた。","你神情复杂。{CARDNAME:1030} 提议：「至少把药发给大家吧。」你默默点了点头。"
"10009611","Ardent Woman","街の人・情熱的な女","热情女子"
"10009612","The woman accepts the medicine from you. With a pained wink, she says, ""Not that this medicine could cure lovesickness.""","女は君達から薬を受け取りながら、「恋の病はこんな薬じゃ治らないけどね」と辛そうにウインクした。","女子接过药，苦笑着眨眨眼：「不过，相思病可不是这种药能治的。」"
"10009621","Knowledgeable Old Woman","街の人・物識りな老婆","博学老妇"
"10009622","You offer some medicine to the old woman, but she puts up a hand and refuses it. ""I'm afraid I don't make a habit of taking medicines I've never seen before.""","君達は老婆に薬を手渡そうとしたが、「そんな見たこともない薬、飲めないよ」と、拒否されてしまった。","你们把药递给老妇，她却摆手拒绝：「这种没见过的药，我可不敢喝。」"
"10009631","Ambitious Lad","街の人・野心家の青年","野心青年"
"10009632","You give some medicine to the ambitious young man, and he is jubilant. ""Yes! I can work even more now!""","薬を手渡すと、野心家の青年は、「これでもっと働けるぞ！」と大いに喜んだ。","野心青年拿到药后大喜：「好！这下又能多干活了！」"
"10009641","Overheated Man","街の人・暑苦しい男","燥热男子"
"10009642","You offer some medicine to the man, but he keeps repeating, ""No, I'm good,"" as though in a delirium.","君達は暑苦しい男に薬を手渡したが、「もういいんだ……」と、うわ言のように繰り返すばかりだった。","你们把药递给燥热男子，他却像说胡话一样不断重复：「算了……已经无所谓了……」"
"10009651","Children","子供達","孩子们"
"10009652","You offer medicine to the children, but their faces drop. ""This won't fill our tummies..."" they say with considerable disappointment.","君は子供達に薬を手渡したが、「これじゃお腹いっぱいにはならないね」と残念がられてしまった。","你把药递给孩子们，他们却失望地垮下脸：「这个又吃不饱肚子……」"
"10009661","{CHARACTERNAME:1010}","{CHARACTERNAME:1010}","{CHARACTERNAME:1010}"
"10009662","You look up at him and ask, ""Do you think everyone could be happy if we went to Newterra?""","君は{CARDNAME:1020}を見上げて、「新天地に行けば、皆が幸せになれるのかな？」と問いかける。","你抬头问 {CARDNAME:1020}：「如果去了新天地，大家就能幸福吗？」"
"10009671","{CARDNAME:1020}","{CARDNAME:1020}","{CARDNAME:1020}"
"10009672","His denial is immediate and assured. ""Newterra is a fairy tale.""","「新天地なんてお伽噺だ」と、{CARDNAME:1020}は否定した。","{CARDNAME:1020} 斩钉截铁地否定：「新天地不过是童话。」"
"10009681","{CHARACTERNAME:1010}","{CHARACTERNAME:1010}","{CHARACTERNAME:1010}"
"10009682","You answer him in a small voice.","しかし、君は静かに返す。","可你还是轻声回答。"
"10009691","{CHARACTERNAME:1010}","{CHARACTERNAME:1010}","{CHARACTERNAME:1010}"
"10009692","""I want to look for it anyway. We...we might find <highlight>hope</highlight> there.""","「わたし、新天地を探したい。そこには……<highlight>希望</highlight>があるかもしれないから」","「我还是想去找新天地。那里……也许会有 <highlight>希望</highlight>。」"
"10009701","{CARDNAME:1030}","{CARDNAME:1030}","{CARDNAME:1030}"
"10009702","{CARDNAME:1030} looks positively delighted. ""Why yes! Now THAT calls to my scholarly soul!""","{CARDNAME:1030}は「探求心が刺激されます！」と嬉しそうだ。","{CARDNAME:1030} 一脸兴奋：「好啊！这可太能激起我的求知欲了！」"
"10009711","{CARDNAME:1040}","{CARDNAME:1040}","{CARDNAME:1040}"
"10009712","{CARDNAME:1040} seems equally on board. ""I go, too,"" she says, smiling.","{CARDNAME:1040}も「アタイ　一緒　イク！」と、ニコニコ笑っている。","{CARDNAME:1040} 也笑着赞成：「俺，也一起去！」"
"10009721","{CARDNAME:1020}","{CARDNAME:1020}","{CARDNAME:1020}"
"10009722","In the face of your united enthusiasm for the idea, {CARDNAME:1020} grunts, ""Fine, if you insist.""","君に賛同する二人を前に、「……アンタがそう言うのなら」と、{CARDNAME:1020}は苦々しく呟いた。","面对你们三人一致的热情，{CARDNAME:1020} 只得不情愿地嘟囔：「……既然你坚持，那就去吧。」"
"10009731","","",""
"10009732","You and your friends have made up your minds: you shall seek Newterra and whatever <highlight>hope</highlight> it offers, believing it exists just like the stars in the sky...","君は、仲間と新天地を目指すことにした。そこに星空のような<highlight>希望</highlight>があると信じて……","你和伙伴们终于作出决定：去寻找新天地，寻找那里或许存在的 <highlight>希望</highlight>，相信它就像天上的星辰一样真实……"
"10009741","{CHARACTERNAME:1010}","{CHARACTERNAME:1010}","{CHARACTERNAME:1010}"
"10009742","It doesn't look like the people of the city are going to stop using tinderwater anytime soon. The medicine you shared with them may provide little more than brief peace of mind.","街の人達は燃える水の利用をやめる気はないようだ。配った薬も、気休めにしかならないかもしれない……","看来城里人暂时并不打算停用燃水。你们分发的药，或许也只能换来片刻安心……"
"10009751","{CHARACTERNAME:1010}","{CHARACTERNAME:1010}","{CHARACTERNAME:1010}"
"10009752","""I can't believe they won't give it up. They KNOW it's poisonous..."" you say in a low, pained voice. {CARDNAME:1020} gives you a sympathetic thump on the shoulder.","「毒だとわかっていても手放せないなんて」と悲し気に呟く君の肩を、{CARDNAME:1020}が労わる様に軽く叩いた。","「明知道有毒也还是舍不得放弃……」你痛苦地低声说道。{CARDNAME:1020} 轻轻拍了拍你的肩。"
"10009761","Orphaned Boy","親を亡くした男の子","孤儿男孩"
"10009762","""I'm gonna get rich and buy my sister all the yummy food she can eat!"" the boy tells you.","男の子は、「お金持ちになって、お姉ちゃんに美味しい食べ物をたくさんあげるんだ！」と言っている。","男孩对你说：「我要赚大钱，让姐姐想吃多少好吃的就吃多少！」"
"10009771","Manor","貴族の館","贵族宅邸"
"10009772","The aristocrat has already rewarded you. You doubt he'll be of any further aid.","約束の報酬はもらった。これ以上、ここに用はないだろう。","贵族已经给过报酬了。继续留在这里，大概也不会再有什么事。"
"10009781","{CARDNAME:91350}","{CARDNAME:91350}","{CARDNAME:91350}"
"10009782","{CARDNAME:91350}の人々は、依然として燃える水の利用をやめる気はないようだ。","{CARDNAME:91350}の人々は、依然として燃える水の利用をやめる気はないようだ。","{CARDNAME:91350}の人々は、依然として燃える水の利用をやめる気はないようだ。"
"10009791","{CHARACTERNAME:1010}","{CHARACTERNAME:1010}","{CHARACTERNAME:1010}"
"10009792","君達は、毒を放つ{CARDNAME:91350}から離れることにする。","君達は、毒を放つ{CARDNAME:91350}から離れることにする。","君達は、毒を放つ{CARDNAME:91350}から離れることにする。"
"10009801","{CARDNAME:91350}","{CARDNAME:91350}","{CARDNAME:91350}"
"10009802","The city has done nothing about the poison, and likely never will. Now that you've left, it would be safest if you never returned.","依然としてこの街は毒を放っている。街を離れたら、二度と近寄らない方が賢明だろう。","这座城市仍旧不断释放毒素，恐怕以后也不会改变。既然已经离开，最好再也别回来。"
"10009811","","",""
"10009812","You can no longer return to the {CARDNAME:91350}.","これ以降、{CARDNAME:91350}に
立ち寄れなくなります。","此后将无法再进入 {CARDNAME:91350}。"
"10009821","{CHARACTERNAME:1010} and Company","{CHARACTERNAME:1010}達一行","{CHARACTERNAME:1010} 一行"
"10009822","Your group surveys the land beyond the river that the aristocrat spoke of.","君達は、貴族が言っていた川の先を、見渡した。","你们望向贵族所说那条河的另一边。"
"10009831","{CHARACTERNAME:1010} and Company","{CHARACTERNAME:1010}達一行","{CHARACTERNAME:1010} 一行"
"10009832","He claimed that none who go there ever return, yet you've little choice but to brave what lies beyond.","「誰一人、戻ってこなかった」と言っていたが、行くしかないだろう。","他说从来没人能从那里回来。可事到如今，也只能继续前进。"
"10009841","River of Fire","火の川","火之河"
"10009842","A great river of tinderwater stretches out before you. While the liquid no longer burns, it would still be dangerous to attempt swimming.","眼前には、燃える水が流れる大きな川が横たわっている。炎は消えているが、泳ぐのは危険だろう。","眼前横着一条宽阔的燃水河。虽然火已经熄灭，但直接游过去依然很危险。"
"10009851","{CHARACTERNAME:1010}","{CHARACTERNAME:1010}","{CHARACTERNAME:1010}"
"10009852","You start to hesitate, thinking that there is no crossing, when {CARDNAME:1030} shouts, ""Da-nana-naaaa!""","この川は、渡れそうにない……と躊躇していると、{CARDNAME:1030}が「パンパカパーン」と叫ぶ。","你正为无路可过而犹豫，{CARDNAME:1030} 忽然大喊：「锵锵——！」"
"10009861","{CARDNAME:1030}","{CARDNAME:1030}","{CARDNAME:1030}"
"10009862","He is carrying an iron board—apparently having brought it back from the Lake of Fire.","{CARDNAME:1030}は大きな鉄の板を抱えていた。火の湖に落ちていた鉄板を持ち帰っていたのだ。","{CARDNAME:1030} 怀里抱着一大块铁板——看来是从火之湖捡回来的。"
"10009871","{CHARACTERNAME:1010}","{CHARACTERNAME:1010}","{CHARACTERNAME:1010}"
"10009872","Just as before, you and your allies decide to build a bridge across the river.","君達は以前と同じ要領で、鉄の橋を川に架けることにした。","你们决定像之前一样，用铁板在河上架一座桥。"
"10009881","Wasteland","荒れ地","荒地"
"10009882","Your group crosses the river, and as you celebrate, you take notice of the tough, rock-studded expanse of land stretching before you.","川を越えて、喜ぶ君達の目の前には、岩混じりの堅い地表が広がっている。","你们顺利过河，正高兴时，才注意到眼前是一片夹杂岩石、坚硬崎岖的土地。"
"10009891","Wasteland","荒れ地","荒地"
"10009892","Your sandskiff was made for moving over the sands, so it'll be difficult to go any farther aboard it.","砂の上を進む目的で作られた砂船では、これ以上進むのは難しいだろう。","砂船原本就是为在沙地上行驶而造的，再往前恐怕很难继续靠它前进。"
"10009901","","",""
"10009902","Part with the sandskiff?","砂船を手放すか？","要放弃砂船吗？"
"10009911","It's a Bother, Get Rid of It","邪魔になるから手放そう","太碍事了，扔掉吧"
"10009912","{CARDNAME:1040} bursts into tears. ""Poor sandskiff!"" Maybe give the matter a bit more thought.","「砂船　カワイソウ」と、{CARDNAME:1040}がわんわんと泣き出した。もう少し検討してみよう。","{CARDNAME:1040} 顿时嚎啕大哭：「砂船，可怜！」看来还是再想想吧。"
"10009921","Poor Sandskiff...","砂船がかわいそう……","砂船太可怜了……"
"10009922","The sandskiff has taken you so far, and you've gotten rather attached. You decide to give the matter a bit more thought.","ここまで頑張ってくれた砂船に、君はすでに愛着を持っている。もう少し検討してみることにした。","砂船一路载着你们走到这里，你也早已对它有了感情。还是再考虑一下吧。"
"10009931","Remodel It","改造しよう","改造它"
"10009932","You propose remodeling the sandskiff, and {CARDNAME:1030} is first to agree.","「砂船を改造しよう」と、君が提案すると、{CARDNAME:1030}が真っ先に同意する。","你提议改造砂船，{CARDNAME:1030} 第一个赞成。"
"10009941","{CARDNAME:1030}","{CARDNAME:1030}","{CARDNAME:1030}"
"10009942","{CARDNAME:1030}の眼は爛々と輝いている。","{CARDNAME:1030}の眼は爛々と輝いている。","{CARDNAME:1030}の眼は爛々と輝いている。"
"10009951","{CARDNAME:1020}","{CARDNAME:1020}","{CARDNAME:1020}"
"10009952","{CARDNAME:1020}'s face is uneasy as he mutters, ""Don't do anything weird to it.""","{CARDNAME:1020}は不安そうな顔で「変な改造はするなよ」と呟いた。","{CARDNAME:1020} 一脸不安地嘟囔：「别把它改得乱七八糟。」"
"10009961","{CARDNAME:1030}","{CARDNAME:1030}","{CARDNAME:1030}"
"10009962","{CARDNAME:1030} explains that three materials will be needed to convert the sandskiff.","{CARDNAME:1030}によると、砂船を改造するには三つの材料が必要らしい。","据 {CARDNAME:1030} 所说，改造砂船需要三种材料。"
"10009971","{CHARACTERNAME:1010} and Company","{CHARACTERNAME:1010}達一行","{CHARACTERNAME:1010} 一行"
"10009972","After some quick preparations, you decide to split up to locate what you need.","君達は、手早く準備を整えると、手分けして材料を集めることにした。","简单准备后，你们决定分头寻找所需材料。"
"10009981","","",""
"10009982","Your HP is fully healed!","君達のＨＰが、
全回復した！","你们的 HP 已完全恢复！"
"10009991","","",""
"10009992","The group splits up. Who will you check in on?","手分けをする君達。
誰の様子を見る？","大家分头行动。要去看看谁那边的情况？"
"10010001","{CHARACTERNAME:1010}","{CHARACTERNAME:1010}","{CHARACTERNAME:1010}"
"10010002","","",""
"10010011","{CARDNAME:1020}","{CARDNAME:1020}","{CARDNAME:1020}"
"10010012","","",""
"10010021","{CARDNAME:1040}","{CARDNAME:1040}","{CARDNAME:1040}"
"10010022","","",""
"10010031","","",""
"10010032","Everyone has left the party but {CHARACTERNAME:1010}.","パーティが{CHARACTERNAME:1010}
一人になりました。","队伍中只剩 {CHARACTERNAME:1010} 一人。"
"10010041","{CHARACTERNAME:1010}","{CHARACTERNAME:1010}","{CHARACTERNAME:1010}"
"10010042","{CARDNAME:1030} asks you to locate a <highlight>long, sturdy pole</highlight>.","君は、{CARDNAME:1030}から<highlight>頑丈な長い棒</highlight>を探してきて欲しい、と頼まれていた。","{CARDNAME:1030} 拜托你寻找一根<highlight>又长又结实的杆子</highlight>。"
"10010051","{CHARACTERNAME:1010}","{CHARACTERNAME:1010}","{CHARACTERNAME:1010}"
"10010052","{CARDNAME:1040} dashes off to the south, so you decide to head north so that you all can cover more ground.","{CARDNAME:1040}が南に駆けていくのが見えたので、手分けをするため、君は北の方角に向かうことにする。","你看见 {CARDNAME:1040} 向南跑去，便决定往北找，好分头行动。"
"10010061","{CHARACTERNAME:1010}","{CHARACTERNAME:1010}","{CHARACTERNAME:1010}"
"10010062","It's dangerous to go too far alone. Try searching for a <highlight>sturdy pole</highlight> somewhere nearby.","一人で遠くに行き過ぎるのは危険だ。近場で<highlight>頑丈な長い棒</highlight>を探そう。","一个人走太远很危险。就在附近找找<highlight>结实的长杆</highlight>吧。"
"10010071","{CHARACTERNAME:1010}","{CHARACTERNAME:1010}","{CHARACTERNAME:1010}"
"10010072","It's dangerous to go to the Lake of Fire alone. Try searching for a <highlight>sturdy pole</highlight> somewhere nearby.","火の湖に一人で入るのは危険だ。近場で<highlight>頑丈な長い棒</highlight>を探そう。","一个人去火之湖太危险。就在附近找找<highlight>结实的长杆</highlight>吧。"
"10010081","{CHARACTERNAME:1010}","{CHARACTERNAME:1010}","{CHARACTERNAME:1010}"
"10010082","Perhaps because you're by yourself for the first time in a long while, the solitary search makes you feel a bit lonesome.","材料探しに出た君は、久々に一人になったせいか少し心細く感じている。","久违地独自行动，找着找着，你不禁有些寂寞。"
"10010091","{CHARACTERNAME:1010}","{CHARACTERNAME:1010}","{CHARACTERNAME:1010}"
"10010092","Your thoughts drift inexorably to your comrades.","君は、自然と仲間達のことを考えた。","你自然而然地想起了同伴们。"
"10010101","","",""
"10010102","Who do you think of?","誰のことを考えた？","你想起了谁？"
"10010111","{CHARACTERNAME:1010}","{CHARACTERNAME:1010}","{CHARACTERNAME:1010}"
"10010112","Your thoughts turn to {CARDNAME:1020}.","君は、{CARDNAME:1020}のことを
考えた。","你想起了 {CARDNAME:1020}。"
"10010121","{CARDNAME:1020}","{CARDNAME:1020}","{CARDNAME:1020}"
"10010122","{CARDNAME:1020} can be somewhat brusque, but deep down, he's a supportive person. He seems to care for {CARDNAME:1030} and {CARDNAME:1040}, too.","{CARDNAME:1020}は少し無愛想だがとても面倒見がいい。{CARDNAME:1030}や{CARDNAME:1040}のことも気遣っているようだ。","{CARDNAME:1020} 虽然有些冷淡，却很会照顾人，似乎也一直关心着 {CARDNAME:1030} 和 {CARDNAME:1040}。"
"10010131","{CARDNAME:1020}","{CARDNAME:1020}","{CARDNAME:1020}"
"10010132","From time to time, though, you spot a lonely, sad look on his face—perhaps due to his difficult past, being treated like human livestock.","ただ、彼は時折寂しげな表情を見せる。家畜扱いされていたという過去に関係があるのだろうか……","不过，他偶尔会露出寂寞而悲伤的神情。或许与那段被当作牲畜对待的过去有关……"
"10010141","{CHARACTERNAME:1010}","{CHARACTERNAME:1010}","{CHARACTERNAME:1010}"
"10010142","Your thoughts turn to {CARDNAME:1030}.","君は、{CARDNAME:1030}のことを
考えた。","你想起了 {CARDNAME:1030}。"
"10010151","{CARDNAME:1030}","{CARDNAME:1030}","{CARDNAME:1030}"
"10010152","{CARDNAME:1030}'s breadth of knowledge has been an incredible boon. And also a headache, since said knowledge is the source of his unceasing chatter.","{CARDNAME:1030}の知識にはとても助けられている。ただ、その知識量のせいか、お喋りが止まらないのが玉に瑕だ。","{CARDNAME:1030} 的学识帮了大忙。美中不足的是，也正因为懂得太多，他的话总是说个没完。"
"10010161","{CARDNAME:1030}","{CARDNAME:1030}","{CARDNAME:1030}"
"10010162","While he's typically an affable fellow, you do sometimes spot an unexpected iciness in his expression. Perhaps it comes from his hatred of monsters...","普段はとても愛想がいい彼だが、時々ふっと冷たい顔をすることがある。魔物への憎悪ゆえだろうか……","他平时待人和气，偶尔却会忽然露出冰冷的神情。或许是因为他对魔物的憎恨……"
"10010171","{CHARACTERNAME:1010}","{CHARACTERNAME:1010}","{CHARACTERNAME:1010}"
"10010172","Your thoughts turn to {CARDNAME:1040}.","君は、{CARDNAME:1040}のことを
考えた。","你想起了 {CARDNAME:1040}。"
"10010181","{CARDNAME:1040}","{CARDNAME:1040}","{CARDNAME:1040}"
"10010182","Her awkward way of speaking somehow only accentuates her sweetness. On top of that, she cares deeply about her companions and has tenacity to spare.","{CARDNAME:1040}は、そのたどたどしい話し方も相まって、とてもかわいらしい。それに仲間思いで頑張り屋だ。","{CARDNAME:1040} 说话磕磕绊绊，反倒更显可爱。她又重情重义，做什么都很拼命。"
"10010191","{CARDNAME:1040}","{CARDNAME:1040}","{CARDNAME:1040}"
"10010192","And back when you faced the Flame Primal, she pushed herself so hard to save you from certain death. You can't help but be a little concerned about her...","炎の神獣と戦った時も、体を張って助けてくれた。少しだけ気になることはあるが……","与炎之神兽战斗时，她也曾拼命护住你，把你从死亡边缘救了回来。只是，你多少还是有些担心她……"
"10010201","{CHARACTERNAME:1010}","{CHARACTERNAME:1010}","{CHARACTERNAME:1010}"
"10010202","Your crew of friends has grown little by little, but with them at your side, you no longer feel as lonely as you once did.","成り行きで増えた仲間だが君は、みんながいるお陰で寂しく感じることはなくなっていた。","一路上阴差阳错多了不少同伴。有大家在身边，你已不像从前那样感到孤单。"
"10010211","{CHARACTERNAME:1010}","{CHARACTERNAME:1010}","{CHARACTERNAME:1010}"
"10010212","While you were lost in thought, a monster has found you!","君が物思いにふけっていると突然、魔物が現れた！","你正出神时，一只魔物突然出现！"
"10010221","","",""
"10010222","Fight the monster?","この魔物と戦うか？","要和魔物战斗吗？"
"10010231","You're Alone, Run For It","一人なので逃げる","孤身一人，逃跑"
"10010232","Fighting alone would be a one-way ticket to a cracked skull, so you get ready to take off running—but then you spot the brute's weapon.","一人では危険だ。そう判断し、逃げようとした君の目に、魔物が手にした武器が留まった。","一个人硬拼只会吃亏。你正准备逃走，却忽然注意到魔物手里的武器。"
"10010241","Monster","魔物","魔物"
"10010242","Its handle is a <highlight>long, sturdy-looking pole</highlight>—the exact kind that {CARDNAME:1030} needs!","柄の部分が、<highlight>頑丈な長い棒</highlight>のように見える。{CARDNAME:1030}から頼まれていたものにピッタリだ。","武器的柄看起来正是<highlight>又长又结实的杆子</highlight>——完全符合 {CARDNAME:1030} 的要求！"
"10010251","{CHARACTERNAME:1010}","{CHARACTERNAME:1010}","{CHARACTERNAME:1010}"
"10010252","You decide to fight the monster.","君は、この魔物と戦うことにした。","你决定和魔物战斗。"
"10010261","You're Alone, Fight Anyway","一人だけど戦う","孤身一人，也要战斗"
"10010262","You decide to summon up all your courage and fight.","君は勇気を振り絞って立ち向かう事にした。","你鼓起勇气，决定迎战。"
"10010271","Monster","魔物","魔物"
"10010272","The monster brandishes a weapon whose handle is a <highlight>long, sturdy-looking pole</highlight>—the exact kind {CARDNAME:1030} needs.","魔物が手にしている武器の柄が、{CARDNAME:1030}から頼まれていた<highlight>頑丈な長い棒</highlight>にピッタリだったからだ。","魔物手中武器的柄，恰好就是 {CARDNAME:1030} 要找的<highlight>结实长杆</highlight>。"
"10010281","{CHARACTERNAME:1010}","{CHARACTERNAME:1010}","{CHARACTERNAME:1010}"
"10010282","Your battle with the monster has landed you a <highlight>long, sturdy pole</highlight> that {CARDNAME:1030} should be happy with.","魔物との戦いで、{CARDNAME:1030}が喜びそうな<highlight>頑丈な長い棒</highlight>を手に入れた。","打倒魔物后，你得到了一根 {CARDNAME:1030} 应该会满意的<highlight>结实长杆</highlight>。"
"10010291","{CHARACTERNAME:1010}","{CHARACTERNAME:1010}","{CHARACTERNAME:1010}"
"10010292","Having done what you set out to do, you decide to head back to the sandskiff.","目的を果たした君は、砂船に戻る事にした。","目的已经达成，你决定回到砂船。"
"10010301","","",""
"10010302","Check in on someone else?","他の仲間の様子も
見るか？","要去看看其他同伴吗？"
"10010311","Check on {CHARACTERNAME:1010}","{CHARACTERNAME:1010}の様子を見る","去看 {CHARACTERNAME:1010}"
"10010312","","",""
"10010321","Check on {CARDNAME:1020}","{CARDNAME:1020}の様子を見る","去看 {CARDNAME:1020}"
"10010322","","",""
"10010331","Check on {CARDNAME:1040}","{CARDNAME:1040}の様子を見る","去看 {CARDNAME:1040}"
"10010332","","",""
"10010341","Don't Check on Anyone","見ない","谁也不看"
"10010342","","",""
"10010351","","",""
"10010352","Everyone has left the party but {CARDNAME:1020}.","パーティが{CARDNAME:1020}
一人になりました。","队伍中只剩 {CARDNAME:1020} 一人。"
"10010361","{CARDNAME:1020}","{CARDNAME:1020}","{CARDNAME:1020}"
"10010362","{CARDNAME:1030} asks {CARDNAME:1020} to find <highlight>something that could be used as wheels</highlight>.","{CARDNAME:1020}は、{CARDNAME:1030}から<highlight>車輪のようなもの</highlight>を探してきて欲しいと頼まれていた。","{CARDNAME:1030} 拜托 {CARDNAME:1020} 寻找<highlight>能当作车轮的东西</highlight>。"
"10010371","{CARDNAME:1020}","{CARDNAME:1020}","{CARDNAME:1020}"
"10010372","{CARDNAME:1020} is skeptical that something like that will just be lying around, but he sets off to look nonetheless.","そんな都合の良いものがそうあるものか、と{CARDNAME:1020}は思ったが……","{CARDNAME:1020} 虽觉得这种东西哪会正好掉在路边，还是动身去找了。"
"10010381","","",""
"10010382","Where will you search?","どこに探しに行く？","要去哪里找？"
"10010391","Sand Ruins","砂の遺跡に探しに行く","砂之遗迹"
"10010392","{CARDNAME:1020} doesn't think there'd be anything wheel-like there...","あそこには車輪のようなものは無かった気がする……","{CARDNAME:1020} 觉得那里应该没有像车轮的东西……"
"10010401","Mine","鉱山に探しに行く","矿山"
"10010402","{CARDNAME:1020} recalls that there was a cart in the {CARDNAME:92320} near {CARDNAME:91320}.","{CARDNAME:1020}は、{CARDNAME:91320}近くにある{CARDNAME:92320}に、トロッコがあったことを思い出した。","{CARDNAME:1020} 想起，{CARDNAME:91320} 附近的 {CARDNAME:92320} 里有矿车。"
"10010411","{CARDNAME:1020}","{CARDNAME:1020}","{CARDNAME:1020}"
"10010412","Though hesitant to return to such a dangerous place, he can't make excuses when he thinks of how hard a certain subterran must be searching.","危険な場所に戻るのは躊躇われたが、手分けして探している{CHARACTERNAME:1010}の事も
考えると無下にできない。","虽然不太想再回那种危险之地，但想到 {CHARACTERNAME:1010} 也在拼命寻找，{CARDNAME:1020} 便不好推脱。"
"10010421","Go Search the Mine","鉱山に探しに行く","去矿山寻找"
"10010422","He decides to take the sandskiff alone back to the {CARDNAME:92320}.","{CARDNAME:1020}は、一人で砂船を漕いで、{CARDNAME:92320}に向かってみることにした。","{CARDNAME:1020} 决定独自划着砂船前往 {CARDNAME:92320}。"
"10010431","Lake of Fire","火の湖に探しに行く","火之湖"
"10010432","{CARDNAME:1020} doesn't think there'd be anything wheel-like there...","あそこには車輪のようなものは無かった気がする……","{CARDNAME:1020} 觉得那里应该没有像车轮的东西……"
"10010441","{CARDNAME:1020}","{CARDNAME:1020}","{CARDNAME:1020}"
"10010442","You need to hurry up and find some wheels.","ここでさっさと、車輪を見つけてしまおう。","得赶快把车轮找到。"
"10010451","Mine Cart","トロッコ","矿车"
"10010452","There is indeed a cart in the mine as {CARDNAME:1020} recalled. And, as one would imagine, it has wheels.","{CARDNAME:1020}が思った通り、鉱山にはトロッコがあった。当然、車輪がついている。","正如 {CARDNAME:1020} 所记得的，矿山里确实有矿车。当然，也装着车轮。"
"10010461","{CARDNAME:1020}","{CARDNAME:1020}","{CARDNAME:1020}"
"10010462","{CARDNAME:1020} attempts to remove the wheels from the mine cart...","{CARDNAME:1020}はトロッコから車輪を取り外そうとした。すると……","{CARDNAME:1020} 正要拆下矿车的车轮……"
"10010471","Monster","魔物","魔物"
"10010472","...but suddenly, a monster emerges from behind it!","トロッコの陰から魔物が飛び出してきた！","……魔物突然从矿车后面扑了出来！"
"10010481","{CARDNAME:1020}","{CARDNAME:1020}","{CARDNAME:1020}"
"10010482","With the monster defeated, {CARDNAME:1020} collects the <highlight>mine cart wheels</highlight>.","魔物を倒した{CARDNAME:1020}は、無事に<highlight>トロッコの車輪</highlight>を手に入れた。","打倒魔物后，{CARDNAME:1020} 顺利拿到了<highlight>矿车车轮</highlight>。"
"10010491","Monster","魔物","魔物"
"10010492","The slain monster's eyes are wide open.","倒した魔物の目は見開かれている……","倒下的魔物双眼仍大睁着。"
"10010501","","",""
"10010502","Now what?","魔物をどうする？","怎么办？"
"10010511","Shut Its Eyes","まぶたを閉じてやる","替它合上眼睛"
"10010512","{CARDNAME:1020} gently closes the monster's eyes.","{CARDNAME:1020}は魔物のまぶたをそっと閉じてやった。","{CARDNAME:1020} 轻轻合上了魔物的双眼。"
"10010521","Leave It","放置する","不管它"
"10010522","{CARDNAME:1020} turns away from the monster.","{CARDNAME:1020}は魔物から目を逸らした。","{CARDNAME:1020} 移开了视线。"
"10010531","{CARDNAME:1020}","{CARDNAME:1020}","{CARDNAME:1020}"
"10010532","""...Sorry.""","「……すまない」","「……抱歉。」"
"10010541","{CARDNAME:1020}","{CARDNAME:1020}","{CARDNAME:1020}"
"10010542","Having done what he set out to do, {CARDNAME:1020} decides to head back to the sandskiff.","目的を果たした{CARDNAME:1020}は砂船に戻る事にした。","目的已经达成，{CARDNAME:1020} 决定回到砂船。"
"10010551","","",""
"10010552","Everyone has left the party but {CARDNAME:1040}.","パーティが{CARDNAME:1040}
一人になりました。","队伍中只剩 {CARDNAME:1040} 一人。"
"10010561","{CARDNAME:1040}","{CARDNAME:1040}","{CARDNAME:1040}"
"10010562","{CARDNAME:1030} asks {CARDNAME:1040} to find some <highlight>durable cord</highlight>.","{CARDNAME:1040}は、{CARDNAME:1030}から
<highlight>丈夫な紐</highlight>を探してきて欲しいと頼まれていた。","{CARDNAME:1030} 拜托 {CARDNAME:1040} 寻找<highlight>结实的绳子</highlight>。"
"10010571","{CARDNAME:1040}","{CARDNAME:1040}","{CARDNAME:1040}"
"10010572","紐の詳細を{CARDNAME:1030}が言い終える前に、{CARDNAME:1040}は
「丈夫！ワカッタ！」
と走り出す。","紐の詳細を{CARDNAME:1030}が言い終える前に、{CARDNAME:1040}は
「丈夫！ワカッタ！」
と走り出す。","紐の詳細を{CARDNAME:1030}が言い終える前に、{CARDNAME:1040}は
「丈夫！ワカッタ！」
と走り出す。"
"10010581","{CARDNAME:1040}","{CARDNAME:1040}","{CARDNAME:1040}"
"10010582","Despite feeling a little sluggish, {CARDNAME:1040} takes off to the south, eager to help the group.","{CARDNAME:1040}は、少し体が重たいように感じていたが、皆の役に立とうと張り切って南に駆けていく。","{CARDNAME:1040} 虽觉得身体有些沉，还是为了帮上大家，兴冲冲地朝南跑去。"
"10010591","{CARDNAME:1040}","{CARDNAME:1040}","{CARDNAME:1040}"
"10010592","{CARDNAME:1040} wanders the area searching for some durable cord or rope, but turns up nothing...","{CARDNAME:1040}はあたりをうろつきながら「丈夫な紐」を探したが、見つからない……","{CARDNAME:1040} 在附近到处找结实的绳子，却一无所获……"
"10010601","{CARDNAME:1030}","{CARDNAME:1030}","{CARDNAME:1030}"
"10010602","{CARDNAME:1030} says, ""You take care of gathering everything we need! I'll stay here and draw up the plans.""","{CARDNAME:1030}は「素材集め、よろしくお願いしますね！ボクは設計図を引いておきますので」と言っている。","{CARDNAME:1030} 说道：「收集材料就拜托你们了！我留在这里画设计图。」"
"10010611","{CARDNAME:1040}","{CARDNAME:1040}","{CARDNAME:1040}"
"10010612","It would be dangerous to go too far alone. Look for some <highlight>durable cord</highlight> nearby.","一人で遠くに行き過ぎるのは危険だ。近場で<highlight>丈夫な紐</highlight>を探そう。","一个人走太远很危险。就在附近找找<highlight>结实的绳子</highlight>吧。"
"10010621","{CARDNAME:1040}","{CARDNAME:1040}","{CARDNAME:1040}"
"10010622","It would be dangerous to enter the {CARDNAME:92340} alone. Look for some <highlight>durable cord</highlight> nearby.","{CARDNAME:92340}に一人で入るのは危険だ。近場で<highlight>丈夫な紐</highlight>を探そう。","一个人进入 {CARDNAME:92340} 太危险。就在附近找找<highlight>结实的绳子</highlight>吧。"
"10010631","","",""
"10010632","What now?","どうする？","怎么办？"
"10010641","付近を探す","付近を探す","付近を探す"
"10010642","{CARDNAME:1040}は付近で丈夫な紐を必死で探したが、見つからなかった。","{CARDNAME:1040}は付近で丈夫な紐を必死で探したが、見つからなかった。","{CARDNAME:1040}は付近で丈夫な紐を必死で探したが、見つからなかった。"
"10010651","Find a Plant to Make Into Rope","紐になりそうな植物を探す","找能搓成绳子的植物"
"10010652","{CARDNAME:1040} looks around, trying to find a plant that she could braid into rope. The region is so arid, though, that it proves a futile effort.","{CARDNAME:1040}は紐になりそうな植物を探したが、ここは乾燥地帯……見つける事はできなかった。","{CARDNAME:1040} 四处寻找能编成绳子的植物，可这里实在太过干旱，最终一无所获。"
"10010661","Look In Tralis's Things","自身の手荷物の中を探す","翻翻自己的行李"
"10010662","{CARDNAME:1040} rummages through her possessions, looking for some <highlight>durable cord</highlight>.","{CARDNAME:1040}は<highlight>丈夫な紐</highlight>を探して、自身の手荷物を漁る。","{CARDNAME:1040} 翻起行李，寻找<highlight>结实的绳子</highlight>。"
"10010671","{CARDNAME:1040}","{CARDNAME:1040}","{CARDNAME:1040}"
"10010672","Inside, she finds a <highlight>whip</highlight> from her apprenticeship.","すると中から、年季の入った<highlight>鞭</highlight>が出てきた。","她从里面找到了一条学艺时用过的<highlight>鞭子</highlight>。"
"10010681","{CARDNAME:1040}","{CARDNAME:1040}","{CARDNAME:1040}"
"10010682","She must have brought it along by mistake. It once belonged to the ringmaster of the circus.","どうやら、サーカス団の団長が使っていたものを、間違えて持ってきてしまったらしい。","看来是她不小心带来的。这条鞭子原本属于马戏团团长。"
"10010691","{CARDNAME:1040}","{CARDNAME:1040}","{CARDNAME:1040}"
"10010692","Looking over the whip brings back memories.","{CARDNAME:1040}は鞭を見ていると優しかった団長の事を思い出した。","看着鞭子，{CARDNAME:1040} 想起了往事。"
"10010701","{CARDNAME:1040}","{CARDNAME:1040}","{CARDNAME:1040}"
"10010702","The ringmaster was...","「団長……」","团长是……"
"10010711","""Good Person!""","「良イ　ヒト！」","「好人！」"
"10010712","""Ringmaster smell like animals. Good person!""
","「団長　ドウブツ　ミタイ　ニオイ　スル……
良イ　ヒト！」","「团长，身上有动物味……好人！」"
"10010721","""Fantastic Person!""","「素敵ナ　ヒト！」","「很棒的人！」"
"10010722","""Ringmaster smell like animals. Fantastic person!""
","「団長　ドウブツ　ミタイ　ニオイ　スル……
素敵ナ　ヒト！」","「团长，身上有动物味……很棒的人！」"
"10010731","{CARDNAME:1040}","{CARDNAME:1040}","{CARDNAME:1040}"
"10010732","{CARDNAME:1040} spends some time reminiscing as she gazes at the whip, but then realizes...","しばらく団長の思い出の鞭を眺めていた{CARDNAME:1040}だったが……","{CARDNAME:1040} 对着承载回忆的鞭子看了好一会儿，忽然意识到……"
"10010741","{CARDNAME:1040}","{CARDNAME:1040}","{CARDNAME:1040}"
"10010742","""Not cord,"" she says, tossing it away.","「コレ　ヒモ　違ウ」と言って、鞭をポイっと投げ捨てた。","「这个，不是绳子。」说完，她随手把鞭子扔了。"
"10010751","{CARDNAME:1040}","{CARDNAME:1040}","{CARDNAME:1040}"
"10010752","""......""","「…………」","「……」"
"10010761","""...Hey, wait.""","「……アレ？」","「……咦？」"
"10010762","""...Hey, wait. Whip strong... Could be a cord!""","「アレ？　ムチ　丈夫　トテモ……　ヒモ　ナル！」","「咦？鞭子，很结实……能当绳子！」"
"10010771","""...Hold it.""","「……ン？」","「……嗯？」"
"10010772","""...Hold it. Whip strong... Could be a cord!""","「ン？　ムチ　丈夫　トテモ……　ヒモ　ナル！」","「嗯？鞭子，很结实……能当绳子！」"
"10010781","{CARDNAME:1040}","{CARDNAME:1040}","{CARDNAME:1040}"
"10010782","Realizing that a whip could work in place of a cord, {CARDNAME:1040} decides to return to the sandskiff.","鞭が紐代わりになると気付いた{CARDNAME:1040}は、砂船に引き返す事にした。","发现鞭子可以代替绳子后，{CARDNAME:1040} 决定回到砂船。"
"10010791","{CHARACTERNAME:1010}","{CHARACTERNAME:1010}","{CHARACTERNAME:1010}"
"10010792","With what {CARDNAME:1030} requested in hand, you beat feet to meet back up with the others.","君は、{CARDNAME:1030}からの依頼の品を手に、仲間と合流するため足を早める。","拿到 {CARDNAME:1030} 要的东西后，你加快脚步去和大家会合。"
"10010801","{CHARACTERNAME:1010}","{CHARACTERNAME:1010}","{CHARACTERNAME:1010}"
"10010802","It's much too dangerous to go too far alone. You should hurry back to your comrades.","一人で遠くに行き過ぎるのは危険だ。早く仲間達と合流しよう。","一个人走太远实在危险。赶快回去和同伴会合吧。"
"10010811","{CHARACTERNAME:1010}","{CHARACTERNAME:1010}","{CHARACTERNAME:1010}"
"10010812","It's too dangerous to enter the {CARDNAME:92340} alone. Hurry back and meet up with your friends.","{CARDNAME:92340}に一人で入るのは危険だ。早く仲間達と合流しよう。","一个人进入 {CARDNAME:92340} 太危险。赶快回去和同伴会合吧。"
"10010821","{CHARACTERNAME:1010} and Company","{CHARACTERNAME:1010}達一行","{CHARACTERNAME:1010} 一行"
"10010822","The group meets back up, having gathered all three of the things needed to modify the sandskiff.","合流した君達は、{CARDNAME:1030}に指定された、砂船の改造に必要な三つの材料を持ち寄った。","众人重新会合，凑齐了 {CARDNAME:1030} 指定的三样砂船改造材料。"
"10010831","{CHARACTERNAME:1010} and Company","{CHARACTERNAME:1010}達一行","{CHARACTERNAME:1010} 一行"
"10010832","You've brought the <highlight>sturdy pole</highlight>, {CARDNAME:1020} has the <highlight>wheels</highlight>, and {CARDNAME:1040} has the <highlight>whip</highlight>.","君は<highlight>頑丈な棒</highlight>、
{CARDNAME:1020}は<highlight>車輪</highlight>、
{CARDNAME:1040}は<highlight>鞭</highlight>を、
それぞれ持ってきている。","你带来了<highlight>结实的长杆</highlight>，{CARDNAME:1020} 带来了<highlight>车轮</highlight>，{CARDNAME:1040} 则带来了<highlight>鞭子</highlight>。"
"10010841","{CARDNAME:1030}","{CARDNAME:1030}","{CARDNAME:1030}"
"10010842","""Are you sure I can use your whip?"" {CARDNAME:1030} asks, and {CARDNAME:1040} gives a little nod.","「鞭を使っちゃっていいんですか？」と、{CARDNAME:1030}が尋ねると、{CARDNAME:1040}は小さく頷いた。","{CARDNAME:1030} 问：「鞭子真的可以拿来用吗？」{CARDNAME:1040} 轻轻点了点头。"
"10010851","{CARDNAME:1040}","{CARDNAME:1040}","{CARDNAME:1040}"
"10010852","""Accidentally brought... Lots of ringmaster's whips...""","「マチガエテ　モッテキタ……団長ノムチ　タクサン……」","「不小心，带来了……团长的鞭子，好多……」"
"10010861","{CARDNAME:1040}","{CARDNAME:1040}","{CARDNAME:1040}"
"10010862","{CARDNAME:1040} turns her bag upside-down, and as advertised, a number of whips tumble to the ground.","{CARDNAME:1040}が持ち物をひっくり返すと、言葉通り、そこから大量の鞭がどさどさっと落ちてきた。","{CARDNAME:1040} 把行李整个倒过来，果然哗啦啦掉出一大堆鞭子。"
"10010871","{CARDNAME:1020}","{CARDNAME:1020}","{CARDNAME:1020}"
"10010872","""Doesn’t your ringmaster need these?"" {CARDNAME:1020} gets a distant look on his face.","「団長、困ってるんじゃないか……？」と、{CARDNAME:1020}は遠い目をした。","「你们团长不会正缺这些吧……？」{CARDNAME:1020} 目光飘向远处。"
"10010881","{CARDNAME:1030}","{CARDNAME:1030}","{CARDNAME:1030}"
"10010882","A bit of pep in his step, {CARDNAME:1030} starts zipping around the sandskiff making modifications.","{CARDNAME:1030}はいそいそと砂船の改造を始める……","{CARDNAME:1030} 兴冲冲地开始改造砂船。"
"10010891","","",""
"10010892","A few hours later...","ー数時間後ー","——数小时后——"
"10010901","{CARDNAME:105431}","{CARDNAME:105431}","{CARDNAME:105431}"
"10010902","The modifications to the sandskiff are finished. The vehicle should be able to pass through the rocky wasteland without issue now.","砂船の改造が終了した。これなら岩混じりの荒れ地も問題なく進めるだろう。","砂船改造完成。这样一来，夹杂岩石的荒地也能顺利通过了。"
"10010911","{CHARACTERNAME:1010} and Company","{CHARACTERNAME:1010}達一行","{CHARACTERNAME:1010} 一行"
"10010912","The group is thrilled, but suddenly—","君達は無事に砂船が改造できて喜んでいる。しかし、その時……","大家正为砂船顺利改造而高兴。可就在这时……"
"10010921","{CARDNAME:1040}","{CARDNAME:1040}","{CARDNAME:1040}"
"10010922","{CARDNAME:1040} collapses!","突然、{CARDNAME:1040}が倒れてしまった！","{CARDNAME:1040} 突然倒下了！"
"10010931","{CARDNAME:1030}","{CARDNAME:1030}","{CARDNAME:1030}"
"10010932","{CARDNAME:1030} hurries over to examine her. Somehow, she's suffering the effects of tinderwater poison.","{CARDNAME:1030}が急いで{CARDNAME:1040}を診察する。どうやら、燃える水の毒に侵されているようだ。","{CARDNAME:1030} 急忙上前为 {CARDNAME:1040} 诊察。她似乎中了燃水之毒。"
"10010941","","",""
"10010942","She looks as though she's in a lot of pain.","{CARDNAME:1040}は苦しそうだ……","{CARDNAME:1040} 看起来十分痛苦……"
"10010951","{CARDNAME:1040}...","{CARDNAME:1040}……","{CARDNAME:1040}……"
"10010952","Beyond holding her close and squeezing her hand, there is little else you can do for {CARDNAME:1040}.","君は{CARDNAME:1040}のそばに寄り添って、手を握ってあげることしかできない。","除了陪在 {CARDNAME:1040} 身边，紧紧握住她的手，你什么也做不了。"
"10010961","It's Because of the Fight...!","あの時……！","是因为那场战斗……！"
"10010962","You hold {CARDNAME:1040} close, but can do little else. This does turn your thoughts back to the events at the Lake of Fire...","君は{CARDNAME:1040}のそばに寄り添うが、何もしてあげられない。
そういえばあの時……","你守在 {CARDNAME:1040} 身旁，却帮不上什么忙。这让你想起了火之湖发生的事……"
"10010971","{CHARACTERNAME:1010}","{CHARACTERNAME:1010}","{CHARACTERNAME:1010}"
"10010972","The battle with the Flame Primal flashes through your mind.","脳裏に、炎の神獣との戦いがよぎる……","与炎之神兽交战的一幕闪过脑海。"
"10010981","{CARDNAME:1040}","{CARDNAME:1040}","{CARDNAME:1040}"
"10010982","During the struggle, {CARDNAME:1040} threw herself in harm's way to protect you from the primal's attack.","炎の神獣と戦った際に、{CARDNAME:1040}は君を神獣の攻撃から庇っている……","当时，{CARDNAME:1040} 挺身挡在你面前，替你承受了神兽的攻击。"
"10010991","{CARDNAME:1040}","{CARDNAME:1040}","{CARDNAME:1040}"
"10010992","The poison must have entered her body through the wound she sustained in the process.","その時の傷口から、毒が入り込んだのだろう……","毒大概就是从那时留下的伤口侵入体内的……"
"10011001","{CARDNAME:1040}","{CARDNAME:1040}","{CARDNAME:1040}"
"10011002","Despite downing some of {CARDNAME:1030}'s medicine, {CARDNAME:1040} remains languid. It seems that the effect isn't very strong.","{CARDNAME:1030}が調合した薬を飲ませたものの、{CARDNAME:1040}はぐったりしている。効き目は薄いようだ。","虽给 {CARDNAME:1040} 喝下了 {CARDNAME:1030} 调制的药，她依旧浑身无力。看来药效并不强。"
"10011011","{CHARACTERNAME:1010} and Company","{CHARACTERNAME:1010}達一行","{CHARACTERNAME:1010} 一行"
"10011012","""She needs a sanitary place to rest,"" {CARDNAME:1030} says, and the group decides to try to find one.","「清潔な場所で休ませないと」と言う{CARDNAME:1030}の指示で君達は{CARDNAME:1040}が休める場所を探すことにした。","{CARDNAME:1030} 说：「得让她在干净的地方休息。」于是众人决定去找能让 {CARDNAME:1040} 休息的地方。"
"10011021","","",""
"10011022","{CARDNAME:1020} and {CARDNAME:1030} have joined the party.","{CARDNAME:1020}と{CARDNAME:1030}が
戦闘メンバーに
加わりました。","{CARDNAME:1020} 和 {CARDNAME:1030} 加入了队伍。"
"10011031","{CARDNAME:91350}","{CARDNAME:91350}","{CARDNAME:91350}"
"10011032","The poison continues to issue forth from the city. Considering the danger, it would be wise to give the place a wide berth.","依然としてこの街は毒を放っており、危険だ。近寄らない方が賢明だろう。","城里仍不断散发毒气，十分危险。最好离远一些。"
"10011041","Ruins","遺跡","遗迹"
"10011042","These appear to be some kind of old ruins—not likely a village with a skilled apothecary. You need to hurry and find the village to get {CARDNAME:1040} some help.","ここは遺跡のようだ。凄腕の薬剤師がいるという村ではないだろう。{CARDNAME:1040}のために早く村を見つけなければ。","这里看起来是座古老遗迹，不像有高明药剂师居住的村子。为了 {CARDNAME:1040}，得赶快找到那座村子。"
"10011051","Village","村","村子"
"10011052","You locate a small village. This is probably the place the merchant mentioned, where the apothecary lives. However...","君達は、小さな村を見つけた。おそらくここが商人の男が言っていた薬剤師がいる村だろう。しかし……","你们找到了一座小村庄。这里多半就是商人说的、药剂师居住的村子。然而……"
"10011061","Monsters","魔物","魔物"
"10011062","Monsters suddenly appear—and they're headed straight for the town!","魔物が村を襲撃しようと、飛び出してきた！","魔物突然出现，直冲村庄而去！"
"10011071","{CHARACTERNAME:1010} and Company","{CHARACTERNAME:1010}達一行","{CHARACTERNAME:1010} 一行"
"10011072","You can't let them attack the town—for {CARDNAME:1040}'s sake, too. You take off running to stop the monsters.","{CARDNAME:1040}のためにも、この村を襲わせるわけにはいかない。君達は魔物達を止めるため、駆け出した。","为了 {CARDNAME:1040}，也绝不能让它们袭击村子。你们立刻冲上前阻止魔物。"
"10011081","{CHARACTERNAME:1010} and Company","{CHARACTERNAME:1010}達一行","{CHARACTERNAME:1010} 一行"
"10011082","Unbeknownst to any, you manage to avert the danger. Now, {CARDNAME:1040} needs help. Hurry into the village!","君達は、村の危機を人知れず防いだ。{CARDNAME:1040}のために早く村に入ろう。","你们悄无声息地化解了村子的危机。现在得赶快进村，为 {CARDNAME:1040} 求助！"
"10011091","{CHARACTERNAME:1010} and {CARDNAME:1020}","{CHARACTERNAME:1010}と{CARDNAME:1020}","{CHARACTERNAME:1010} 和 {CARDNAME:1020}"
"10011092","You and {CARDNAME:1020} enter the village, leaving {CARDNAME:1030} caring for {CARDNAME:1040} on the sandskiff.","君と{CARDNAME:1020}は、動けない{CARDNAME:1040}と、その看病をする{CARDNAME:1030}を砂船に残して、村に入った。","你和 {CARDNAME:1020} 进入村子，把行动不便的 {CARDNAME:1040} 和照料她的 {CARDNAME:1030} 留在砂船上。"
"10011101","","",""
"10011102","{CARDNAME:1030} has left the party.","{CARDNAME:1030}が
戦闘メンバーから
外れました。","{CARDNAME:1030} 离开了队伍。"
"10011111","Kind Old Man","村人・親切そうな老人","和善的老人"
"10011112","No sooner do you enter the village than a man's voice calls out to you. ""This here's the {CARDNAME:91360}. Make yourself at home and rest your wearied spirits.""","村に入ると、すぐに村人に声をかけられる。
「ここは{CARDNAME:91360}です。ごゆっくりどうぞ」と。","刚进村，一名村民便迎了上来：「这里是 {CARDNAME:91360}。请好好歇歇，放松一下吧。」"
"10011121","Kind Old Man","村人・親切そうな老人","和善的老人"
"10011122","The villager wears a curious headpiece, but seems polite and courteous.","村人は奇妙な被り物をしているが、物腰はとても礼儀正しくて丁寧だ。","村民头戴奇怪的饰物，但举止十分礼貌客气。"
"10011131","{CHARACTERNAME:1010}","{CHARACTERNAME:1010}","{CHARACTERNAME:1010}"
"10011132","You get directly to the point, and ask him if he knows about the apothecary.","君は単刀直入に、凄腕の薬剤師を知っているかと、村人に訊く。","你开门见山地问他，是否知道那名高明的药剂师。"
"10011141","Kind Old Man","村人・親切そうな老人","和善的老人"
"10011142","""Ah, that would be me,"" he says before offering to mix up some medicine if you're in a hurry.","すると村人は、「それは私のことですね」と言い、急ぎであれば、すぐにでも薬を用意すると申し出た。","「啊，那就是我。」他说完，又表示若事情紧急，可以马上替你配药。"
"10011151","","",""
"10011152","What do you do?","君は……","怎么办？"
"10011161","Explain Tralis's Symptoms","症状を説明する","说明 {CARDNAME:1040} 的症状"
"10011162","You explain {CARDNAME:1040}'s symptoms, and the man calling himself an apothecary smiles and says he can help right away.","君が{CARDNAME:1040}の症状を説明すると、凄腕の薬剤師を名乗る村人は、それならすぐにできると微笑んだ。","你说明了 {CARDNAME:1040} 的症状。自称药剂师的村民微微一笑，说这种情况马上就能处理。"
"10011171","Ask How Much It Will Cost","料金を訊く","询问费用"
"10011172","Afraid of the answer, you ask what it will cost. The man calling himself the apothecary laughs and assures you he has no need of payment.","君が、恐る恐る料金について訊くと、薬剤師を名乗る村人は、そんなものは必要ないと笑った。","你忐忑地问起费用。自称药剂师的村民笑着说，不需要任何报酬。"
"10011181","{CHARACTERNAME:1010}","{CHARACTERNAME:1010}","{CHARACTERNAME:1010}"
"10011182","The apothecary hardly seems crabby at all, so you check again with him that he really is the one you're looking for.","聞いていた話と違う薬剤師の様子に、君は本当に本物なのかを確認する。","眼前的药剂师一点也不像听说的那样难相处，你便再次确认他是否真是自己要找的人。"
"10011191","Apothecary","村人・薬剤師","药剂师"
"10011192","He answers that coming to this village changed him, made him realize that people need to live by helping each other.","薬剤師はこの村に来て、変わったのだと答えた。人間は助け合って生きるものだと、気付いたのだという。","他回答说，来到这个村子后，自己改变了，也明白了人应当互相扶持着活下去。"
"10011201","Apothecary","村人・薬剤師","药剂师"
"10011202","The apothecary suggests you take a wander about town while he mixes up the medicine.","薬を作っている間、村を周ってみてはどうかと、薬剤師は言った。","药剂师建议你趁他配药时在村里转一转。"
"10011211","Apothecary","村人・薬剤師","药剂师"
"10011212","He adds, ""The folks about town are kind souls one and all, so feel free to ask them if you need anything.""","そして、「村の人達はみんな親切ですから、困った事があれば聞いてみると良いでしょう」と付け加える。","他又说：「村里的人都很热心，有什么难处尽管问他们。」"
"10011221","{CHARACTERNAME:1010}","{CHARACTERNAME:1010}","{CHARACTERNAME:1010}"
"10011222","You decide to walk around the village and find what you'll need to care for your friend.","君は、村を回って看病に必要そうなものを集めることにした。","你决定在村里走走，找些照料同伴时可能用得上的东西。"
"10011231","{CARDNAME:1020}","{CARDNAME:1020}","{CARDNAME:1020}"
"10011232","{CARDNAME:1020} says that he'll get {CARDNAME:1040}, and returns to the sandskiff.","{CARDNAME:1020}は、{CARDNAME:1040}を連れてくると言い、砂船に戻った。","{CARDNAME:1020} 说他去接 {CARDNAME:1040}，随后返回了砂船。"
"10011241","","",""
"10011242","{CARDNAME:1020} has left the party.","{CARDNAME:1020}が
戦闘メンバーから
外れました。","{CARDNAME:1020} 离开了队伍。"
"10011251","{CHARACTERNAME:1010}","{CHARACTERNAME:1010}","{CHARACTERNAME:1010}"
"10011252","There's no time to wander outside the village. You need to find what you need to care for {CARDNAME:1040}.","今は村の外に出ている場合ではない。{CARDNAME:1040}の看病に必要なものを探さなければ……","现在不是出村闲逛的时候。得找到照料 {CARDNAME:1040} 所需的东西。"
"10011261","Apothecary","村人・薬剤師","药剂师"
"10011262","The man has a serious look in his eyes as he goes about compounding the medicine. His mild air is gone, replaced with sharp focus. You'd be better off not disturbing him right now.","薬を調合する目は、真剣そのものだ。温和な雰囲気は失われ、鋭い。今は邪魔しない方が良いだろう。","男人一脸认真地配着药。原本温和的气息消失了，眼神锐利而专注。现在最好别打扰他。"
"10011271","Statue","彫像","雕像"
"10011272","A giant statue towers above you, kindly eyes seeming to cast a protective gaze across the village...","見上げるほどに大きな彫像が立っている。眼差しは穏やかで、村を見守っているようだ……","一座巨大雕像高高耸立。温和的目光仿佛正守望着整个村庄……"
"10011281","Statue","彫像","雕像"
"10011282","A giant statue towers above you, stern eyes seeming to glare a warning to trespassers...","見上げるほどに大きな彫像が立っている。眼差しは厳しく、村に立ち入るものを見張っているようだ……","一座巨大雕像高高耸立。严厉的目光仿佛在警告所有闯入者……"
"10011291","Amicable Old Man","村人・穏やかな老人","和蔼的老人"
"10011292","The old man says, ""No person is an island. That's why we need to join hands and help one another.""","人は一人では決して生きられない。だからこそ手に手を取って助け合うのだ、と老人は語った。","老人说：「人不可能独自活下去。正因如此，才要携手互助。」"
"10011301","Boy in Flower Crown","村人・花冠の少年","戴花冠的少年"
"10011302","The boy looks at you and says, ""This would look nice on you, miss!"" and hands you a crown made of gorgeous artificial flowers.","少年は君を見ると、「これお姉ちゃんに似合いそう」と言って、綺麗な造花でできた花冠を渡してきた。","少年看见你便说：「姐姐戴这个一定很好看！」随后递来一顶用漂亮人造花编成的花冠。"
"10011311","Boy in Flower Crown","村人・花冠の少年","戴花冠的少年"
"10011312","You try to pay for it, but the boy counters with a smile. ""I gave it to you because I wanted to!""","お金を払おうとする君に、少年は「この花冠は僕があげたいからあげたの」と、笑って断った。","你想付钱，少年却笑着拒绝：「我就是想送给姐姐呀！」"
"10011321","Boy in Flower Crown","村人・花冠の少年","戴花冠的少年"
"10011322","The boy looks your way and smiles, gazing at the flower crown made from artificial flowers.","少年は君を見ると、造花でできた花冠を眺めながらニコニコしている。","少年望着你，盯着那顶人造花花冠笑个不停。"
"10011331","{CARDNAME:103020}","{CARDNAME:103020}","{CARDNAME:103020}"
"10011332","After hearing your tale, the proprietor of the inn beams at you and says, ""Don't worry your head over payment. Stop in and make use of one of our rooms as much as you like.""","君の話を聞くと店主は、
「お代は結構ですから、いつでも、好きなだけご利用ください」と、微笑んだ。","旅店老板听完你的遭遇，笑着说：「钱就不用了，随时来住，想住多久都可以。」"
"10011341","{CHARACTERNAME:1010}","{CHARACTERNAME:1010}","{CHARACTERNAME:1010}"
"10011342","You offer a word of thanks and feel a weight lift off your chest. Now {CARDNAME:1040} will be able to rest somewhere comfortable.","君は店主にお礼を言うと、これで{CARDNAME:1040}をゆっくり休ませることができると、胸をなでおろした。","你道了谢，心里顿时轻松不少。这样就能让 {CARDNAME:1040} 舒舒服服地休息了。"
"10011351","{CARDNAME:103020}","{CARDNAME:103020}","{CARDNAME:103020}"
"10011352","This is no time for a private inn getaway. You need to hunt down the things you need to care for {CARDNAME:1040}.","今は一人で休んでいる場合ではない。{CARDNAME:1040}の看病に必要なものを探さなければ……","现在可不是独自住旅店休息的时候。得继续找照料 {CARDNAME:1040} 所需的东西。"
"10011361","Calm Woman","村人・おおらかな女性","爽朗的女人"
"10011362","After hearing your tale, the woman hands you her food. ""Make sure you all eat up and get all your nutrients!""","君の話を聞くと、女性は手にしていた食料を渡してきた。「たくさん食べて栄養をつけなさい」と言う。","女人听完你的遭遇，把手里的食物递给你：「都多吃点，好好补补身子！」"
"10011371","Calm Woman","村人・おおらかな女性","爽朗的女人"
"10011372","""And if there isn't enough, you just let me know and I'll make more, hoho!"" she finishes with a hearty laugh.","「もし足りなければもっと用意するから遠慮なく言いなさい」と、女性は豪快に笑った。","「不够就来告诉我，我再做！哈哈哈！」她豪爽地笑道。"
"10011381","Calm Woman","村人・おおらかな女性","爽朗的女人"
"10011382","The woman says, ""Need more food? Just give me a little while, I'm making more now."" She finishes with another hearty laugh.","女性は「足りないのかい？今、食べ物を用意するから少し待ってな」と豪快に笑った。","女人说：「不够吃吗？等一会儿，我正在做呢。」说完又豪爽地笑了起来。"
"10011391","August Building","厳かな建物","庄严的建筑"
"10011392","The white building gives off such a grandoise air, it makes you hesitant to even approach.","白い建物は厳かな雰囲気を放っている。近づくのすら躊躇われるほどに……","白色建筑散发着庄严气息，甚至让人不敢轻易靠近。"
"10011401","Apothecary","村人・薬剤師","药剂师"
"10011402","The apothecary comes running your way. ""The medicine is finished!""","薬剤師が「薬ができましたよ」と駆け寄ってきた。","药剂师跑了过来：「药做好了！」"
"10011411","{CHARACTERNAME:1010}","{CHARACTERNAME:1010}","{CHARACTERNAME:1010}"
"10011412","You take it from him and then try to head back to {CARDNAME:1040}—but there seems to be quite some commotion at the entrance of town.","君は薬を受け取り{CARDNAME:1040}のもとへ向かおうとする。しかし、村の入り口がやけに騒がしい……","你接过药，正想赶回 {CARDNAME:1040} 身边，却发现村口似乎格外嘈杂。"
"10011421","{CHARACTERNAME:1010}","{CHARACTERNAME:1010}","{CHARACTERNAME:1010}"
"10011422","Wondering what could have happened, you hurry over.","なにかあったのだろうか？と、君はすぐさま騒ぎのもとに急いだ。","你不知道出了什么事，急忙赶了过去。"
"10011431","{CHARACTERNAME:1010}","{CHARACTERNAME:1010}","{CHARACTERNAME:1010}"
"10011432","You're worried about {CARDNAME:1040}. Hurry and check on the source of the fuss.","{CARDNAME:1040}が心配だ。騒ぎの原因を早く確認しよう。","你担心 {CARDNAME:1040}。赶快去看看骚动是怎么回事。"
"10011441","{CARDNAME:91360} Entrance","{CARDNAME:91360}・入り口","{CARDNAME:91360}·入口"
"10011442","A crowd of villagers has thronged the entrance to town. On the opposite side are {CARDNAME:1020}, {CARDNAME:1040}, and {CARDNAME:1030}.","入り口には、村人達が集まっている。その向こうには{CARDNAME:1040}を連れた{CARDNAME:1020}と{CARDNAME:1030}がいた。","村民们挤满了村口。另一边则站着 {CARDNAME:1020}、{CARDNAME:1040} 和 {CARDNAME:1030}。"
"10011451","{CARDNAME:91360} Crowd","{CARDNAME:91360}・村人達","{CARDNAME:91360}·村民们"
"10011452","Their earlier kindness seemingly an implausible memory, the group shouts, ""Get out. Now!""","「出ていけ！」と、さっきまでの親切さが嘘のように村人が{CARDNAME:1020}達に叫んでいる。","仿佛先前的热情全是幻觉，村民们冲 {CARDNAME:1020} 等人怒吼：「滚出去！现在就滚！」"
"10011461","{CARDNAME:91360} Crowd","{CARDNAME:91360}・村人達","{CARDNAME:91360}·村民们"
"10011462","You realize that the villagers are staring daggers at {CARDNAME:1040}.","村人達の鋭い視線は、{CARDNAME:1040}に注がれていた。","你发现，村民们锐利的目光全都刺向 {CARDNAME:1040}。"
"10011471","{CARDNAME:91360} Crowd","{CARDNAME:91360}・村人達","{CARDNAME:91360}·村民们"
"10011472","They seem somehow furious at her. Even the apothecary, who only just handed you medicine for her, has an expression of utter rage on his face.","どうやらその姿に怒っているらしい。たった今薬をくれた薬剤師ですら、鬼のような形相を浮かべていた。","他们似乎因为她的模样怒不可遏。就连刚刚还给你治疗她的药剂师，也是一脸凶狠。"
"10011481","","",""
"10011482","What do you do?","君は……","怎么办？"
"10011491","Stop the Commotion","騒ぎを止める","制止骚动"
"10011492","You attempt to intervene and put a stop to the trouble, but the villagers continue to bellow their anger.","君は騒ぎを止めようと間に割って入るが、村人達の怒号は止まらない。","你试图插手制止，可村民们的怒吼丝毫没有停下。"
"10011501","Protect {CARDNAME:1040}","{CARDNAME:1040}を守る","保护 {CARDNAME:1040}"
"10011502","You attempt to intervene and protect {CARDNAME:1040}, but the villagers continue to bellow their anger.","君は{CARDNAME:1040}を守ろうと間に割って入るが、村人達の怒号は止まらない。","你挡在 {CARDNAME:1040} 身前想保护她，可村民们的怒吼丝毫没有停下。"
"10011511","Serene Voice","澄んだ声","清澈的声音"
"10011512","Suddenly, you hear a serene voice call out over the crowd.","すると、どこからか澄んだ声が聞こえた。","突然，一道清澈的声音越过人群传来。"
"10011521","Serene Voice","澄んだ声","清澈的声音"
"10011522","""Enough.""","「おやめなさい」","「够了。」"
"10011531","{CARDNAME:91360} Crowd","{CARDNAME:91360}・村人達","{CARDNAME:91360}·村民们"
"10011532","At the sound of it, the people fall incredibly quiet.","その一声で、村人達は嘘のように静まり返った。","仅这一句话，村民们便不可思议地安静下来。"
"10011541","Mysterious Girl","神秘的な少女","神秘少女"
"10011542","A mysterious girl young in years emerges from within the awkwardly silent crowd.","そして、ばつが悪そうに口をつぐむ村人達の中から、まだ幼さが残る神秘的な少女が現れる。","尴尬地闭上嘴的人群中，走出一名仍带几分稚气的神秘少女。"
"10011551","Mysterious Girl","神秘的な少女","神秘少女"
"10011552","""I beg your forgiveness for the way you have been treated by the villagers,"" she says.","「村の者が失礼しました」と、その少女は村人の君達への態度を詫びた。","她说：「村民如此失礼，请各位原谅。」"
"10011561","Mysterious Girl","神秘的な少女","神秘少女"
"10011562","""If you require a place for your sick friend to rest, please come to the <highlight>Shrine of Light</highlight>,"" she finishes before leading the way.","「病人を休ませるなら、どうぞ<highlight>光の社</highlight>へ」と言って、少女は歩き出す。","「若要让生病的同伴休息，请来<highlight>光之社</highlight>。」说完，她转身带路。"
"10011571","{CHARACTERNAME:1010}","{CHARACTERNAME:1010}","{CHARACTERNAME:1010}"
"10011572","とにかく{CARDNAME:1040}を休ませたかった君達は、助けてくれた少女についていくことにした。","とにかく{CARDNAME:1040}を休ませたかった君達は、助けてくれた少女についていくことにした。","とにかく{CARDNAME:1040}を休ませたかった君達は、助けてくれた少女についていくことにした。"
"10011581","","",""
"10011582","{CARDNAME:1020} and {CARDNAME:1030} have joined the party.","{CARDNAME:1020}と{CARDNAME:1030}が
戦闘メンバーに
加わりました。","{CARDNAME:1020} 和 {CARDNAME:1030} 加入了队伍。"
"10011591","{CHARACTERNAME:1010}","{CHARACTERNAME:1010}","{CHARACTERNAME:1010}"
"10011592","Right now, you need to prioritize treating {CARDNAME:1040}. Head to the <highlight>{CARDNAME:103360}</highlight> with the girl.","今は{CARDNAME:1040}の治療を優先するべきだ。少女と共に<highlight>{CARDNAME:103360}</highlight>へ向かおう。","眼下治疗 {CARDNAME:1040} 最重要。跟少女一起去 <highlight>{CARDNAME:103360}</highlight> 吧。"
"10011601","Amicable Old Man","村人・穏やかな老人","和蔼的老人"
"10011602","The old man takes one look at {CARDNAME:1040} and then spits, ""Strange ears, odd tail... Repulsive.""","老人は、{CARDNAME:1040}に向けて「妙な耳と尻尾だ。汚らわしい」と吐き捨てた。","老人看了 {CARDNAME:1040} 一眼，啐道：「古怪的耳朵，奇怪的尾巴……真恶心。」"
"10011611","{CARDNAME:1020}","{CARDNAME:1020}","{CARDNAME:1020}"
"10011612","{CARDNAME:1020}は「アンタ達も妙なもんを付けてるじゃないか」と、老人の被り物を指して笑った。","{CARDNAME:1020}は「アンタ達も妙なもんを付けてるじゃないか」と、老人の被り物を指して笑った。","{CARDNAME:1020}は「アンタ達も妙なもんを付けてるじゃないか」と、老人の被り物を指して笑った。"
"10011621","Boy in Flower Crown","村人・花冠の少年","戴花冠的少年"
"10011622","The boy notices you, and then quickly hides the crown of artificial flowers in his hand from you.","少年は手に持った造花の花冠を、君達の目からサッと隠した。","少年看见你们，立刻把手里的人造花花冠藏了起来。"
"10011631","Innkeep","村人・宿屋の女性","旅店老板"
"10011632","The proprietor of the inn takes one look at you before saying, ""No rooms here for you,"" with a click of the tongue.","君達を見るなり、店主は
「あんた達に貸す部屋なんてないよ」と言って、舌打ちをした。","旅店老板一看见你们便咂舌道：「这里没房间给你们住。」"
"10011641","Calm Woman","村人・おおらかな女性","爽朗的女人"
"10011642","""What a waste of good food,"" the woman says, regretting having given you something to eat.","女性は、「もったいない、もったいない」と、君に食料を渡したことを後悔している。","「真是糟蹋好东西。」女人懊恼地说，似乎后悔把食物给了你。"
"10011651","Apothecary","村人・薬剤師","药剂师"
"10011652","The apothecary heaves a deep sigh. ""Should've given you poison, not medicine.""","薬剤師は「薬じゃなくて毒を渡せば良かったよ」と、ため息をついた。","药剂师深深叹气：「早知道就该给你们毒药，不该给药。」"
"10011661","{CHARACTERNAME:1010} and Company","{CHARACTERNAME:1010}達一行","{CHARACTERNAME:1010} 一行"
"10011662","As soon as you arrive at the shrine in which the girl lives, you give {CARDNAME:1040} medicine and put her in a bed to rest.","君達は、少女が住む社に着くと、すぐに{CARDNAME:1040}に薬を飲ませて、ベッドで休ませた。","一到少女居住的神社，你们立刻给 {CARDNAME:1040} 服药，又让她躺到床上休息。"
"10011671","Mysterious Girl","神秘的な少女","神秘少女"
"10011672","You're relieved that you've managed things for the time being. When you speak with the girl, she says, ""I've been waiting for you all.""","ひとまず目的を果たして安堵した君に、先程の少女が「君達を待っていたよ」と言う。","总算暂时安顿下来，你稍稍松了口气。少女却对你说：「我一直在等你们。」"
"10011681","Mysterious Girl","神秘的な少女","神秘少女"
"10011682","""You're a subterran, right?""","「君は地下の民だろう？」","「你是地下之民，对吧？」"
"10011691","Mysterious Girl","神秘的な少女","神秘少女"
"10011692","You haven't told the girl anything, so how is it she knows that?","少女には、何も話していない。なのになぜ知っているのだろうか。","你什么都没告诉过她。她为什么会知道？"
"10011701","Mysterious Girl","神秘的な少女","神秘少女"
"10011702","""I know more than that."" She goes on to describe much about your group.","「他にも知っているよ」
と、少女は君達のことを
次々と言い当てる。","「我知道的还不止这些。」少女接连说出了许多与你们有关的事。"
"10011711","Mysterious Girl","神秘的な少女","神秘少女"
"10011712","The monster attack on your village. {CARDNAME:1020}'s cruel treatment. What happened to {CARDNAME:1030}'s parents...","君の村が魔物に襲われたこと。{CARDNAME:1020}が酷い扱いを受けていたこと。{CARDNAME:1030}の両親のこと……","你的村子遭到魔物袭击。{CARDNAME:1020} 曾受过残酷对待。{CARDNAME:1030} 的父母又发生了什么……"
"10011721","{CARDNAME:1020}","{CARDNAME:1020}","{CARDNAME:1020}"
"10011722","""What's your deal?"" {CARDNAME:1020} says, unnerved. The girl answers, ""The power of prophecy.""","「なんだ、アンタ」と気味悪がる{CARDNAME:1020}に、少女は「預言の力さ」と答えた。","「你到底是什么人？」{CARDNAME:1020} 有些发毛。少女回答：「这是预言的力量。」"
"10011731","Mysterious Girl","神秘的な少女","神秘少女"
"10011732","She explains that due to her power, the people revere her as a religious guru.","この預言の力のせいで、少女は{CARDNAME:2071}に祭り上げられているのだという。","她解释说，因为拥有这种力量，村民们奉她为 {CARDNAME:2071}。"
"10011741","{CHARACTERNAME:1010}","{CHARACTERNAME:1010}","{CHARACTERNAME:1010}"
"10011742","You've never heard that word before, and so you ask, ""Guru?""","初めて聞く単語に、
君は「キョウソ？」と少女に尋ねた。","你从未听过这个词，于是问：「教祖？」"
"10011751","""A Great Person?""","「キョウソは偉い人？」","「教祖是很厉害的人？」"
"10011752","You ask if a guru is some kind of great person, and {CARDNAME:1020} nods. ""That's right. A mover and a shaker.""","君がキョウソは偉い人かを訊くと、{CARDNAME:1020}は……

「そうだな。偉い人だ」
と頷いた。","你问教祖是不是很厉害的人。{CARDNAME:1020} 点头：「算是吧。很有影响力的人。」"
"10011761","""A Teacher?""","「キョウソは先生？」","「教祖是老师？」"
"10011762","You ask if a guru is some kind of teacher, and {CARDNAME:1020} nods. ""Yeah, I think you could say they're a sort of teacher.""","君がキョウソは先生かを訊くと、{CARDNAME:1020}は……

「そうだな。先生のようなものかもしれない」と頷いた。","你问教祖是不是老师。{CARDNAME:1020} 点头：「嗯，也可以说有点像老师。」"
"10011771","""A Pop Star?""","「キョウソはアイドル？」","「教祖是偶像？」"
"10011772","You ask if a guru is some kind of pop star, and {CARDNAME:1020} returns your question, looking perplexed. ""What’s a pop star?""","君がキョウソはアイドルかを訊くと、{CARDNAME:1020}は……

「アイドルってなんだ？」と逆に聞き返す。","你问教祖是不是偶像。{CARDNAME:1020} 一脸困惑地反问：「偶像是什么？」"
"10011781","{CARDNAME:1020}","{CARDNAME:1020}","{CARDNAME:1020}"
"10011782","You explain what a pop star is—something you read in a book once—and {CARDNAME:1020} nods. ""Yeah, that sounds pretty close to what a guru is.""","本で知ったアイドルについて君が説明すると、{CARDNAME:1020}は「似たようなものかもしれない」と頷いた。","你把曾在书里读到的「偶像」解释了一遍。{CARDNAME:1020} 点头：「听起来确实和教祖有点像。」"
"10011791","{CARDNAME:1030}","{CARDNAME:1030}","{CARDNAME:1030}"
"10011792","{CARDNAME:1030} adds, ""A guru is the founder of an ideological group, or the leader of one.""","「{CARDNAME:2071}とは、思想的な団体の創始者、またはその指導者のことです」と{CARDNAME:1030}が補足した。","{CARDNAME:1030} 补充道：「{CARDNAME:2071}，指思想团体的创始人，或其领导者。」"
"10011801","{CHARACTERNAME:1010}","{CHARACTERNAME:1010}","{CHARACTERNAME:1010}"
"10011802","In any event, the guru is clearly important to the village. You decide to ask her about the place.","とにかく村にとって{CARDNAME:2071}は重要な人物のようだ。君は{CARDNAME:2071}を名乗る少女に、村について尋ねることにした。","不管怎样，{CARDNAME:2071} 显然是村里的重要人物。你决定向少女询问村子的事。"
"10011811","","",""
"10011812","What do you ask?","何を訊く？","要问什么？"
"10011821","Why the Villagers Were Nice","村人達が親切だった理由","为什么村民一开始那么友善"
"10011822","You ask why the villagers were so kind at first. The guru explains in a measured voice.","君は、なぜ初めは村人達が親切だったのかを訊いた。
{CARDNAME:2071}は穏やかに説明する。","你问起村民为什么一开始如此友善。{CARDNAME:2071} 平静地解释起来。"
"10011831","{CARDNAME:2071}","{CARDNAME:2071}","{CARDNAME:2071}"
"10011832","The village, she explains, adheres to a doctrine called the <highlight>Lightfaith</highlight>.","その説明によると、ここは
<highlight>光の宗教</highlight>という教えを信じる村だという。","她说，这座村子信奉一种名为<highlight>光之教</highlight>的教义。"
"10011841","{CARDNAME:2071}","{CARDNAME:2071}","{CARDNAME:2071}"
"10011842","She goes on to explain that the foundational principle of the Lightfaith is to be kind to people; thus the villagers treated you with great kindness.","光の宗教の理念は、「人に優しくすること」らしい。だから村人達は君達に優しかったのだ。","光之教最根本的理念是「善待他人」。所以村民们才会对你们格外友善。"
"10011851","Why the Villagers Got Angry","村人達が怒っていた理由","为什么村民后来发怒"
"10011852","You ask why the once-kind villagers became so angry. The guru explains in a measured voice.","君は、なぜ親切な村人達が怒りだしたのかを訊いた。
{CARDNAME:2071}は静かに説明する。","你问起原本友善的村民为什么忽然发怒。{CARDNAME:2071} 平静地解释起来。"
"10011861","{CARDNAME:2071}","{CARDNAME:2071}","{CARDNAME:2071}"
"10011862","This remote village has, she explains, been the victim of many monster attacks over the years—which in turn means that many of its inhabitants despise all monsters.","辺境のこの村は、昔から魔物に襲われることが多く、魔物を憎む者が多かったのだという。","这座偏远村庄自古屡遭魔物袭击，因此许多村民对所有魔物都恨之入骨。"
"10011871","{CARDNAME:2071}","{CARDNAME:2071}","{CARDNAME:2071}"
"10011872","That hatred eventually took root in the village as a kind of religious doctrine. Thus their behavior when they saw {CARDNAME:1040}...","その憎しみは、やがて宗教の教義として村に根を下ろしていったのだ。だから、{CARDNAME:1040}の姿を見て……","这份憎恨最终作为一种教义扎根于村中。所以他们看见 {CARDNAME:1040} 时才会……"
"10011881","Doctrines","教義","教义"
"10011882","And so, there have been two absolute doctrines in this village: be kind to people, and kill monsters.","「人に優しくする」
「魔物は排除する」
この村には、二つの絶対的な教義が存在していた。","于是，村中一直存在两条绝对教义：「善待人类」与「排除魔物」。"
"10011891","教祖","{CARDNAME:2071}","教祖"
"10011892","光の宗教の理念は、「人に優しくすること」らしい。だから村人達は君達に優しかったのだ。","光の宗教の理念は、「人に優しくすること」らしい。だから村人達は君達に優しかったのだ。","光の宗教の理念は、「人に優しくすること」らしい。だから村人達は君達に優しかったのだ。"
"10011901","教祖","{CARDNAME:2071}","教祖"
"10011902","一方で、「魔物は排除するべき存在」という理念もあるという。","一方で、「魔物は排除するべき存在」という理念もあるという。","一方で、「魔物は排除するべき存在」という理念もあるという。"
"10011911","教祖","{CARDNAME:2071}","教祖"
"10011912","辺境のこの村は、昔から魔物に襲われることが多く、魔物への憎しみが深く根づいているらしい。","辺境のこの村は、昔から魔物に襲われることが多く、魔物への憎しみが深く根づいているらしい。","辺境のこの村は、昔から魔物に襲われることが多く、魔物への憎しみが深く根づいているらしい。"
"10011921","{CARDNAME:2071}","{CARDNAME:2071}","{CARDNAME:2071}"
"10011922","She gazes at the room where {CARDNAME:1040} is sleeping and asks, ""Your friend is a monster, yes?""","{CARDNAME:2071}は{CARDNAME:1040}が眠る部屋を見つめ、「お友達は魔物だよね？」と問いかける。","{CARDNAME:2071} 望向 {CARDNAME:1040} 沉睡的房间，问道：「你的朋友是魔物，对吧？」"
"10011931","","",""
"10011932","How do you reply?","なんと答える？","你怎么回答？"
"10011941","""You're Wrong!""","「魔物じゃない！」","「你说错了！」"
"10011942","You state in no uncertain terms that {CARDNAME:1040} is not a monster. However, you cannot deny that you had a vague suspicion of her true identity.","魔物ではない、と言い切った君。しかし、{CARDNAME:1040}の正体については薄々気付いていた事も事実だ。","你斩钉截铁地说 {CARDNAME:1040} 不是魔物。但你也无法否认，自己早已隐约猜到她真正的身份。"
"10011951","{CARDNAME:2071}","{CARDNAME:2071}","{CARDNAME:2071}"
"10011952","The guru amends her words. ""Forgive me. Perhaps that expression wasn't quite appropriate, since she is also human.""","{CARDNAME:2071}は、「失礼。人間でもあるわけだから、この表現は適切ではなかったね」と訂正する。","{CARDNAME:2071} 改口道：「抱歉。她也有一半是人类，这种说法确实不太恰当。」"
"10011961","""She's Not A...""","「魔物では……」","「她不是魔……」"
"10011962","You hesitate to reply, having vaguely suspected what {CARDNAME:1040} actually is.","君は{CARDNAME:1040}の正体に薄々気付いていたため、言い淀んでしまった。","你早已隐约猜到 {CARDNAME:1040} 的真正身份，一时竟答不上来。"
"10011971","{CARDNAME:2071}","{CARDNAME:2071}","{CARDNAME:2071}"
"10011972","The guru amends her words. ""Forgive me. Perhaps that expression wasn't quite appropriate, since she is also human.""","{CARDNAME:2071}は、「失礼。人間でもあるわけだから、この表現は適切ではなかったね」と訂正する。","{CARDNAME:2071} 改口道：「抱歉。她也有一半是人类，这种说法确实不太恰当。」"
"10011981","{CARDNAME:2071}","{CARDNAME:2071}","{CARDNAME:2071}"
"10011982","""She is half human and half monster. What are your thoughts on that?"" she asks.","「彼女は半分人間で、半分魔物だ。君はどう思っているのかな？」と続けて{CARDNAME:2071}は質問した。","「她一半是人，一半是魔物。你怎么看？」{CARDNAME:2071} 问道。"
"10011991","{CARDNAME:2071}","{CARDNAME:2071}","{CARDNAME:2071}"
"10011992","""Is she a monster to be hated? Or a friend to be treasured?""","「彼女は憎むべき魔物？それとも大切な仲間？」","「她是该憎恨的魔物？还是该珍惜的伙伴？」"
"10012001","","",""
"10012002","What is {CARDNAME:1040} to you?","君にとって{CARDNAME:1040}は……","对你而言，{CARDNAME:1040} 是……"
"10012011","A Monster To Be Hated?","憎むべき魔物だろうか？","该憎恨的魔物？"
"10012012","It's true that monster blood may flow in {CARDNAME:1040}'s veins—monsters, things to be hated.","{CARDNAME:1040}は、確かに憎むべき魔物の血を引いているのかもしれない。","{CARDNAME:1040} 身上或许确实流着魔物的血——那种理应憎恨的魔物。"
"10012021","A Friend To Be Treasured?","大切な仲間だろうか？","该珍惜的伙伴？"
"10012022","It's true that monster blood may flow in {CARDNAME:1040}'s veins—monsters, things to be hated.","{CARDNAME:1040}は、確かに憎むべき魔物の血を引いているのかもしれない。","{CARDNAME:1040} 身上或许确实流着魔物的血——那种理应憎恨的魔物。"
"10012031","{CHARACTERNAME:1010}","{CHARACTERNAME:1010}","{CHARACTERNAME:1010}"
"10012032","But as you've traveled together...","だが、共に旅をしていくうちに……","可一路同行至今……"
"10012041","{CHARACTERNAME:1010}","{CHARACTERNAME:1010}","{CHARACTERNAME:1010}"
"10012042","共に旅をして短いが、{CARDNAME:1040}の明るさに助けられたことも多い。","共に旅をして短いが、{CARDNAME:1040}の明るさに助けられたことも多い。","共に旅をして短いが、{CARDNAME:1040}の明るさに助けられたことも多い。"
"10012051","{CHARACTERNAME:1010}","{CHARACTERNAME:1010}","{CHARACTERNAME:1010}"
"10012052","君にとって、{CARDNAME:1040}は、最早大切な仲間の一人になっていた。","君にとって、{CARDNAME:1040}は、最早大切な仲間の一人になっていた。","君にとって、{CARDNAME:1040}は、最早大切な仲間の一人になっていた。"
"10012061","{CARDNAME:2071}","{CARDNAME:2071}","{CARDNAME:2071}"
"10012062","Seeing you falter, the guru offers another apology. ""The villagers were discourteous to your friend, and for that I am sorry.""","口ごもる君を見て、{CARDNAME:2071}は「村人が仲間に対して失礼なことをした」と、改めて非礼を詫びる。","见你迟迟答不上来，{CARDNAME:2071} 再次道歉：「村民对你的同伴无礼，我很抱歉。」"
"10012071","{CARDNAME:2071}","{CARDNAME:2071}","{CARDNAME:2071}"
"10012072","""Many of them lost family to monster attacks, and are seized with hatred. I ask you to forgive them,"" she continues, her voice tinged with hurt.","続けて、「彼らも家族を魔物に奪われ、憎しみに囚われているんだ。許してほしい」と悲しそうに語った。","「他们许多人都曾被魔物夺去亲人，被憎恨困住了。希望你能原谅他们。」她带着痛楚说道。"
"10012081","","",""
"10012082","How do you respond?","君は……","你怎么回答？"
"10012091","......","…………","……"
"10012092","""......""","「……………………」","「……」"
"10012101","......","…………","……"
"10012102","""......""","「……………………」","「……」"
"10012111","{CARDNAME:2071}","{CARDNAME:2071}","{CARDNAME:2071}"
"10012112","""Ah, right. Your group wishes to go to Newterra, yes?"" she says, breaking the silence.","{CARDNAME:2071}は「そうだ。君達は、新天地に行きたいんだよね……？」と言った。","「对了。你们想去新天地，对吧？」{CARDNAME:2071} 打破沉默。"
"10012121","{CARDNAME:1030}","{CARDNAME:1030}","{CARDNAME:1030}"
"10012122","""Stunning that your powers could even tell you that..."" says {CARDNAME:1030} in a low voice, and the guru nods serenely.","「預言の力でそこまで分かるとは……」と唸る{CARDNAME:1030}に、{CARDNAME:2071}は静かに頷く。","{CARDNAME:1030} 低声感叹：「预言的力量竟连这个都知道……」{CARDNAME:2071} 平静地点头。"
"10012131","{CARDNAME:2071}","{CARDNAME:2071}","{CARDNAME:2071}"
"10012132","She explains that there is a stone tablet in the <highlight>ruins of a religious edifice</highlight> to the northeast of town. Said tablet has the way to Newterra recorded on it.","{CARDNAME:2071}は、街の北東にある<highlight>宗教遺跡</highlight>にある石板に、新天地への道が記されていると教えてくれた。","{CARDNAME:2071} 告诉你们，村子东北方的<highlight>宗教遗迹</highlight>里有一块石板，上面记载着前往新天地的方法。"
"10012141","{CARDNAME:2071}","{CARDNAME:2071}","{CARDNAME:2071}"
"10012142","""However, you should know: monsters have nested in the ruins,"" she adds.","「ただ、宗教遺跡には魔物達が棲みついてしまっているのだけどね……」と付け加えて。","她又补充：「不过，宗教遗迹已经被魔物占据了。」"
"10012151","{CHARACTERNAME:1010} and Company","{CHARACTERNAME:1010}達一行","{CHARACTERNAME:1010} 一行"
"10012152","There's information on Newterra to be had, though, so you decide to go anyway despite the danger.","しかし、君達は新天地の情報が得られるならと、危険を承知で遺跡に向かうことにした。","既然能得到新天地的线索，你们还是决定冒险前往遗迹。"
"10012161","教祖","{CARDNAME:2071}","教祖"
"10012162","教祖によると宗教遺跡は、光の街の北東に位置するらしい。","{CARDNAME:2071}によると宗教遺跡は、光の街の北東に位置するらしい。","教祖によると宗教遺跡は、光の街の北東に位置するらしい。"
"10012171","{CHARACTERNAME:1010}","{CHARACTERNAME:1010}","{CHARACTERNAME:1010}"
"10012172","You ask the guru to allow {CARDNAME:1040} to rest for a little while longer.","君達は{CARDNAME:2071}に、{CARDNAME:1040}をもう少し休ませて欲しいと願い出る。","你们请求 {CARDNAME:2071} 再让 {CARDNAME:1040} 多休息一阵。"
"10012181","{CARDNAME:1040}","{CARDNAME:1040}","{CARDNAME:1040}"
"10012182","You barely have time to say the words, though. {CARDNAME:1040} appears before you, wide awake. Though she is still a bit unsteady, the medicine fortunately seems to have done its job.","すると、{CARDNAME:1040}が起きてきた。まだ少しふらついているが、幸いなことに薬が効いたらしい。","话音刚落，{CARDNAME:1040} 便精神十足地走了出来。虽然脚步还有些不稳，好在药似乎已经起效。"
"10012191","{CARDNAME:1040}","{CARDNAME:1040}","{CARDNAME:1040}"
"10012192","""All better! Better than ever!""","「モウ　大丈夫。イッパイ　元気！」","「已经，好了！精神，满满！」"
"10012201","{CHARACTERNAME:1010}","{CHARACTERNAME:1010}","{CHARACTERNAME:1010}"
"10012202","You try to persuade her to rest for longer, but she won't hear it. She wants to go to the ruins.","休むよう説得するが、{CARDNAME:1040}は遺跡に行こうと言ってきかない。","你劝 {CARDNAME:1040} 再休息一会儿，她却怎么也不肯，坚持要去遗迹。"
"10012211","{CHARACTERNAME:1010}","{CHARACTERNAME:1010}","{CHARACTERNAME:1010}"
"10012212","You give in to {CARDNAME:1040}'s insistence, and decide to head to for the ruins with her in tow.","君達は根負けし、仕方なく{CARDNAME:1040}を連れて遺跡に向かう事にした。","最终你们拗不过 {CARDNAME:1040}，只好带上她一起前往遗迹。"
"10012221","","",""
"10012222","{CARDNAME:1040} has joined the party.","{CARDNAME:1040}が
戦闘メンバーに
加わりました。","{CARDNAME:1040} 加入了队伍。"
"10012231","{CARDNAME:2071}","{CARDNAME:2071}","{CARDNAME:2071}"
"10012232","The guru gives a little smile and says, ""I'm sure you will be all right. I have foreseen that you will be able to obtain the tablet and return safely.""","{CARDNAME:2071}は「君達なら大丈夫。無事に石板を持って帰ると預言で出ているからね」と薄く微笑んでいる。","{CARDNAME:2071} 淡淡一笑：「你们一定没事。我已经预见，你们会拿到石板，平安归来。」"
"10012241","{CHARACTERNAME:1010} and Company","{CHARACTERNAME:1010}達一行","{CHARACTERNAME:1010} 一行"
"10012242","You're worried about {CARDNAME:1040}. You should check on her before heading out to the ruins.","{CARDNAME:1040}が心配だ。遺跡に出発する前に、様子を確かめておこう。","你还是担心 {CARDNAME:1040}。出发去遗迹前，先去看看她吧。"
"10012251","{CARDNAME:1040}","{CARDNAME:1040}","{CARDNAME:1040}"
"10012252","{CARDNAME:1040} is sleeping soundly. Quite relieved, you thank the woman watching over her.","{CARDNAME:1040}はすやすやと寝ている。その寝顔に安心した君達は、様子を見てくれている女性にお礼を言った。","{CARDNAME:1040} 睡得很香。你放心不少，并向照看她的女人道谢。"
"10012261","Innkeep","村人・宿屋の女性","旅店老板"
"10012262","She seems annoyed, but when you inform her that you're headed to the ruins, she quickly turns her attitude around and bows her head.","女性は迷惑そうな顔をしていたが、君達が宗教遺跡に行くと告げると、すぐに態度を改めて頭を下げた。","女人本来一脸不耐烦，可听说你们要去遗迹，态度立刻一变，低头恳求起来。"
"10012271","Innkeep","村人・宿屋の女性","旅店老板"
"10012272","""Please, get rid of the monsters living there and get the stone tablet back.""","「どうか、あそこに棲みついた魔物を倒して、石板を取り戻してください」","「拜托了，请消灭住在那里的魔物，把石板夺回来。」"
"10012281","{CARDNAME:92350}","{CARDNAME:92350}","{CARDNAME:92350}"
"10012282","The ruins were evidently a sacred site for this village, one where marriages, funerals, prayers for bountiful harvests, and other important rites were carried out.","遺跡はもともと、この村の婚姻や葬儀、豊作祈願などの大切な儀式を行う神聖な場所だったらしい。","听说那片遗迹原本是村中的圣地，婚礼、葬礼、祈求丰收等重要仪式都在那里举行。"
"10012291","Stone Tablet","石板","石板"
"10012292","And the tablet was used in those ceremonies.","そして石板は、その儀式に使う道具だったようだ。","而那块石板似乎正是仪式中使用的器具。"
"10012301","","",""
"10012302","How do you reply to the woman?","頭を下げる女性に君は……","面对低头恳求的女人，你要怎么回答？"
"10012311","""We'll Get It back!""","「石板は取り戻すよ！」","「我们会把石板拿回来！」"
"10012312","You accept the woman's request, explaining that you were planning from the start to retrieve the tablet.","君達はもとより石板を取りに行くつもりだったと、女性のお願いを引き受ける。","你答应了女人，告诉她，你们本来就打算取回石板。"
"10012321","""We'll Kill the Monsters!""","「魔物は倒すよ！」","「魔物我们会解决！」"
"10012322","You accept the woman's request, assuring her that any monsters who cross your path will meet a swift end.","君達は魔物が邪魔をするなら倒すだけだと、女性のお願いを引き受ける。","你答应了女人，告诉她，只要魔物挡路，就会把它们打倒。"
"10012331","{CARDNAME:1040}","{CARDNAME:1040}","{CARDNAME:1040}"
"10012332","You've no sooner gotten your response out than {CARDNAME:1040}'s eyes fly open and she bursts out, ""I come, too!""
","すると、{CARDNAME:1040}が目を覚まし、「アタイ……　一緒　行ク！」と言い出した。","你话音刚落，{CARDNAME:1040} 猛地睁开眼睛，大喊：「俺……也去！」"
"10012341","{CARDNAME:1040}","{CARDNAME:1040}","{CARDNAME:1040}"
"10012342","While she is a little unsteady yet, the apothecary's medicine seems to have done its work.","まだ少しふらついてはいるが、薬剤師からもらった薬がかなり効いたようだ。","她虽然还有些站不稳，但药剂师的药似乎已经发挥了相当好的效果。"
"10012351","{CHARACTERNAME:1010}","{CHARACTERNAME:1010}","{CHARACTERNAME:1010}"
"10012352","You try to convince her to rest a little longer, but she insists on going to the ruins with you.","君はもう少し休むよう、{CARDNAME:1040}を説得するが、遺跡に行くと言ってきかない。","你劝 {CARDNAME:1040} 再休息一会儿，她却执意要和你们一起去遗迹。"
"10012361","{CHARACTERNAME:1010} and Company","{CHARACTERNAME:1010}達一行","{CHARACTERNAME:1010} 一行"
"10012362","At length, her persistence wins out, and you begrudgingly agree to take her along and head for the ruins.","結局、君達は根負けして、仕方なく{CARDNAME:1040}を連れて遺跡に向かう事にした。","最终你们拗不过她，只好带上 {CARDNAME:1040} 一起前往遗迹。"
"10012371","{CHARACTERNAME:1010} and Company","{CHARACTERNAME:1010}達一行","{CHARACTERNAME:1010} 一行"
"10012372","Monsters block the way. You attack them at once, determined to make your way deeper into the ruins.","魔物達が道を塞いでいる。君達は遺跡の更に奥に進むため、一斉に魔物に襲い掛かった。","魔物挡住了去路。为了继续深入遗迹，你们毫不犹豫地向它们发起攻击。"
"10012381","Monsters","魔物","魔物"
"10012382","The monsters make no move to attack you, and instead seem to be focused on quiet prayer.","魔物達は戦おうとせず、静かに祈りを捧げているように見える……","魔物们并没有攻击的意思，只是安静地祈祷着……"
"10012391","{CHARACTERNAME:1010}","{CHARACTERNAME:1010}","{CHARACTERNAME:1010}"
"10012392","You look at {CARDNAME:1040} and ask, ""You okay?""","君は、{CARDNAME:1040}に
「平気？」と声をかけた。","你看向 {CARDNAME:1040}，问道：「没事吧？」"
"10012401","{CARDNAME:1040}","{CARDNAME:1040}","{CARDNAME:1040}"
"10012402","She gives a vivacious bounce, assuring you that she's as fine as she looks and that you don't have to worry.","見ての通りもう元気だから心配ないと、{CARDNAME:1040}はぴょんと跳ねる。","{CARDNAME:1040} 活蹦乱跳了一下，说自己已经像看起来一样精神，不用担心。"
"10012411","{CARDNAME:1040}","{CARDNAME:1040}","{CARDNAME:1040}"
"10012412","Perhaps she then realizes what you actually mean, so she continues to speak with some brightness in her voice.","そして君の気持ちを汲み取ったのか、{CARDNAME:1040}は明るく続けた。","{CARDNAME:1040} 似乎这才明白你真正担心的是什么，于是用更明快的语气继续说道。"
"10012421","{CARDNAME:1040}","{CARDNAME:1040}","{CARDNAME:1040}"
"10012422","She reminds you that she has the circus troupe, who accepted her without discrimination.","自分には、差別せずに受け入れてくれたサーカス団や……","她说，自己还有马戏团。那里的人从不歧视她，一直都接纳着她。"
"10012431","{CARDNAME:1040}","{CARDNAME:1040}","{CARDNAME:1040}"
"10012432","And on top of that, she has kind friends who worry about her and do their best to nurse her back to health when she falls ill. So of course she's all right.","倒れたら、心配して一生懸命看病してくれる優しい仲間がいるから大丈夫、と。","而且，她还有一群温柔的伙伴。她病倒时，大家会担心她，会拼命照顾她。所以她当然没事。"
"10012441","{CARDNAME:1040}","{CARDNAME:1040}","{CARDNAME:1040}"
"10012442","""So... Will do my best. Be big girl. For troupe. And for friends!""","「ダカラ……アタイ　
頑張ル　一人前　ナル　
サーカス団ヤ……
ミンナノ為ニモ！」","「所以……俺，要努力。变厉害。为了马戏团……也为了大家！」"
"10012451","Stone Tablet","石板","石板"
"10012452","You've discovered the stone tablet that has information about Newterra recorded on it!","新天地の情報が記されているという石板を発見した！","你们发现了那块据说记载着新天地信息的石板！"
"10012461","{CHARACTERNAME:1010}","{CHARACTERNAME:1010}","{CHARACTERNAME:1010}"
"10012462","You rush over to the tablet, but suddenly...","君が石板に駆け寄った、その時……","你冲向石板，可就在这时……"
"10012471","Monster","魔物","魔物"
"10012472","You guessed it—a monster appears and attacks!","案の定、魔物が現れ、襲い掛かってきた！","果不其然，魔物出现并扑了上来！"
"10012481","Stone Tablet","石板","石板"
"10012482","There appears to be some writing on the stone tablet.","石板には何か文字が書いてあるようだ。","石板上似乎刻着文字。"
"10012491","{CARDNAME:1030}","{CARDNAME:1030}","{CARDNAME:1030}"
"10012492","You ask {CARDNAME:1030} to decipher it, but the script appears to be from a language that even one of his considerable knowledge has never seen.","{CARDNAME:1030}に解読を頼んだが、物知りな彼も見たことのない文字らしい……","你请 {CARDNAME:1030} 解读，可就连博学的他也从未见过这种文字……"
"10012501","{CHARACTERNAME:1010} and Company","{CHARACTERNAME:1010}達一行","{CHARACTERNAME:1010} 一行"
"10012502","The four of you decide to ask the guru about the tablet.","君達は、石板について{CARDNAME:2071}に聞きに行くことにした。","你们四人决定回去向 {CARDNAME:2071} 询问石板的事。"
"10012511","","",""
"10012512","You've obtained the <highlight>Old Tablet</highlight>!","君達は、<highlight>古びた石板</highlight>を
手に入れた！","获得了<highlight>古老石板</highlight>！"
"10012521","","",""
"10012522","Escape the Ruined Edifice immediately?","宗教遺跡から今すぐ
脱出しますか？","要立刻离开宗教遗迹吗？"
"10012531","Escape Now","今すぐ脱出する","立刻离开"
"10012532","You decide to exit the Ruined Edifice immediately.","君達は宗教遺跡から今すぐ出ることにした。","你们决定立刻离开宗教遗迹。"
"10012541","Leave on Your Own Two Feet","自力で戻る","自己走回去"
"10012542","You decide to explore the ruins a bit more before leaving.","君は、もう少し遺跡を探索してから出ることにした。","你决定再探索一会儿遗迹，然后离开。"
"10012551","{CHARACTERNAME:1010}","{CHARACTERNAME:1010}","{CHARACTERNAME:1010}"
"10012552","You look at {CARDNAME:1040} and say, ""You don't have to go into the village if you don't want to.""","君は{CARDNAME:1040}に「辛かったら村に入らなくてもいい」と言った。","你看向 {CARDNAME:1040}，说：「不想进村的话，不进去也没关系。」"
"10012561","{CARDNAME:1040}","{CARDNAME:1040}","{CARDNAME:1040}"
"10012562","She assures you that it's fine, and comes along anyway.","しかし、{CARDNAME:1040}は大丈夫だと言って付いてくる。","{CARDNAME:1040} 说自己没事，还是跟了上来。"
"10012571","Apothecary","村人・薬剤師","药剂师"
"10012572","As you make your way into town, the apothecary approaches.","すると、薬剤師の老人が近寄ってきた。","你们刚进村，药剂师便走了过来。"
"10012581","Apothecary","村人・薬剤師","药剂师"
"10012582","Before you can say anything, the man blurts out an apology to {CARDNAME:1040}.","そして唐突に、「申し訳ありませんでした」と、{CARDNAME:1040}に謝った。","你还没来得及开口，他便突然向 {CARDNAME:1040} 道歉。"
"10012591","{CARDNAME:1020} and {CARDNAME:1030}","{CARDNAME:1020}と{CARDNAME:1030}","{CARDNAME:1020} 和 {CARDNAME:1030}"
"10012592","The sudden contrition is a surprise—and not just to you. {CARDNAME:1020} and {CARDNAME:1030} are clearly taken aback, too.","突然の謝罪に、君だけでなく{CARDNAME:1020}や{CARDNAME:1030}も驚いている。","突如其来的道歉不只让你吃惊，{CARDNAME:1020} 和 {CARDNAME:1030} 也明显愣住了。"
"10012601","Apothecary","村人・薬剤師","药剂师"
"10012602","""Though I may have been attempting to hold fast to our creed, you are still half human, and my behavior towards you was foul.""","「教義を守るためとはいえ………半分は人間でもある貴方に酷い態度を……」","「即便是为了遵守教义，你也有一半是人类。我先前那样对你，实在太过分了。」"
"10012611","{CARDNAME:91360}","光の村","{CARDNAME:91360}"
"10012612","The guru must have explained things. Everyone in the village has accepted {CARDNAME:1040}, by the sound of it.","どうやら、{CARDNAME:2071}から説明があったのだろう。村全体が{CARDNAME:1040}を受け入れているようだ。","看来 {CARDNAME:2071} 已经向大家解释过了。整个村子似乎都接受了 {CARDNAME:1040}。"
"10012621","Amicable Old Man","村人・穏やかな老人","和蔼的老人"
"10012622","""My, my, your ears and that tail are quite lovely!"" the man says to {CARDNAME:1040}, his tone light and amiable.","老人は、「素敵な耳と尻尾だね」と、{CARDNAME:1040}に穏やかに声をかけた。","老人语气和善地对 {CARDNAME:1040} 说：「哎呀，你这耳朵和尾巴真漂亮！」"
"10012631","Boy in Flower Crown","村人・花冠の少年","戴花冠的少年"
"10012632","The boy averts his eyes from your group. ""I have to get ready,"" he says, weaving flowers with considerable fervor.","君達から目を逸らしていた少年は、「準備しなきゃ」と言って、駆り立てられるように花を編んでいる。","少年避开你们的视线，一边急切地编花，一边说：「得赶快准备才行。」"
"10012641","{CARDNAME:103020}","{CARDNAME:103020}","{CARDNAME:103020}"
"10012642","The proprietor of the inn is smiling at you once again. ""Please feel free to take a room if you need one.""","「この宿は自由にお使いください」と言って、店主は微笑んだ。","旅店老板再次对你们露出笑容：「需要的话，随时来住。」"
"10012651","Calm Woman","村人・おおらかな女性","爽朗的女人"
"10012652","The woman pays you absolutely no heed, and eats with single-minded focus.","女性は君達に脇目も振らず無心で食べ物を食べまくっている。","女人完全没理会你们，只顾埋头大吃。"
"10012661","Apothecary","村人・薬剤師","药剂师"
"10012662","The apothecary's attention is devoted to preparing some kind of medicine. ""I'll need to get this to everyone in town,"" he says.","「この薬をみんなに配りましょう」と言って、薬剤師はひたすらに薬を調合している。","药剂师专心调配着药：「得把这些药分给村里所有人。」"
"10012671","{CARDNAME:2071}","{CARDNAME:2071}","{CARDNAME:2071}"
"10012672","""You have the stone tablet, which must mean the monster is defeated. I thank you.""","「石板を持ってきたということは、あの魔物を倒したんだね。ありがとう」","「既然石板在你们手里，说明那只魔物已经被打倒了。谢谢你们。」"
"10012681","{CARDNAME:2071}","{CARDNAME:2071}","{CARDNAME:2071}"
"10012682","The guru thanks you and caresses the stone tablet as though it is a dear friend.","{CARDNAME:2071}は君達に礼を言い、愛おしそうに石板を撫でる。","{CARDNAME:2071} 向你们道谢，又像抚摸珍贵之物般轻轻摩挲石板。"
"10012691","{CARDNAME:2071}","{CARDNAME:2071}","{CARDNAME:2071}"
"10012692","She explains that the tablet, as well as the ruins, are both quite important, but the monster had recently taken up residence in the place.","遺跡も石板も、先祖代々守ってきた大事なものだったのだが、魔物に占領されてしまったのだという。","她说，遗迹和石板都是村中代代守护的重要之物，只是最近被魔物占据了。"
"10012701","{CHARACTERNAME:1010}","{CHARACTERNAME:1010}","{CHARACTERNAME:1010}"
"10012702","You ask what is written on the tablet.","君達は石板になんと記されているのかを訊いた。","你们问起石板上究竟写了什么。"
"10012711","{CARDNAME:2071}","{CARDNAME:2071}","{CARDNAME:2071}"
"10012712","The guru accepts the tablet and runs a loving hand over it. ""This little piece of stone is an integral part of our town's rituals—one might go so far as to call it the soul of the village.""","{CARDNAME:2071}は石板を受け取ると、愛おしそうに撫で、「これは、村の儀式に不可欠なもの。村の魂とも呼ぶべきものだったんだ」と言う。","{CARDNAME:2071} 接过石板，爱惜地抚摸着：「这块石头是村中仪式不可或缺的东西，甚至可以说是村子的灵魂。」"
"10012721","{CHARACTERNAME:1010} and Company","{CHARACTERNAME:1010}達一行","{CHARACTERNAME:1010} 一行"
"10012722","You find it all a little bit unsettling. Hoping to move the conversation along, you ask what is written on it about Newterra.","君達はそれに少し違和感を覚えつつも、石板に記されているという新天地の情報を訊いた。","你们多少觉得有些不对劲，便把话题拉回来，追问石板上关于新天地究竟写了什么。"
"10012731","{CARDNAME:2071}","{CARDNAME:2071}","{CARDNAME:2071}"
"10012732","The guru gives a deep bow of the head at your question.","すると{CARDNAME:2071}は、深々と頭を下げる。","听见问题，{CARDNAME:2071} 深深低下了头。"
"10012741","{CARDNAME:2071}","{CARDNAME:2071}","{CARDNAME:2071}"
"10012742","""I'm afraid that what I said about the tablet having the way to Newterra recorded on it was a fabrication. I am sorry.""","「石板に新天地への行き方が記されているというのは嘘なんだ。すまないね」","「其实，石板上记着前往新天地的方法——这句话是我编的。对不起。」"
"10012751","{CARDNAME:2071}","{CARDNAME:2071}","{CARDNAME:2071}"
"10012752","You're stunned at the news. She lied to you in order to get you to retrieve the tablet.","なんと、君達に石板を取り戻してもらうために、嘘をついたのだという。","你们愣住了。原来她为了让你们取回石板，故意撒了谎。"
"10012761","","",""
"10012762","How do you reply?","君はなんと返す？","你怎么回答？"
"10012771","You Tricked Us?","騙したの？","你骗了我们？"
"10012772","Your shoulders tremble as you ask, ""You tricked us?""","君は、「騙したの？」と肩を震わせる。","你肩膀微微发抖，问道：「你骗了我们？」"
"10012781","So Newterra Is...","新天地は……","那新天地……"
"10012782","Your shoulders droop, and you struggle to get the words out. ""So Newterra is...?""","君は、「新天地は……」と肩を落とす。","你垂下肩膀，艰难地挤出一句：「那新天地……」"
"10012791","{CARDNAME:2071}","{CARDNAME:2071}","{CARDNAME:2071}"
"10012792","But the guru replies in a solemn voice, ""You do not need to worry. Newterra does exist, and I know the way there.""","しかし{CARDNAME:2071}は、「安心してくれ」と粛然と言った。新天地は存在するし、行き方も知っていると。","{CARDNAME:2071} 却郑重地说：「不用担心。新天地确实存在，我也知道怎么去。」"
"10012801","{CARDNAME:2071}","{CARDNAME:2071}","{CARDNAME:2071}"
"10012802","It is found to the north, beyond a massive cliff that towers over the land called the <highlight>Endwall</highlight>.","新天地は、<highlight>{CARDNAME:92360}</highlight>と呼ばれる、北の大地にそびえる巨大な壁の先にあるのだという。","新天地就在北方那道名为 <highlight>{CARDNAME:92360}</highlight> 的巨大断崖之后。"
"10012811","{CARDNAME:2071}","{CARDNAME:2071}","{CARDNAME:2071}"
"10012812","She goes on to explain that to get there, you must travel through the cave to the north.","<highlight>{CARDNAME:92360}</highlight>に向かうには、北にある洞窟を通れば良いとも教えてくれた。","她还告诉你们，要前往 <highlight>{CARDNAME:92360}</highlight>，只需穿过北边的洞窟。"
"10012821","{CARDNAME:2071}","{CARDNAME:2071}","{CARDNAME:2071}"
"10012822","With that, she offers a final prophecy. ""What you seek shall be found in Newterra.""","そして、{CARDNAME:2071}は最後に「新天地には君達の探し物があるだろう」と、預言した。","最后，{CARDNAME:2071} 又作出一则预言：「你们寻找的东西，就在新天地。」"
"10012831","{CARDNAME:2071}","{CARDNAME:2071}","{CARDNAME:2071}"
"10012832","There's something desolate in her expression...","その表情は、どこか寂しそうだ……","她的神情不知为何显得有些寂寞……"
"10012841","{CARDNAME:2071}","{CARDNAME:2071}","{CARDNAME:2071}"
"10012842","""Go forth to Newterra,"" she says, something desolate in her expression...","「さぁ、新天地にお行きなさい」と言う、{CARDNAME:2071}の表情はどこか寂しそうだ……","「去吧，去新天地。」{CARDNAME:2071} 说着，神情不知为何有些寂寞……"
"10012851","{CHARACTERNAME:1010}","{CHARACTERNAME:1010}","{CHARACTERNAME:1010}"
"10012852","The moment you leave the shrine, you sense that something is amiss.","社から出るなり、君は違和感を覚えた。","刚离开神社，你便察觉到了异样。"
"10012861","{CARDNAME:91360}","{CARDNAME:91360}","{CARDNAME:91360}"
"10012862","The village is suffocatingly quiet.","村が、やけに静かだ……","村子安静得令人窒息。"
"10012871","{CARDNAME:1030}","{CARDNAME:1030}","{CARDNAME:1030}"
"10012872","{CARDNAME:1030} lets out a little scream and points at a villager collapsed on the ground.","{CARDNAME:1030}が小さな悲鳴を上げて、指をさす。その先には倒れている村人がいた。","{CARDNAME:1030} 轻呼一声，指向倒在地上的一名村民。"
"10012881","Amicable Old Man","村人・穏やかな老人","和蔼的老人"
"10012882","The old man has breathed his last.","老人は、すでに息絶えている……","老人已经断气了。"
"10012891","{CARDNAME:1020}","{CARDNAME:1020}","{CARDNAME:1020}"
"10012892","""Stay alert,"" {CARDNAME:1020} whispers so that only the group can hear.","「警戒しろ」と、{CARDNAME:1020}が仲間だけに聞こえるように呟いた。","{CARDNAME:1020} 压低声音，只让同伴听见：「提高警惕。」"
"10012901","{CHARACTERNAME:1010}","{CHARACTERNAME:1010}","{CHARACTERNAME:1010}"
"10012902","君は、村の中を調べることにした。","君は、村の中を調べることにした。","君は、村の中を調べることにした。"
"10012911","{CARDNAME:103360}","{CARDNAME:103360}","{CARDNAME:103360}"
"10012912","The shrine's door is locked tight. You need to investigate the village.","社の扉は固く閉ざされている。今は、村を調べよう。","神社大门紧闭。先调查一下村子吧。"
"10012921","Amicable Old Man","村人・穏やかな老人","和蔼的老人"
"10012922","The old man is dead, his gentle face frozen.","老人は、穏やかな顔で死んでいる。","老人已经死去，脸上仍凝固着温和的神情。"
"10012931","Boy in Flower Crown","村人・花冠の少年","戴花冠的少年"
"10012932","The boy is dead, surrounded by artifical flowers.","少年は、造花に囲まれて死んでいる。","少年死了，周围散落着人造花。"
"10012941","{CARDNAME:103020}","{CARDNAME:103020}","{CARDNAME:103020}"
"10012942","Though it looks like she is just sleeping, the proprietor is dead.","宿屋の店主は、眠るように死んでいる。","旅店老板像睡着了一样，却已经没了呼吸。"
"10012951","Calm Woman","村人・おおらかな女性","爽朗的女人"
"10012952","The woman is dead, but the hand on her full stomach suggests her end was met in satiety.","女性は、はち切れんばかりのお腹に手を当てながら、満足そうに死んでいる。","女人也死了，一只手还按在吃得鼓鼓的肚子上，仿佛临终前十分满足。"
"10012961","Apothecary","村人・薬剤師","药剂师"
"10012962","A bottle of medicine has tumbled over next to the corpse of the apothecary.","薬剤師の死体の傍には、薬のビンが転がっている。","药剂师的尸体旁，倒着一只药瓶。"
"10012971","{CARDNAME:91360}","{CARDNAME:91360}","{CARDNAME:91360}"
"10012972","You need to figure out what happened in the village.","今は、光の村で何があったのかを調べよう。","得弄清楚 {CARDNAME:91360} 到底发生了什么。"
"10012981","{CARDNAME:1030}","{CARDNAME:1030}","{CARDNAME:1030}"
"10012982","Having examined several of the bodies, {CARDNAME:1030} reports that the cause of their death appears to have been suicide by poison.","村人達の死体を調べた{CARDNAME:1030}によると、死因は服毒自殺らしい。","检查过几具尸体后，{CARDNAME:1030} 判断，他们似乎都是服毒自杀。"
"10012991","{CHARACTERNAME:1010}","{CHARACTERNAME:1010}","{CHARACTERNAME:1010}"
"10012992","You remember the desolate expression on the guru's face, and you realize you need to rush back to the Shrine of Light.","{CARDNAME:2071}の寂しそうな笑顔を思い出した君は、光の社に急いで戻ることにした。","你想起 {CARDNAME:2071} 那寂寞的神情，立刻决定赶回光之社。"
"10013001","{CARDNAME:103360}","{CARDNAME:103360}","{CARDNAME:103360}"
"10013002","{CARDNAME:1020} rears up and breaks the door open with a mighty kick.","固く閉ざされていた扉を、{CARDNAME:1020}が蹴り破った。","{CARDNAME:1020} 抬腿猛踹，硬生生破开了大门。"
"10013011","{CARDNAME:2071}","{CARDNAME:2071}","{CARDNAME:2071}"
"10013012","The guru is collapsed, bleeding, on the ground.","{CARDNAME:2071}が、血を流して倒れている。","{CARDNAME:2071} 倒在地上，身下流着血。"
"10013021","{CHARACTERNAME:1010}","{CHARACTERNAME:1010}","{CHARACTERNAME:1010}"
"10013022","You run over to her and try to help her sit up.","君は駆け寄って{CARDNAME:2071}を抱き起こす。","你冲到 {CARDNAME:2071} 身旁，将她扶了起来。"
"10013031","{CARDNAME:2071}","{CARDNAME:2071}","{CARDNAME:2071}"
"10013032","Her eyes flutter open, and she looks over your group. ""They have all passed without incident, then,"" she says with a feeble smile.","薄らと目を開いた{CARDNAME:2071}は、君達の様子を見て、「村のみんなは無事に逝けたんだね」と、力なく笑った。","{CARDNAME:2071} 缓缓睁眼，看了看你们，虚弱地笑道：「看来大家都顺利走了……」"
"10013041","","",""
"10013042","What do you say?","なんと声をかける？","你要说什么？"
"10013051","Why...?","どうして……","为什么……"
"10013052","You take one of her limply-hanging hands and ask, ""Why...?""","君は、力なく垂れさがる{CARDNAME:2071}の手を取りながら、
「どうして……」と、声をかける。","你握住 {CARDNAME:2071} 无力垂下的手，问道：「为什么……」"
"10013061","What Did You...?","{CARDNAME:2071}は……","{CARDNAME:2071} 到底做了什么……？"
"10013062","You gaze into her unfocused eyes and ask, ""What did you...?""","君は、焦点の定まらない{CARDNAME:2071}の瞳を見つめながら、
「{CARDNAME:2071}は……」と、声をかける。","你望着 {CARDNAME:2071} 涣散的双眼，艰难地问：「你到底……」"
"10013071","{CARDNAME:2071}","{CARDNAME:2071}","{CARDNAME:2071}"
"10013072","She said as much: they have a creed here in the village. And that creed is absolute.","{CARDNAME:2071}は言った。この村には教義がある。そしてそれは絶対なのだと。","{CARDNAME:2071} 曾经说过，这座村子有自己的教义，而教义是绝对的。"
"10013081","{CARDNAME:2071}","{CARDNAME:2071}","{CARDNAME:2071}"
"10013082","Be kind to people, and kill monsters. And...","人に優しくすること、
魔物は排除すること、
そして……","善待人类，排除魔物。以及……"
"10013091","{CARDNAME:2071}","{CARDNAME:2071}","{CARDNAME:2071}"
"10013092","""Death to those who break the creed.""","「教義を破った者には、
死を」","「违背教义者，死。」"
"10013101","Doctrines","教義","教义"
"10013102","This village's hatred for monsters runs deep, having taken root long, long ago.","この村には、遠い昔から魔物への憎しみが、根付いていた。","这座村子对魔物的憎恨根深蒂固，早在很久以前便已扎下根来。"
"10013111","Doctrines","教義","教义"
"10013112","Those feelings cannot be changed. Nor can the creed.","その感情は変える事はできない。そして、教義を変える事もできない。","这种感情改变不了，教义也改变不了。"
"10013121","{CARDNAME:2071}","{CARDNAME:2071}","{CARDNAME:2071}"
"10013122","The guru produces the stone tablet from the ruins. ""So long as we have this, our souls shall be guided to their rest,"" she murmurs.","{CARDNAME:2071}は石板を取り出すと、「これさえあれば、私達の魂は導かれる」と呟く。","{CARDNAME:2071} 拿出从遗迹取回的石板，喃喃道：「只要有它，我们的灵魂就会得到引导。」"
"10013131","{CARDNAME:1040}","{CARDNAME:1040}","{CARDNAME:1040}"
"10013132","{CARDNAME:1040} bursts into tears and says that this was all her fault.","{CARDNAME:1040}は、自分のせいだと泣き喚いた。","{CARDNAME:1040} 哭喊起来，说这一切都是自己的错。"
"10013141","{CARDNAME:2071}","{CARDNAME:2071}","{CARDNAME:2071}"
"10013142","""No..."" says the guru softly. ""It was mine."" ","それは違う、と{CARDNAME:2071}は否定し、「私のせいだよ」と穏やかに告げた。","「不……」{CARDNAME:2071} 轻声否认，「是我的错。」"
"10013151","{CARDNAME:2071}","{CARDNAME:2071}","{CARDNAME:2071}"
"10013152","She was prepared for this, and invited you in with full understanding of what would happen.","{CARDNAME:2071}は、こうなることを覚悟した上で、君達を招き入れたのだという。","{CARDNAME:2071} 早已预料到这种结局，却仍在明知后果的情况下让你们进村。"
"10013161","{CARDNAME:2071}","{CARDNAME:2071}","{CARDNAME:2071}"
"10013162","Despite all of that, she still wished to get the stone tablet back from the monster.","そうまでしても、魔物から大事な石板を取り戻したかったのだ、と微笑んだ。","即使如此，她还是想从魔物手里夺回那块珍贵的石板。"
"10013171","教祖","{CARDNAME:2071}","教祖"
"10013172","教祖は「魔物に奪われたままじゃ死ねないから」と言って、微笑んだ。","{CARDNAME:2071}は「魔物に奪われたままじゃ死ねないから」と言って、微笑んだ。","教祖は「魔物に奪われたままじゃ死ねないから」と言って、微笑んだ。"
"10013181","{CARDNAME:2071}","{CARDNAME:2071}","{CARDNAME:2071}"
"10013182","""And...""","「それに……」","「而且……」"
"10013191","{CARDNAME:2071}","{CARDNAME:2071}","{CARDNAME:2071}"
"10013192","""I am tired... Now I can finally see Mother and Father again...""","「私、もう疲れちゃった。これでやっと、お父様やお母様のもとへ……」","「我已经累了……这样终于能再见到爸爸妈妈了……」"
"10013201","{CARDNAME:2071}","{CARDNAME:2071}","{CARDNAME:2071}"
"10013202","They were all tired.","疲れていたのだ。","他们都已经累了。"
"10013211","{CARDNAME:2071}","{CARDNAME:2071}","{CARDNAME:2071}"
"10013212","The many years of being caught up between their hatred and their creed had made the villagers and the guru alike exhausted with life.","長年続く憎悪と、教義に挟まれ、村人も{CARDNAME:2071}も生きる事に疲れ果てていたのだ。","多年来夹在憎恨与教义之间，村民和 {CARDNAME:2071} 都早已对活下去疲惫不堪。"
"10013221","{CARDNAME:2071}","{CARDNAME:2071}","{CARDNAME:2071}"
"10013222","With one last word of thanks, the guru gently breathes her last breath.","{CARDNAME:2071}は「ありがとう」と礼を言って、ゆっくりと息を引き取った。","{CARDNAME:2071} 最后说了声「谢谢」，随后静静咽下最后一口气。"
"10013231","{CHARACTERNAME:1010}","{CHARACTERNAME:1010}","{CHARACTERNAME:1010}"
"10013232","""......""","「…………」","「……」"
"10013241","","",""
"10013242","Thus did the monster-loathing village pass to dust.","魔物を憎み続けた村は、こうして消えた。","就这样，这座憎恨魔物的村庄消失了。"
"10013251","","",""
"10013252","A visceral demonstration of what happens when you mix faith with hate...","信仰と憎しみの果てにある一つの答えを、君に示して……","信仰与憎恨交织到最后，会走向怎样的结局……这一切就这样摆在你眼前。"
"10013261","Deep Voice","野太い声","粗犷的声音"
"10013262","""Ho there!""","「おーい」","「喂——！」"
"10013271","{CHARACTERNAME:1010} and Company","{CHARACTERNAME:1010}達一行","{CHARACTERNAME:1010} 一行"
"10013272","A man, breathless and plump, suddenly jumps out in front of your group as you search for a place where {CARDNAME:1040} can rest.","{CARDNAME:1040}を休ませる場所を探す君達の前に、小太りな男が息を切らせながら躍り出た。","你们正寻找能让 {CARDNAME:1040} 休息的地方，一个微胖男人忽然气喘吁吁地蹿到面前。"
"10013281","","",""
"10013282","You can't help but feel like you remember this man...","この男、見覚えがある気がするが……","这个男人……你总觉得在哪里见过。"
"10013291","Who Are You?","どちら様？","你是谁？"
"10013292","You inquire as to his identity, and the man puffs out his chest as he replies, ""Why, a great merchant and roamer of the world at large!""","君が「どちら様？」と尋ねると、男は「世界をさすらう大商人だ」と、見得を切った。","你问他是谁。男人挺起胸膛，自豪地说：「我是周游世界的大商人！」"
"10013301","You're from the Circus!","サーカス団の……！","你是马戏团的……！"
"10013302","Recognition dawns in you, and you're sure this is the ringmaster of the circus—at least until he flatly denies it, saying you've confused him with someone else.","君はサーカス団の団長だ！と思ったが、口に出す前に人違いだと否定されてしまった。","你突然认出他，确信他就是马戏团团长。可还没说出口，男人就干脆地否认，说你认错人了。"
"10013311","{CARDNAME:1040}","{CARDNAME:1040}","{CARDNAME:1040}"
"10013312","{CARDNAME:1040} rises unsteadily from the deck of the sandskiff, tilts her head to the side, and says, ""You...not ringmaster?""","砂船で横になっていた{CARDNAME:1040}がふらふらと起き上がり、「団長……違ウ？」と首を捻る。","原本躺在砂船上的 {CARDNAME:1040} 摇摇晃晃地起身，歪着头问：「你……不是团长？」"
"10013321","Stout Man","小太りな男","微胖男人"
"10013322","The man looks at {CARDNAME:1040} for a moment, then breaks into a delighted smile. ""Oho, you're one of my brother's! From the circus!""","男は{CARDNAME:1040}を見ると、
「やっぱり、兄貴のとこの団員の子だ！」と嬉しそうに笑った。","男人盯着 {CARDNAME:1040} 看了一会儿，忽然开心地笑起来：「哦！你是我哥那边的！马戏团的团员！」"
"10013331","Stout Man","小太りな男","微胖男人"
"10013332","As he explains it, this man is the younger brother of the circus ringmaster.","話を聞くと、どうやらこの男は、サーカス団の団長の弟らしい。","听他解释才知道，这个男人原来是马戏团团长的弟弟。"
"10013341","Stout Man","小太りな男","微胖男人"
"10013342","He works as a merchant who travels the world buying and selling all manner of rare articles.","そして、世界を回りながら珍しいものを売買する商人をしているのだという。","他是名周游世界、买卖各种珍奇物品的商人。"
"10013351","{CARDNAME:2110}","{CARDNAME:2110}","{CARDNAME:2110}"
"10013352","And to that end, he wastes not a moment in trying to strike up some business. ""Perhaps a gander at my wares, then?""","商人の男は、「どうだい、商品を見ていくかい？」と商売を始めようとした。","说着说着，他立刻做起生意：「怎么样，要不要看看我的货？」"
"10013361","","",""
"10013362","You decide to...","君は……","你决定……"
"10013371","Hurry Onward","先を急ぐ","继续赶路"
"10013372","You briefly explain {CARDNAME:1040}'s condition and try to leave.","君は{CARDNAME:1040}の状態を簡単に説明して、その場を離れようとした。","你简单说明了 {CARDNAME:1040} 的情况，便准备离开。"
"10013381","Ask If There Is Somewhere to Rest","休める場所がないか訊く","问问有没有能休息的地方"
"10013382","You briefly explain {CARDNAME:1040}'s condition and ask the man if he knows of a good place to rest.","君は{CARDNAME:1040}の状態を簡単に説明して、休める場所を知らないか訊いた。","你简单说明了 {CARDNAME:1040} 的情况，又问他知不知道哪里适合休息。"
"10013391","{CARDNAME:2110}","{CARDNAME:2110}","{CARDNAME:2110}"
"10013392","""Why didn't you say so sooner? I've got some good info on that front,"" he replies with a wink.","君の話を聞いた男は、「そういうことなら早く言え。良い情報を知ってるぜ」と片目をつぶる。","男人听完眨眨眼：「有这种事怎么不早说？我倒正好知道点好消息。」"
"10013401","{CARDNAME:2110}","{CARDNAME:2110}","{CARDNAME:2110}"
"10013402","The merchant shares that he has heard of a village to the west wherein resides a brilliant apothecary.","商人の男によれば、ここより西にある村に、凄腕の薬剤師がいるという噂があるらしい。","据商人所说，西边有座村子，传闻那里住着一名医术高明的药剂师。"
"10013411","{CARDNAME:2110}","{CARDNAME:2110}","{CARDNAME:2110}"
"10013412","He's said to be a rather crabby fellow, but with any luck you can get some medicine from him, and on top of that find a place to rest—two birds with one stone!","かなり気難しいとのことだが、運が良ければ薬も手に入るし、休める場所もあるしで、一石二鳥だという。","听说那人脾气相当古怪，不过运气好的话，既能拿到药，又能找到休息的地方，正好一举两得。"
"10013421","{CHARACTERNAME:1010} and Company","{CHARACTERNAME:1010}達一行","{CHARACTERNAME:1010} 一行"
"10013422","You say a few words of thanks and quickly head off to the west in search of the village.","君達はお礼を言って、すぐに村を目指すことにした。","你们道了谢，立即动身向西寻找那座村子。"
"10013431","{CARDNAME:2110}","{CARDNAME:2110}","{CARDNAME:2110}"
"10013432","The man calls after you, ""I'll be here with my compatriots for a while, so do pop by later!""","商人の男は君達の背に、
「しばらくこの辺りに仲間といるから、覗いてくれ」と声をかけた。","商人在身后喊道：「我和伙伴还会在这附近待一阵，有空记得来看看！」"
"10013441","{CHARACTERNAME:1010} and Company","{CHARACTERNAME:1010}達一行","{CHARACTERNAME:1010} 一行"
"10013442","You and your companions dig. Dig long, deep holes. Graves.","君達は穴を掘っている。
埋葬用の穴だ。","你和同伴们正在挖坑。很深、很长的坑。墓穴。"
"10013451","{CHARACTERNAME:1010} and Company","{CHARACTERNAME:1010}達一行","{CHARACTERNAME:1010} 一行"
"10013452","You feel it's only right to give the dead a proper burial.","亡くなってしまった光の村の住人達を、このままにしておくわけにはいかないと考えたのだ。","你觉得，至少应该好好安葬这些死者。"
"10013461","{CHARACTERNAME:1010}","{CHARACTERNAME:1010}","{CHARACTERNAME:1010}"
"10013462","That's one grave complete. You let out a long sigh. You wonder how the others are faring.","一人分の穴を掘り終えた君は、長いため息をつく。そして、他の仲間の様子を見ることにした。","挖好一座墓穴后，你长叹一声。也不知道其他人怎么样了。"
"10013471","{CHARACTERNAME:1010}","{CHARACTERNAME:1010}","{CHARACTERNAME:1010}"
"10013472","村人の死をどう受け止めれば良いのか、話したかったのかもしれない。","村人の死をどう受け止めれば良いのか、話したかったのかもしれない。","村人の死をどう受け止めれば良いのか、話したかったのかもしれない。"
"10013481","{CHARACTERNAME:1010}","{CHARACTERNAME:1010}","{CHARACTERNAME:1010}"
"10013482","You can leave the village once the dead have been properly honored.","村人達をきちんと弔ってから、村を出よう。","好好安葬完村民，再离开这里吧。"
"10013491","{CARDNAME:103020}","{CARDNAME:103020}","{CARDNAME:103020}"
"10013492","Even rest should wait until the graves are dug.","休むにしても、村人達の埋葬を終えてからにしよう。","就算要休息，也等墓挖完再说。"
"10013501","{CARDNAME:103360}","{CARDNAME:103360}","{CARDNAME:103360}"
"10013502","You fear entering this house would trample upon the guru's fond familial memories, and turn back.","{CARDNAME:2071}にとって、両親との思い出が詰まった家なのだろうか。立ち入るのはやめておこう。","这里大概装满了 {CARDNAME:2071} 与家人的回忆。你觉得贸然闯入不妥，便转身离开。"
"10013511","{CHARACTERNAME:1010}","{CHARACTERNAME:1010}","{CHARACTERNAME:1010}"
"10013512","You find {CARDNAME:1040} and {CARDNAME:1020} filling one of the graves.","君は穴を埋めている最中の{CARDNAME:1020}と{CARDNAME:1040}を見つけた。","你找到 {CARDNAME:1020} 和 {CARDNAME:1040}，两人正一起填上一座墓。"
"10013521","{CHARACTERNAME:1010}","{CHARACTERNAME:1010}","{CHARACTERNAME:1010}"
"10013522","話しかけようとしたが、聞こえてきた二人の会話に、君は思わず足を止める。","話しかけようとしたが、聞こえてきた二人の会話に、君は思わず足を止める。","話しかけようとしたが、聞こえてきた二人の会話に、君は思わず足を止める。"
"10013531","{CARDNAME:1040}","{CARDNAME:1040}","{CARDNAME:1040}"
"10013532","{CARDNAME:1040} is in shock. Had she not come to the village, everyone might still be alive.","{CARDNAME:1040}は半分魔物である自分が村に来たせいで、皆が死んでしまった、とショックを受けているようだ。","{CARDNAME:1040} 受到很大打击。她觉得，如果自己没来这个村子，大家或许就不会死。"
"10013541","{CARDNAME:1020}","{CARDNAME:1020}","{CARDNAME:1020}"
"10013542","""They made their choice. We bear no responsibility for their fate,"" {CARDNAME:1020} says, trying to comfort her.","「アイツらが決めた事だ。オレ達が責任を感じる必要はない」と、{CARDNAME:1020}は{CARDNAME:1040}を慰めている。","{CARDNAME:1020} 安慰 {CARDNAME:1040}：「这是他们自己的选择。我们不必为他们的结局负责。」"
"10013551","{CARDNAME:1020}","{CARDNAME:1020}","{CARDNAME:1020}"
"10013552","しかし、そんな彼もどこか元気がない。","しかし、そんな彼もどこか元気がない。","しかし、そんな彼もどこか元気がない。"
"10013561","{CARDNAME:1020} and {CARDNAME:1040}","{CARDNAME:1020}と{CARDNAME:1040}","{CARDNAME:1020} 和 {CARDNAME:1040}"
"10013562","Silence hangs in the air. They break ground on a fresh grave.","淀んだ空気に沈む二人。言葉もないまま、再び新しい穴を掘り始めた。","两人沉默不语，气氛凝滞。他们又开始挖下一座墓。"
"10013571","{CHARACTERNAME:1010}","{CHARACTERNAME:1010}","{CHARACTERNAME:1010}"
"10013572","You leave them be.","君は、ただ静かにその場を離れる。","你没有打扰他们，静静离开了。"
"10013581","{CARDNAME:1020}","{CARDNAME:1020}","{CARDNAME:1020}"
"10013582","{CARDNAME:1020} silently digs another grave.","{CARDNAME:1020}は、ただ黙々と穴を掘っている。","{CARDNAME:1020} 一言不发，只顾默默挖着下一座墓。"
"10013591","{CARDNAME:1040}","{CARDNAME:1040}","{CARDNAME:1040}"
"10013592","{CARDNAME:1040} silently digs another grave.","{CARDNAME:1040}は、ただ黙々と穴を掘っている。","{CARDNAME:1040} 一言不发，只顾默默挖着下一座墓。"
"10013601","{CARDNAME:1030}","{CARDNAME:1030}","{CARDNAME:1030}"
"10013602","{CARDNAME:1030} gazes at the {CARDNAME:103360}, where the guru lived with her family.","{CARDNAME:1030}は{CARDNAME:2071}が住んでいた{CARDNAME:103360}を眺めていた。","{CARDNAME:1030} 望着 {CARDNAME:2071} 曾与家人生活的 {CARDNAME:103360}。"
"10013611","{CHARACTERNAME:1010}","{CHARACTERNAME:1010}","{CHARACTERNAME:1010}"
"10013612","You ask {CARDNAME:1030} if perhaps it was better this way.","君は{CARDNAME:1030}に、あれで良かったのだろうかと尋ねる。","你问 {CARDNAME:1030}，事情这样结束真的好吗。"
"10013621","{CARDNAME:1030}","{CARDNAME:1030}","{CARDNAME:1030}"
"10013622","He shakes his head and says there are many things in this world he does not understand.","{CARDNAME:1030}は静かに首を振り、世の中にはわからないことがたくさんあると話した。","{CARDNAME:1030} 摇摇头，说世上还有太多事情是自己无法理解的。"
"10013631","{CARDNAME:1030}","{CARDNAME:1030}","{CARDNAME:1030}"
"10013632","As you leave, you hear him speaking softly to himself.","そして、君の去り際に独り言のように小さくこぼす。","你离开时，听见他像自言自语般轻声说道。"
"10013641","{CARDNAME:1030}","{CARDNAME:1030}","{CARDNAME:1030}"
"10013642","""I just hope she's been reunited with her parents...""","「……{CARDNAME:2071}は、両親のもとにいけたのでしょうか」","「只希望 {CARDNAME:2071} 已经与父母团聚了……」"
"10013651","{CARDNAME:1030}","{CARDNAME:1030}","{CARDNAME:1030}"
"10013652","{CARDNAME:1030} stands stock still, quietly gazing at the Shrine of Light.","{CARDNAME:1030}は静かに、光の社を眺めている。","{CARDNAME:1030} 一动不动，静静望着光之社。"
"10013661","{CHARACTERNAME:1010} and Company","{CHARACTERNAME:1010}達一行","{CHARACTERNAME:1010} 一行"
"10013662","Though closure yet escapes you, the graves have been dug. The party agrees it is time to sleep. Or at least, to try.","複雑な考えをまとめきれないまま、埋葬を終えた君達は、しばしの眠りにつくことにした。","心中仍理不清种种思绪，但墓总算挖完了。大家决定先睡一觉，至少试着睡一会儿。"
"10013671","","",""
"10013672","The next day...","ー翌日ー","——第二天——"
"10013681","{CHARACTERNAME:1010} and Company","{CHARACTERNAME:1010}達一行","{CHARACTERNAME:1010} 一行"
"10013682","The village is all too quiet as your party rouses from slumber. Everyone sets about preparing to pass through the cave leading to the <highlight>{CARDNAME:92360}</highlight>.","静かすぎる村。目覚めた君達は支度を調え<highlight>{CARDNAME:92360}</highlight>に通じているという洞窟に向かうことにした。","村子依旧安静得过分。醒来后，大家收拾好行装，准备穿过通往 <highlight>{CARDNAME:92360}</highlight> 的洞窟。"
"10013691","{CARDNAME:103020}","{CARDNAME:103020}","{CARDNAME:103020}"
"10013692","No one stands behind the front desk, but the inn is still serviceable.","{CARDNAME:103020}は無人だが、身体を休めることはできそうだ。","{CARDNAME:103020} 虽然无人看守，但似乎还能休息。"
"10013701","{CARDNAME:2110}","{CARDNAME:2110}","{CARDNAME:2110}"
"10013702","""Hail, you there!""","「おーい」","「喂——！」"
"10013711","{CARDNAME:2110}","{CARDNAME:2110}","{CARDNAME:2110}"
"10013712","Glancing over in the direction of the shout, you see the roving merchant waving his whole arm at you.","声の方に視線を向けると、商人の男が君達に向かって大きく手を振っているのが見える。","你朝喊声望去，只见那名流浪商人正朝你们用力挥着手。"
"10013721","{CARDNAME:2110}","{CARDNAME:2110}","{CARDNAME:2110}"
"10013722","{CARDNAME:1040} was able to make a full recovery thanks to the info he passed on. You acknowledge him with a slight nod, deciding to stop by the market later so you can properly express your gratitude.","男の情報のおかげで、{CARDNAME:1040}は元気になった。君はぺこりとお辞儀をして、後でお礼がてら商店に立ち寄ろうと思った。","多亏他提供的情报，{CARDNAME:1040} 已经完全康复。你向他轻轻点头，想着之后去商店一趟，好好道谢。"
"10013731","{CARDNAME:2110}","{CARDNAME:2110}","{CARDNAME:2110}"
"10013732","The merchant sees that {CARDNAME:1040} has recovered, and lets out a sigh of relief.","商人の男は快復した{CARDNAME:1040}の様子を見て、安堵のため息を吐いた。","商人见 {CARDNAME:1040} 已经康复，松了口气。"
"10013741","{CARDNAME:2110}","{CARDNAME:2110}","{CARDNAME:2110}"
"10013742","""What a rare—er, I'm so glad she's recovered! It's a miracle!""","「こんなに珍し……あ、いや本当に無事でよかった！よかった！」","「这么稀有——呃，我是说，太好了！恢复得真是奇迹！」"
"10013751","{CARDNAME:2110}","{CARDNAME:2110}","{CARDNAME:2110}"
"10013752","He asks after the apothecary with curative-making prowess. It seems he wishes to replenish his stock.","商人の男は、凄腕の薬剤師について聞いてきた。薬をどうにか仕入れたいと考えているようだ。","他问起那名很会配药的药剂师，似乎想补充些货。"
"10013761","{CHARACTERNAME:1010}","{CHARACTERNAME:1010}","{CHARACTERNAME:1010}"
"10013762","Alas, the apothecary is... You tell him of the tragedy that transpired in the Village of Light.","しかし、薬剤師は……
君は素直に光の村の惨劇を伝える。","可是，药剂师已经……你把光之村发生的惨剧如实告诉了他。"
"10013771","{CARDNAME:2110}","{CARDNAME:2110}","{CARDNAME:2110}"
"10013772","The man falls silent for a time. ""I should like to set off some fireworks, then. In honor of the dead.""","男はしばらく黙っていた。そして、「弔いに花火でも打ちあげてやろう。特別にな」と言う。","男人沉默了一会儿，说：「那就放些烟花吧。算是给死者送行。」"
"10013781","{CARDNAME:2110}","{CARDNAME:2110}","{CARDNAME:2110}"
"10013782","The fireworks are only briefly visible in the bright light of day...","打ち上げられた花火は、明るい空に開いて、儚く消えた……","烟花在明亮的白昼中只短暂绽放了一瞬……"
"10013791","{CHARACTERNAME:1010}","{CHARACTERNAME:1010}","{CHARACTERNAME:1010}"
"10013792","You can't help but think they would be prettier if this place ever experienced nighttime. Your thoughts then turn to the departed villagers.","君は、この世界に夜があれば、もっとキレイに見えたのだろうかとボンヤリ考えつつ、村人達を偲んだ。","你不禁想到，如果这个世界也有黑夜，烟花一定会更漂亮。你默默悼念着逝去的村民。"
"10013801","{CHARACTERNAME:1010} and Company","{CHARACTERNAME:1010}達一行","{CHARACTERNAME:1010} 一行"
"10013802","The guru mentioned there would be a cave leading to the <highlight>{CARDNAME:92360}</highlight> in this area.","{CARDNAME:2071}の話では、この辺りに<highlight>{CARDNAME:92360}</highlight>に繋がる洞窟があるはずだ。","{CARDNAME:2071} 说过，这附近应该有一座通往 <highlight>{CARDNAME:92360}</highlight> 的洞窟。"
"10013811","{CHARACTERNAME:1010} and Company","{CHARACTERNAME:1010}達一行","{CHARACTERNAME:1010} 一行"
"10013812","The party takes a look around. {CARDNAME:1030} takes notice of a crack in the snow and ice.","辺りをきょろきょろと見回すと、{CARDNAME:1030}が雪の亀裂を発見する。","大家四处张望，{CARDNAME:1030} 注意到了冰雪中的一道裂缝。"
"10013821","{CARDNAME:1030}","{CARDNAME:1030}","{CARDNAME:1030}"
"10013822","彼が指した雪の壁には、僅かな隙間がある。","彼が指した雪の壁には、僅かな隙間がある。","彼が指した雪の壁には、僅かな隙間がある。"
"10013831","Cave Entrance","洞窟の入り口","洞窟入口"
"10013832","Upon closer examination, you realize it must be the cave entrance. It's been almost entirely snowed in.","よく見ると、洞窟の入り口のようだ。雪に埋もれてしまったのだろう。","走近一看，果然像是洞窟入口，只是几乎完全被积雪埋住了。"
"10013841","Cave Entrance","洞窟の入り口","洞窟入口"
"10013842","If you can just clear the snow away, you should be able to pass inside.","入り口を塞いでいる雪をどうにかすれば、通れるようだが……","只要把堵在入口的雪清掉，应该就能进去。"
"10013851","","",""
"10013852","What's the plan?","どうする？","怎么办？"
"10013861","Have At It, {CARDNAME:1040}!","いけ！{CARDNAME:1040}！","上吧，{CARDNAME:1040}！"
"10013862","{CARDNAME:1040} digs with all her might, but you can see her hands turning red in the cold. You tell her to stop.","{CARDNAME:1040}は張り切って雪を掘るが、その手が見る間に赤くなっていく。見かねた君は、{CARDNAME:1040}を止めた。","{CARDNAME:1040} 拼命挖雪，可双手很快冻得通红。你赶紧叫她停下。"
"10013871","All You, {CARDNAME:1030}!","いけ！{CARDNAME:1030}！","交给你了，{CARDNAME:1030}！"
"10013872","""I am the brains of this operation, not the brawn,"" he refuses with a smile.","「ボクは頭脳労働担当なので」と、{CARDNAME:1030}は笑顔で断った。","{CARDNAME:1030} 笑着拒绝：「我是负责动脑的，不负责卖力气。」"
"10013881","All You, {CARDNAME:1030}!","いけ！{CARDNAME:1030}！","交给你了，{CARDNAME:1030}！"
"10013882","{CARDNAME:1030}, bristling at your forceful order, sets about painstakingly explaining all the ways in which he's not suited for burrowing in the snow.","{CARDNAME:1030}はしつこく指示をする君に、いかに自分が雪かきに向いていないか、くどくどと説明しようとする。","你再三催促，{CARDNAME:1030} 便开始滔滔不绝地解释自己为什么不适合铲雪。"
"10013891","{CHARACTERNAME:1010}","{CHARACTERNAME:1010}","{CHARACTERNAME:1010}"
"10013892","Fearing you'll die of hypothermia before he finishes making his case, you rescind your order.","君は、雪の中で{CARDNAME:1030}の話を聞き続けていたら、凍え切ってしまうと、指示を取り下げた。","你担心继续听 {CARDNAME:1030} 解释下去，大家会先冻死，只好收回命令。"
"10013901","Go, {CARDNAME:4320}, Go!","いけ！{CARDNAME:4320}！","上吧，{CARDNAME:4320}！"
"10013902","The {CARDNAME:4320} appears before you, and melts the snow blocking the entrance in an instant!","君に呼び出された{CARDNAME:4320}は、その力で入り口を塞ぐ雪を溶かした！","{CARDNAME:4320} 应召出现，瞬间融化了堵住入口的积雪！"
"10013911","{CHARACTERNAME:1010}","{CHARACTERNAME:1010}","{CHARACTERNAME:1010}"
"10013912","You have to admit, you're getting quite good at controlling these primals.","君は、神獣の力をかなり使いこなせるようになってきたと感じた。","不得不说，你对神兽的操控已经越来越熟练了。"
"10013921","{CHARACTERNAME:1010}","{CHARACTERNAME:1010}","{CHARACTERNAME:1010}"
"10013922","In fact, you might be able to control the Flame Primal well enough to keep everyone warm in the harsh climes ahead.","うまく調整すれば、雪の中でも暖を取ることが可能だろう。","只要控制得当，接下来就算身处严寒，也能借炎之神兽的力量取暖。"
"10013931","{CARDNAME:92360}","{CARDNAME:92360}","{CARDNAME:92360}"
"10013932","In the distance, you see a massive cliff looming over the vast expanse of thick snow before you.","厚い雪の向こうに、遠くからでも視認できる巨大な崖がそびえ立っている。","厚厚积雪铺满眼前的大地，远处耸立着一道无比巨大的断崖。"
"10013941","{CARDNAME:1020}","{CARDNAME:1020}","{CARDNAME:1020}"
"10013942","""That must be the <highlight>{CARDNAME:92360}</highlight>,"" {CARDNAME:1020} says gravely.","「あれが<highlight>{CARDNAME:92360}</highlight>だろう」と、{CARDNAME:1020}が言った。","{CARDNAME:1020} 神情严肃地说：「那应该就是 <highlight>{CARDNAME:92360}</highlight>。」"
"10013951","{CHARACTERNAME:1010} and Company","{CHARACTERNAME:1010}達一行","{CHARACTERNAME:1010} 一行"
"10013952","Warmed by the Flame Primal, the party sets off in the direction of the massive sheet of ice.","君達は神獣の力で暖を取りながら、{CARDNAME:92360}を目指すことにする。","众人借炎之神兽取暖，朝 {CARDNAME:92360} 前进。"
"10013961","{CARDNAME:105431}","{CARDNAME:105431}","{CARDNAME:105431}"
"10013962","The sandskiff slows to a crawl...","砂船の動きが鈍くなってきた……","砂船越来越慢……"
"10013971","{CARDNAME:105431}","{CARDNAME:105431}","{CARDNAME:105431}"
"10013972","...Actually, nope. It's stopped entirely!","……と思っていたら、動かなくなってしまった！","……不，已经彻底停下来了！"
"10013981","{CARDNAME:105431}","{CARDNAME:105431}","{CARDNAME:105431}"
"10013982","You peer down at the wheels to find them completely packed with snow. You won't get across the snow in the sandskiff like this...","車輪を見ると、完全に雪に埋もれてしまっている。このままでは先に進めない。どうにかしないと……","你低头一看，车轮已经完全陷进雪里。这样下去，砂船根本过不了雪原……"
"10013991","","",""
"10013992","What will you do?","どうする？","怎么办？"
"10014001","Melt the Snow! All of It!","雪をすべて溶かそう！","把雪全都融掉！"
"10014002","You start to summon the {CARDNAME:4320}, but quickly realize you can't draw enough power out of it to melt ALL the snow...","{CARDNAME:4320}の力を使おうとしたが、雪原を一気に溶かすほどの力は、まだ引き出せない。","你正要召唤 {CARDNAME:4320}，却很快发现，自己还无法引出足以融化整片雪原的力量……"
"10014011","So Long, Sandskiff!","バイバイ砂船！","再见了，砂船！"
"10014012","""You're just going to...abandon it?"" {CARDNAME:1020} asks, pained by the thought. Perhaps there's another way out of this jam.","「手放す……のか……？」と、{CARDNAME:1020}が少し口惜しそうにしている。もう少し検討してみよう。","{CARDNAME:1020} 一脸心疼地问：「就这么……扔了？」或许还有别的办法。"
"10014021","Better Make It Snow-worthy!","砂船を改造しよう！","把砂船改得能在雪上走！"
"10014022","Before you can even get the words out, {CARDNAME:1030} is muttering to himself and drawing up blueprints.","君が砂船の改造を提案する前に、すでに{CARDNAME:1030}がブツブツと呟きながら図面を引いていた。","你甚至还没来得及提议，{CARDNAME:1030} 已经一边嘀咕，一边画起了设计图。"
"10014031","{CARDNAME:1030}","{CARDNAME:1030}","{CARDNAME:1030}"
"10014032","His Sandskiff Mark 2 plans, he announces, will require planks. Or something plank-like.","{CARDNAME:1030}の砂船改造第二弾案によると、板のようなものが必要だと言う。","{CARDNAME:1030} 说，这是「砂船二号」的设计，需要木板，或者类似木板的东西。"
"10014041","{CARDNAME:1030}","{CARDNAME:1030}","{CARDNAME:1030}"
"10014042","""Two long, thin planks of metal, to be precise,"" he says, giving you an idea.","「金属製の細い板が二枚あるとベストです」と言う{CARDNAME:1030}の言葉に、君は閃く。","{CARDNAME:1030} 说：「准确地说，最好有两块又长又窄的金属板。」这句话让你灵光一闪。"
"10014051","","",""
"10014052","You might be able to use a certain monster for this.","あの魔物が使えるかもしれない。","或许可以借助某只魔物。"
"10014061","{CHARACTERNAME:1010}","{CHARACTERNAME:1010}","{CHARACTERNAME:1010}"
"10014062","You summon a monster at random. The party tilts their head in unison and lets out a collective, ""...What?""","君は適当な魔物を呼び出した。しかし、仲間達に「はて？」と首を傾げられてしまった。","你随手召唤了一只魔物。大家齐刷刷歪过头，异口同声：「……干什么？」"
"10014071","{CHARACTERNAME:1010}","{CHARACTERNAME:1010}","{CHARACTERNAME:1010}"
"10014072","Panicked and a little embarrassed, you withdraw the summon back from whence it came.","君は、慌てて魔物を引っ込めた。","你有些慌，也有些尴尬，赶紧把召唤出来的魔物收了回去。"
"10014081","{CHARACTERNAME:1010}","{CHARACTERNAME:1010}","{CHARACTERNAME:1010}"
"10014082","You summon a monster at random. The party tilts their head in unison and lets out a collective, ""...What?""","君は適当な魔物を呼び出した。しかし、仲間達に「はて？」と首を傾げられてしまった。","你随手召唤了一只魔物。大家齐刷刷歪过头，异口同声：「……干什么？」"
"10014091","{CHARACTERNAME:1010}","{CHARACTERNAME:1010}","{CHARACTERNAME:1010}"
"10014092","Panicked and a little embarrassed, you withdraw the summon back from whence it came.","君は、慌てて魔物を引っ込めた。","你有些慌，也有些尴尬，赶紧把召唤出来的魔物收了回去。"
"10014101","{CHARACTERNAME:1010}","{CHARACTERNAME:1010}","{CHARACTERNAME:1010}"
"10014102","You raise the card containing the {CARDNAME:4310} high into the air.","君は{CARDNAME:4310}を封じたカードを、高らかに掲げた。","你高高举起封印着 {CARDNAME:4310} 的卡牌。"
"10014111","{CHARACTERNAME:1010}","{CHARACTERNAME:1010}","{CHARACTERNAME:1010}"
"10014112","Now, with your primal-wrangling powers coming into their own, you think you might be able to get the Steel Primal to help you.","力を使いこなせてきた今なら、鋼を司る神獣の力で、どうにかなるかもしれないと考えたのだ。","如今你已经越来越能驾驭神兽。也许可以让钢之神兽帮忙。"
"10014121","{CARDNAME:4310}","{CARDNAME:4310}","{CARDNAME:4310}"
"10014122","You summon it...and manage to make it craft two long, skinny metal plates!","君は、{CARDNAME:4310}を呼び出すと……その力で金属製の細い板を二枚造り出した！","你召唤出 {CARDNAME:4310}……并成功让它造出了两块又长又窄的金属板！"
"10014131","{CHARACTERNAME:1010}","{CHARACTERNAME:1010}","{CHARACTERNAME:1010}"
"10014132","Though it's not yet effortless, your control over the primals feels more responsive than ever.","少し疲労感はあるが、君は神獣のコントロールに確かな手ごたえを感じる。","虽然还谈不上轻松，但你明显感觉到，对神兽的操控比以前顺手多了。"
"10014141","{CARDNAME:1030}","{CARDNAME:1030}","{CARDNAME:1030}"
"10014142","You hand the plates to a gleeful {CARDNAME:1030}, who immediately attaches them to the sandskiff.","金属板を渡すと、{CARDNAME:1030}は大喜びで砂船の改造に着手した。","你把金属板交给喜出望外的 {CARDNAME:1030}，他立刻动手改造砂船。"
"10014151","","",""
"10014152","Several hours later...","ー数時間後ー","——数小时后——"
"10014161","{CARDNAME:105432}","{CARDNAME:105432}","{CARDNAME:105432}"
"10014162","Thanks to {CARDNAME:1030}'s efforts, the sandskiff can now travel across snow!","{CARDNAME:1030}の改造により、砂船は雪原を走行できるようになった！","在 {CARDNAME:1030} 的改造下，砂船终于能在雪原上行驶了！"
"10014171","Flowers","花","花"
"10014172","You spot a number of small but mighty flowers poking up through the snow. The mere sight of them fills you all with hope.","雪の中に、小さな花が数本生えている。たくましいその姿に、君達は少し元気をもらった。","几朵小花从雪中顽强探出头来。光是看着它们，大家便多了几分精神。"
"10014181","Village","村","村子"
"10014182","Not a soul stirs in the entire village. Perhaps it is long since abandoned?","村に人の姿はない。皆、出かけているのだろうか……","整个村子一个人影都没有。难道早已荒废？"
"10014191","Graveyard","墓","墓地"
"10014192","This portion of the village appears to be a graveyard...","村の一角には、たくさんの墓が建っている……","村子一角立着许多墓碑……"
"10014201","{CARDNAME:103020}","{CARDNAME:103020}","{CARDNAME:103020}"
"10014202","No one appears to be staffing the inn. You promise to the absent innkeeper you'll pay later and scurry inside, out of the cold.","店主はいないようだ。後でお金を払うことにして、今は寒さをしのぐために使わせてもらおう。","旅店里似乎没人看守。你对着不在场的老板承诺之后会付钱，便赶紧进屋躲避严寒。"
"10014211","Cabin","小屋","小屋"
"10014212","Though it does not appear the owner is home, there are signs of life all throughout the cabin. You'd better not enter uninvited.","家主はいないようだが、わずかながら生活の痕跡がある。勝手に入るのはやめておこう。","屋主似乎不在，但屋里处处留有生活痕迹。还是别擅自闯进去。"
"10014221","{CHARACTERNAME:1010} and Company","{CHARACTERNAME:1010}達一行","{CHARACTERNAME:1010} 一行"
"10014222","At last, you've reached the {CARDNAME:92360}.","君達は、とうとう{CARDNAME:92360}に辿り着いた。","你们终于抵达了 {CARDNAME:92360}。"
"10014231","{CARDNAME:92360}","{CARDNAME:92360}","{CARDNAME:92360}"
"10014232","It is a cliff taller than any you've seen, and its breadth extends as far as the eye can see. It practically defies you to conquer it.","そびえ立つ崖は、恐ろしく高く、左右にも果てしなく続いていた。まるで人の侵入を拒むかのようだ。","断崖高得超乎想象，又向左右一直延伸到视野尽头，仿佛在拒绝任何人跨越。"
"10014241","{CHARACTERNAME:1010}","{CHARACTERNAME:1010}","{CHARACTERNAME:1010}"
"10014242","You try to climb it, but its face is sheer ice, and your hands find no purchase.","君は試しに一人で崖をよじ登ろうとするが、氷に覆われた壁面はつるつるしていて、思うように登れない。","你试着攀爬，可崖面覆满坚冰，光滑得几乎无处借力。"
"10014251","{CHARACTERNAME:1010}","{CHARACTERNAME:1010}","{CHARACTERNAME:1010}"
"10014252","But you will not be defeated! You redouble your efforts and scramble partway up...only to see a giant snowball hurtling your way!","それでも諦めず、途中までよじ登った君の頭上に、大きな雪玉が落ちてきた！","但你不肯认输！你更加卖力，终于爬到半途——一颗巨大的雪球却从上方飞速砸来！"
"10014261","{CHARACTERNAME:1010}","{CHARACTERNAME:1010}","{CHARACTERNAME:1010}"
"10014262","In a show of quick thinking, you summon the {CARDNAME:4320} and melt it before it crashes into you.","君はとっさの機転で{CARDNAME:4320}を呼び出して、雪玉を溶かす！","你急中生智，召唤 {CARDNAME:4320}，在雪球砸中你之前将它融化。"
"10014271","{CHARACTERNAME:1010}","{CHARACTERNAME:1010}","{CHARACTERNAME:1010}"
"10014272","Alas, that movement throws you off balance, and you plummet into the snow at the base of the Endwall.","しかし、そのせいでバランスを崩してしまい、君は崖から落ちてしまう。","可这一动让你失去平衡，整个人从崖上摔回 {CARDNAME:92360} 脚下的雪地。"
"10014281","{CHARACTERNAME:1010}","{CHARACTERNAME:1010}","{CHARACTERNAME:1010}"
"10014282","降り積もった雪がクッションとなったお陰で、君に怪我はない。","降り積もった雪がクッションとなったお陰で、君に怪我はない。","降り積もった雪がクッションとなったお陰で、君に怪我はない。"
"10014291","","",""
"10014292","What do you do?","君は……","怎么办？"
"10014301","Again!","もう一度！","再来一次！"
"10014302","{CARDNAME:1020}'s plea for you to stop goes unheeded, and you hurl yourself bodily at the icy cliff.","{CARDNAME:1020}が止めるのも聞かず、君は再び崖に挑む。","你完全不理会 {CARDNAME:1020} 的劝阻，再次朝冰崖扑了上去。"
"10014311","{CHARACTERNAME:1010}","{CHARACTERNAME:1010}","{CHARACTERNAME:1010}"
"10014312","This time an even larger snowball drops down from the heavens. Sensing your life is in danger, you abandon your climb.","だが、今度はもっと大きな雪玉が落ちてきた。命の危険を感じた君は、登るのを諦めることにした。","这一次，更大的雪球从天而降。你意识到再爬下去恐怕真会送命，只好放弃。"
"10014321","{CARDNAME:1020}","{CARDNAME:1020}","{CARDNAME:1020}"
"10014322","You announce that you won't be trying again, and {CARDNAME:1020} applauds the sagacity of your decision.","君が崖を登るのを諦めると言うと、{CARDNAME:1020}はすぐに賛成する。","你宣布不再继续尝试，{CARDNAME:1020} 立刻赞成你的明智决定。"
"10014331","{CARDNAME:1020}","{CARDNAME:1020}","{CARDNAME:1020}"
"10014332","He then reminds you that no one even knows if the Newterra the guru spoke of is real.","{CARDNAME:2071}が言っていた、新天地なんてものが本当にあるとは限らない、と{CARDNAME:1020}は言う。","{CARDNAME:1020} 又提醒大家，谁也不能确定 {CARDNAME:2071} 所说的新天地是否真的存在。"
"10014341","I Yield","諦める","放弃"
"10014342","You announce that you won't be trying again, and {CARDNAME:1020} applauds the sagacity of your decision.","君が崖を登るのを諦めると言うと、{CARDNAME:1020}はすぐに賛成する。","你宣布不再继续尝试，{CARDNAME:1020} 立刻赞成你的明智决定。"
"10014351","{CARDNAME:1020}","{CARDNAME:1020}","{CARDNAME:1020}"
"10014352","He then reminds you that no one even knows if the Newterra the guru spoke of is real.","{CARDNAME:2071}が言っていた、新天地なんてものが本当にあるとは限らない、と{CARDNAME:1020}は言う。","{CARDNAME:1020} 又提醒大家，谁也不能确定 {CARDNAME:2071} 所说的新天地是否真的存在。"
"10014361","{CARDNAME:1030}","{CARDNAME:1030}","{CARDNAME:1030}"
"10014362","{CARDNAME:1030} doesn't look quite so ready to give in. Newterra's existence is irrelevant, he says, noting that the guru said it was simply where you'd find what you seek.","{CARDNAME:1030}は諦めきれない様子だ。{CARDNAME:2071}が言っていた「新天地には君達の探し物がある」という言葉が気になるらしい。","{CARDNAME:1030} 却还不想放弃。他认为新天地是否存在并不重要，关键是 {CARDNAME:2071} 说过，你们寻找的东西会在那里。"
"10014371","{CARDNAME:1040}","{CARDNAME:1040}","{CARDNAME:1040}"
"10014372","{CARDNAME:1040} reckons she can climb it, and leaps at the Endwall.","{CARDNAME:1040}は、自分なら登れると飛び跳ねている。","{CARDNAME:1040} 觉得自己能爬上去，兴冲冲地朝 {CARDNAME:92360} 跳去。"
"10014381","{CHARACTERNAME:1010} and Company","{CHARACTERNAME:1010}達一行","{CHARACTERNAME:1010} 一行"
"10014382","The party is divided. {CARDNAME:1020} opposes any attempt to advance, but {CARDNAME:1030} and {CARDNAME:1040} insist on scaling the wall.","これ以上進むのを反対する{CARDNAME:1020}と、進みたい{CARDNAME:1030}や{CARDNAME:1040}で意見が分かれる。","众人意见分成两派。{CARDNAME:1020} 反对继续前进，{CARDNAME:1030} 和 {CARDNAME:1040} 却坚持要翻过断崖。"
"10014391","{CHARACTERNAME:1010} and Company","{CHARACTERNAME:1010}達一行","{CHARACTERNAME:1010} 一行"
"10014392","Thanks to the {CARDNAME:4320}'s warmth, the debate carries on for some time...","君達は{CARDNAME:4320}の力で暖を取りながら、しばし話し合った。しかし……","有 {CARDNAME:4320} 的热力护着，大家就这样争论了好一阵……"
"10014401","{CHARACTERNAME:1010}","{CHARACTERNAME:1010}","{CHARACTERNAME:1010}"
"10014402","Suddenly, your vision blurs. You've drawn upon the Flame Primal's power for too long, and your body has reached its limit.","突然、君の視界がかすむ。神獣の力を使い過ぎた君の体力は、限界を迎えていたのだ。","突然，你眼前一阵模糊。长时间借用炎之神兽的力量，已经让身体到了极限。"
"10014411","{CHARACTERNAME:1010} and Company","{CHARACTERNAME:1010}達一行","{CHARACTERNAME:1010} 一行"
"10014412","The flame you called forth blinks out of existence, and a piercing chill sets in once more.","召喚していた{CARDNAME:4320}が消え、凍えるような寒さが君達を襲う。","你召出的 {CARDNAME:4320} 消失了，刺骨寒意再次袭来。"
"10014421","{CHARACTERNAME:1010}","{CHARACTERNAME:1010}","{CHARACTERNAME:1010}"
"10014422","Between your exhaustion and the cold, you feel yourself growing faint...","疲れと寒さのせいで、君の意識は朦朧としていく……","疲惫与严寒交织，你的意识渐渐模糊……"
"10014431","Old Woman","老婆","老妇人"
"10014432","""What's this? We haven't had any visitors here for quite some time.""","「おや？こんなところに人がいるなんて珍しい」","「咦？这里已经很久没有客人来了。」"
"10014441","{CHARACTERNAME:1010}","{CHARACTERNAME:1010}","{CHARACTERNAME:1010}"
"10014442","These words, and the shape of an old woman emerging from the snow, are the last things you register before you lose consciousness.","雪の中から現れた老婆の姿を目に留めながら、君は意識を手放した……","你最后看到的，是从风雪中走来的老妇人身影。随后便失去了意识。"
"10014451","{CHARACTERNAME:1010}","{CHARACTERNAME:1010}","{CHARACTERNAME:1010}"
"10014452","Your eyes open, and your surroundings come into focus. You're in a bed.","気が付くと、君はベッドで横になっていた。","你睁开眼，眼前逐渐清晰。自己正躺在床上。"
"10014461","Old Woman","老婆","老妇人"
"10014462","Next to you sits an old woman. ""Come around, have you?"" she asks gently. You suppose she's been looking after you.","君の傍にいた老婆が、「目が覚めたかい」と声をかける。どうやら君を看病してくれていたようだ。","老妇人坐在旁边，温和地问：「醒了吗？」看来一直是她在照顾你。"
"10014471","{CARDNAME:1020} and Others","{CARDNAME:1020}達","{CARDNAME:1020} 等人"
"10014472","Perhaps drawn by the noise you're making, {CARDNAME:1020} and the others burst into the room.","物音を聞きつけた{CARDNAME:1020}達も部屋に入ってくる。","或许听见了你的动静，{CARDNAME:1020} 等人一股脑冲进房间。"
"10014481","{CHARACTERNAME:1010} and Company","{CHARACTERNAME:1010}達一行","{CHARACTERNAME:1010} 一行"
"10014482","They all fawn over you in turn.","仲間達は、次々に君の体調を気遣う。","大家轮番围着你嘘寒问暖。"
"10014491","Old Woman","老婆","老妇人"
"10014492","""Care for something to eat?"" the old woman asks, her voice as soothing as any curative.","老婆は穏やかな調子で「なにか食べるかい？」と聞いてくれた。","老妇人用令人安心的语气问：「要不要吃点东西？」"
"10014501","","",""
"10014502","How will you respond?","君は何と返す？","你怎么回答？"
"10014511","Yes, Thank You!","ありがとう！","好，谢谢！"
"10014512","You accept her kind offer immediately, offering your thanks loudly and profusely.","君は老婆の厚意に、素直に甘えることにして、大きな声でお礼を言う。","你立刻接受她的好意，大声连连道谢。"
"10014521","Old Woman","老婆","老妇人"
"10014522","""A model youth if ever there was one!"" the woman says, nodding enthusiastically as she sets to cooking.","すると老婆は「若者はこうでなくっちゃね」と、満足そうに頷き、手早く料理を作ってくれた。","「年轻人就该这样！」老妇人满意地点点头，麻利地做起饭来。"
"10014531","I Couldn't Possibly Impose...","ご迷惑じゃ……","这怎么好意思……"
"10014532","No one could possibly grow crops here, you reason, and you certainly aren't about to go stealing food from an old woman. You politely decline.","君は、食べるものにも困りそうなこの土地で、ご馳走してもらうわけにはいかないと、辞退しようとする。","你觉得这里根本种不出庄稼，怎么也不好意思吃老妇人的口粮，于是客气地谢绝。"
"10014541","Old Woman","老婆","老妇人"
"10014542","""Modesty is so unbecoming of the young!"" the woman says, and sets about preparing a meal.","すると老婆は「若者が遠慮なんてするもんじゃない」と、手早く料理を作ってくれた。","「年轻人可别学着客气！」老妇人说着，麻利地做起饭来。"
"10014551","{CHARACTERNAME:1010}","{CHARACTERNAME:1010}","{CHARACTERNAME:1010}"
"10014552","The food is simple and warm. It heals your body and mind with every bite.","質素ながらも温かい食事に君は心も体も癒やされていく……","饭菜朴素，却热气腾腾。每吃一口，身心都仿佛恢复了几分。"
"10014561","{CARDNAME:1030}","{CARDNAME:1030}","{CARDNAME:1030}"
"10014562","{CARDNAME:1030} broaches a bit of conversation while you eat. ""I didn't happen to see anyone else in the village...""","食事をしながら、{CARDNAME:1030}が「他の村人の姿が見えませんが」と、老婆に尋ねた。","吃饭时，{CARDNAME:1030} 问起：「村里好像没有其他人……」"
"10014571","Old Woman","老婆","老妇人"
"10014572","The old woman says she'll take you to meet the others, and shuffles out of the cabin.","すると老婆は、村人に会わせると言って、ゆっくりと小屋の外へ出た。","老妇人说要带你们去见大家，随后慢慢走出了小屋。"
"10014581","Cabin","小屋","小屋"
"10014582","It's so nice and warm inside the cabin, and you don't just mean the temperature.","小屋の中はとても暖かい。単純な温度の問題だけではないだろう。","小屋里暖洋洋的。这里的温暖，似乎不只是温度而已。"
"10014591","{CHARACTERNAME:1010}","{CHARACTERNAME:1010}","{CHARACTERNAME:1010}"
"10014592","It's incredibly cold outside the village. You'd best hurry to the old woman's side.","外の寒さはかなり厳しい。早く老婆のもとへ行こう。","村外冷得厉害。赶快去追上老妇人吧。"
"10014601","Graveyard","墓","墓地"
"10014602","The old woman leads you to the graveyard.","老婆に案内された場所には墓が並んでいる。","老妇人把你们带到了墓地。"
"10014611","Old Woman","老婆","老妇人"
"10014612","""They're all gone, now,"" she says softly. Her face creases with profound sadness.","「みんな行ってしまった」と老婆は言った。その顔は深い悲しみに満ちている。","「大家都走了。」她轻声说道，脸上满是深深的悲伤。"
"10014621","Old Woman","老婆","老妇人"
"10014622","Eager to leave a land in which nothing can grow, each one tried to scale the {CARDNAME:92360} and reach Newterra.","村人達は、農作物が育たないこの地を離れようと、新天地を目指して{CARDNAME:92360}に挑戦したらしい。","这里什么也种不出来。村民们都想离开这片土地，于是一个个尝试翻越 {CARDNAME:92360}，前往新天地。"
"10014631","Old Woman","老婆","老妇人"
"10014632","But not a single one returned. Eventually, the old woman was the only one left.","だが新天地に向かった者は誰も戻らず、とうとう老婆一人になってしまったのだという。","可没有一个人回来。最后，村里只剩老妇人独自一人。"
"10014641","Old Woman","老婆","老妇人"
"10014642","Her own son was also among those who set out to scale the Endwall.","老婆の息子もまた、行ってしまった者の一人だった。","她自己的儿子，也在那些前去攀登 {CARDNAME:92360} 的人当中。"
"10014651","Old Woman","老婆","老妇人"
"10014652","Still, the old woman ventures to the {CARDNAME:92360} once a day, clinging to the last shred of hope she has that he will return.","老婆はわずかな希望にすがるように、日に一度は{CARDNAME:92360}の様子を見に行っているそうだ。","老妇人仍抱着最后一丝希望，每天都会去 {CARDNAME:92360} 看一次，盼着儿子回来。"
"10014661","Old Woman","老婆","老妇人"
"10014662","She tells you how grateful she's been for your company after so much time alone, and suggests you spend the night in Icevale.","久々に人と話せて楽しかったと微笑んだ老婆は、君達に、このまま泊まっていくように勧めた。","她说，一个人生活太久，难得能和你们说说话，很开心。随后邀请你们在冰之村住一晚。"
"10014671","","",""
"10014672","The next day...","ー翌日ー","——第二天——"
"10014681","Shriek","叫び声","尖叫声"
"10014682","""GYAAAAAAHHH!""","「ぎゃあああああ！」","「呀啊啊啊啊——！」"
"10014691","{CHARACTERNAME:1010} and Company","{CHARACTERNAME:1010}達一行","{CHARACTERNAME:1010} 一行"
"10014692","A piercing shriek launches you out of a deep sleep and onto your feet. That was the kindly old woman's voice, you're sure of it. You all agree to check in on her.","その叫びに君達は飛び起きた。助けてくれた老婆の声だ。君達は、すぐに老婆のもとへ向かうことにする。","刺耳的尖叫把你们从熟睡中惊醒。那一定是老妇人的声音。大家立刻决定去看看她。"
"10014701","","",""
"10014702","The next day...","ー翌日ー","——第二天——"
"10014711","{CHARACTERNAME:1010} and Company","{CHARACTERNAME:1010}達一行","{CHARACTERNAME:1010} 一行"
"10014712","Upon waking, your party begins discussing how to proceed.","目覚めた君達は、今後について話し合うことにした。","醒来后，大家开始商量接下来怎么办。"
"10014721","","",""
"10014722","What do we do now?","今後は……","接下来……"
"10014731","Live with the Old Woman","老婆とこの村で暮らす","和老妇人一起住在这里"
"10014732","You suggest abandoning the search for Newterra and living with the old woman in Icevale. With her back as bad as it is, she might appreciate the extra help.","新天地を諦めて、この村で暮らすのもいいかもしれない。老婆は腰も悪く、一人では大変だろう。","你提议放弃寻找新天地，留在冰之村陪老妇人生活。她腰也不好，多几个人帮忙应该会轻松些。"
"10014741","{CARDNAME:1030}","{CARDNAME:1030}","{CARDNAME:1030}"
"10014742","{CARDNAME:1030} rejects the idea outright. No matter how hard you all might try, there's simply no replacing her son, he reasons.","しかし、{CARDNAME:1030}がそれを否定した。どう足掻いても自分達はあの老婆の息子の代わりにはなれないのだと。","{CARDNAME:1030} 当即否定了这个想法。不管你们多努力，也无法取代她的儿子。"
"10014751","Attempt to Scale the {CARDNAME:92360}","{CARDNAME:92360}に挑戦する","再次挑战 {CARDNAME:92360}"
"10014752","Sure, you gave up on scaling the {CARDNAME:92360} yourself, but you didn't have a PLAN then. Surely if you all put your heads together...?","一度は諦めた{CARDNAME:92360}への挑戦だが、対策を立てて万全の態勢で臨めば何とかなるかもしれない。","之前确实放弃过攀登 {CARDNAME:92360}，但那时毫无准备。只要大家一起想办法，做好万全对策，也许就能翻过去。"
"10014761","{CHARACTERNAME:1010}","{CHARACTERNAME:1010}","{CHARACTERNAME:1010}"
"10014762","休んだことで気力も体力も回復した君は、やる気に満ち溢れている。","休んだことで気力も体力も回復した君は、やる気に満ち溢れている。","休んだことで気力も体力も回復した君は、やる気に満ち溢れている。"
"10014771","{CARDNAME:1030} and {CARDNAME:1040}","{CARDNAME:1030}と{CARDNAME:1040}","{CARDNAME:1030} 和 {CARDNAME:1040}"
"10014772","{CARDNAME:1030} and {CARDNAME:1040}, who were already eager to find Newterra, seize on this idea.","もともと進みたい派の{CARDNAME:1030}と{CARDNAME:1040}は、君の決意を大歓迎した。","本就想寻找新天地的 {CARDNAME:1030} 和 {CARDNAME:1040} 立刻赞成这个主意。"
"10014781","{CARDNAME:1020}","{CARDNAME:1020}","{CARDNAME:1020}"
"10014782","{CARDNAME:1020}, the sole dissenter, can tell he's been outvoted. ""If that's what you want,"" he says grudgingly.","唯一の反対派となった{CARDNAME:1020}は、「アンタがそう望むなら」と、渋々ながら承知した。","只剩 {CARDNAME:1020} 一人反对。他见自己寡不敌众，只得不情愿地说：「既然你想去……」"
"10014791","Turn Around and Leave","引き返す","掉头回去"
"10014792","You suggest the party simply turn around and go home. ""And what home might we be going back to?"" {CARDNAME:1030} asks pointedly.","このまま引き返そうという君に、{CARDNAME:1030}が言った。戻る場所はあるのか、と。","你提议干脆原路返回。{CARDNAME:1030} 一针见血地问：「可我们还能回哪里？」"
"10014801","{CHARACTERNAME:1010}","{CHARACTERNAME:1010}","{CHARACTERNAME:1010}"
"10014802","He's right. You've nowhere to go, nor do {CARDNAME:1020} or {CARDNAME:1030}...","君にはもう、戻る場所はない。それは{CARDNAME:1020}も、そして{CARDNAME:1030}も……","他说得对。你已经无处可归，{CARDNAME:1020} 和 {CARDNAME:1030} 也是……"
"10014811","{CHARACTERNAME:1010} and Company","{CHARACTERNAME:1010}達一行","{CHARACTERNAME:1010} 一行"
"10014812","And so the party resolves to take another crack at climbing the Endwall. But not before checking in on the old woman one last time.","再び崖に挑戦することにした君達は、出発する前に老婆の様子を見に行くことにした。","于是大家决定再次挑战 {CARDNAME:92360}。但出发前，还得最后去看看老妇人。"
"10014821","{CHARACTERNAME:1010} and Company","{CHARACTERNAME:1010}達一行","{CHARACTERNAME:1010} 一行"
"10014822","The party hurriedly piles into her humble abode...","君達が急いで老婆の家に駆けつけると、そこには……","你们匆匆冲进她简陋的小屋……"
"10014831","Old Woman","老婆","老妇人"
"10014832","...to find the old woman doubled over, clutching her back and unable to move.","腰を曲げたまま、動かない老婆の姿があった。","只见老妇人弯着腰，一手扶着后背，动弹不得。"
"10014841","{CARDNAME:1030}","{CARDNAME:1030}","{CARDNAME:1030}"
"10014842","""She's thrown her back out,"" {CARDNAME:1030} says matter-of-factly.","その様子を見た{CARDNAME:1030}は冷静に言う。「ぎっくり腰ですね」と。","{CARDNAME:1030} 看了一眼，冷静地说：「闪到腰了。」"
"10014851","","",""
"10014852","How will you assist her?","老婆をどう助ける？","要怎么帮她？"
"10014861","Leave It to {CARDNAME:1030}","{CARDNAME:1030}に任せる","交给 {CARDNAME:1030}"
"10014862","""There's a first time for everything, I suppose,"" he says. ""I'll have to perform surgery. Wish me luck.""

""Absolutely not!"" the old woman protests.","{CARDNAME:1030}は、「手術しかありませんね。初めてですが、頑張ります」と申し出る。

しかし老婆は、「怖すぎるわ！」と拒否した。","{CARDNAME:1030} 说：「看来只能做手术了。虽然是第一次，我会努力的。」

老妇人立刻拒绝：「太吓人了！」"
"10014871","Leave It to {CARDNAME:1040}","{CARDNAME:1040}に任せる","交给 {CARDNAME:1040}"
"10014872","""Everyone, pull! Real strong!"" {CARDNAME:1040} barks, approaching the woman.

""Oh yes, just tear me limb from limb! That'll set me right!"" the woman retorts.","{CARDNAME:1040}は、「チカライッパイ　ミンナ　ヒッパル」と老婆に近づく。

すると老婆は、「ちぎる気かい！」と拒絶した。","{CARDNAME:1040} 朝老妇人走去，大喊：「大家，一起拉！用力！」

老妇人回嘴：「你们是想把我扯碎吗！」"
"10014881","Leave It to {CARDNAME:1020}","{CARDNAME:1020}に任せる","交给 {CARDNAME:1020}"
"10014882","""It only hurts if you let it. Be strong,"" {CARDNAME:1020} says optimistically.

""Easy for you to say!"" the woman snaps.","{CARDNAME:1020}は、「痛いと思うから痛いんだ。我慢すればいい」と精神論を語る。

しかし老婆は、「我慢できるか！」と反論した。","{CARDNAME:1020} 一本正经地说：「觉得痛才会痛。忍住就行。」

老妇人怒道：「哪忍得住！」"
"10014891","Old Woman","老婆","老妇人"
"10014892","Perhaps sensing no small amount of danger to her life, the woman remains where she is and informs you that there is a curative that will ease her suffering.","老婆は身の危険を感じたのか、そのままの姿勢で君達を制し、腰痛に効く薬草があるのだと語る。","或许察觉到了生命危险，老妇人保持原姿势制止了你们，说有一种药草能治腰痛。"
"10014901","Old Woman","老婆","老妇人"
"10014902","One derived from <highlight>solniveas</highlight>, rare flowers that bloom across the snowy plains.","それは、<highlight>白日草</highlight>という雪原の何処かに咲く珍しい花なのだそうだ。","那是一种名为<highlight>白日草</highlight>的稀有花朵，生长在雪原某处。"
"10014911","Old Woman","老婆","老妇人"
"10014912","She's fed you and provided shelter. You must find that flower for her.","老婆には一宿一飯以上の恩がある。君達はその花を探してくることにした。","老妇人给你们饭吃，又提供住处，恩情不小。你们决定替她找到那种花。"
"10014921","Old Woman","老婆","老妇人"
"10014922","""The faster you can find me a solnivea, the better,"" the old woman implores, still clutching her back in agony.","老婆は変わらぬ姿勢を維持したまま、「早く、白日草を採ってきておくれ」と、君達に言った。","老妇人仍捂着腰，恳求道：「越快找到白日草越好。」"
"10014931","{CARDNAME:2110}","{CARDNAME:2110}","{CARDNAME:2110}"
"10014932","""Hail, you there!""","「おーい」","「喂——！」"
"10014941","{CARDNAME:2110}","{CARDNAME:2110}","{CARDNAME:2110}"
"10014942","You turn your head toward the source of the sound and see the merchant, looking half-frozen, waving at you from afar.","声の方に視線を向けると、商人の男が凍えながらも、君達に手を振っている。","你朝声音传来的方向望去，只见商人冻得瑟瑟发抖，还在远处朝你们挥手。"
"10014951","{CHARACTERNAME:1010}","{CHARACTERNAME:1010}","{CHARACTERNAME:1010}"
"10014952","You wave back, agog at the sight. What's a merchant like him doing in a place like this?","君は、こんな場所でまで商売を？と驚きつつ、手を振り返した。","你也挥手回应，心里却十分惊讶：这种地方，他居然也来做生意？"
"10014961","{CHARACTERNAME:1010} and Company","{CHARACTERNAME:1010}達一行","{CHARACTERNAME:1010} 一行"
"10014962","You spot a small flower poking its head above the snow. Surely that must be a solnivea!","君達は雪の中に咲く小さな花を見つけた。おそらくこれが白日草だろう。","你们发现一朵小花从雪中探出头来。那一定就是白日草！"
"10014971","{CHARACTERNAME:1010} and Company","{CHARACTERNAME:1010}達一行","{CHARACTERNAME:1010} 一行"
"10014972","There are several jutting up from the snow, but you pluck just one and resolve to return to the old woman.","数本生えてはいるが、君達は一本だけ摘み取り、老婆に持っていくことにする。","雪中还长着好几朵，但你们只摘了一朵，决定立刻回去找老妇人。"
"10014981","","",""
"10014982","You obtained a <highlight>{CARDNAME:53503}</highlight>!","君は、<highlight>{CARDNAME:53503}</highlight>を
手に入れた！","获得了 <highlight>{CARDNAME:53503}</highlight>！"
"10014991","{CARDNAME:1030}","{CARDNAME:1030}","{CARDNAME:1030}"
"10014992","You burst through the door, {CARDNAME:53503} in hand. {CARDNAME:1030} grinds it according to the old woman's instructions, and spreads the resulting salve on her back.","{CARDNAME:53503}を持ち帰って早速、{CARDNAME:1030}が老婆の指示に従ってすり潰す。それを老婆の腰に塗りたくると……","你们拿着 {CARDNAME:53503} 冲进屋里。{CARDNAME:1030} 按老妇人的指示将它磨碎，再把药膏涂到她腰上……"
"10015001","Old Woman","老婆","老妇人"
"10015002","""Ah, that feels better already!"" she coos. Indeed, she seems to be instantly healed!","「いやー効くねぇ」とたちどころに老婆は回復した。","「哎呀，已经好多了！」老妇人乐呵呵地说。看来药立刻就见效了！"
"10015011","Old Woman","老婆","老妇人"
"10015012","""Thank you ever so much. You must be chilled to the bone!"" she chirps as she begins preparing you a meal.","老婆は君達にお礼を言い、「冷えただろう？」と、料理の準備を始める。","「真是太谢谢你们了。都冻坏了吧？」老妇人说着，便开始准备饭菜。"
"10015021","{CHARACTERNAME:1010} and Company","{CHARACTERNAME:1010}達一行","{CHARACTERNAME:1010} 一行"
"10015022","The party decides there's nothing that cannot wait until tomorrow, and agrees to spend yet another night in Icevale.","君達は急ぐ旅でもないと、この日も村に泊まっていくことにした。","反正旅途也不急于一时，大家决定今天也在冰之村住下。"
"10015031","{CHARACTERNAME:1010} and Company","{CHARACTERNAME:1010}達一行","{CHARACTERNAME:1010} 一行"
"10015032","You should check in on the old woman one last time before you resume your journey.","旅を再開する前に、お世話になった老婆の様子を見ておこう。","重新上路前，还是再去看看照顾过你们的老妇人吧。"
"10015041","{CARDNAME:103020}","{CARDNAME:103020}","{CARDNAME:103020}"
"10015042","No one stands behind the front desk, but the inn is still serviceable.","{CARDNAME:103020}は無人だが、身体を休めることはできそうだ。","{CARDNAME:103020} 虽然无人看守，但似乎还能休息。"
"10015051","{CHARACTERNAME:1010} and Company","{CHARACTERNAME:1010}達一行","{CHARACTERNAME:1010} 一行"
"10015052","You knock at the door to the old woman's cabin, but there's no answer. Might she still be asleep?","老婆の家を訪ねたが返事がない。まだ眠っているのだろうか……","你敲了敲老妇人小屋的门，却无人回应。难道还在睡觉……"
"10015061","Old Woman","老婆","老妇人"
"10015062","You walk in to check on her, and find her lying abed, cold to the touch.","様子を見にいくと、老婆はベッドの上で冷たくなっていた。","你进去查看，只见老妇人躺在床上，身体已经冰冷。"
"10015071","{CHARACTERNAME:1010}","{CHARACTERNAME:1010}","{CHARACTERNAME:1010}"
"10015072","""How did this happen!?""","「どうして……！？」","「怎么会……！？」"
"10015081","{CARDNAME:1020}","{CARDNAME:1020}","{CARDNAME:1020}"
"10015082","""The solnivea could've been poisonous,"" {CARDNAME:1020} posits.","{CARDNAME:1020}が、採ってきた{CARDNAME:53503}が毒草だったのではないかと言った。","{CARDNAME:1020} 猜测，会不会是你们采来的 {CARDNAME:53503} 有毒。"
"10015091","{CARDNAME:1030}","{CARDNAME:1030}","{CARDNAME:1030}"
"10015092","But {CARDNAME:1030} refutes that hypothesis upon examining her. He pronounces her dead of natural causes.","しかしそれを、老婆を診たプルケが否定した。おそらく老衰だということだ。","但检查过老妇人的 {CARDNAME:1030} 否定了这个猜测。他判断，老妇人应该是寿终正寝。"
"10015101","{CHARACTERNAME:1010}","{CHARACTERNAME:1010}","{CHARACTERNAME:1010}"
"10015102","From the subterranean village, to Steelborough, to the City of Flame and onward... You've left a trail of death and disease in your wake.","地下の村や訪れた街……
君が行く先々で、病気や死
がつきまとう。","从地下村落，到钢铁城，再到炎之城……你所到之处，总有疾病与死亡如影随形。"
"10015111","{CHARACTERNAME:1010}","{CHARACTERNAME:1010}","{CHARACTERNAME:1010}"
"10015112","""I must be pestilence incarnate..."" you say, quietly.","「……わたしは疫病神なのかもしれない」","「……也许我真是个疫病神。」你低声说道。"
"10015121","{CARDNAME:1020}","{CARDNAME:1020}","{CARDNAME:1020}"
"10015122","""If there's a god of pestilence among us, it's me,"" {CARDNAME:1020} says, coming to your defense.","うつむく君に「それなら疫病神はオレだ」と、{CARDNAME:1020}は庇うように言う。","见你低下头，{CARDNAME:1020} 护着你似的说：「真要有疫病神，那也是我。」"
"10015131","{CARDNAME:1030}","{CARDNAME:1030}","{CARDNAME:1030}"
"10015132","{CARDNAME:1030} counters that were you a god of pestilence, the continued good health of the entire party would be inexplicable and, frankly, illogical.","{CARDNAME:1030}は、君が疫病神なら自分達がピンピンしているはずがない。論理的ではないと反論する。","{CARDNAME:1030} 反驳道：如果你真是疫病神，他们几个不可能还活蹦乱跳。这根本不合逻辑。"
"10015141","{CARDNAME:1040}","{CARDNAME:1040}","{CARDNAME:1040}"
"10015142","{CARDNAME:1040} gently strokes your back and suggests you all give the old woman a proper burial.","落ち込む君の背中を撫でながら、{CARDNAME:1040}が老婆の墓を作ろうと提案した。","{CARDNAME:1040} 轻轻抚着你的背，提议替老妇人好好安葬。"
"10015151","{CHARACTERNAME:1010}","{CHARACTERNAME:1010}","{CHARACTERNAME:1010}"
"10015152","君はその提案に賛成し、老婆を埋葬する場所を探すことにする。","君はその提案に賛成し、老婆を埋葬する場所を探すことにする。","君はその提案に賛成し、老婆を埋葬する場所を探すことにする。"
"10015161","Cabin","小屋","小屋"
"10015162","The inside of the cabin is bitterly cold, and you don't mean just the temperature.","小屋の中はひんやりと冷たい。単純な温度の問題だけではないだろう。","屋里冷得刺骨。可这股寒意，恐怕不只来自气温。"
"10015171","{CARDNAME:92360}","{CARDNAME:92360}","{CARDNAME:92360}"
"10015172","You'd better focus on giving the old woman a proper burial before you attempt the Endwall again.","今は崖への挑戦よりも、老婆の弔いを優先しよう。","现在还是先安葬老妇人，再去挑战 {CARDNAME:92360} 吧。"
"10015181","{CHARACTERNAME:1010}","{CHARACTERNAME:1010}","{CHARACTERNAME:1010}"
"10015182","You decide to bury the woman beside the other graves in Icevale, if only so she won't be lonely in death.","君は老婆が寂しくないように、他の墓標の近くに埋めてあげることにした。","你决定把老妇人葬在冰之村其他墓旁，至少别让她死后也孤零零的。"
"10015191","{CHARACTERNAME:1010}","{CHARACTERNAME:1010}","{CHARACTERNAME:1010}"
"10015192","You wish to mark her grave like the others, but you see no wood from which you might fashion something to do so.","他と同じように埋葬してあげたいが、墓標にする木材がない。","你也想像其他墓一样立块墓标，却找不到合适的木料。"
"10015201","{CARDNAME:1030}","{CARDNAME:1030}","{CARDNAME:1030}"
"10015202","""Didn't we see a few treants on the way here?"" {CARDNAME:1030} proffers. Treant timber would do the job quite well, he explains.","すると{CARDNAME:1030}が、「ここに来る途中で木の魔物を見ましたよね？」と言った。木材に最適だろう、と。","{CARDNAME:1030} 提醒道：「我们来的路上，不是见过几只树木魔物吗？」用那种木头做墓标正合适。"
"10015211","{CHARACTERNAME:1010} and Company","{CHARACTERNAME:1010}達一行","{CHARACTERNAME:1010} 一行"
"10015212","So it's decided: you'll fell a treant and use its wood to mark the woman's grave.","君達は{CARDNAME:1030}の言う木の魔物を倒して、墓標を作ることにした。","按照 {CARDNAME:1030} 的提议，大家决定打倒树木魔物，用它的木材做墓标。"
"10015221","{CHARACTERNAME:1010} and Company","{CHARACTERNAME:1010}達一行","{CHARACTERNAME:1010} 一行"
"10015222","木の魔物を見つけた君達はすぐさま襲い掛かった。","木の魔物を見つけた君達はすぐさま襲い掛かった。","木の魔物を見つけた君達はすぐさま襲い掛かった。"
"10015231","{CARDNAME:1020}","{CARDNAME:1020}","{CARDNAME:1020}"
"10015232","{CARDNAME:1020} efficiently breaks down the treant.","{CARDNAME:1020}が木の魔物を手際よく解体していく。","{CARDNAME:1020} 手脚麻利地把树木魔物拆解开来。"
"10015241","{CARDNAME:1030}","{CARDNAME:1030}","{CARDNAME:1030}"
"10015242","Out of nowhere, {CARDNAME:1030} starts. ""I've just had a brilliant idea!"" he yelps.","その作業を見ていた{CARDNAME:1030}は、突然「いいことを思いつきました！」と叫んだ。","看着他的动作，{CARDNAME:1030} 突然喊道：「我想到个好主意！」"
"10015251","{CARDNAME:1030}","{CARDNAME:1030}","{CARDNAME:1030}"
"10015252","{CARDNAME:1030}は追加であと<highlight>１０体</highlight>ほど、木の素材を手に入れたいと言う。","{CARDNAME:1030}は追加であと<highlight>１０体</highlight>ほど、木の素材を手に入れたいと言う。","{CARDNAME:1030}は追加であと<highlight>１０体</highlight>ほど、木の素材を手に入れたいと言う。"
"10015261","{CARDNAME:1030}","{CARDNAME:1030}","{CARDNAME:1030}"
"10015262","{CARDNAME:1030} wishes for you to collect more treant timber.","{CARDNAME:1030}は、更に大量の木材を集めて欲しいという。","{CARDNAME:1030} 还想让你们多收集些树木魔物的木材。"
"10015271","{CARDNAME:1020}","{CARDNAME:1020}","{CARDNAME:1020}"
"10015272","""Are we building a whole house?"" {CARDNAME:1020} grouses, side-eyeing {CARDNAME:1030}. The target of his ire, however, is already off searching for treants.","家でも建てる気か、とぼやく{CARDNAME:1020}を尻目に、{CARDNAME:1030}は魔物を探し始めた。","{CARDNAME:1020} 斜了 {CARDNAME:1030} 一眼，嘟囔道：「你这是要盖房子吗？」可后者早已跑去找树木魔物了。"
"10015281","{CARDNAME:1030}","{CARDNAME:1030}","{CARDNAME:1030}"
"10015282","""This ought to be enough wood for our purposes,"" {CARDNAME:1030} announces with a satisfied nod.","「これだけ木材があれば、もう十分です」と、プルケは満足そうに頷く。","{CARDNAME:1030} 满意地点头：「这么多木材就够用了。」"
"10015291","{CARDNAME:1040}","{CARDNAME:1040}","{CARDNAME:1040}"
"10015292","{CARDNAME:1040} suggests you stop by the old woman's grave and place a flower on it.","すると{CARDNAME:1040}が、老婆のお墓に、お花を飾ろうと提案した。","{CARDNAME:1040} 提议再去老妇人的墓前放一朵花。"
"10015301","{CARDNAME:1040}","{CARDNAME:1040}","{CARDNAME:1040}"
"10015302","""This one, cutest!"" she beams, and picks a single flower from the ground.","{CARDNAME:1040}が、「コレ　一番　カワイイ！」と言って、花を一本だけ摘み取る。","「这个，最可爱！」{CARDNAME:1040} 笑着摘下一朵花。"
"10015311","{CHARACTERNAME:1010} and Company","{CHARACTERNAME:1010}達一行","{CHARACTERNAME:1010} 一行"
"10015312","Flower in hand, you make your way back to {CARDNAME:91370}.","君達はそれを手に、{CARDNAME:91370}を目指す。","你们拿着花，返回 {CARDNAME:91370}。"
"10015321","{CHARACTERNAME:1010} and Company","{CHARACTERNAME:1010}達一行","{CHARACTERNAME:1010} 一行"
"10015322","You fashion the wood into a fine marker for her final resting place, and place the flower atop it. You clasp your hands to pray, but...no. No, something's missing...","君達は老婆の為に立派な墓を建てる。そして、花を供えて、手を合わせた。
しかし……","你们用木材做出一块漂亮的墓标，又在墓前放上花。正要合掌祈祷时……等等，好像少了什么。"
"10015331","{CARDNAME:1030}","{CARDNAME:1030}","{CARDNAME:1030}"
"10015332","{CARDNAME:1030}. Where did {CARDNAME:1030} go? When did he leave?","いつの間にか{CARDNAME:1030}の姿が消えている。","{CARDNAME:1030} 呢？他是什么时候不见的？"
"10015341","{CHARACTERNAME:1010} and Company","{CHARACTERNAME:1010}達一行","{CHARACTERNAME:1010} 一行"
"10015342","You're certain he was with you right up until you returned to the village. You have to find him.","村に入る前まではいたはずだと、君達は{CARDNAME:1030}を探すことにする。","你很确定回村前 {CARDNAME:1030} 还在。得赶紧把他找回来。"
"10015351","{CHARACTERNAME:1010}","{CHARACTERNAME:1010}","{CHARACTERNAME:1010}"
"10015352","You quickly spot {CARDNAME:1030} puttering around the sandskiff.","砂船で何かゴソゴソしている{CARDNAME:1030}を見つけた。","你很快就在砂船旁找到了忙活着什么的 {CARDNAME:1030}。"
"10015361","{CARDNAME:1030}","{CARDNAME:1030}","{CARDNAME:1030}"
"10015362","He takes notice of you, too. ""We're all set!"" he chirps. You gather he's been preparing the sandskiff for your eventual departure.","君達に気付いた{CARDNAME:1030}は、「準備ができました」と言う。どうやら出立の支度をしていたようだ。","{CARDNAME:1030} 也发现了你们。「准备好了！」看来他一直在为出发做准备。"
"10015371","{CHARACTERNAME:1010} and Company","{CHARACTERNAME:1010}達一行","{CHARACTERNAME:1010} 一行"
"10015372","You take your leave of Icevale, and prepare to face the {CARDNAME:92360} once more.","再び{CARDNAME:92360}に挑戦するため、君達は村を旅立つことにする。","你们离开冰之村，准备再次挑战 {CARDNAME:92360}。"
"10015381","{CHARACTERNAME:1010} and Company","{CHARACTERNAME:1010}達一行","{CHARACTERNAME:1010} 一行"
"10015382","As you approach the {CARDNAME:92360}, you're intimidated once more by its preposterous scale.","{CARDNAME:92360}に来た君達は、改めてその途方もない大きさに圧倒されている。","来到 {CARDNAME:92360} 前，那骇人的规模再次压得众人说不出话。"
"10015391","","",""
"10015392","How do you intend to scale it this time?","さて、どうやって登ろう？","这次该怎么爬上去？"
"10015401","Sheer Force of Will","努力","靠努力硬爬"
"10015402","You just have to want it. If you want it badly enough, and you work hard, you can do anything!","とにかく努力しかない。努力すれば、きっといつか夢は叶う……！","只要肯努力，就没有做不到的事。拼命爬，总有一天能实现梦想……！"
"10015411","{CARDNAME:1030}","{CARDNAME:1030}","{CARDNAME:1030}"
"10015412","{CARDNAME:1030} is unconvinced. ""Drive without purpose is simply wasted energy,"" he says dryly.","「目的なき努力は無駄なだけです」と、{CARDNAME:1030}にバッサリと言われた。","{CARDNAME:1030} 毫不留情地泼冷水：「没有目的的努力，只是在浪费力气。」"
"10015421","Find a Way Around It","迂回路を探す","寻找绕路"
"10015422","You suggest walking along the Endwall and looking for a way around it.","君はどうにか回り込めないかと、崖伝いに歩くことを提案する。","你提议沿着尽头之崖走，看看能不能绕过去。"
"10015431","{CARDNAME:1030}","{CARDNAME:1030}","{CARDNAME:1030}"
"10015432","""We cannot so much as see the end of it. That's as absurd a decision as trying to climb it bare-handed,"" {CARDNAME:1030} retorts.","しかし{CARDNAME:1030}に「終わりが見えませんし、登るのと同じくらい無謀でしょう」と言われてしまった。","{CARDNAME:1030} 反驳道：「连尽头都看不见。这和徒手硬爬一样鲁莽。」"
"10015441","Upgrade the Sandskiff!","砂船を改造！","改造砂船！"
"10015442","We'll upgrade the sandskiff, you announce to the party.","砂船を改造しよう、と君は言った。","你向大家宣布：把砂船再改造一次。"
"10015451","{CARDNAME:1020}","{CARDNAME:1020}","{CARDNAME:1020}"
"10015452","""What sort of upgrade?"" {CARDNAME:1020} asks. You give him a smug look.","「どんな風に？」と尋ねる{CARDNAME:1020}に、君はドヤ顔で答える。","{CARDNAME:1020} 问：「怎么改？」你得意地看了他一眼。"
"10015461","{CHARACTERNAME:1010}","{CHARACTERNAME:1010}","{CHARACTERNAME:1010}"
"10015462","You say all you need to do is make it fly.","空を飛べるようにすればいい、と。","你说，只要让它能飞就行。"
"10015471","{CARDNAME:1030}","{CARDNAME:1030}","{CARDNAME:1030}"
"10015472","{CARDNAME:1030}'s glasses catch the light just so. ""I thought it would come to this. I'm one step ahead of you!"" he proclaims.","君の言葉に、{CARDNAME:1030}はメガネを光らせた。「こんな事もあろうかと、すでに改造済みです！」と。","{CARDNAME:1030} 镜片一闪：「我就知道会有这一天。早就改好了！」"
"10015481","{CARDNAME:1030}","{CARDNAME:1030}","{CARDNAME:1030}"
"10015482","{CARDNAME:1030}は、魔物を倒して手に入れた木材を燃やすように言った。","{CARDNAME:1030}は、魔物を倒して手に入れた木材を燃やすように言った。","{CARDNAME:1030}は、魔物を倒して手に入れた木材を燃やすように言った。"
"10015491","{CHARACTERNAME:1010}","{CHARACTERNAME:1010}","{CHARACTERNAME:1010}"
"10015492","On {CARDNAME:1030}'s orders, you set fire to the wood you gathered earlier.","君は{CARDNAME:1030}の指示で、魔物を倒して手に入れた木材に火をつけた。
すると……","你照 {CARDNAME:1030} 的指示，点燃先前收集的木材。随后……"
"10015501","Sandskiff","砂船","砂船"
"10015502","The balloons now attached to the sandskiff inflate as the hot air fills them, and the skiff softly lifts off the ground.","いつの間にか砂船に設置されていたバルーンが熱で膨らみ、船体をふわりと浮き上がらせる。","不知何时装在砂船上的气囊被热气撑起，船身也随之轻轻浮离地面。"
"10015511","{CARDNAME:105433}","{CARDNAME:105433}","{CARDNAME:105433}"
"10015512","The sandskiff can fly!","砂船は気球にバージョンアップした！","砂船会飞了！"
"10015521","{CARDNAME:1030}","{CARDNAME:1030}","{CARDNAME:1030}"
"10015522","{CARDNAME:1020}がバルーンの出所を聞くと、なんとサーカス団から密かに拝借していたのだという。","{CARDNAME:1020}がバルーンの出所を聞くと、なんとサーカス団から密かに拝借していたのだという。","{CARDNAME:1020}がバルーンの出所を聞くと、なんとサーカス団から密かに拝借していたのだという。"
"10015531","{CHARACTERNAME:1010} and Company","{CHARACTERNAME:1010}達一行","{CHARACTERNAME:1010} 一行"
"10015532","君達を乗せた気球がふわりと浮き上がった。","君達を乗せた気球がふわりと浮き上がった。","君達を乗せた気球がふわりと浮き上がった。"
"10015541","{CARDNAME:1040}","{CARDNAME:1040}","{CARDNAME:1040}"
"10015542","{CARDNAME:1040} is utterly delighted by the unexpected flight. Her joy is tempered by violent gusts that grow more intense as the skiff climbs.","思わぬ空の旅に、{CARDNAME:1040}は喜んでいる。しかし、上空では雪混じりの風が吹き荒れていた。","突如其来的空中之旅让 {CARDNAME:1040} 兴奋不已。可越往上升，夹着雪的狂风便越发猛烈。"
"10015551","{CHARACTERNAME:1010} and Company","{CHARACTERNAME:1010}達一行","{CHARACTERNAME:1010} 一行"
"10015552","It's a bit too dangerous to continue on, so you seek out a suitable landing spot.","このまま進むのは危険と判断した君達は、ひとまず着陸できそうな場所を探す。","再飞下去太危险了。你们开始寻找能暂时降落的地方。"
"10015561","{CHARACTERNAME:1010}","{CHARACTERNAME:1010}","{CHARACTERNAME:1010}"
"10015562","You strain to see through the blizzard, but you're almost certain there's enough space to land on a protrusion partway up the Endwall.","吹雪の中で、君は目を凝らした。よく見ると、崖の途中に、砂船を停められそうな出っ張りがある。","你在暴风雪中努力眺望，隐约看见尽头之崖半途有一块凸出的地方，似乎足以让砂船停靠。"
"10015571","{CARDNAME:92360}","{CARDNAME:92360}","{CARDNAME:92360}"
"10015572","You bring the sandskiff in for a landing. Surveying the area, you see that there's an opening in the Endwall big enough for everyone to fit through!","君達はそこに砂船を着陸させると、近くの壁面に人が通れそうな穴が開いているのを発見した！","你们让砂船在那里降落。四下一看，崖壁上竟有一个足够众人通过的洞口！"
"10015581","{CHARACTERNAME:1010} and Company","{CHARACTERNAME:1010}達一行","{CHARACTERNAME:1010} 一行"
"10015582","君達は、穴に入って壁の中を調べることにした。","君達は、穴に入って壁の中を調べることにした。","君達は、穴に入って壁の中を調べることにした。"
"10015591","{CHARACTERNAME:1010} and Company","{CHARACTERNAME:1010}達一行","{CHARACTERNAME:1010} 一行"
"10015592","You fashion a torch from some of your sandskiff fuel, and enter the cave.","燃料にしていた木材を松明にして、君達は崖の内部を照らして進む。","你用一部分砂船燃料做成火把，走进洞穴。"
"10015601","Sandskiff","砂船","砂船"
"10015602","吹雪のせいで、これ以上飛ぶことはできない。しかし降りるだけなら問題ないだろう。","吹雪のせいで、これ以上飛ぶことはできない。しかし降りるだけなら問題ないだろう。","吹雪のせいで、これ以上飛ぶことはできない。しかし降りるだけなら問題ないだろう。"
"10015611","Sandskiff","砂船","砂船"
"10015612","You're not flying anywhere but straight to the bottom of the Endwall in this blizzard.","吹雪のせいで、これ以上飛ぶことはできない。しかし崖の麓に降りるくらいはできるだろう。","暴风雪太猛烈，再飞只会直坠崖底。不过要降回尽头之崖脚下，应该还办得到。"
"10015621","Sandskiff","砂船","砂船"
"10015622","The blizzard's preventing you from scaling the Endwall, but you can make it back to that cave, at least.","吹雪のせいで、崖を越える
ことはできない。しかし、
穴の場所までであれば戻れ
そうだ。","暴风雪让你们无法继续翻越尽头之崖，但至少还能回到那个洞口。"
"10015631","{CHARACTERNAME:1010} and Company","{CHARACTERNAME:1010}達一行","{CHARACTERNAME:1010} 一行"
"10015632","Though you've clearly ascended, the cave has brought you once again to the Endwall's exterior.","果ての崖を内部から登る君達だったが、外壁に出てしまったようだ。","明明一直在向上走，穿过洞穴后却又来到了尽头之崖外侧。"
"10015641","{CHARACTERNAME:1010} and Company","{CHARACTERNAME:1010}達一行","{CHARACTERNAME:1010} 一行"
"10015642","The only way up from here is straight up the Endwall's sheer face.","ここからは、崖にしがみつきながら登っていくしかないだろう。","从这里往上，只能攀着近乎垂直的崖壁继续爬了。"
"10015651","Ball of Light","光の玉","光球"
"10015652","A tiny sphere of pure light appears before you, gently floating in the air. You lean in to give it a closer look...","君達の前に突然、小さな光の玉が現れる。
ふわふわと漂うその光をよく見てみると……","一颗小小的光球忽然出现在你们面前，在空中轻轻飘浮。你凑近仔细一看……"
"10015661","Fairy","妖精","妖精"
"10015662","Your eyes refocus, revealing the form of a <highlight>fairy</highlight>, the likes of which you've only ever seen in books!","なんと、それは君が本で見たことがあるような、<highlight>妖精</highlight>の姿をしていた！","竟然是一只 <highlight>妖精</highlight>！这种模样，你以前只在书里见过。"
"10015671","Fairy","妖精","妖精"
"10015672","""A fearsome beast lies within this wall. You'd best go home, if you value your life,"" the fairy says solemnly.","その妖精は、「ここには、恐ろしい魔物がいるんだ。帰った方が身のためだよ」と親切に忠告してくれる。","妖精一本正经地劝告：「这里住着可怕的魔物。想活命的话，还是回去吧。」"
"10015681","{CHARACTERNAME:1010} and Company","{CHARACTERNAME:1010}達一行","{CHARACTERNAME:1010} 一行"
"10015682","But you'll heed no such advice! After all, the fairy's probably a monster themself. You press on.","しかし、君達はその忠告など聞かずに、先に進もうとした。どうせ、この妖精は魔物だろうと。すると……","可你们根本没打算听。反正这妖精八成也是魔物。你们继续往前走。"
"10015691","Fairy","妖精","妖精"
"10015692","""Pfft. Fine, I wanted to stab you in the back anyway.""","「ちぇー、背後から襲おうと思ったのに」","「切。算了，我本来还想从背后偷袭呢。」"
"10015701","Monsters","魔物達","魔物们"
"10015702","The fairy fades from view, revealing a horde of agitated monsters! They lunge at you!","妖精はすーっと消え、代わりに興奮した魔物が現れ、君達に襲い掛かってきた！","妖精的身影缓缓消失，取而代之的是一群兴奋的魔物！它们立刻扑了上来！"
"10015711","{CHARACTERNAME:1010} and Company","{CHARACTERNAME:1010}達一行","{CHARACTERNAME:1010} 一行"
"10015712","The monsters taken care of, you look warily this way and that. No sign of the fairy. You continue on, carefully.","戦いを終えて辺りを見渡したが、妖精の姿はどこにもない。君達は慎重に先に進むことにした。","解决魔物后，你警惕地四下张望，却再也看不到妖精。你们小心翼翼地继续前进。"
"10015721","Ball of Light","光の玉","光球"
"10015722","You take notice of a light above your head as you clamber up the wall. You raise your head...","君達が崖をよじ登っていると、頭上の先に光の玉が現れた。そして次の瞬間……","攀爬崖壁时，你忽然注意到头顶出现了光。抬头一看……"
"10015731","Snowball","雪玉","雪球"
"10015732","...in time to see a massive snowball hurtling toward you!","巨大な雪玉が、君達目掛けて降ってくる！","……一个巨大的雪球正朝你们飞速砸来！"
"10015741","Snickering","笑い声","笑声"
"10015742","You somehow manage to dodge the snowball, only for the sound of someone snickering to reach your ears.","どうにかそれを避けた君達の耳に、「クスクス」と笑い声が響いた気がした。","你们好不容易躲过雪球，耳边却传来一阵窃笑。"
"10015751","Bones","骨","骨头"
"10015752","The path before you is littered with bones.","君達の進路に、骨が散乱している。","前方路上散落着许多骨头。"
"10015761","{CARDNAME:1030}","{CARDNAME:1030}","{CARDNAME:1030}"
"10015762","{CARDNAME:1030} picks one up and examines it. ""They are indeed human,"" he says grimly.","{CARDNAME:1030}はそれを拾いあげると、「これは人の骨です」と神妙に呟いた。","{CARDNAME:1030} 捡起一根仔细查看，神色凝重地说：「确实是人骨。」"
"10015771","Fairy","妖精","妖精"
"10015772","Just then, another ball of light appears before you... But this one seems different than the last.","そこへ、再び光の玉がふよふよと現れる。しかし、先ほどの妖精とは違う個体のようだ。","这时，又一颗光球飘了过来……但似乎不是刚才那只妖精。"
"10015781","Fairy","妖精","妖精"
"10015782","""The {CARDNAME:4330} lives here! I think it'd be wise to turn around and leave,"" the fairy says, clearly trying to be helpful.","その妖精は、「ここには{CARDNAME:4330}がいるんだよ。帰った方が賢いと思うけどな」と親切に忠告してくれた。","妖精好心似的提醒：「这里住着 {CARDNAME:4330} 哦。还是掉头回去比较明智吧。」"
"10015791","{CHARACTERNAME:1010} and Company","{CHARACTERNAME:1010}達一行","{CHARACTERNAME:1010} 一行"
"10015792","That sure sounds like a trap to you. The party readies their weapons.","しかし、君達はどうせ罠だろうと武器を構えた。すると……","听起来怎么看都像陷阱。众人纷纷摆好架势。"
"10015801","Fairy","妖精","妖精"
"10015802","""The {CARDNAME:4330} is real, I'll have you know,"" the fairy says.","「{CARDNAME:4330}がいるのは、本当なのにね」","妖精说：「这里真的有 {CARDNAME:4330} 啦。」"
"10015811","Monsters","魔物達","魔物们"
"10015812","The fairy fades from view, revealing a horde of slobbering monsters! They set upon you at once!","妖精はすーっと消え、代わりに涎を垂らした魔物が現れ……君達に襲い掛かってきた！","妖精的身影缓缓消失，取而代之的是一群垂着口水的魔物！它们立刻扑了上来！"
"10015821","Bones","骨","骨头"
"10015822","Those bones... Were they all the fairies' hapless victims?","落ちていた人間の骨は、おそらくあの妖精達の被害者だろう……","那些骨头……难道全是这些妖精的受害者？"
"10015831","Bones","骨","骨头"
"10015832","Among them may well be the remains of the old woman's son. One thing's certain: next time they appear, you're not letting those fairies get away.","ひょっとすると、{CARDNAME:91370}の老婆の息子かもしれない。君達は、妖精を次は逃がさないと決意して先に進む。","其中说不定还有 {CARDNAME:91370} 那位老妇人儿子的遗骨。你们下定决心：下次再见到妖精，绝不能让它们逃掉。"
"10015841","","",""
"10015842","Your torch goes out unexpectedly!","突然、松明の灯りが消えてしまった！","火把突然熄灭了！"
"10015851","{CHARACTERNAME:1010}","{CHARACTERNAME:1010}","{CHARACTERNAME:1010}"
"10015852","You summon the {CARDNAME:4320} and light it once more.","{CARDNAME:4320}を呼び出した君は松明に火を点け直す。","你召唤 {CARDNAME:4320}，重新点燃火把。"
"10015861","{CHARACTERNAME:1010}","{CHARACTERNAME:1010}","{CHARACTERNAME:1010}"
"10015862","Is everyone still here? Are they unharmed?","君は、すぐに仲間の無事を確認した。","大家都还在吗？有没有受伤？"
"10015871","{CHARACTERNAME:1010}","{CHARACTERNAME:1010}","{CHARACTERNAME:1010}"
"10015872","Yes, it seems so. You let out a sigh of relief, and continue onward.","誰一人欠けていないことを確かめて、安堵した君が先に進もうとすると……","确认一个人也没少，你松了口气，正准备继续往前……"
"10015881","{CHARACTERNAME:1010}","{CHARACTERNAME:1010}","{CHARACTERNAME:1010}"
"10015882","You hear {CARDNAME:1030} and {CARDNAME:1040} speaking in oddly high-pitched voices behind you.","後ろにいた{CARDNAME:1030}と{CARDNAME:1040}が急に甲高い声で喋り始めた。","身后的 {CARDNAME:1030} 和 {CARDNAME:1040} 忽然用异常尖细的声音说起话来。"
"10015891","{CARDNAME:1030}","{CARDNAME:1030}","{CARDNAME:1030}"
"10015892","""No way should we keep going. I'm getting super sketchy vibes!""","「コレ以上、進むのはやめようゼ！何となく危険な気がするゼ！」","「别再往前了吧！总觉得超级不妙啊！」"
"10015901","{CARDNAME:1030}","{CARDNAME:1030}","{CARDNAME:1030}"
"10015902","""I say we turn right around and skedaddle back to the skiff!""","「先に進むのはやめて、帰るのかい！？俺は、いい判断だと思うゼ！」","「别往前走了，回砂船那边吧！我觉得这是个好主意啊！」"
"10015911","{CARDNAME:1040}","{CARDNAME:1040}","{CARDNAME:1040}"
"10015912","""I so totally agree! This feels too dangerous. I say we go back!""","「アタシモ、チョー賛成！危険ダシ、帰ッタ方ガ絶対イイッテ！」","「我也超——赞成！太危险了，绝对应该回去！」"
"10015921","{CARDNAME:1030} and {CARDNAME:1040}","{CARDNAME:1030}と{CARDNAME:1040}","{CARDNAME:1030} 和 {CARDNAME:1040}"
"10015922","They want to turn back after you've come all this way?","なんと二人は、帰りたいと駄々を捏ね始めた！","都走到这里了，两人居然开始闹着要回去？"
"10015931","{CARDNAME:1030}'s Not Himself...","{CARDNAME:1030}の様子が……","{CARDNAME:1030} 不太对劲……"
"10015932","{CARDNAME:1030}'s not talking like himself. Since when does he use words like ""sketchy vibes""?","{CARDNAME:1030}の様子が明らかにおかしい……

ゼ！なんて語尾に付けるキャラじゃない。","{CARDNAME:1030} 说话明显不对。他什么时候会说「超级不妙」这种话了？"
"10015941","{CARDNAME:1040} Isn't Herself...","{CARDNAME:1040}の様子が……","{CARDNAME:1040} 不太对劲……"
"10015942","Where did {CARDNAME:1040} learn to use phrases like ""so totally""? Something's not right.","{CARDNAME:1040}の様子が明らかにおかしい……

こんな流暢に喋るキャラじゃない。","{CARDNAME:1040} 到底从哪学会「超——赞成」这种说法的？肯定有问题。"
"10015951","They're Both Acting Funny...","二人の様子が……","两个人都不太对劲……"
"10015952","Pulche and Tralis don't sound like themselves. They're both excitable in their own ways, but never quite like this...","二人の様子が明らかにおかしい……

いつもとは別の方向でテンションが高い。","普尔凯和特拉利斯的语气都不像本人。两人平时也各有各的活泼，可绝不是这个样子……"
"10015961","{CARDNAME:1020}","{CARDNAME:1020}","{CARDNAME:1020}"
"10015962","君の疑問に、{CARDNAME:1020}が同意した。","君の疑問に、{CARDNAME:1020}が同意した。","君の疑問に、{CARDNAME:1020}が同意した。"
"10015971","{CARDNAME:1020}","{CARDNAME:1020}","{CARDNAME:1020}"
"10015972","{CARDNAME:1020} whips around and puts his back to yours. ""Draw your weapon,"" he snarls.","{CARDNAME:1020}は、君を背後に庇い、武器を構えろと警戒を促す。","{CARDNAME:1020} 猛地转身，背靠着你低声喝道：「拔武器。」"
"10015981","{CARDNAME:1030}? and {CARDNAME:1040}?","{CARDNAME:1030}？と{CARDNAME:1040}？","{CARDNAME:1030}？和 {CARDNAME:1040}？"
"10015982","{CARDNAME:1030} and {CARDNAME:1040} click their tongues at you... Then lurch forward and attack!","すると、{CARDNAME:1030}と{CARDNAME:1040}は舌打ちして、突然、君達に襲い掛かってきた！","{CARDNAME:1030} 和 {CARDNAME:1040} 冲你们咂了咂舌……随后突然扑了上来！"
"10015991","{CARDNAME:1030}?","{CARDNAME:1030}？","{CARDNAME:1030}？"
"10015992","""You wanna know why it snows? The sky's taking revenge for the ground ditching it!""","「雪が降る仕組みを知ってるかい！？大地にフられた空が、嫌がらせで降らすんだゼ！」","「想知道为什么会下雪吗？那是天空被大地甩了以后，故意撒下来的报复啊！」"
"10016001","{CARDNAME:1030}?","{CARDNAME:1030}？","{CARDNAME:1030}？"
"10016002","""You wanna know where fire comes from? That's the world's soul ablaze!""","「火が付く仕組みを知ってるかい！？熱いハートを燃やした情熱で火を点けるんだゼ！」","「想知道火是怎么燃起来的吗？那是整个世界把炽热的灵魂烧起来了啊！」"
"10016011","{CARDNAME:1030}?","{CARDNAME:1030}？","{CARDNAME:1030}？"
"10016012","""You wanna know why the wind blows? That's the long sigh of a goddess, pining for lost love!""","「風が吹く仕組みを知ってるかい！？アレは失恋した女神のため息なんだゼ！」","「想知道风为什么会吹吗？那是失恋女神的一声长叹啊！」"
"10016021","{CARDNAME:1040}?","{CARDNAME:1040}？","{CARDNAME:1040}？"
"10016022","""Ugh, you're such a freaking pain. Can you just, like, die already?""","「ヤダモー、チョー面倒。サッサト諦メテ、早ク死ンジャッテクレナイ？」","「烦死了，真的超麻烦。你们就不能赶紧去死吗？」"
"10016031","{CARDNAME:1040}?","{CARDNAME:1040}？","{CARDNAME:1040}？"
"10016032","""Look at them, clutching the weapons they're fighting us with. How primitive!""","「武器持ッテ戦ウナンテ、チョー野蛮人ノヤルコトナンデスケドォ？」","「居然拿着武器跟我们打，真是超级野蛮！」"
"10016041","{CARDNAME:1040}?","{CARDNAME:1040}？","{CARDNAME:1040}？"
"10016042","""Eugh, look at what they're wearing! Imagine thinking that looks good! I'm, like, actually embarrassed for them.""","「テイウカ、ダサッ！ヨクソンナ服着テラレルヨネ？アタシ無理マジ無理ムリ」","「还有这身衣服，土死了！居然真有人敢穿成这样？我都替你们尴尬。」"
"10016051","{CARDNAME:1030}? and {CARDNAME:1040}?","{CARDNAME:1030}？と{CARDNAME:1040}？","{CARDNAME:1030}？和 {CARDNAME:1040}？"
"10016052","The impostors posing as {CARDNAME:1030} and {CARDNAME:1040} disappear. You hear voices from further within the cave as they vanish...","{CARDNAME:1030}と{CARDNAME:1040}の偽者は消えた。それと同時に、通路の奥から声が聞こえてくる……","假扮 {CARDNAME:1030} 和 {CARDNAME:1040} 的冒牌货消失了。与此同时，洞穴深处传来声音……"
"10016061","???","？？？","？？？"
"10016062","""The {CARDNAME:4330} watches over this cliff. None may pass. Intruders, turn back at once...""","「ココハ氷ノ神獣ガ守ル崖。何人タリトモ通ルコトハ許サヌ。侵入者ハ立チ去ルガイイ……」","「这里由 {CARDNAME:4330} 守护。任何人都不得通过。入侵者，立刻离开……」"
"10016071","{CHARACTERNAME:1010}","{CHARACTERNAME:1010}","{CHARACTERNAME:1010}"
"10016072","""{CARDNAME:4330}?"" you repeat, your brow knitting in confusion.","「{CARDNAME:4330}？」と君が眉をひそめた、その時……","「{CARDNAME:4330}？」你困惑地皱起眉。"
"10016081","{CARDNAME:1040}","{CARDNAME:1040}","{CARDNAME:1040}"
"10016082","""Okay? Not hurt?""","「無事？　ナイ　怪我？」","「没事？没受伤？」"
"10016091","{CARDNAME:1030}","{CARDNAME:1030}","{CARDNAME:1030}"
"10016092","""Are you hurt!? Focus on me. Can you do that? Count backwards from ten!""","「え、怪我！？大丈夫ですか？意識は？数字を１０から逆に言えますか？」","「受伤了！？看着我！意识清醒吗？能不能从 10 开始倒数？」"
"10016101","{CARDNAME:1030} and {CARDNAME:1040}","{CARDNAME:1030}と{CARDNAME:1040}","{CARDNAME:1030} 和 {CARDNAME:1040}"
"10016102","A confusion interrupted by the sight of {CARDNAME:1030} and {CARDNAME:1040} walking briskly to your side!","{CARDNAME:1030}と{CARDNAME:1040}が足早に駆け寄ってきた！","打断你困惑的，是匆匆赶到身旁的 {CARDNAME:1030} 和 {CARDNAME:1040}！"
"10016111","{CARDNAME:1030} and {CARDNAME:1040}","{CARDNAME:1030}と{CARDNAME:1040}","{CARDNAME:1030} 和 {CARDNAME:1040}"
"10016112","According to {CARDNAME:1030}, he and {CARDNAME:1040} were dropped to the floor below when the torch went out.","{CARDNAME:1030}によると、松明が消えた瞬間、二人は階下に落とされたのだという。","据 {CARDNAME:1030} 说，火把熄灭的一瞬间，他和 {CARDNAME:1040} 被扔到了下一层。"
"10016121","{CHARACTERNAME:1010}","{CHARACTERNAME:1010}","{CHARACTERNAME:1010}"
"10016122","This is more like them. The real Tralis and Pulche have returned.","二人のいつもと変わらない様子に、君は二人を本物だと判断した。","这才是他们平时的样子。真正的 {CARDNAME:1030} 和 {CARDNAME:1040} 回来了。"
"10016131","???","？？？","？？？"
"10016132","""Yes, fear me. Go back from whence you came. Never return.""","「ソウダ。ソレデイイ我ヲ恐レ、立チ去ルガイイ」","「对，就是这样。畏惧我，回到你们来时的地方，再也别回来。」"
"10016141","{CARDNAME:4330}","{CARDNAME:4330}","{CARDNAME:4330}"
"10016142","""You dare defy me, the {CARDNAME:4330}! I shall not allow you to pass!""","「愚カナ……我コソハ氷ノ神獣。崖カラ先ハ、何人タリトモ通サヌ……！」","「竟敢违抗我——{CARDNAME:4330}！我绝不允许你们通过！」"
"10016151","{CARDNAME:4330}","{CARDNAME:4330}","{CARDNAME:4330}"
"10016152","君達の目の前に{CARDNAME:4330}が現れた！","君達の目の前に{CARDNAME:4330}が現れた！","君達の目の前に{CARDNAME:4330}が現れた！"
"10016161","{CHARACTERNAME:1010}","{CHARACTERNAME:1010}","{CHARACTERNAME:1010}"
"10016162","Your hand flies to your weapon instinctively. There's no turning back now.","君は、すぐさま武器を構えた。ここまで来て立ち去る選択肢はない。","你的手本能地握住武器。都走到这里了，已经没有回头路。"
"10016171","{CHARACTERNAME:1010} and Company","{CHARACTERNAME:1010}達一行","{CHARACTERNAME:1010} 一行"
"10016172","The rest of the party follows your lead and prepares for a fight.","君の覚悟を受け取った仲間達も戦闘態勢に入る。","其他人也随你摆好架势，准备战斗。"
"10016181","{CARDNAME:4330}","{CARDNAME:4330}","{CARDNAME:4330}"
"10016182","""You would do battle with me? The {CARDNAME:4330}?""","「ン？我ト戦ウノカ……？我ハ氷ノ神獣ゾ？」","「你们要和我战斗？和 {CARDNAME:4330}？」"
"10016191","{CHARACTERNAME:1010} and Company","{CHARACTERNAME:1010}達一行","{CHARACTERNAME:1010} 一行"
"10016192","""Gladly."" You signal to the rest of the party, and charge into combat!","「望むところ」と、君達は神獣との戦闘を開始した！","「正合我意。」你向同伴示意，众人一起冲上前去！"
"10016201","{CARDNAME:4330}","{CARDNAME:4330}","{CARDNAME:4330}"
"10016202","""So it has come to this. I shall delight in crushing you as well!""","「コウナッテハ仕方ナイ。オマエ達モ、ペチャンコニシテヤル！」","「既然如此，那就连你们也一起压扁！」"
"10016211","{CHARACTERNAME:1010}","{CHARACTERNAME:1010}","{CHARACTERNAME:1010}"
"10016212","""As well""? So you aren't the first...","オマエ達モという言葉が君の心に引っかかった。も、ということは……","「也」？看来你们并不是第一批……"
"10016221","{CHARACTERNAME:1010}","{CHARACTERNAME:1010}","{CHARACTERNAME:1010}"
"10016222","""So it WAS you... You killed the villagers from Icevale who tried to scale the {CARDNAME:92360}...""","「この崖に挑んだ氷の村の人達を殺したのは……」","「原来真是你……杀了那些想翻越 {CARDNAME:92360} 的冰之村村民……」"
"10016231","{CARDNAME:4330}","{CARDNAME:4330}","{CARDNAME:4330}"
"10016232","The {CARDNAME:4330} confirms your worst fears with a deep, rumbling laugh.","{CARDNAME:4330}は、悪びれる様子がないどころか、低い笑い声をあげながら肯定した。","{CARDNAME:4330} 发出低沉的笑声，毫不掩饰地承认了你最不愿相信的事。"
"10016241","{CARDNAME:4330}","{CARDNAME:4330}","{CARDNAME:4330}"
"10016242","""The looks on their faces as they fell were most amusing...""","「落チル者達ノ　表情……楽シマセテモラッタゾ」","「他们坠落时的表情……可真有趣。」"
"10016251","{CHARACTERNAME:1010}","{CHARACTERNAME:1010}","{CHARACTERNAME:1010}"
"10016252","You let out a piercing scream that gives way to a howl of agony for those lost to this creature. The Frost Primal must pay.","氷の神獣の態度を見て、君は吼える。許す訳にはいかない。","你发出撕裂般的怒吼。那些死在它手中的人，绝不能就这样算了。{CARDNAME:4330} 必须付出代价。"
"10016261","{CHARACTERNAME:1010} and Company","{CHARACTERNAME:1010}達一行","{CHARACTERNAME:1010} 一行"
"10016262","Well done! You've defeated the {CARDNAME:4330}!","君達は見事、{CARDNAME:4330}を撃破した！","干得漂亮！你们击败了 {CARDNAME:4330}！"
"10016271","Fairies","妖精達","妖精们"
"10016272","The {CARDNAME:4330} seems to vanish before your eyes, but you soon realize there are two fairies in its place. Ugh. Here we go again.","{CARDNAME:4330}が消えたかと思うと、入れ替わるようにして二匹の妖精が現れた。あの妖精達だ。","{CARDNAME:4330} 的身影消失，原地却出现了两只妖精。啧，又来了。"
"10016281","Fairies","妖精達","妖精们"
"10016282","They explain that they can shapeshift, and were behind all this trouble.","妖精達は、変身できる能力を使って悪戯をしていただけだと弁明する。","它们解释说，自己会变身，这一切都是它们搞的鬼。"
"10016291","Fairies","妖精達","妖精们"
"10016292","""We're real sorry! We'll give you some <highlight>Fairy Dust</highlight> if you'll just forget about this!""
""Yeah! It can turn you into anything you want!""","「お詫びに<highlight>妖精の粉</highlight>をあげるから見逃して！」

「これがあれば望んだ姿に変身できるんだ！」","「真的很抱歉嘛！放过我们，就送你们一点 <highlight>妖精之粉</highlight>！」
「对呀！有了它，想变成什么都行！」"
"10016301","{CHARACTERNAME:1010}","{CHARACTERNAME:1010}","{CHARACTERNAME:1010}"
"10016302","You obtained <highlight>Fairy Dust</highlight>!","君達は、<highlight>妖精の粉</highlight>を
手に入れた！","获得了 <highlight>妖精之粉</highlight>！"
"10016311","{CHARACTERNAME:1010}","{CHARACTERNAME:1010}","{CHARACTERNAME:1010}"
"10016312","You ask if they truly did kill all the people of Icevale.","君は、村人を殺したのは本当かどうかを尋ねた。","你问它们，冰之村那些人真是它们杀的吗？"
"10016321","Fairies","妖精達","妖精们"
"10016322","They exchange glances, and break out in a fit of giggles.","妖精達は顔を見合わせたあと、にっこりと笑って……","两只妖精对视一眼，忽然咯咯笑了起来。"
"10016331","Left Fairy","妖精・左","左边的妖精"
"10016332","""We miiight have dropped a couple rocks and snowballs and crushed 'em into little red spots, sure.""","「ちょぉっと雪玉や岩を落としたら、プチッと真っ赤に潰れちゃったの」","「也就丢了几块石头、几个雪球嘛。结果他们啪叽一下，就被压成红红的小点了。」"
"10016341","Right Fairy","妖精・右","右边的妖精"
"10016342","”We didn't mean nothin' by it. It was a joke! Y'know?""","「悪気はなかったのよ。悪戯だもの。ねえ？」","「我们又没恶意。只是恶作剧嘛，对吧？」"
"10016351","Fairies","妖精達","妖精们"
"10016352","They let out an innocent laugh.","妖精達は無邪気にくすくすと笑っている。","妖精们天真无邪地笑着。"
"10016361","Right Fairy","妖精・右","右边的妖精"
"10016362","""Oh, but the old lady who came by every day? We let her live! She was a hoot.""","「でも、ここに毎日来ていたお婆さんには落とさなかったよ？面白かったから」","「对了，每天都来这里的那个老婆婆？我们可没砸她！她太有意思了。」"
"10016371","Left Fairy","妖精・左","左边的妖精"
"10016372","""She really is! Her son's been nothing but bones for ages, but she keeps lookin' for him! Hilarious!""","「もうとっくに骨になった息子を探してるなんて、爆笑だよね！」","「真的超好笑！她儿子早就只剩骨头了，她居然还天天找！哈哈哈！」"
"10016381","Fairies","妖精達","妖精们"
"10016382","""It was like, 'He's right there, lady! Look down!' Hah, what a riot!""","「足元にいるのにね。とっても面白かった！」","「明明就在她脚底下嘛！低头看看呀！笑死人了！」"
"10016391","{CHARACTERNAME:1010}","{CHARACTERNAME:1010}","{CHARACTERNAME:1010}"
"10016392","""Nnngh...!""","「……ッ！」","「唔……！」"
"10016401","{CHARACTERNAME:1010}","{CHARACTERNAME:1010}","{CHARACTERNAME:1010}"
"10016402","You turn toward the fairies and lift your sword high overhead.","妖精達に向けて、君は剣を振り上げた。","你转向妖精们，把剑高高举过头顶。"
"10016411","","",""
"10016412","You...","君はその剣を……","你……"
"10016421","Hesitate","振り下ろすのを躊躇う","犹豫"
"10016422","Their laughter suggests it really was just a game to them. Maybe they have a different sense of good and evil than humans do.","無邪気に笑う妖精達は、本当に悪戯しただけのつもりなのだろう。善悪の判断が人間とは違う。","看它们笑得这么天真，或许在它们眼里，这真的只是一场游戏。也许妖精对善恶的判断本就和人类不同。"
"10016431","{CHARACTERNAME:1010}","{CHARACTERNAME:1010}","{CHARACTERNAME:1010}"
"10016432","But that doesn't absolve them of their crimes. Your arms tense, and you swing.","しかし、だからといって到底許すことなどできない。
君は剣を握る拳に、力を込めた。","可这并不能抹去它们犯下的罪。你绷紧双臂，挥下了剑。"
"10016441","Bring It Down. Hard.","躊躇なく振り下ろす","毫不犹豫地砍下去"
"10016442","Mischief and pranks don't take lives. You slash hard in their direction.","君は妖精達目掛けて剣を振り下ろした。彼らの行動を悪戯で片付けることはできない。","夺人性命的事，绝不能叫恶作剧。你朝妖精们狠狠挥剑。"
"10016451","Fairies","妖精達","妖精们"
"10016452","""You're terrible!"" one of them shouts as they both flutter gracefully out of the way.","しかし妖精達は「酷い！」と言いながら、ひらひらと華麗に避けた。","「太过分了！」妖精们一边喊，一边轻巧地飘开，躲过了攻击。"
"10016461","Fairies","妖精達","妖精们"
"10016462","The fairies mock you mercilessly.","自分達に剣を向けた君を、妖精達は罵る。","妖精们毫不留情地嘲弄起你。"
"10016471","Right Fairy","妖精・右","右边的妖精"
"10016472","""Ooh, we'll tell <highlight>Mother</highlight> on you! She'll be sooo mad, she'll turn bright red!""","「<highlight>ママ</highlight>に言いつけてやるんだから！首を刎ねられて、真っ赤になっちゃえ！」","「我们要去向 <highlight>妈妈</highlight> 告状！到时候砍掉你的脑袋，让你变得红彤彤的！」"
"10016481","Left Fairy","妖精・左","左边的妖精"
"10016482","""You. Humans. Are. The. WORST! You don't know a darn thing!""","「馬鹿馬鹿バーカ！オマエ達人間はな～んにも知らないくせに！」","「笨蛋笨蛋大笨蛋！你们人类明明什么都不知道！」"
"10016491","{CARDNAME:1020}","{CARDNAME:1020}","{CARDNAME:1020}"
"10016492","""......""","「……」","「……」"
"10016501","Fairies","妖精達","妖精们"
"10016502","""G'augh!""","「きゃああっ！？」","「呀啊啊！？」"
"10016511","{CARDNAME:1020}","{CARDNAME:1020}","{CARDNAME:1020}"
"10016512","In one slash, {CARDNAME:1020} slices them cleanly in two, and their fluttering forms dissipate in the air.","{CARDNAME:1020}に斬りつけられた妖精達は両断され、ハラハラと消えていった。","{CARDNAME:1020} 一剑将两只妖精斩成两半。它们飘摇的身影随即散入空气。"
"10016521","{CARDNAME:1020}","{CARDNAME:1020}","{CARDNAME:1020}"
"10016522","""That's what I'm here for,"" he growls.","{CARDNAME:1020}は君に言った。
「こういうのはオレの役目だろ」と。","{CARDNAME:1020} 低声说道：「这种事，本来就该由我来。」"
"10016531","{CHARACTERNAME:1010}","{CHARACTERNAME:1010}","{CHARACTERNAME:1010}"
"10016532","Well, you won't be making cards out of them now that {CARDNAME:1020}'s sliced them in half.","{CARDNAME:1020}が妖精を切り裂いてしまった為、カードには出来なかった。","{CARDNAME:1020} 已经把妖精劈成两半，自然也没法再把它们做成卡牌了。"
"10016541","{CHARACTERNAME:1010}","{CHARACTERNAME:1010}","{CHARACTERNAME:1010}"
"10016542","Still, you have no regrets. You were going to cut them down yourself.","しかし君にも後悔はない。これは自分も望んだ答えだったからだ。","不过你并不后悔。因为你自己也正准备挥下那一剑。"
"10016551","{CARDNAME:1040}","{CARDNAME:1040}","{CARDNAME:1040}"
"10016552","""Onward! Leaving!"" {CARDNAME:1040} chirps, once again her usual chipper self.","「進ム！　出発！」と、{CARDNAME:1040}がいつもより明るく声をあげる。","「前进！出发！」{CARDNAME:1040} 又恢复了平时那副精神十足的样子。"
"10016561","{CHARACTERNAME:1010} and Company","{CHARACTERNAME:1010}達一行","{CHARACTERNAME:1010} 一行"
"10016562","You work your way deeper and deeper into the Endwall, until it seems you can go no further.","崖内部の奥までやってきたが、これ以上は進むことができなさそうだ。","你们一路深入尽头之崖内部，直到前方再也无路可走。"
"10016571","{CARDNAME:1030}","{CARDNAME:1030}","{CARDNAME:1030}"
"10016572","{CARDNAME:1030} suggests you return to the sandskiff, which seems as good an idea as any.","{CARDNAME:1030}の提案で、一旦砂船に戻ることにした。","{CARDNAME:1030} 提议先回砂船。眼下似乎也只能如此。"
"10016581","","",""
"10016582","Return directly to the sandskiff?","砂船のところまで
一気に戻りますか？","直接返回砂船？"
"10016591","Yes, Please!","一気に戻る","直接返回！"
"10016592","You agree to head back to the sandskiff as quickly as possible.","君達は砂船の場所まで急いで戻ることにした。","你们决定尽快赶回砂船。"
"10016601","Return on My Own","自力で戻る","自己走回去"
"10016602","You decide you'd like to explore a bit more.","君は、もう少しここを探索してから戻ることにした。","你决定再探索一会儿再回去。"
"10016611","{CARDNAME:92360}","{CARDNAME:92360}","{CARDNAME:92360}"
"10016612","You exit the cave to find the blizzard has subsided.","崖の外に出ると、あれほど吹き荒んでいた吹雪が止んでいた。","走出洞穴后，你发现暴风雪已经停了。"
"10016621","{CARDNAME:1030}","{CARDNAME:1030}","{CARDNAME:1030}"
"10016622","{CARDNAME:1030} ventures a guess that the fairies might have been behind the blizzard, as well.","{CARDNAME:1030}の推測では、吹雪も妖精達の仕業だった可能性が高いという。","{CARDNAME:1030} 猜测，刚才的暴风雪很可能也是妖精们搞的鬼。"
"10016631","{CARDNAME:105433}","{CARDNAME:105433}","{CARDNAME:105433}"
"10016632","Either way, there's nothing stopping you now! You should be able to ascend the rest of the way in the sandskiff.","とにかく、これで障害はなくなった。改造した砂船なら崖を越えられるだろう。","不管怎样，现在已经没有阻碍了！靠改造后的砂船，应该能一口气飞过剩下的路。"
"10016641","{CARDNAME:105433}","{CARDNAME:105433}","{CARDNAME:105433}"
"10016642","You gaze up at the impossibly blue sky as the balloons inflate, and you gently lift off once more.","抜けるような青空に向けて君達を乗せた気球がふわりと舞い上がる。","气囊再次鼓起。你仰望澄澈得不可思议的蓝天，乘着砂船缓缓升空。"
"10016651","","",""
"10016652","At last, you float over the top. You knew this wall was not the end.","そうして君達は、とうとう崖を越えた。","终于，你们越过了崖顶。你就知道，这道高墙绝不会是世界的尽头。"
"10016661","{CARDNAME:2110}","{CARDNAME:2110}","{CARDNAME:2110}"
"10016662","The merchant is shivering something fierce.","商人の男はガタガタ震えている。","商人冻得浑身直哆嗦。"
"10016671","{CARDNAME:2110}","{CARDNAME:2110}","{CARDNAME:2110}"
"10016672","""I thought for sure I'd find something rare and unusual if I followed you all, but this is ridiculous! There's not a customer in sight!""","「あんた達を追いかけたら何か珍しいものにありつけるかと思ったが……こりゃダメだな。客もいない」","「我还以为跟着你们准能碰上什么稀奇货呢……这也太离谱了！连个客人都看不见！」"
"10016681","{CARDNAME:2110}","{CARDNAME:2110}","{CARDNAME:2110}"
"10016682","""Please, you lot are my only hope,"" he pleads, and lays out his wares.","男は、「あんた達だけが頼りだ」と言い、商品を買うように懇願してきた。","「拜托了，你们可是我唯一的指望。」他一边央求，一边摆出了商品。"
"10016691","Forest","森","森林"
"10016692","Having made your way over the Endwall, you are faced with a vast forest.","果ての崖を越えた先には、広大な森が広がっていた。","翻过尽头之崖，映入眼帘的是一片辽阔森林。"
"10016701","{CHARACTERNAME:1010} and Company","{CHARACTERNAME:1010}達一行","{CHARACTERNAME:1010} 一行"
"10016702","Using a telescope {CARDNAME:1030} had been carrying, you search for a place to alight.","君達は{CARDNAME:1030}が持っていた望遠鏡を使い、降りられそうな場所を探す。","你们借用 {CARDNAME:1030} 随身带着的望远镜，寻找适合降落的地方。"
"10016711","Landing Spot","着地点","降落点"
"10016712","From the look of it, there is only one safe place to land.","安全に降りられそうなのは一箇所だけのようだが……","看起来，能安全降落的地方只有一处。"
"10016721","","",""
"10016722","Disembark here?","ここに降りるか？","要在这里降落吗？"
"10016731","Disembark","降りる","降落"
"10016732","","",""
"10016741","Don't Disembark","降りない","不降落"
"10016742","","",""
"10016751","Disembark","降りる","降落"
"10016752","There was a ferocious monster lurking in the spot where you were trying to land.","君達が着陸しようとした場所には、凶暴そうな魔物がいたが……","你们准备降落的地方，潜伏着一只凶猛的魔物。"
"10016761","{CHARACTERNAME:1010} and Company","{CHARACTERNAME:1010}達一行","{CHARACTERNAME:1010} 一行"
"10016762","The keyword being ""was,"" because you've squished it good under the sandskiff!","ドスン！
なんと、砂船で魔物をひき潰してしまった！","不过得说「潜伏过」才对——因为它已经被砂船结结实实地压扁了！"
"10016771","{CHARACTERNAME:1010} and Company","{CHARACTERNAME:1010}達一行","{CHARACTERNAME:1010} 一行"
"10016772","The group, acting as though nothing oozy or squishy has happened, alights from the vessel. Almost immediately, you spot something glowing in the snow.","そして、何事もなかったかのように大地に降り立った君達は、雪の中に光るものを見つけた。","大家若无其事地下了船，仿佛刚才什么黏糊糊、软趴趴的东西都没发生。紧接着，你在雪中发现了一点亮光。"
"10016781","{CHARACTERNAME:1010} and Company","{CHARACTERNAME:1010}達一行","{CHARACTERNAME:1010} 一行"
"10016782","Perhaps the monster was attempting to hide it there.","魔物が雪の中に隠そうとしていたのかもしれない。","也许那只魔物正想把它藏进雪里。"
"10016791","Disembark","降りる","降落"
"10016792","You find the best place to alight, and safely return to solid ground.","君達は、着陸に最適そうな場所を見つけて、安全に大地に降り立つ。","你们找到最适合降落的位置，平安回到地面。"
"10016801","Disembark","降りる","降落"
"10016802","The place you've attempted to land is filled with large trees!","君達が着陸しようとした場所には、木々が生い茂っていた！","你们想降落的地方长满了大树！"
"10016811","{CHARACTERNAME:1010} and Company","{CHARACTERNAME:1010}達一行","{CHARACTERNAME:1010} 一行"
"10016812","Despite a cacophony of crunching and banging as the sandskiff is knocked about by a mess of tree branches, you somehow manage to land the vehicle back on solid earth.","バリバリバリ！
無理やり着陸しようとした君達は、木々の枝葉に揉まれながら大地に降り立つ。","咔嚓砰啪声此起彼伏，砂船被树枝撞得东倒西歪。你们硬是顶着一片枝杈，勉强落回地面。"
"10016821","{CHARACTERNAME:1010}","{CHARACTERNAME:1010}","{CHARACTERNAME:1010}"
"10016822","""Is this...Newterra?""","「ここが……新天地？」","「这里就是……新天地？」"
"10016831","{CARDNAME:1030}","{CARDNAME:1030}","{CARDNAME:1030}"
"10016832","{CARDNAME:1030} gazes at the surroundings appreciatively. He tells you that he has never seen a land so verdant in all his life.","辺りを見回した{CARDNAME:1030}は感心している。こんなに緑が残っている土地は初めてだという。","{CARDNAME:1030} 欣赏般地环顾四周，说自己这辈子从没见过绿意如此浓郁的土地。"
"10016841","Forest","森","森林"
"10016842","You can't argue with him. Greenery swathes the area all around you.","確かに、緑あふれる大地と言える場所だが……","他说得没错。四面八方尽是葱郁绿意。"
"10016851","{CHARACTERNAME:1010} and Company","{CHARACTERNAME:1010}達一行","{CHARACTERNAME:1010} 一行"
"10016852","""It's FREEZING out!""","「寒い！！！！」","「冷死了！！！！」"
"10016861","{CHARACTERNAME:1010} and Company","{CHARACTERNAME:1010}達一行","{CHARACTERNAME:1010} 一行"
"10016862","The group shrieks the words in unison. The cold is even more biting here than on the Endwall. In no way could people live in temperatures like this.","君達は声を揃えて叫んだ。果ての崖よりもさらに寒さが厳しい。到底、人が住めたものではない。","众人异口同声地惨叫。这里甚至比尽头之崖还冷，根本不像人能生活的温度。"
"10016871","{CHARACTERNAME:1010}","{CHARACTERNAME:1010}","{CHARACTERNAME:1010}"
"10016872","You decide to confer with the others on your next course of action.","君は、これからの方針について、皆から意見を聞くことにした。","你决定先听听大家对下一步的意见。"
"10016881","","",""
"10016882","Whose opinion will you ask?","誰に意見を聞く？","要问谁的意见？"
"10016891","{CARDNAME:1020}","{CARDNAME:1020}に意見を聞く","问 {CARDNAME:1020}"
"10016892","You ask {CARDNAME:1020}'s opinion on what to do next, but he offers no more than a shrug and a grunt.","君は{CARDNAME:1020}に意見を聞いた。しかし、{CARDNAME:1020}は
「ああ」と気のない相槌を打つだけだった。","你问 {CARDNAME:1020} 接下来怎么办，他只是耸耸肩，漫不经心地「嗯」了一声。"
"10016901","{CARDNAME:1030}","{CARDNAME:1030}に意見を聞く","问 {CARDNAME:1030}"
"10016902","You ask {CARDNAME:1030}'s opinion on what to do next. He replies, ""While we were flying, I saw what looked like a village.""","君が{CARDNAME:1030}に意見を聞くと「砂船で飛んでいた時に、集落らしきものを見た」と言う。","你问 {CARDNAME:1030} 接下来怎么办。他说：「刚才飞在空中时，我看见了一个像村子的地方。」"
"10016911","{CARDNAME:1030}","{CARDNAME:1030}","{CARDNAME:1030}"
"10016912","""And if I recall correctly, it was that way,"" he says, pointing to the <highlight>northeast</highlight>.","「確かあちらです」と、{CARDNAME:1030}が指さしたのは<highlight>北東</highlight>の方角だった。","「我没记错的话，就在那边。」{CARDNAME:1030} 指向 <highlight>东北</highlight>。"
"10016921","{CARDNAME:1040}","{CARDNAME:1040}に意見を聞く","问 {CARDNAME:1040}"
"10016922","You ask {CARDNAME:1040}'s opinion on what to do next. She munches on a piece of fruit. You're not entirely sure where she found it.","君は{CARDNAME:1040}に意見を聞いた。{CARDNAME:1040}はどこから採ってきたのか、むしゃむしゃと果物をかじっている。","你问 {CARDNAME:1040} 接下来怎么办。她正吧唧吧唧啃着水果，也不知道从哪摘来的。"
"10016931","{CARDNAME:1040}","{CARDNAME:1040}","{CARDNAME:1040}"
"10016932","In fact, she has a whole armful. She hands you one, and motions for you to have a bite.","{CARDNAME:1040}は腕いっぱいに抱えた果物の中から君に一つ手渡すと、食べるようにうながした。","其实 {CARDNAME:1040} 怀里还抱了一大堆。她递给你一个，示意你尝尝。"
"10016941","{CHARACTERNAME:1010}","{CHARACTERNAME:1010}","{CHARACTERNAME:1010}"
"10016942","""...That's delicious!""","「……おいしい！」","「……真好吃！」"
"10016951","{CHARACTERNAME:1010}","{CHARACTERNAME:1010}","{CHARACTERNAME:1010}"
"10016952","The place is bitterly cold, but it is replete with trees and greenery and delicious fruit like this. It seems that Newterra is as incredible as the rumors said.","寒さは厳しいが木は生い茂り、こんなにも美味しい果物が手に入る。新天地は、噂通りすごい土地らしい。","这里虽然冷得刺骨，却树木繁茂，还能找到这么美味的水果。看来新天地确实和传闻一样不可思议。"
"10016961","{CHARACTERNAME:1010} and Company","{CHARACTERNAME:1010}達一行","{CHARACTERNAME:1010} 一行"
"10016962","The group decides to go with {CARDNAME:1030}'s idea for now, and sets off in the direction of what he thought was a village.","とりあえず、君達は{CARDNAME:1030}が見たという集落らしきものを目指すことにした。","众人决定暂且采纳 {CARDNAME:1030} 的建议，朝他看见的村落方向前进。"
"10016971","Monsters","魔物","魔物"
"10016972","The monsters are hesitating for some reason. Take this chance to bring them down.","魔物達は、なぜか攻撃をためらっているようだ。
この隙に倒してしまおう。","魔物们不知为何迟疑不前。趁这个机会解决它们吧。"
"10016981","{CHARACTERNAME:1010} and Company","{CHARACTERNAME:1010}達一行","{CHARACTERNAME:1010} 一行"
"10016982","You discover a village nestled in a mass of trees.","君達は森に囲まれた村を見つけた。","你们在林木环绕中发现了一个村子。"
"10016991","Village","村","村子"
"10016992","However, the place is quiet—quiet enough to be off-putting.","しかし、村は異様なまでに静まり返っている","可村里安静得异乎寻常，静得让人发毛。"
"10017001","{CHARACTERNAME:1010} and Company","{CHARACTERNAME:1010}達一行","{CHARACTERNAME:1010} 一行"
"10017002","For caution's sake, you'd best keep your guard up if you're going to enter.","念のため、警戒しながら入ったほうが良さそうだ……","如果要进去，最好提高警惕。"
"10017011","{CHARACTERNAME:1010} and Company","{CHARACTERNAME:1010}達一行","{CHARACTERNAME:1010} 一行"
"10017012","You can detect the telltale signs of life nearby. Could there be a village? It may be worth a visit.","近くから活気ある気配がする。村があるのだろうか。あれば立ち寄ろう。","附近传来明显的生活气息。难道有村子？值得过去看看。"
"10017021","Monsters","魔物","魔物"
"10017022","You notice telltale signs of monsters, too.","魔物の気配が混ざっているようだが……","其中似乎还混着魔物的气息……"
"10017031","Town","集落","聚落"
"10017032","To your surprise, you realize that there is a settlement of monsters just ahead!","どうやらこの先にあるのは魔物達の集落のようだ！","出乎意料，前方竟是一处魔物聚落！"
"10017041","{CARDNAME:1020}","{CARDNAME:1020}","{CARDNAME:1020}"
"10017042","{CARDNAME:1020} grunts a warning. ""Safer to avoid it.""","「進むのは危ないな」と、{CARDNAME:1020}が呟く。","{CARDNAME:1020} 低声警告：「还是别过去比较安全。」"
"10017051","{CARDNAME:1030}","{CARDNAME:1030}","{CARDNAME:1030}"
"10017052","""Let's go and look around that other village we came across,"" {CARDNAME:1030} says.","「途中にあった別の村を調べましょう」と、{CARDNAME:1030}が言った。","{CARDNAME:1030} 说：「去看看刚才路过的另一个村子吧。」"
"10017061","{CHARACTERNAME:1010}","{CHARACTERNAME:1010}","{CHARACTERNAME:1010}"
"10017062","You decide to do as he says and head off to the village draped in silence.","ここは大人しく、静かな村に行くことにしよう……","你决定听他的，转身前往那个寂静的村子。"
"10017071","Town","集落","聚落"
"10017072","You can tell that there are monsters milling about in the settlement. It'd be best not to blunder in without a good reason.","集落からは、魔物の気配がうようよと漂っている。むやみに入らない方が良いだろう。","聚落里到处都是魔物的气息。没有充分理由，最好别贸然闯进去。"
"10017081","{CHARACTERNAME:1010} and Company","{CHARACTERNAME:1010}達一行","{CHARACTERNAME:1010} 一行"
"10017082","The group enters the village.","君達は見つけた村に足を踏み入れた。","众人走进村子。"
"10017091","Village","村","村子"
"10017092","You can see traces indicating the place must have been inhabited, but no sign of any people.","人が暮らしていた形跡はあるが、今は誰もいないようだ……","这里明显曾有人生活过，却不见半个人影。"
"10017101","Village","村","村子"
"10017102","The place is still as death, a ghastly atmosphere hanging in the air.","静まり返った村には、どこか不気味な雰囲気が漂っている……","村里死一般寂静，空气中弥漫着令人不安的阴森气息。"
"10017111","{CARDNAME:1020}","{CARDNAME:1020}","{CARDNAME:1020}"
"10017112","{CARDNAME:1020} seems to be frightened of something. Might he scare easily in places like this?","{CARDNAME:1020}は少し怯えているようだ。怖いものが苦手なのだろうか？","{CARDNAME:1020} 似乎在害怕什么。难道他特别怕这种地方？"
"10017121","{CHARACTERNAME:1010} and Company","{CHARACTERNAME:1010}達一行","{CHARACTERNAME:1010} 一行"
"10017122","In any event, you want more information. You decide to investigate the village.","とにかく今は何か情報が欲しい。村を調べてみよう。","不管怎样，现在急需更多线索。你们决定调查村子。"
"10017131","Claw-Marked Ruin","爪痕のある廃墟","爪痕斑斑的废墟"
"10017132","The walls are riddled with claw marks and blood stains. Was this place attacked by monsters?","壁に爪痕や血痕が残されている。魔物に襲われたのだろうか。","墙上遍布爪痕和血迹。这里曾被魔物袭击过吗？"
"10017141","{CHARACTERNAME:1010}","{CHARACTERNAME:1010}","{CHARACTERNAME:1010}"
"10017142","Recalling the subterranean village, you cover your mouth and drop your head.","地下の村を思い出した君は口元を覆って顔を伏せた。","你想起地下村落，不由捂住嘴，低下头。"
"10017151","{CARDNAME:1040}","{CARDNAME:1040}","{CARDNAME:1040}"
"10017152","""Feel sick?"" {CARDNAME:1040} asks, worried about you.","「気分悪イ？」と、{CARDNAME:1040}が君を気遣う。","{CARDNAME:1040} 担心地问你：「不舒服？」"
"10017161","{CHARACTERNAME:1010}","{CHARACTERNAME:1010}","{CHARACTERNAME:1010}"
"10017162","With your eyes cast downward, you spot what appears to be a scrap of paper with a drawing on it.","うつむいた君の目に、絵のようなものが描かれた紙きれが映った。","低头时，你发现地上有张纸片，上面似乎画着什么。"
"10017171","","",""
"10017172","You obtain <highlight>{CARDNAME:53601}</highlight>!","君は、<highlight>{CARDNAME:53601}</highlight>を
手に入れた。","获得了 <highlight>{CARDNAME:53601}</highlight>！"
"10017181","Claw-Marked Ruin","爪痕のある廃墟","爪痕斑斑的废墟"
"10017182","The walls are riddled with claw marks and blood stains. {CARDNAME:1020} says, ""We've seen enough here. Let's go.""","廃墟の壁には爪痕や血痕が残されている。{CARDNAME:1020}は「これ以上調べるのはやめよう」と言った。","墙上仍留着爪痕与血迹。{CARDNAME:1020} 说：「这里已经看够了，走吧。」"
"10017191","Weapon Shop Ruin","{CARDNAME:103011}らしき廃墟","{CARDNAME:103011} 遗址"
"10017192","This place must have been a weapon shop of some kind. You note a number of still-usable weapons arrayed on its shelves and walls.","元は{CARDNAME:103011}なのか、まだ使えそうな武器がずらりと並んでいる。","这里似乎原本是 {CARDNAME:103011}。架子和墙上还摆着不少能用的武器。"
"10017201","Weapon Shop Ruin","{CARDNAME:103011}らしき廃墟","{CARDNAME:103011} 遗址"
"10017202","No small number of them look like implements of torture...","その中には拷問器具のようなものもある……","其中不少看起来简直像刑具……"
"10017211","{CHARACTERNAME:1010} and Company","{CHARACTERNAME:1010}達一行","{CHARACTERNAME:1010} 一行"
"10017212","You and the others give the distasteful shop a quick once-over and decide to be quit of the place.","君達は、悪趣味なその店を手早く調べると、早々に立ち去ることにした。","这家店的品味实在让人不适。众人匆匆搜查一遍，便决定离开。"
"10017221","Weapon Shop Ruin","{CARDNAME:103011}らしき廃墟","{CARDNAME:103011} 遗址"
"10017222","Some of the weapons on display look like tools of torture. {CARDNAME:1020} says, ""We've searched this place enough. Let's go.""","並んだ武器の中には拷問器具らしきものもある。{CARDNAME:1020}は「これ以上調べるのはやめよう」と言った。","陈列的武器中，有些怎么看都像刑具。{CARDNAME:1020} 说：「这里已经查够了，走吧。」"
"10017231","Eerie Ruin","不気味な廃墟","阴森的废墟"
"10017232","Within the small building, you find some things that look like laboratory equipment, along with a sturdy-looking cage.","小屋の中には、実験器具のようなものや、頑丈そうな檻が置いてある。","小屋里摆着一些像实验器材的东西，还有一只看起来十分结实的笼子。"
"10017241","{CARDNAME:1020}","{CARDNAME:1020}","{CARDNAME:1020}"
"10017242","{CARDNAME:1020} says, ""Let's hurry and get out of here."" The fright in his voice is plain. You suppose he really doesn't like unsettling places like this.","{CARDNAME:1020}は「早く出よう」と怯え切っている。
本当に怖いものが苦手なのだろう。","{CARDNAME:1020} 明显吓坏了：「快点离开这里吧。」看来他是真的不擅长应付这种阴森地方。"
"10017251","{CHARACTERNAME:1010}","{CHARACTERNAME:1010}","{CHARACTERNAME:1010}"
"10017252","You feel a bit of guilt at the thought, but can't help but find it a little cute to see {CARDNAME:1020} acting so unlike his usual stoic self.","普段とは違う{CARDNAME:1020}の様子に、君は悪いと思いながらも少し「可愛い」と思ってしまう。","看到平日沉着的 {CARDNAME:1020} 露出这副模样，你虽有些内疚，却还是忍不住觉得有点可爱。"
"10017261","{CARDNAME:1030}","{CARDNAME:1030}","{CARDNAME:1030}"
"10017262","As {CARDNAME:1020} hurries everyone along, {CARDNAME:1030} inspects the equipment. He manages to locate a scrap of paper with some kind of drawing on it.","{CARDNAME:1020}に急かされる中、実験器具を調べていた{CARDNAME:1030}が、絵のようなものが描かれた紙きれを見つけた。","在 {CARDNAME:1020} 不断催促时，{CARDNAME:1030} 仍检查着那些器材，并找到一张画着什么的纸片。"
"10017271","","",""
"10017272","You obtain <highlight>{CARDNAME:53602}</highlight>!","君は、<highlight>{CARDNAME:53602}</highlight>を
手に入れた。","获得了 <highlight>{CARDNAME:53602}</highlight>！"
"10017281","Eerie Ruin","不気味な廃墟","阴森的废墟"
"10017282","There is some laboratory equipment in the building, along with a cage.  {CARDNAME:1020} says, ""We've looked around here enough. Come on.""","実験器具のようなものや檻が置いてある。{CARDNAME:1020}は「これ以上調べるのはやめよう」と言った。","屋里摆着实验器材和笼子。{CARDNAME:1020} 说：「这里已经查够了，走吧。」"
"10017291","Apothecary Ruin","{CARDNAME:103012}らしき廃墟","{CARDNAME:103012} 遗址"
"10017292","On the shelves, you spy a number of salves, poultices, and other medicinals. Maybe this place was an apothecary.","薬品が、ずらりと並んでいる。元は{CARDNAME:103012}だろうか。","架子上摆满药膏、敷药等药品。这里原本大概是 {CARDNAME:103012}。"
"10017301","{CARDNAME:1030}","{CARDNAME:1030}","{CARDNAME:1030}"
"10017302","{CARDNAME:1030} says that several of the items could be of use, so you decide to borrow them—minus the especially suspicious-looking ones.","使えそうなものがあると{CARDNAME:1030}が言うので、怪しいものは除いて拝借していくことにした。","{CARDNAME:1030} 说其中有些还能派上用场，于是你们避开特别可疑的，拿走了一些。"
"10017311","Apothecary Ruin","{CARDNAME:103012}らしき廃墟","{CARDNAME:103012} 遗址"
"10017312","There are several salves, poultices, and other medicinals on the shelves. {CARDNAME:1020} says, ""We've searched this place enough.""","怪しい薬品がずらりと並んでいる。{CARDNAME:1020}は「これ以上調べるのはやめよう」と言った。","架子上仍摆着许多药膏、敷药等可疑药品。{CARDNAME:1020} 说：「这里已经查够了。」"
"10017321","Sturdy Building","頑丈な作りの建物","结构坚固的建筑"
"10017322","Upon the walls of the sturdy building, there is a single word written in crude lettering: ""Help.""","頑丈な建物の壁には、拙い字で「助けて」と書かれている。","坚固建筑的墙上，用歪歪扭扭的字写着一个词：「救命」。"
"10017331","{CARDNAME:1020}","{CARDNAME:1020}","{CARDNAME:1020}"
"10017332","Gazing at the writing, all the color drains from {CARDNAME:1020}'s face and he looks ready to make a run for it.","{CARDNAME:1020}はその文字を見つめたまま、顔を真っ青にして怯えている。","{CARDNAME:1020} 盯着那行字，脸色刷地发白，看起来恨不得立刻逃走。"
"10017341","{CHARACTERNAME:1010}","{CHARACTERNAME:1010}","{CHARACTERNAME:1010}"
"10017342","You reach out a hand to comfort him, but as you do, you spot a scrap of paper at his feet with what looks like a drawing on it.","{CARDNAME:1020}を落ち着かせようとした君は、彼の足元に何かが描かれた紙きれが落ちているのを見つけた。","你正想伸手安慰 {CARDNAME:1020}，却发现他脚边有张纸片，上面似乎画着什么。"
"10017351","","",""
"10017352","You obtain <highlight>{CARDNAME:53603}</highlight>!","君は、<highlight>{CARDNAME:53603}</highlight>を
手に入れた。","获得了 <highlight>{CARDNAME:53603}</highlight>！"
"10017361","Sturdy Building","頑丈な作りの建物","结构坚固的建筑"
"10017362","There is a single word written in crude lettering on the wall: ""Help."" {CARDNAME:1020} says, ""We've searched enough here. Let's go.""","壁には拙い字で「助けて」と書かれている。{CARDNAME:1020}は「これ以上調べるのはやめよう」と言った。","墙上用歪歪扭扭的字写着「救命」。{CARDNAME:1020} 说：「这里已经查够了，走吧。」"
"10017371","Inn Ruin","{CARDNAME:103020}らしき廃墟","{CARDNAME:103020} 遗址"
"10017372","This place looks like it was an inn. With a little tidying up, it should be perfectly usable.","元は{CARDNAME:103020}のようだ。部屋は少し掃除をすれば十分に使えるだろう。","这里似乎原本是 {CARDNAME:103020}。稍微收拾一下，房间应该还能正常使用。"
"10017381","{CARDNAME:1020}","{CARDNAME:1020}","{CARDNAME:1020}"
"10017382","{CARDNAME:1020} is clearly not in favor of the idea. ""We're not seriously going to sleep here, are we!?"" {CARDNAME:1030} counters that not only is there nowhere else to sleep, but critically, it won't cost anything to rest here.","「ここで休むのか！？」
と{CARDNAME:1020}が抵抗するが、他に休む場所はないし何よりタダだと{CARDNAME:1030}が言う。","{CARDNAME:1020} 显然坚决反对：「我们不会真要睡这里吧！？」{CARDNAME:1030} 则指出，既没有别处可睡，更重要的是——这里免费。"
"10017391","{CARDNAME:1040}","{CARDNAME:1040}","{CARDNAME:1040}"
"10017392","""Free is key! Ringmaster say so.""","「タダ　大切。サーカス
団長　言ッテタ！」","「免费，很重要。团长，说过！」"
"10017401","","",""
"10017402","Rest here?","ここで休みますか？","要在这里休息吗？"
"10017411","{CHARACTERNAME:1010} and Company","{CHARACTERNAME:1010}達一行","{CHARACTERNAME:1010} 一行"
"10017412","Having argued down {CARDNAME:1020}'s disagreement, the group decides to sleep at the inn.","嫌がる{CARDNAME:1020}を説き伏せて、君達はここで休むことにした。","众人好说歹说，总算说服不情愿的 {CARDNAME:1020}，决定在这里过夜。"
"10017421","Inn Ruin","{CARDNAME:103020}らしき廃墟","{CARDNAME:103020} 遗址"
"10017422","After getting a bare minimum of rest, you leave the inn.","最低限の休息を終えた君達は、その場を立ち去った。","勉强休息了一阵后，你们离开了旅店。"
"10017431","Inn Ruin","{CARDNAME:103020}らしき廃墟","{CARDNAME:103020} 遗址"
"10017432","There is a ruin that looks to have originally been an inn.","元は{CARDNAME:103020}だったと思しき廃墟がある。","这里有一处似乎曾是 {CARDNAME:103020} 的废墟。"
"10017441","{CARDNAME:2110}","{CARDNAME:2110}","{CARDNAME:2110}"
"10017442","""Ho there!""","「おーい」","「喂——！」"
"10017451","{CARDNAME:2110}","{CARDNAME:2110}","{CARDNAME:2110}"
"10017452","You turn to find the source of the voice, and who should you find but the wandering merchant waving animatedly at you. How did he get here, though? Did he...climb the Endwall?","声の方を見ると、なんと商人の男が大きく手を振っていた。まさか、崖を越えてきたというのだろうか……","你循声望去，竟是流浪商人正拼命朝你们挥手。他到底怎么过来的？难道……自己爬过了尽头之崖？"
"10017461","{CHARACTERNAME:1010}","{CHARACTERNAME:1010}","{CHARACTERNAME:1010}"
"10017462","You're floored by his hustle, but pull yourself together enough to offer a tiny wave in reply.","君は、商人の行動力に驚きつつも、小さく手を振り返した。","你被他的行动力震住了，回过神后也只好轻轻挥手回应。"
"10017471","{CARDNAME:2110}","{CARDNAME:2110}","{CARDNAME:2110}"
"10017472","The merchant's eyes are starry and bright. This is his first glimpse of Newterra.","商人の男は、初めての新天地に目をキラキラ輝かせている。","商人第一次见到新天地，双眼闪闪发亮。"
"10017481","{CARDNAME:2110}","{CARDNAME:2110}","{CARDNAME:2110}"
"10017482","You ask the man how he managed to scale the Endwall, and he raises two bloodied palms to show you.","君がどうやって崖を越えたのかと訊くと、男は血だらけの掌を見せてきた。","你问他是怎么翻过尽头之崖的，他抬起两只鲜血淋漓的手掌给你看。"
"10017491","{CARDNAME:2110}","{CARDNAME:2110}","{CARDNAME:2110}"
"10017492","Why, it seems as though he climbed over himself in pursuit of your group! He laughs off your surprise—it was nothing, not when there's business to be doing.","なんと！君達を追って、自力で登って越えたというのだ。商売のためなら、なんのそのと男は笑っている。","原来他为了追上你们，真的徒手爬了过来！面对你的震惊，他哈哈一笑：为了做生意，这点事算什么。"
"10017501","{CHARACTERNAME:1010}","{CHARACTERNAME:1010}","{CHARACTERNAME:1010}"
"10017502","You recoil a bit, but are nonetheless glad to have the chance to do some shopping.","君は若干引きつつも、ありがたく買い物はさせてもらうことにした。","你多少有点被吓到，不过能在这里买东西，还是很让人庆幸。"
"10017511","{CHARACTERNAME:1010} and Company","{CHARACTERNAME:1010}達一行","{CHARACTERNAME:1010} 一行"
"10017512","Having given the village a once-over, you decide to return to the inn ruin for the time being and review what you've learned.","村を調べた君達は、一旦{CARDNAME:103020}の廃墟に戻り、情報を整理することにした。","调查完村子，你们暂时回到 {CARDNAME:103020} 遗址，整理目前得到的线索。"
"10017521","{CHARACTERNAME:1010} and Company","{CHARACTERNAME:1010}達一行","{CHARACTERNAME:1010} 一行"
"10017522","However, you don't have a clear picture of what happened here...","しかしこの村に何があったのか、はっきりとはわからない……","可这里究竟发生过什么，仍然说不清楚……"
"10017531","{CHARACTERNAME:1010}","{CHARACTERNAME:1010}","{CHARACTERNAME:1010}"
"10017532","Absent any other ideas, you take the scraps of paper you found during your search and lay them out on top of a desk.","君は村を調べる途中で見つけた数枚の切れ端を机の上に並べる。","一时也想不到别的办法，你把调查时捡到的几张纸片摊在桌上。"
"10017541","{CARDNAME:1030}","{CARDNAME:1030}","{CARDNAME:1030}"
"10017542","""Wait, hang on... Do these actually fit together?""","「あれ？もしかしてこれ、繋がるんじゃ……」","「等等……这些该不会能拼起来吧？」"
"10017551","{CARDNAME:1030}","{CARDNAME:1030}","{CARDNAME:1030}"
"10017552","Looking at the images on the scraps, {CARDNAME:1030} realizes that they must have originally formed a single page.","切れ端に描かれた絵を見た{CARDNAME:1030}が気が付く。どうやら、切れ端は元は一枚の紙だったようだ。","{CARDNAME:1030} 看着纸片上的图案，发现它们原本似乎是一整张纸。"
"10017561","Map?","地図らしきもの","像是地图"
"10017562","With the scraps assembled properly, they form what appears to be a map.","切れ端を繋げると一枚の地図らしきものが完成した。","把纸片正确拼在一起后，一张像地图的东西出现了。"
"10017571","","",""
"10017572","You obtain <highlight>{CARDNAME:53604}</highlight>!","君は、<highlight>{CARDNAME:53604}</highlight>を
手に入れた。","获得了 <highlight>{CARDNAME:53604}</highlight>！"
"10017581","Newterra Map","新天地の地図","新天地地图"
"10017582","Looking closely, you spot a flower drawn in one particular location.","よく見ると、一箇所に花マルが付けられている……","仔细一看，地图上有一处画着花形标记。"
"10017591","{CARDNAME:1030}","{CARDNAME:1030}","{CARDNAME:1030}"
"10017592","Something about it calls to mind a childhood memory for {CARDNAME:1030}.","その印は、{CARDNAME:1030}の幼い頃の記憶を刺激した。","看到那个标记，{CARDNAME:1030} 想起了童年的某段记忆。"
"10017601","{CARDNAME:1030}'s Mother","{CARDNAME:1030}の母","{CARDNAME:1030} 的母亲"
"10017602","""You did such a good job, {CARDNAME:1030}! You're going to be just like Mommy and Daddy someday...""","「たいへん、よくできました！{CARDNAME:1030}も将来パパやママみたいに……」","「做得真棒，{CARDNAME:1030}！以后你也会像爸爸妈妈一样……」"
"10017611","{CARDNAME:1030}","{CARDNAME:1030}","{CARDNAME:1030}"
"10017612","{CARDNAME:1030} stands dazed and unmoving. You ask if anything is wrong, but he replies, ""No, nothing at all.""","呆然と立ち尽くす{CARDNAME:1030}に君は、どうしたのか？と尋ねるが、{CARDNAME:1030}は「なんでもありません」と返す。","{CARDNAME:1030} 呆呆地站着不动。你问他怎么了，他只回答：「没什么。」"
"10017621","Monster...?","魔物……？","魔物……？"
"10017622","Breaking the reverie, a something black as midnight assails the party!","そこに突然、真っ黒な何かが現れ、君達に襲い掛かってきた！","恍惚间，一个漆黑如夜的东西突然扑向众人！"
"10017631","{CHARACTERNAME:1010}","{CHARACTERNAME:1010}","{CHARACTERNAME:1010}"
"10017632","You reach for your weapon, ready to fend off a monster. But when you take a look...","魔物の襲撃かと思った君は武器を手に取り相手を見据える。しかし……","你以为是魔物袭击，立刻握住武器。可定睛一看……"
"10017641","{CHARACTERNAME:1010}","{CHARACTERNAME:1010}","{CHARACTERNAME:1010}"
"10017642","""...That doesn't look like a monster. What is that?""","「……魔物とは違う？」","「……不像魔物。那到底是什么？」"
"10017651","{CARDNAME:1020}","{CARDNAME:1020}","{CARDNAME:1020}"
"10017652","""It's attacking, that's what it is! Pay attention!""","「ぼーっとするな！
来るぞ！」","「管它是什么，都已经打过来了！别发呆！」"
"10017661","{CHARACTERNAME:1010}","{CHARACTERNAME:1010}","{CHARACTERNAME:1010}"
"10017662","{CARDNAME:1020}'s upbraiding brings you back to the moment, and you grip your weapon tight, ready to fight!","{CARDNAME:1020}の喝で、君は武器を構えなおした！","{CARDNAME:1020} 一声喝斥把你拉回现实。你重新握紧武器，准备迎战！"
"10017671","{CHARACTERNAME:1010} and Company","{CHARACTERNAME:1010}達一行","{CHARACTERNAME:1010} 一行"
"10017672","After getting the bare minimum of rest, you decide to review what you've learned about this village.","最低限の休息を終えた君達は、一旦この村で得た情報を整理することにした。","勉强休息了一阵后，你们决定整理一下在这个村子得到的线索。"
"10017681","{CHARACTERNAME:1010} and Company","{CHARACTERNAME:1010}達一行","{CHARACTERNAME:1010} 一行"
"10017682","Having not taken a rest, you decide to review what you've learned about this village.","君達は休息を取らずに、一旦この村の情報を整理することにした。","你们没有休息，而是直接开始整理在这个村子得到的线索。"
"10017691","Monster...?","魔物……？","魔物……？"
"10017692","""Argkglkh29rsky32!""","「あｌｓｊｋｈんうぇおｂ８４７ｒ」","「啊咕噜 29 咔 32！」"
"10017701","{CHARACTERNAME:1010} and Company","{CHARACTERNAME:1010}達一行","{CHARACTERNAME:1010} 一行"
"10017702","The monster-like thing's attacks are ferocious; like darkness come to life, it steadily wears you down.","真っ黒な魔物らしきものの攻撃は、君達を着実に追い詰めている。","那团像魔物的漆黑东西攻势凶猛，仿佛活过来的黑暗，一点点把你们逼入绝境。"
"10017711","{CARDNAME:1040}","{CARDNAME:1040}","{CARDNAME:1040}"
"10017712","""This thing's weird!""","「コイツ　ナンカヘン！」","「这家伙，怪怪的！」"
"10017721","{CHARACTERNAME:1010}","{CHARACTERNAME:1010}","{CHARACTERNAME:1010}"
"10017722","{CARDNAME:1040} seems to be feeling the same unease you are in regards to the creature.","魔物らしきものに対して、{CARDNAME:1040}も君と同じ違和感を抱いているようだ……","对于这东西，{CARDNAME:1040} 似乎也和你一样觉得不对劲……"
"10017731","{CHARACTERNAME:1010}","{CHARACTERNAME:1010}","{CHARACTERNAME:1010}"
"10017732","You've managed to defeat the creature, and hold a card aloft to seal it.","なんとか魔物らしきものを倒した君は、封じるためにカードをかざす。","你们总算打倒了它。你举起卡牌，准备将它封印。"
"10017741","{CHARACTERNAME:1010}","{CHARACTERNAME:1010}","{CHARACTERNAME:1010}"
"10017742","It doesn't seem to work, though.","だが、魔物らしきものを封印することはできない。","可卡牌毫无反应。"
"10017751","Monster...?","魔物……？","魔物……？"
"10017752","Maybe this really isn't a monster after all?","やはり、これは魔物ではないのだろうか……？","难道这东西真的不是魔物？"
"10017761","{CARDNAME:1030}","{CARDNAME:1030}","{CARDNAME:1030}"
"10017762","""A little troublesome, having to deal with all these unknown foes, isn't it?!"" exclaims {CARDNAME:1030}.","「未知の敵がこの量ともなると、少々厄介ですね！」と、{CARDNAME:1030}が叫ぶ。","{CARDNAME:1030} 喊道：「这种来历不明的敌人一下冒出这么多，可有点棘手啊！」"
"10017771","{CHARACTERNAME:1010} and Company","{CHARACTERNAME:1010}達一行","{CHARACTERNAME:1010} 一行"
"10017772","The four of you decide to run for it...","逃げることにした君達の行く手に……","四人决定先逃再说……"
"10017781","{CHARACTERNAME:1010} and Company","{CHARACTERNAME:1010}達一行","{CHARACTERNAME:1010} 一行"
"10017782","But when you turn, you find Steelborough soldiers blocking your path, trapping you!","今度はなんと、{CARDNAME:91320}の兵士達が現れ、挟まれてしまった！","可一转身，却发现 {CARDNAME:91320} 的士兵堵住了去路，把你们夹在中间！"
"10017791","{CARDNAME:1020}","{CARDNAME:1020}","{CARDNAME:1020}"
"10017792","""Do these people never quit!?""","「こんな場所まで……！」","「这帮人怎么阴魂不散！？」"
"10017801","{CARDNAME:1020}","{CARDNAME:1020}","{CARDNAME:1020}"
"10017802","{CARDNAME:1020}は{CARDNAME:91320}の元老院を皆殺しにしている。その追っ手かもしれない。","{CARDNAME:1020}は{CARDNAME:91320}の元老院を皆殺しにしている。その追っ手かもしれない。","{CARDNAME:1020}は{CARDNAME:91320}の元老院を皆殺しにしている。その追っ手かもしれない。"
"10017811","{CARDNAME:1020}","{CARDNAME:1020}","{CARDNAME:1020}"
"10017812","Perhaps they're in pursuit of those responsible for killing everyone in the Senate. {CARDNAME:1020} clicks his tongue. ","{CARDNAME:91320}の元老院を皆殺しにしている{CARDNAME:1020}は、その追っ手かと舌打ちをした。","想到 {CARDNAME:1020} 曾杀死 {CARDNAME:91320} 元老院众人，他咂舌道：这些大概就是追兵。"
"10017821","","",""
"10017822","Who will you try to fight through?","どちらから突破するか？","要从哪一边突破？"
"10017831","{CHARACTERNAME:1010} and Company","{CHARACTERNAME:1010}達一行","{CHARACTERNAME:1010} 一行"
"10017832","In the hopes of escaping the pursuers, you have no choice but to charge headlong into the black creatures. However...","君達は追っ手から逃れるために、仕方なく真っ黒な何かに突っ込もうとした。
しかし……","为了甩掉追兵，你们别无选择，只能硬着头皮冲向那些漆黑生物。可是……"
"10017841","{CHARACTERNAME:1010} and Company","{CHARACTERNAME:1010}達一行","{CHARACTERNAME:1010} 一行"
"10017842","The group decides that it would be better to take on the soldiers than to challenge the black creatures. However...","真っ黒な何かを相手取るより、兵士達を突破した方が良いと判断した君達だったが……","与其挑战那些漆黑生物，众人觉得突破士兵更稳妥。可是……"
"10017851","{CARDNAME:91320} Soldiers","{CARDNAME:91320}の兵士","{CARDNAME:91320} 士兵"
"10017852","The Steelborough soldiers ignore you, and start to fight with the creatures!","{CARDNAME:91320}の兵士達が、君達を無視して、真っ黒な何かと戦い始めた！","{CARDNAME:91320} 的士兵竟无视你们，转身和那些漆黑生物打了起来！"
"10017861","{CHARACTERNAME:1010}","{CHARACTERNAME:1010}","{CHARACTERNAME:1010}"
"10017862","The thought of just running for it crosses your mind, but the soldiers are still people. You can't just leave them to die.","このまま逃げてしまおうという考えが頭を過るが、兵士達も人間だ。見殺しにするわけにはいかない。","你脑中闪过直接逃跑的念头，可士兵毕竟也是人。不能眼睁睁看着他们送命。"
"10017871","Monster...?","魔物……？","魔物……？"
"10017872","The soldiers don't wait for your help, and manage to bring down the shadowy creatures.","君達の加勢を待たずして、真っ黒な何かは、{CARDNAME:91320}の兵士達の手で倒された。","还没等你们出手，{CARDNAME:91320} 的士兵们就已经击倒了那些漆黑生物。"
"10017881","{CARDNAME:1030}","{CARDNAME:1030}","{CARDNAME:1030}"
"10017882","{CARDNAME:1030} shouts his appreciation to the soldiers. ""Thank you so much!""","{CARDNAME:1030}が、「ありがとうございます！」と兵士達に向けて礼を言う。","{CARDNAME:1030} 朝士兵们喊道：「太谢谢你们了！」"
"10017891","{CARDNAME:91320} Soldiers","{CARDNAME:91320}の兵士","{CARDNAME:91320} 士兵"
"10017892","They turn to look at you and {CARDNAME:1030}, and with a nod...","兵士達は{CARDNAME:1030}や君を見て頷くと……","士兵们转头看看你和 {CARDNAME:1030}，点了点头……"
"10017901","{CARDNAME:91320} Soldiers","{CARDNAME:91320}の兵士","{CARDNAME:91320} 士兵"
"10017902","They attack you this time!","今度は君達に襲い掛かってきた！","然后这次朝你们杀了过来！"
"10017911","{CHARACTERNAME:1010}","{CHARACTERNAME:1010}","{CHARACTERNAME:1010}"
"10017912","You can't just let the soldiers die. You must help them, and quickly.","兵士達を見殺しにもできない。急いで加勢しよう。","不能放着这些士兵去死。得赶快帮他们。"
"10017921","{CHARACTERNAME:1010}","{CHARACTERNAME:1010}","{CHARACTERNAME:1010}"
"10017922","This isn't the moment to be indulging your curiosity. Hurry and help the soldiers.","今はそんな所を調べている場合ではない。急いで兵士達に加勢しよう。","现在不是满足好奇心的时候。赶紧去帮士兵。"
"10017931","{CHARACTERNAME:1010} and Company","{CHARACTERNAME:1010}達一行","{CHARACTERNAME:1010} 一行"
"10017932","You manage to defeat the Steelborough soldiers.","君達は、なんとか{CARDNAME:91320}の兵士達を退けた。","你们总算击退了 {CARDNAME:91320} 的士兵。"
"10017941","{CHARACTERNAME:1010}","{CHARACTERNAME:1010}","{CHARACTERNAME:1010}"
"10017942","You question one of them, asking how many of them are pursuing you.","倒れた兵士の一人に、君は追っ手の数を聞く。","你抓住其中一人，问到底还有多少追兵。"
"10017951","{CARDNAME:91320} Soldiers","{CARDNAME:91320}の兵士","{CARDNAME:91320} 士兵"
"10017952","""Filthy TRAITORS!""","「裏切り……者……
がああッ……！！」","「肮脏的……叛徒——！！」"
"10017961","{CARDNAME:91320} Soldiers","{CARDNAME:91320}の兵士","{CARDNAME:91320} 士兵"
"10017962","In the next instant, the soldier is back on its feet and rushing at you!","次の瞬間、起き上がった兵士が君に向かって飛び掛かってきた！","下一瞬间，那名士兵竟重新爬起，猛地扑向你！"
"10017971","{CARDNAME:1020}","{CARDNAME:1020}","{CARDNAME:1020}"
"10017972","{CARDNAME:1020} turns to you. ""We shouldn't linger here."" Abiding his suggestion, you decide to hurry away from the place.","「これ以上ここにいない方がいい」と言う{CARDNAME:1020}に従い、君達は急いでその場を離れることにした。","{CARDNAME:1020} 对你说：「别在这里久留。」你听从他的建议，决定马上离开。"
"10017981","{CHARACTERNAME:1010}","{CHARACTERNAME:1010}","{CHARACTERNAME:1010}"
"10017982","You decide to ask your friends what to do next.","さてこれからどうしよう？君は、仲間達に意見を求めることにした。","你决定问问同伴，接下来该怎么办。"
"10017991","","",""
"10017992","Who will you ask?","誰の話を聞く？","要听谁的？"
"10018001","{CARDNAME:1020}","{CARDNAME:1020}","{CARDNAME:1020}"
"10018002","""Newterra's dangerous,"" {CARDNAME:1020} says. ""Now that we know, we should just go back.""","「ここは危険だ」と、{CARDNAME:1020}は言った。新天地なんて所詮こんなものだから引き返そう、と。","{CARDNAME:1020} 说：「新天地太危险。既然已经知道了，还是回去吧。」"
"10018011","{CHARACTERNAME:1010}","{CHARACTERNAME:1010}","{CHARACTERNAME:1010}"
"10018012","You can't deny the truth of what he's saying, given what just transpired in the village. Nonetheless...","この村での出来事を考えた君は、{CARDNAME:1020}の言葉を否定できないが……","想到刚才村里发生的一切，你无法否认 {CARDNAME:1020} 的话。可是……"
"10018021","{CARDNAME:1030}","{CARDNAME:1030}","{CARDNAME:1030}"
"10018022","""We should press on through Newterra,"" says {CARDNAME:1030}.","{CARDNAME:1030}は、「新天地を進んでみましょう」と言った。","{CARDNAME:1030} 说：「继续探索新天地吧。」"
"10018031","{CARDNAME:1030}","{CARDNAME:1030}","{CARDNAME:1030}"
"10018032","He is curious about the mark on the map, thinking of the guru of Lightville and her claim that what you seek would be in Newterra.","光の村で出会った{CARDNAME:2071}が言っていた「探し物」のことや、地図に描かれた花マルが気になるのだという。","他很在意地图上的标记，也想起光之村 {CARDNAME:2071} 曾说，你们寻找的东西就在新天地。"
"10018041","{CARDNAME:1040}","{CARDNAME:1040}","{CARDNAME:1040}"
"10018042","{CARDNAME:1040} waves her hands about vigorously. ""Still good to go!""","{CARDNAME:1040}は、「マダマダ
元気！」と手をブンブンと振り回す。","{CARDNAME:1040} 用力挥着双手：「还很有精神！」"
"10018051","{CARDNAME:1040}","{CARDNAME:1040}","{CARDNAME:1040}"
"10018052","And with that, she indicates that she'll follow you.","そして、君についていくと意思を示した。","她用行动表示，自己会继续跟着你。"
"10018061","{CHARACTERNAME:1010}","{CHARACTERNAME:1010}","{CHARACTERNAME:1010}"
"10018062","You tell the others, ""I want to keep exploring Newterra."" You're curious about {CARDNAME:1030}'s reaction to the mark on the map.","君は、新天地を進みたいと言った。地図の印を見た際の、{CARDNAME:1030}の反応が気になっていたのだ。","你告诉大家：「我想继续探索新天地。」你很在意 {CARDNAME:1030} 看到地图标记时的反应。"
"10018071","{CARDNAME:1020}","{CARDNAME:1020}","{CARDNAME:1020}"
"10018072","""...Fine, but I'm going back after we check that spot out,"" {CARDNAME:1020} says, with no attempt to mask the displeasure in his voice.","「……印の場所を確認したら帰るぞ」と、{CARDNAME:1020}は苦々しく言った。","{CARDNAME:1020} 毫不掩饰不快：「……看完标记的地方就回去。」"
"10018081","Map","地図","地图"
"10018082","{CARDNAME:1030} looks carefully at the map, and determines that the mark indicates a location north of where you are, between snow-capped mountains.","{CARDNAME:1030}が地図を読み解くとどうやら印は、ここから雪山を挟んで、北の方角を示しているようだとわかる。","{CARDNAME:1030} 仔细查看地图，判断标记就在你们北边，隔着一片雪山。"
"10018091","{CARDNAME:1030}","{CARDNAME:1030}","{CARDNAME:1030}"
"10018092","According to {CARDNAME:1030}, the place that the map marker indicates should be around here...","{CARDNAME:1030}によると、地図の印が示しているのはこの辺りらしいが……","按 {CARDNAME:1030} 的说法，地图标出的地方应该就在这一带……"
"10018101","Map Marker","地図の印","地图标记"
"10018102","The mark on the map looks like it's pointing to this village. It seems like it could be dangerous to approach...","地図の印はこの集落を示しているようだ。近づくのは危険そうだが……","地图上的标记似乎指向这个村子。贸然靠近看起来很危险……"
"10018111","","",""
"10018112","What do you do?","君は、どうする？","怎么办？"
"10018121","Enter the {CARDNAME:91390}","{CARDNAME:91390}に入る","进入 {CARDNAME:91390}"
"10018122","You say that you want to go into the village, but {CARDNAME:1020} stops you, insisting that you need a plan first. However...","君が、集落に入ろうと言うと、{CARDNAME:1020}が策もなしに入るのは危険だと止めた。
しかし……","你提出进村看看，却被 {CARDNAME:1020} 拦住。他坚持说，没有计划就进去太危险。可是……"
"10018131","Flee","逃げる","逃走"
"10018132","You judge that it would be too dangerous to approach, and suggest getting far from the town. However...","君は、流石に近づくのは危険だと判断し、集落から離れようと提案した。
しかし……","你判断贸然靠近实在太危险，提议远离这座聚落。可是……"
"10018141","{CARDNAME:1030}","{CARDNAME:1030}","{CARDNAME:1030}"
"10018142","With uncommon zeal, {CARDNAME:1030} suddenly bursts out, ""Please, you have to let me investigate the place!""","「どうか調査させてください！」と、{CARDNAME:1030}が並々ならぬ熱意を込めて訴える。","{CARDNAME:1030} 突然异常激动地喊道：「拜托，请让我调查这里！」"
"10018151","{CARDNAME:1030}","{CARDNAME:1030}","{CARDNAME:1030}"
"10018152","He explains that the mark drawn on the map looks much like his mother's hand.","地図に記された印の筆跡が母親のものに似ているのだという。","他说，地图上那个标记的笔迹很像自己母亲。"
"10018161","{CHARACTERNAME:1010}","{CHARACTERNAME:1010}","{CHARACTERNAME:1010}"
"10018162","You truly do want to agree to his request, but it would be reckless to a fault if you just marched right in without preparing.","君はどうにかして{CARDNAME:1030}の望みを叶えたいと思った。しかし、このまま集落に入るのはあまりに無謀だ。","你确实很想答应 {CARDNAME:1030}，可毫无准备就闯进聚落，实在太鲁莽。"
"10018171","","",""
"10018172","Is there anything you might be able to use?","なにか、使えるものはないだろうか？","手上有没有什么能派上用场的东西？"
"10018181","{CHARACTERNAME:1010}","{CHARACTERNAME:1010}","{CHARACTERNAME:1010}"
"10018182","Fighting a whole town's worth of monsters would be reckless, to put it mildly.","大勢の魔物を相手に戦うのは、さすがに無謀としか言いようがない。","要正面对付整座聚落的魔物，怎么想都太莽撞了。"
"10018191","{CARDNAME:53501}","{CARDNAME:53501}","{CARDNAME:53501}"
"10018192","The fairies you encountered on the Endwall were masquerading as {CARDNAME:1030} and {CARDNAME:1040}.","果ての崖で出会った妖精達は{CARDNAME:1030}や{CARDNAME:1040}に化けていた。","尽头之崖遇到的妖精，曾变成 {CARDNAME:1030} 和 {CARDNAME:1040} 的模样。"
"10018201","{CARDNAME:53501}","{CARDNAME:53501}","{CARDNAME:53501}"
"10018202","So wouldn't that mean you could use this powder to disguise yourselves?","ということは、この粉を使えば自分達も化けられるのでは……？","既然如此，这些粉末应该也能让你们变装吧？"
"10018211","{CHARACTERNAME:1010}","{CHARACTERNAME:1010}","{CHARACTERNAME:1010}"
"10018212","Tossing a stone to get the monsters' attention would hardly be a long-term solution. You have no idea what you'd do after that.","石を投げて魔物達の注意を引いたとしても一瞬のことだろう。その後どうするべきか考えつかない。","就算扔块石头把魔物引开，也只能拖住一小会儿。之后怎么办，还是毫无头绪。"
"10018221","{CHARACTERNAME:1010}","{CHARACTERNAME:1010}","{CHARACTERNAME:1010}"
"10018222","You suggest to the others that you use the fairy dust to disguise yourselves as monsters.","君は{CARDNAME:53501}で魔物に化けることを提案した。","你提议用 {CARDNAME:53501} 变成魔物的模样。"
"10018231","{CHARACTERNAME:1010}","{CHARACTERNAME:1010}","{CHARACTERNAME:1010}"
"10018232","Though reluctant to assume such a form, you're left with little other recourse.","魔物の姿になることには抵抗があるが、今はこれしか手段がない。","虽然很抗拒变成魔物，可眼下似乎没有别的办法。"
"10018241","{CHARACTERNAME:1010} and Company","{CHARACTERNAME:1010}達一行","{CHARACTERNAME:1010} 一行"
"10018242","You and the others use the fairy dust and transform into monsters!","君達は{CARDNAME:53501}で魔物の姿に変身した！","你们使用 {CARDNAME:53501}，全都变成了魔物！"
"10018251","{CARDNAME:1040}","{CARDNAME:1040}","{CARDNAME:1040}"
"10018252","{CARDNAME:1040} seems somehow pleased with her newfound fuzziness.","{CARDNAME:1040}は毛むくじゃらになった自分の姿に、どこか満足そうだ。","{CARDNAME:1040} 看着自己浑身毛茸茸的样子，似乎还挺满意。"
"10018261","{CARDNAME:1020}","{CARDNAME:1020}","{CARDNAME:1020}"
"10018262","Certainly more pleased than {CARDNAME:1020}, who is rather less than happy about his new monster form.","それとは対照的に{CARDNAME:1020}は、魔物となった自分の姿に明らかに動揺している。","相比之下，{CARDNAME:1020} 显然完全无法接受自己变成魔物的样子。"
"10018271","{CHARACTERNAME:1010} and Company","{CHARACTERNAME:1010}達一行","{CHARACTERNAME:1010} 一行"
"10018272","At any rate, the transformation has afforded you the opportunity to safely infiltrate the village, and you set off to do so.","いずれにせよ、姿が変化している今がチャンスだ。君達は{CARDNAME:91390}に潜入することにした。","无论如何，现在正是安全潜入的机会。你们决定进入 {CARDNAME:91390}。"
"10018281","{CHARACTERNAME:1010} and Company","{CHARACTERNAME:1010}達一行","{CHARACTERNAME:1010} 一行"
"10018282","You leave the village and quickly undo the transformation. You don't find it terribly enjoyable to remain in monster form.","君達は村を出ると、すぐさま変身を解いた。魔物の姿のままでいるのは、あまり愉快なことではない。","离开聚落后，你们立刻解除变身。一直保持魔物模样，实在让人不太舒服。"
"10018291","","",""
"10018292","Undo your transformation and return to the field?","変身を解いて、
フィールドに出ますか？","解除变身并返回野外？"
"10018301","{CHARACTERNAME:1010} and Company","{CHARACTERNAME:1010}達一行","{CHARACTERNAME:1010} 一行"
"10018302","You use some of the fairy powder to change form into a monster, and slip back into the town of monsters.","君達は{CARDNAME:53501}を使って、姿を魔物に変化させる。
そして、再び{CARDNAME:91390}に潜入した。","你们再次使用 {CARDNAME:53501} 变成魔物，悄悄混回 {CARDNAME:91390}。"
"10018311","","",""
"10018312","Transform into a monster and enter Monster Town?","魔物に変身して、
「{CARDNAME:91390}」に
入りますか？","变成魔物，进入「{CARDNAME:91390}」？"
"10018321","{CARDNAME:91390}","{CARDNAME:91390}","{CARDNAME:91390}"
"10018322","It looks like no humans live in this village. Instead, the monsters seem to have a thriving culture of their own.","どうやらこの集落に、人間は暮らしていないようだ。その代わりに魔物が文化的な生活をしている。","这里似乎完全没有人类居住。取而代之的，是形成了自己社会与文化的魔物。"
"10018331","{CHARACTERNAME:1010}","{CHARACTERNAME:1010}","{CHARACTERNAME:1010}"
"10018332","You can't hide your surprise that they live just like humans, and your mouth drops open.","まるで人間のようなその暮らしぶりに、君はショックを隠せない。","看到它们竟像人类一样生活，你震惊得合不拢嘴。"
"10018341","{CARDNAME:1030}","{CARDNAME:1030}","{CARDNAME:1030}"
"10018342","{CARDNAME:1030} whispers into your ear, ""Let's hurry and look around this place before they find out what we really are.""","「こちらの正体がバレないうちに急いで村を調べましょう」と、{CARDNAME:1030}が君にこっそり耳打ちした。","{CARDNAME:1030} 凑到你耳边低声说：「趁身份还没暴露，赶快调查这里吧。」"
"10018351","Magnificent Mansion","立派な屋敷","气派宅邸"
"10018352","The doors of the magnificent mansion open, and a delightfully fluffy monster comes out.","立派な屋敷の扉が開き、モフモフとした毛むくじゃらな魔物が出てきた。","气派宅邸的大门打开，一只毛茸茸得十分讨喜的魔物走了出来。"
"10018361","{CARDNAME:10320} Mayor","村長・{CARDNAME:10320}","村长·{CARDNAME:10320}"
"10018362","The monster says, ""Spend all the time you want. Our village is yours."" It looks as though this is the local mayor.","魔物は、「コノ村では好キニ過ゴストいい」と言う。どうやら、この集落の村長らしい。","魔物说道：「在这个村子想怎么过都行。」看来它就是这里的村长。"
"10018371","{CARDNAME:10320} Mayor","村長・{CARDNAME:10320}","村长·{CARDNAME:10320}"
"10018372","The mayor looks at {CARDNAME:1030} in surprise, and then narrows his eyes. He explains that {CARDNAME:1030} reminds him a lot of a friend of his from long ago.","村長は{CARDNAME:1030}を見て驚き、目を細めた。遠い昔に仲の良かった親友に、雰囲気がそっくりなのだという。","村长惊讶地看着 {CARDNAME:1030}，随后眯起眼睛，说他很像自己很久以前的一位好友。"
"10018381","{CARDNAME:1030}","{CARDNAME:1030}","{CARDNAME:1030}"
"10018382","Hoping to win the mayor over, {CARDNAME:1030} rattles off a lie. ""Ah, yes. I'm his descendant.""","すると{CARDNAME:1030}は、「その通り。ボクはその子孫です」などと適当な嘘を言って村長を丸め込もうとする。","{CARDNAME:1030} 想趁机拉近关系，随口撒谎：「没错，我就是他的后代。」"
"10018391","{CARDNAME:10320} Mayor","村長・{CARDNAME:10320}","村长·{CARDNAME:10320}"
"10018392","The mayor is apparently the credulous sort, and is convinced. He offers a memento of his old friend.","すっかり騙された村長は、{CARDNAME:1030}に親友の形見を手渡した。","村长似乎十分好骗，立刻信了，还把旧友留下的纪念品送给 {CARDNAME:1030}。"
"10018401","{CARDNAME:10320} Mayor","村長・{CARDNAME:10320}","村长·{CARDNAME:10320}"
"10018402","""Spend all the time you want. Our village is yours,"" the mayor says. You're quite welcome here, it would appear.","「コノ村では好キニ過ゴストいい」
村長は君達のことを歓迎しているようだ。","「在这个村子想怎么过都行。」看来村长很欢迎你们。"
"10018411","{CARDNAME:11140} Villager","村人・{CARDNAME:11140}","村民·{CARDNAME:11140}"
"10018412","With starry, lovelorn eyes, the sprite says, ""How I wish. To see him again.""","魔物は、恋する瞳で「アノ方ニまた会イタイわ」と言った。","那只魔物满眼恋慕地说：「真想……再见他一面。」"
"10018421","{CARDNAME:1020}","{CARDNAME:1020}","{CARDNAME:1020}"
"10018422","Upon hearing the details from her, you think the object of her longing sounds a bit like {CARDNAME:1020}.","話を聞くと少し{CARDNAME:1020}に似ているようだが……","听她讲完，你觉得她思念的对象似乎有点像 {CARDNAME:1020}。"
"10018431","{CARDNAME:11140} Villager","村人・{CARDNAME:11140}","村民·{CARDNAME:11140}"
"10018432","""Hah! As if!"" the monster snorts with laughter.","「ハッ！コンナもんジャナイないワヨ」と、魔物は鼻で笑った。","「哈！怎么可能是这种货色！」魔物嗤笑起来。"
"10018441","{CARDNAME:11140} Villager","村人・{CARDNAME:11140}","村民·{CARDNAME:11140}"
"10018442","With starry, lovelorn eyes, the sprite says, ""How I wish. To see him again.""","魔物は、恋する瞳で「アノ方ニまた会イタイわ」と言っている。","那只魔物仍满眼恋慕地念叨：「真想……再见他一面。」"
"10018451","{CARDNAME:10710} Villager","村人・{CARDNAME:10710}","村民·{CARDNAME:10710}"
"10018452","""I'm sooo hungry,"" the bone monster says, theatrically patting the void where its stomach would be. It keeps stealing glances over at you.","「オ腹ガ空イた」と、骨の魔物はこれみよがしに胃の辺りをさすって君達をチラチラ見ている。","骨头魔物夸张地摸着本该是胃的位置：「好——饿啊。」还不停偷瞄你们。"
"10018461","{CARDNAME:1030}","{CARDNAME:1030}","{CARDNAME:1030}"
"10018462","{CARDNAME:1030} signals to you with his eyes to just ignore it. The creature is clearly fishing for a response.","あからさまなツッコミ待ちだからスルーしよう、と{CARDNAME:1030}が君に目配せをした。","{CARDNAME:1030} 用眼神示意你别理它。它摆明了就在等人接话。"
"10018471","{CARDNAME:1040}","{CARDNAME:1040}","{CARDNAME:1040}"
"10018472","{CARDNAME:1040}, however, takes the bait! ""But no stomach?""","しかし「胃袋　ナイヨ？」と、{CARDNAME:1040}がツッコんでしまった！","可 {CARDNAME:1040} 偏偏上钩了：「可是，没有胃？」"
"10018481","{CARDNAME:10710} Villager","村人・{CARDNAME:10710}","村民·{CARDNAME:10710}"
"10018482","""That's right!"" chatters the monster with delight, its joints cricking and cracking. ""That's why. I'm so hungry! It always. Goes right through me!""","「ソレな！」と魔物は嬉しそうに骨を鳴らすと、「イッツ・ア・ホネホネジョーク！」と陽気に笑った。","「没错！」魔物高兴得浑身骨头咔咔作响，「所以我才一直饿啊！吃什么都直接漏下去了！」"
"10018491","{CARDNAME:10710} Villager","村人・{CARDNAME:10710}","村民·{CARDNAME:10710}"
"10018492","""Ooh, so hungry..."" says the bone monster, theatrically patting the void where its stomach would be...","骨の魔物は、「あ～、オ腹ガ空イた」と、これみよがしに胃の辺りをさすっている……","「啊——好饿啊……」骨头魔物仍夸张地摸着本该是胃的位置……"
"10018501","{CARDNAME:10810} Villager","村人・{CARDNAME:10810}","村民·{CARDNAME:10810}"
"10018502","The monster offers you a ball and says, ""I'm much too noble. Couldn't possibly play. With something like this.""","魔物は君達にボールを差し出して言った。
「俺は気高イから、コンナモノでは遊バぬ」","魔物递给你一个球，说：「我身份高贵，怎么可能玩这种东西。」"
"10018511","{CARDNAME:10810} Villager","村人・{CARDNAME:10810}","村民·{CARDNAME:10810}"
"10018512","""Throw me something. More VALUABLE,"" the monster says, tail wagging back and forth out of a desire to play.","「モット価値あるモノを投ゲヨ」と、言う魔物の尻尾は、遊びたそうにブンブンと振られている。","「扔点更有价值的东西来。」魔物嘴上这么说，尾巴却已经兴奋地摇个不停。"
"10018521","","",""
"10018522","Throw something?","何かを投げてみるか？","要扔点什么吗？"
"10018531","","",""
"10018532","Don't throw anything.","やっぱりやめる","什么也不扔"
"10018541","{CHARACTERNAME:1010}","{CHARACTERNAME:1010}","{CHARACTERNAME:1010}"
"10018542","""Here, fetch!"" you say, throwing something from your pack. The monster zips after it, tongue lolling with delight.","「ほら、取ってきて！」と君が手持ちの道具を投げると、魔物は嬉しそうに追いかける。","「去，捡回来！」你从包里扔出一样东西。魔物吐着舌头，兴奋地飞奔过去。"
"10018551","{CARDNAME:10810} Villager","村人・{CARDNAME:10810}","村民·{CARDNAME:10810}"
"10018552","The monster returns quickly, something clutched in mouth—but not what you threw!","魔物は、すぐに戻ってきたが、咥えていたものは投げたものと異なっていた……","魔物很快跑了回来，嘴里叼着东西——却不是你刚才扔出去的那个！"
"10018561","","",""
"10018562","In exchange for what you threw, you obtain <highlight>{CARDNAME:50251}</highlight>!","君は投げた道具を失った代わりに、<highlight>{CARDNAME:50251}</highlight>を手に入れた！","失去刚才扔出的道具，换得 <highlight>{CARDNAME:50251}</highlight>！"
"10018571","Don't Throw Anything","やっぱりやめる","什么也不扔"
"10018572","You don't want to waste anything you're carrying, so you decide not to throw something.","君は、手持ちの道具がもったいないと、投げるのをやめた。","你舍不得浪费身上的东西，于是什么也没扔。"
"10018581","{CHARACTERNAME:1010}","{CHARACTERNAME:1010}","{CHARACTERNAME:1010}"
"10018582","You rummage through your pack looking for something you could throw, but come up with nothing.","君は何か投げられそうなものはないかと持ち物を漁ったが、空っぽだ。","你翻了翻背包，想找点能扔的东西，却发现里面空空如也。"
"10018591","{CARDNAME:10810} Villager","村人・{CARDNAME:10810}","村民·{CARDNAME:10810}"
"10018592","The monster's ears and tail droop. ""Aw. You're a bore.""","魔物は、「ツマラヌ者よ」と言いながら、耳と尻尾をしゅん……と垂れさせた。","魔物耳朵和尾巴都耷拉下来：「真无聊。」"
"10018601","{CARDNAME:10810} Villager","村人・{CARDNAME:10810}","村民·{CARDNAME:10810}"
"10018602","The monster's tail wags back and forth and its tongue lolls out. You can tell it wants to play some more.","魔物は尻尾をブンブン振りながら、もっと遊んでほしそうな顔をしている……","魔物摇着尾巴，吐着舌头，一脸还想继续玩的样子……"
"10018611","{CARDNAME:11410}s","村人・{CARDNAME:11410}達","村民·{CARDNAME:11410} 们"
"10018612","""You're not gonna win contest like THAT!"" one of the monsters says, breathlessly. The trio seems worked up about something.","「そんナンじゃコンテストデ優勝デキナイぞ！」と、魔物達は息巻いている。","其中一只魔物气喘吁吁地喊：「这样可赢不了比赛！」三只似乎正为什么事热血沸腾。"
"10018621","{CARDNAME:11410}s","村人・{CARDNAME:11410}達","村民·{CARDNAME:11410} 们"
"10018622","When you ask what kind of contest it is, the monsters leap around and reply, “Jumping contest!”","なんのコンテストかと君が訊くと、魔物達は「ジャンプコンテスト！」と答えてぴょんと跳ねた。","你问是什么比赛，魔物们一边蹦跳一边回答：「跳高比赛！」"
"10018631","{CARDNAME:11410}s","村人・{CARDNAME:11410}達","村民·{CARDNAME:11410} 们"
"10018632","""Higher! Higher! HIGHER!"" the monsters say, hopping and jumping with gusto as they practice for their jumping contest.","「モット高く！さらナル高ミへ！」と、魔物達はジャンプコンテストの練習にいそしんでいる……","「更高！还要更高！」魔物们为了跳高比赛，正拼命练习跳跃……"
"10018641","{CARDNAME:10210} Weapon Shop Clerk","{CARDNAME:103011}・{CARDNAME:10210}","{CARDNAME:103011}·{CARDNAME:10210}"
"10018642","The monster running the weapon shop explains that they sell weapons stolen from adventurers.","{CARDNAME:103011}の魔物は冒険者から奪った武器を売ってくれるという。","经营 {CARDNAME:103011} 的魔物说，这里卖的武器都是从冒险者手里抢来的。"
"10018651","{CARDNAME:11130} Innkeeper","{CARDNAME:103020}・{CARDNAME:11130}","{CARDNAME:103020}·{CARDNAME:11130}"
"10018652","The monster running the inn can sing a tune so sweet, it seems it'll have you sound asleep in moments and dreaming sweet, rejuvenating dreams.","{CARDNAME:103020}の店主を務める魔物の歌声を聞けば、即安眠、夢見心地で疲れも吹き飛ぶらしい。","经营 {CARDNAME:103020} 的魔物歌声极其悦耳。据说听上几句就能立刻熟睡，做个好梦，疲劳一扫而空。"
"10018661","{CARDNAME:10110} Item Shop Proprietor","{CARDNAME:103010}・{CARDNAME:10110}","{CARDNAME:103010}·{CARDNAME:10110}"
"10018662","All the goods on offer have been stolen from one adventurer or another. The shopkeep impresses upon you just how useful they’ll be.","{CARDNAME:103010}の魔物は冒険者から奪った道具はとても便利だと力説する。","这里出售的东西全是从冒险者手里抢来的。经营 {CARDNAME:103010} 的魔物还一个劲夸这些东西多么好用。"
"10018671","{CARDNAME:10110} Item Shop Proprietor","{CARDNAME:103010}・{CARDNAME:10110}","{CARDNAME:103010}·{CARDNAME:10110}"
"10018672","""Someday. Someday..."" the monster says, trembling all over.","「コレデいつカ……！」と、魔物はぷるぷると体を揺らした。","「有了这个，总有一天……！」魔物浑身颤个不停。"
"10018681","Game Parlor {CARDNAME:11510}","{CARDNAME:103013}・{CARDNAME:11510}","{CARDNAME:103013}·{CARDNAME:11510}"
"10018682","The monster cackles ominously. ""I may have shed. My earthly shell. But I haven't lost. My love of games!""","「肉体ハ無クナッテもコレだケハやめラレナい」と魔物は不気味な笑い声をあげている。","魔物发出阴森笑声：「肉身虽然没了……但游戏还是戒不掉啊！」"
"10018691","Pet Shop Owner","{CARDNAME:103015}・店主","{CARDNAME:103015}·店主"
"10018692","""Welcome welcome! My shop filled with cute little creatures!"" the monster says in its best business pitch voice.","「いラッシャい！カワイイ子ガ揃ッてるヨ！」と、魔物が宣伝している。","「欢迎欢迎！本店可爱的家伙应有尽有！」魔物卖力吆喝着。"
"10018701","{CHARACTERNAME:1010}","{CHARACTERNAME:1010}","{CHARACTERNAME:1010}"
"10018702","Your curiosity piqued, you peek into the cage and see that the animals for sale are...","興味を引かれた君が中をのぞくと、檻に入れられて売られていたのは……","你被勾起好奇，往笼子里一看。里面作为「宠物」出售的竟然是……"
"10018711","Pets","ペット","宠物"
"10018712","Humans.","人間だった。","人类。"
"10018721","Pet Shop Owner","{CARDNAME:103015}・店主","{CARDNAME:103015}·店主"
"10018722","""These humans not chosen by Mother! Treat any way you like, hoho!"" the shop owner says with a laugh.","「ママに選バレナカッた人間ダカら、好キに扱ッテクダさい」と店主が笑う。","店主笑道：「这些都是没被 {CARDNAME:1051} 选中的人类，想怎么处置都行，呵呵！」"
"10018731","","",""
"10018732","What do you do?","どうする？","怎么办？"
"10018741","Save the Humans!","人間を助ける！","救出人类！"
"10018742","You can't turn a blind eye to this!","このまま見過ごすわけにはいかない！","不能就这么坐视不管！"
"10018751","Continue Exploring Town","もう少し村を調べる","再调查一下聚落"
"10018752","You might want to help the humans, but it would probably be best to do so after looking around town some more.","人間を助けるにしても、もう少し村を調べてからにした方が良さそうだ。","就算要救人，最好也先把聚落多调查一些再动手。"
"10018761","{CARDNAME:103015}","{CARDNAME:103015}","{CARDNAME:103015}"
"10018762","There are humans locked in the cages...","人間達が檻に閉じ込められている……","笼子里关着人类……"
"10018771","{CARDNAME:103015}","{CARDNAME:103015}","{CARDNAME:103015}"
"10018772","After you enter the dimly lit shop, you notice its monster owner sighing.","薄暗い店内に入ると、店主と思しき魔物がため息をついていた。","走进昏暗的店里，你发现店主魔物正唉声叹气。"
"10018781","{CARDNAME:103015}","{CARDNAME:103015}","{CARDNAME:103015}"
"10018782","You ask if something is wrong, and it explains that it doesn't have enough dishes to feed the pets in the shop.","話を聞いてみると、ペットに餌を与えるためのお皿が足りず、困っているとのことだ。","你问它怎么了。原来店里缺少给宠物盛饭的盘子，它正为此发愁。"
"10018791","Pet Shop Owner","{CARDNAME:103015}・店主","{CARDNAME:103015}·店主"
"10018792","After taking a good look at you, the owner asks, ""Would you be willing. To get a plate. From the nearby village?""","魔物は君達に、「近クノ村カラお皿ヲ取ッテキテくれナイか？」と依頼する。","店主打量你们一番，问道：「能不能去附近那个村子，帮我拿个盘子回来？」"
"10018801","{CHARACTERNAME:1010}","{CHARACTERNAME:1010}","{CHARACTERNAME:1010}"
"10018802","You don't especially want to help a monster, but {CARDNAME:1030} convinces you by saying, ""It probably wouldn't hurt for us to ingratiate ourselves to the locals.""","君は魔物の手助けなんてしたくないと思ったが、{CARDNAME:1030}に「ここで恩を売っとくのも良いかもしれません」と説得された。","你本不想帮魔物，可 {CARDNAME:1030} 劝道：「卖个人情给这里的居民，也未必是坏事。」"
"10018811","Inn Ruin","{CARDNAME:103020}らしき廃墟","{CARDNAME:103020} 遗址"
"10018812","This ruin looks as though it may have been an inn. Unfortunately, there isn't a single piece of dishware to be found. They must have all been taken already...","元は{CARDNAME:103020}だったと思しき廃墟がある。しかし、食器類は一つもない。持ち出された後なのだろうか……","这里似乎原本是 {CARDNAME:103020}。可一件餐具也找不到，大概早就全被拿走了……"
"10018821","Sturdy Building","頑丈な作りの建物","结构坚固的建筑"
"10018822","There is a single word written in crude lettering on the wall: ""Help.""  Highly unsettling though it may be, you carefully search the area—and find a plate on the floor!","壁には拙い字で「助けて」と書かれている。不気味に感じながらもよく探すと、床にお皿が落ちているのを見つけた。","墙上用歪歪扭扭的字写着「救命」。虽然让人发毛，你还是仔细搜索了一番——在地上找到了一个盘子！"
"10018831","","",""
"10018832","You obtain a <highlight>{CARDNAME:53607}</highlight>!","君は、<highlight>{CARDNAME:53607}</highlight>を
手に入れた！","获得了 <highlight>{CARDNAME:53607}</highlight>！"
"10018841","{CARDNAME:1020}","{CARDNAME:1020}","{CARDNAME:1020}"
"10018842","Trembling, {CARDNAME:1020} says, ""We got what we came for. No point sticking around any longer.""","{CARDNAME:1020}は、「皿が見つかったんだから、長居は無用だろ」と震えながら言う。","{CARDNAME:1020} 一边发抖一边说：「盘子已经拿到了，没必要再待下去。」"
"10018851","{CARDNAME:1020}","{CARDNAME:1020}","{CARDNAME:1020}"
"10018852","He's not wrong—you could be attacked at any time by one of those <highlight>shadowy creatures</highlight>. You all agree to hurry back to town.","確かに、いつあの<highlight>真っ黒な何か</highlight>に襲われるか分からない。君達は足早に集落に戻ることにした。","他说得没错，谁也不知道那些 <highlight>漆黑生物</highlight> 什么时候又会袭来。你们决定赶紧返回聚落。"
"10018861","{CARDNAME:103015}","{CARDNAME:103015}","{CARDNAME:103015}"
"10018862","""All my darlings. Are so very hungry. Please hurry,"" the pet shop monster urges you.","店主の魔物は、「ミんナ、オ腹をペコペコニ空カセテいルンダ。急イデオクれ」と、君達を急かしている。","店主魔物催促道：「我的宝贝们都饿坏了。快一点。」"
"10018871","Pet Shop Owner","{CARDNAME:103015}・店主","{CARDNAME:103015}·店主"
"10018872","The monster accepts the plate from you and immediately sets about preparing food for the <highlight>pets</highlight>.","魔物は、君達からお皿を受け取るとすぐに、<highlight>ペット</highlight>のご飯の準備に取り掛かる。","魔物接过盘子，立刻开始为 <highlight>宠物</highlight> 准备食物。"
"10018881","Pet Shop Owner","{CARDNAME:103015}・店主","{CARDNAME:103015}·店主"
"10018882","""Yoo-hoo! Soup's up!""","「オーイ！オ待ちカネノ餌デすヨー」","「喂——！开饭啦——！」"
"10018891","Pets","ペット","宠物"
"10018892","You hear the shuffling of feet on the floor as the hungry pets answer the owner's call. But then you realize what the ""pets"" are...","その声に反応して、店の奥からぞろぞろと出てきたのは……","饥饿的宠物听见店主呼唤，拖着脚步从店里深处走了出来。可当你看清所谓「宠物」究竟是什么时……"
"10018901","Pet Shop Owner","{CARDNAME:103015}・店主","{CARDNAME:103015}·店主"
"10018902","""Eat up. You're all very. Very Important gifts,"" the monster coos with a smile.","魔物は、「チャンと食ベルンダぞ。オ前達ハ大事な大事ナ贈り物なンダカラ」と笑っている。","魔物笑着哄道：「都多吃点。你们可是非常、非常重要的礼物。」"
"10018911","{CHARACTERNAME:1010}","{CHARACTERNAME:1010}","{CHARACTERNAME:1010}"
"10018912","""This is barbaric! How dare you treat humans this way?!"" you scream.","「人間にこんなことをするなんて許せない！」と、君は叫ぶ。","「竟敢这样对待人类！绝不能原谅！」你怒吼道。"
"10018921","Pet Shop Owner","{CARDNAME:103015}・店主","{CARDNAME:103015}·店主"
"10018922","The monster looks at you in surprise, ""What you talking about?"" You draw your weapon and brandish it at them.","「何を言ッテルンだ？」と驚く店主に、君は武器を向けた。","店主惊讶地看着你：「你在说什么？」你拔出武器，对准了它。"
"10018931","{CHARACTERNAME:1010} and Company","{CHARACTERNAME:1010}達一行","{CHARACTERNAME:1010} 一行"
"10018932","You've managed a clean victory over the pet shop owner.","君達は見事{CARDNAME:103015}の店主を倒した。","你们干净利落地击败了 {CARDNAME:103015} 的店主。"
"10018941","{CHARACTERNAME:1010}","{CHARACTERNAME:1010}","{CHARACTERNAME:1010}"
"10018942","Your conviction is renewed that monsters are beasts to be despised for the suffering they cause humans.","やはり人を苦しめる魔物は憎むべき存在だ、と君は改めて認識する。","你再次确信：让人类受苦的魔物，果然是应当憎恨的存在。"
"10018951","Humans","人間達","人类们"
"10018952","The people freed from the cages look terrified and are unable to even speak.","檻から解放した人間達は、皆怯えた様子でろくに話すこともできない。","被救出笼子的人们全都惊恐万分，甚至说不出话来。"
"10018961","{CARDNAME:1020}","{CARDNAME:1020}","{CARDNAME:1020}"
"10018962","""Well, now what?"" says {CARDNAME:1020}. Your reply is cool and composed.","「これからどうするんだ」と訊く{CARDNAME:1020}に、君は冷静に答えた。","{CARDNAME:1020} 问：「接下来怎么办？」你冷静地回答。"
"10018971","{CHARACTERNAME:1010}","{CHARACTERNAME:1010}","{CHARACTERNAME:1010}"
"10018972","""We have to take down all the monsters in town. It's the only way.""","「集落の魔物をすべて倒すしかない」","「只能把聚落里的魔物全部解决掉。」"
"10018981","{CARDNAME:1030}","{CARDNAME:1030}","{CARDNAME:1030}"
"10018982","{CARDNAME:1030} agrees with your assessment. ""We'll be found out before long, and there's little else we can do to save so many people.""","君の決断に{CARDNAME:1030}は賛同した。どうせすぐにバレるだろうし、この人数を助けるためには仕方がない、と。","{CARDNAME:1030} 赞同你的判断：「身份早晚会暴露。想救这么多人，也没有别的办法了。」"
"10018991","{CARDNAME:1020}","{CARDNAME:1020}","{CARDNAME:1020}"
"10018992","In a tiny voice, {CARDNAME:1020} replies, ""Yeah. Right."" He looks out of the shop window and surveys the town.","{CARDNAME:1020}は小さな声で
「……そうだよな」と言うと、店から村を見渡した。","{CARDNAME:1020} 小声应道：「……是啊。」随后望向店外的聚落。"
"10019001","Mayor's Residence","村長の屋敷","村长宅邸"
"10019002","The door to the mayor's residence is locked up tight. You should focus on dealing with the monsters outside first.","村長の屋敷の扉は、固く閉ざされていて入れなさそうだ。先に外にいる魔物を倒そう。","村长宅邸的大门紧锁。还是先处理外面的魔物吧。"
"10019011","{CARDNAME:11140} Villager","村人・{CARDNAME:11140}","村民·{CARDNAME:11140}"
"10019012","""I wish. I could have seen him...one more time..."" the monster says before issuing its dying breath.","「最後に、アノ方に会いタカッタな……」と言って、魔物は死んだ。","「真想……最后再见他一面……」魔物说完，咽下了最后一口气。"
"10019021","{CARDNAME:10710} Villager","村人・{CARDNAME:10710}","村民·{CARDNAME:10710}"
"10019022","""Wish...I could've eaten my fill...one last time..."" the monster says, before issuing a particularly dry death rattle.","「モう一度、オ腹イッパイ食ベタかった……」と言って、魔物は死んだ。","「真想……最后再吃个饱啊……」骨头魔物说完，发出一阵干涩的响声，倒了下去。"
"10019031","{CARDNAME:11410}s","村人・{CARDNAME:11410}達","村民·{CARDNAME:11410} 们"
"10019032","""We practiced...so much..."" the monster says. They have hopped their last.","「たクサン、練習、したノニ……」と言って、魔物は死んだ。","「明明……练了那么久……」魔物说完，最后一次停止了跳跃。"
"10019041","{CARDNAME:10810} Villager","村人・{CARDNAME:10810}","村民·{CARDNAME:10810}"
"10019042","The monster lets out a clipped whine, and then lies down for the last time.","「きゃウん……」と短く悲鳴を上げ、魔物は死んだ。","魔物短促地呜咽一声，随后永远趴了下去。"
"10019051","{CARDNAME:10210} Weapon Shop Clerk","{CARDNAME:103011}・{CARDNAME:10210}","{CARDNAME:103011}·{CARDNAME:10210}"
"10019052","""Maybe...poetic justice..."" the yeti says. These words are its last.","「これモ因果応報ッテヤツカ……」と言って、魔物は死んだ。","{CARDNAME:10210} 说：「这也算……因果报应吧……」随后断了气。"
"10019061","{CARDNAME:11130} Innkeeper","{CARDNAME:103020}・{CARDNAME:11130}","{CARDNAME:103020}·{CARDNAME:11130}"
"10019062","""At last. True rest..."" the monster says, before its eyes close forever.","「ヤッと本当ノ安ラカな眠リガ……」と言って、魔物は死んだ。","「终于……能真正安睡了……」魔物说完，永远闭上了眼睛。"
"10019071","{CARDNAME:103020}","{CARDNAME:103020}","{CARDNAME:103020}"
"10019072","The establishment no longer has anyone to attend it.","店主はもういないが……","这里已经没人看店了。"
"10019081","{CARDNAME:103011}","{CARDNAME:103011}","{CARDNAME:103011}"
"10019082","The establishment no longer has anyone to attend it.","店主はもういない……","这里已经没人看店了……"
"10019091","{CARDNAME:103010}","{CARDNAME:103010}","{CARDNAME:103010}"
"10019092","The establishment no longer has anyone to attend it.","店主はもういない……","这里已经没人看店了……"
"10019101","{CARDNAME:103013}","{CARDNAME:103013}","{CARDNAME:103013}"
"10019102","The establishment no longer has anyone to attend it.","店主はもういない……","这里已经没人看店了……"
"10019111","{CARDNAME:103020}","{CARDNAME:103020}","{CARDNAME:103020}"
"10019112","Will you stay the night?","ここで休みますか？","要在这里过夜吗？"
"10019121","{CARDNAME:10110} Item Shop Proprietor","{CARDNAME:103010}・{CARDNAME:10110}","{CARDNAME:103010}·{CARDNAME:10110}"
"10019122","""I'm going to die? Without...my...revenge...?"" the monster says, its final words oozing out before it passes on.","「僕は一矢報イルコトも出来ズに死ヌノカ……」と言って、魔物は死んだ。","「难道我就要这样死了……连仇都没报成……？」魔物吐出最后几个字，随后死去。"
"10019131","Game Parlor {CARDNAME:11510}","{CARDNAME:103013}・{CARDNAME:11510}","{CARDNAME:103013}·{CARDNAME:11510}"
"10019132","""I've already lost my body. I know when to fold,"" the monster says before giving up the ghost.","「一度肉体を失ッタ身ダ。潔ク消エ去ロう……」と言って、魔物は死んだ。","「肉身早就失去过一次了。也该认输了。」魔物说完，彻底消散。"
"10019141","{CARDNAME:103015}","{CARDNAME:103015}","{CARDNAME:103015}"
"10019142","The captive humans are huddled and quivering in a corner. You have to defeat the monsters quickly and free them.","囚われた人間達が、隅に縮こまって震えている。早く魔物達を倒して、解放しなければ。","被囚禁的人们蜷缩在角落里瑟瑟发抖。得赶快打倒魔物，把他们救出来。"
"10019151","{CHARACTERNAME:1010} and Company","{CHARACTERNAME:1010}達一行","{CHARACTERNAME:1010} 一行"
"10019152","It looks like you've defeated all of the monsters in the village.","集落にいる魔物達は、ほとんど倒したようだ。","聚落里的魔物似乎已经差不多都解决了。"
"10019161","{CHARACTERNAME:1010} and Company","{CHARACTERNAME:1010}達一行","{CHARACTERNAME:1010} 一行"
"10019162","You decide that there's no longer any need to remain in monster form and undo your transformations. But at that moment...","君達が、もう魔物の姿である必要はないと、変身を解いた、その時……！","你们觉得没必要再维持魔物模样，于是解除变身。可就在这时……"
"10019171","{CARDNAME:11820} Villager","村人・{CARDNAME:11820}","村民·{CARDNAME:11820}"
"10019172","A giant monster stomps up to your group!","巨大な魔物が君達の前に現れた！","一只巨大的魔物大步走到你们面前！"
"10019181","{CARDNAME:11820} Villager","村人・{CARDNAME:11820}","村民·{CARDNAME:11820}"
"10019182","""I'm not letting you. Run amok. Any longer!""","「コレ以上、貴様ラの好キニハさせん！」","「不会再让你们……继续胡作非为了！」"
"10019191","{CARDNAME:11820} Villager","村人・{CARDNAME:11820}","村民·{CARDNAME:11820}"
"10019192","The monster's teeth gnash in fury! Seeing you and {CARDNAME:1020} has jogged something in its memory.","魔物は、君と{CARDNAME:1020}を見ると何かに気付き……そしてギリギリと歯を鳴らし始める。","魔物愤怒地咬得牙齿咯咯作响！看到你和 {CARDNAME:1020}，它似乎想起了什么。"
"10019201","{CARDNAME:11820} Villager","村人・{CARDNAME:11820}","村民·{CARDNAME:11820}"
"10019202","""You... You people. From subterran village!""","「ソうカ。貴様ラハ、アノ時の地下ノ民カ……！」","「原来如此……你们就是当时地下村落的人！」"
"10019211","{CHARACTERNAME:1010}","{CHARACTERNAME:1010}","{CHARACTERNAME:1010}"
"10019212","Your eyes go wide hearing the creature's words. You remember that scar on its eye. It can't be...was this the monster that attacked the subterranean village!?","その言葉に君は目を見開いた。片目の傷にも見覚えがある。まさかこの魔物は地下の村を襲った……！？","听见这句话，你猛地睁大双眼。它眼上的伤疤，你也记得。难道这就是当初袭击地下村落的魔物！？"
"10019221","Scarred Monster","傷アリの魔物","带伤魔物"
"10019222","""Maybe this why. I came back alive. To avenge friends you killed!""","「俺ガ生キテ帰ッタのはコノためダッタカ。貴様ラにヤラレた仲間ノ仇、取ラせテモラうゾ！」","「看来我能活着回来，就是为了这一刻。你们杀了我的同伴，这笔仇该算了！」"
"10019231","{CHARACTERNAME:1010}","{CHARACTERNAME:1010}","{CHARACTERNAME:1010}"
"10019232","Never would you have imagined you'd run into this monster here. You grab your weapon and let out a guttural scream.","思わぬところで仇に出会えた君は、武器を握りしめて雄叫びを上げた。","没想到会在这里撞见仇敌。你紧握武器，发出一声怒吼。"
"10019241","{CHARACTERNAME:1010}","{CHARACTERNAME:1010}","{CHARACTERNAME:1010}"
"10019242","You stand over the fallen monster and raise your sword high. ""This is for everyone you killed!""","倒れた魔物に向かい、君は「みんなの仇！」と剣を振り上げる。","你站在倒下的魔物面前，高高举剑：「这一剑，为被你杀掉的所有人！」"
"10019251","Scarred Monster","傷アリの魔物","带伤魔物"
"10019252","Looking at you, the monster speaks in a soft voice. ""What you did here. Any different?""","そんな君を見ながら魔物は静かに言った。ここでお前がやったことと何が違うのか、と……","魔物望着你，轻声问道：「那你在这里做的事……又有什么不同？」"
"10019261","","",""
"10019262","The scarred monster destroyed your home, and now you've destroyed its.","この傷アリの魔物は君の村を滅ぼし、君はこの村を滅ぼした。","这只带伤魔物毁了你的故乡，而你也毁了它的故乡。"
"10019271","Scarred Monster","傷アリの魔物","带伤魔物"
"10019272","""Me. You. Exact same.""","「オマエ　ト　
　オレ　ハ　同ジダ」","「你……和我……一模一样。」"
"10019281","{CARDNAME:1020}","{CARDNAME:1020}","{CARDNAME:1020}"
"10019282","""Shut up,"" says {CARDNAME:1020}. He steps forward and thrusts his sword at the monster in your place. You shake your head and stop him.","「黙れ」と、{CARDNAME:1020}が君に代わって魔物に武器を突き付ける。しかし君は首を振ってそれを制した。","{CARDNAME:1020} 喝道：「闭嘴。」他向前一步，替你把剑抵向魔物。你却摇头制止了他。"
"10019291","{CHARACTERNAME:1010}","{CHARACTERNAME:1010}","{CHARACTERNAME:1010}"
"10019292","You know you have to do this yourself.","これは自分がやるべきだ、と思った君は……","你知道，这件事必须由自己亲手了结。"
"10019301","{CHARACTERNAME:1010}","{CHARACTERNAME:1010}","{CHARACTERNAME:1010}"
"10019302","You've had your revenge. Maybe killing this monster was the whole reason for this trip.","これは仇だ。この魔物を倒すことが、この旅の意味だったのかもしれない……","你已经报了仇。或许杀掉这只魔物，正是这趟旅程真正的意义。"
"10019311","{CHARACTERNAME:1010}","{CHARACTERNAME:1010}","{CHARACTERNAME:1010}"
"10019312","Yet the monster's words stick with you, like a tiny bone lodged in your throat.","しかし君の心には、魔物の言葉が喉に刺さった小骨のように残っていた。","可魔物那句话仍像一根小刺卡在喉头，怎么也甩不掉。"
"10019321","{CHARACTERNAME:1010}","{CHARACTERNAME:1010}","{CHARACTERNAME:1010}"
"10019322","""I...""","「わたしは……」","「我……」"
"10019331","{CARDNAME:1020}","{CARDNAME:1020}","{CARDNAME:1020}"
"10019332","{CARDNAME:1020} notices you brooding and speaks, his voice full of concern. ""Don't let it worry you.""","考え込む君に、{CARDNAME:1020}は「気にするな」と気遣うように声をかける。","{CARDNAME:1020} 察觉你陷入沉思，关切地说：「别放在心上。」"
"10019341","{CARDNAME:10320} Mayor","村長・{CARDNAME:10320}","村长·{CARDNAME:10320}"
"10019342","The village mayor comes over, looking at you as though he wishes to speak.","そこに村長がやってきた。
村長は何かを言いたそうにこちらを見ている……","村长走了过来，看着你，似乎有话想说。"
"10019351","","",""
"10019352","What do you do?","どうする？","怎么办？"
"10019361","Kill Him","倒す","杀了它"
"10019362","You brandish your weapon at the mayor, but he seems to have no desire to fight you.","君は村長に武器を向ける。しかし、彼に戦う意思はないようだ。","你把武器指向村长，可它似乎完全没有战意。"
"10019371","Listen to Him","話を聞く","听它说"
"10019372","You decide to listen to the mayor.","君は村長の話を聞くことにした。","你决定先听村长说完。"
"10019381","{CARDNAME:10320} Mayor","村長・{CARDNAME:10320}","村长·{CARDNAME:10320}"
"10019382","The mayor speaks in a quiet voice as he tells you how this town came to be.","村長は静かに語る。この集落の成り立ちについて……","村长安静地讲起了这座聚落的来历。"
"10019391","{CARDNAME:10320} Mayor","村長・{CARDNAME:10320}","村长·{CARDNAME:10320}"
"10019392","""This town was established to protect. The entrance to special ruins. But the long years fulfilling that role are over.""","「コノ集落ハ、アる遺跡ノ入リ口ヲ守ルタメにアッタノだ。ダガ、永キソノ役目もモウ終ワリだ……」","「这座聚落原本是为了守护某处特殊遗迹的入口。漫长岁月里，我们一直履行这个职责……如今终于结束了。」"
"10019401","{CARDNAME:10320} Mayor","村長・{CARDNAME:10320}","村长·{CARDNAME:10320}"
"10019402","After finishing, the mayor hands you a key to his residence.","そう言うと村長は、君達に屋敷のカギを手渡した。","说完，村长把宅邸的钥匙交给你们。"
"10019411","","",""
"10019412","You obtain <highlight>{CARDNAME:53606}</highlight>!","君は、<highlight>{CARDNAME:53606}</highlight>を
手に入れた！","获得了 <highlight>{CARDNAME:53606}</highlight>！"
"10019421","{CARDNAME:10320} Mayor","村長・{CARDNAME:10320}","村长·{CARDNAME:10320}"
"10019422","He explains that the entrance to the ruins can be found in the basement of his home.","村長曰く、屋敷の地下が遺跡の入り口になっているのだという。","村长说，遗迹入口就在它宅邸的地下室。"
"10019431","{CARDNAME:10320} Mayor","村長・{CARDNAME:10320}","村长·{CARDNAME:10320}"
"10019432","There is something there; a <highlight>""truth"" you ought to know</highlight>.","そして、その遺跡にこそ、君達が<highlight>知るべき真実</highlight>があるだろうと語った。","那里有一项你们 <highlight>应当知晓的真相</highlight>。"
"10019441","{CARDNAME:10320} Mayor","村長・{CARDNAME:10320}","村长·{CARDNAME:10320}"
"10019442","He continues, ""Now my duty is done. Will you. Kill me quickly?""","続けて村長は言う。
「コレでワシの役目ハ終ワッタ。一思イニ殺シテクれなイカ？」と……","它继续说道：「我的职责已经结束了。能不能……给我个痛快？」"
"10019451","{CARDNAME:10320} Mayor","村長・{CARDNAME:10320}","村长·{CARDNAME:10320}"
"10019452","""I miss. My friend. It's time. I go to him...""","「そろソロ、アノ世で親友に会イタイんだ……」","「我很想念那个朋友。也该去见他了……」"
"10019461","","",""
"10019462","Kill the mayor?","村長を殺すか？","要杀了村长吗？"
"10019471","Kill Him","殺す","杀了它"
"10019472","You bring down your sword on the monster.

With a final word of thanks, the mayor dies.","君は村長に向けて武器を振り下ろした……

「ありがとう」と言い残して、村長は死んだ。","你朝村长挥下武器。

它只留下一句「谢谢」，随后死去。"
"10019481","{CARDNAME:10320} Mayor","村長・{CARDNAME:10320}","村长·{CARDNAME:10320}"
"10019482","With a final word of thanks, the mayor dies.","「ありがとう」と言い残して、村長は死んだ。","村长只留下一句「谢谢」，随后死去。"
"10019491","Don't Kill Him","殺さない","不杀"
"10019492","You put your sword away. You have no desire to end the life of one who so clearly wants it.

The mayor gazes at you, sadness swimming in his eyes, then looks up at the sky.","君は武器を収めた。自ら死を望む者に手を下す気にはなれない……
そんな君を村長は悲しみに満ちた瞳で見つめると、天を仰いだ。","你收起武器。对于一个如此渴望死亡的人，你反而不愿亲手结束它的生命。

村长悲伤地望着你，随后抬头看向天空。"
"10019501","{CARDNAME:10320} Mayor","村長・{CARDNAME:10320}","村长·{CARDNAME:10320}"
"10019502","The mayor gazes at you, sadness swimming in his eyes, then looks up at the sky.","そんな君を村長は悲しみに満ちた瞳で見つめると、天を仰いだ。","村长悲伤地望着你，随后抬头看向天空。"
"10019511","{CARDNAME:10320} Mayor","村長・{CARDNAME:10320}","村长·{CARDNAME:10320}"
"10019512","""My life goes on. Again. Hang on a little longer. Cyprie...""","「マタ永らえテしまッタ。モウ少し待ッテテくれ、コポラ……」","「看来又得继续活下去了……西普里，再等等我。」"
"10019521","{CHARACTERNAME:1010} and Company","{CHARACTERNAME:1010}達一行","{CHARACTERNAME:1010} 一行"
"10019522","You need to go to the mayor's residence and find whatever this ""truth"" is that you must know.","君達が知るべき真実とは何か、村長の屋敷に確かめに行かなければ……","必须去村长宅邸看看，那项所谓「你们应当知晓的真相」究竟是什么。"
"10019531","{CARDNAME:103015}","{CARDNAME:103015}","{CARDNAME:103015}"
"10019532","You managed to free the captive humans. The cage is empty.","無事に囚われた人間達を解放することができた。檻の中は空っぽだ。","你们顺利救出了被囚禁的人。笼子里已经空了。"
"10019541","{CARDNAME:10320} Mayor","村長・{CARDNAME:10320}","村长·{CARDNAME:10320}"
"10019542","""My life goes on. Again. Hang on a little longer. Cyprie...""","「マタ永らえテしまッタ。コポラ……モウ少し待ッテテくれ……」","「看来又得继续活下去了……西普里，再等等我。」"
"10019551","{CARDNAME:2110}","{CARDNAME:2110}","{CARDNAME:2110}"
"10019552","""Ho there!""","「おーい」","「喂——！」"
"10019561","{CARDNAME:2110}","{CARDNAME:2110}","{CARDNAME:2110}"
"10019562","You don't even need to look to know whose voice it is anymore. It's the merchant.","もはや、声の主を確認するまでもない。商人の男だ。","现在光听声音都不用确认是谁了。是那个商人。"
"10019571","{CHARACTERNAME:1010}","{CHARACTERNAME:1010}","{CHARACTERNAME:1010}"
"10019572","You answer his vivacious waving with a little wave of your own.","君は手を振る男に、軽く手を挙げて応じた。","他热情地朝你挥手，你也随意抬手回应。"
"10019581","{CARDNAME:2110}","{CARDNAME:2110}","{CARDNAME:2110}"
"10019582","The merchant looks stunned at the state of the town.","商人の男は、村の様子に驚いたようだ。","商人看着聚落如今的惨状，显得十分震惊。"
"10019591","{CARDNAME:2110}","{CARDNAME:2110}","{CARDNAME:2110}"
"10019592","He puffs up his chest and says in a gallant voice, ""We'll see to the safety of the escapees!""","そして「逃げてきた人達は私達が保護します」と、胸を張る。","他挺起胸膛，豪气十足地说：「逃出来的人就交给我们保护吧！」"
"10019601","{CARDNAME:2110}","{CARDNAME:2110}","{CARDNAME:2110}"
"10019602","""Human resources are what makes business possible,"" he lets slip.","人が居てこそ、商売ができるのだから、と言う男から本音がこぼれる。","紧接着却漏出一句真心话：「毕竟有人，生意才做得起来嘛。」"
"10019611","{CARDNAME:2110}","{CARDNAME:2110}","{CARDNAME:2110}"
"10019612","""With this many hands, my inventory will be... Gehehe!""","「これだけ人手があれば、物資をたくさん……ぐふふふふ」","「有这么多人手，我的货物就能……嘿嘿嘿！」"
"10019621","{CARDNAME:2110}","{CARDNAME:2110}","{CARDNAME:2110}"
"10019622","The merchant brushes aside his drool and flashes you a business-ready smile that says, ""I'll be here for a while, so be sure to do lots of shopping!""","男は涎をふき取ると、しばらくここに留まるから、引き続きご贔屓にと営業用の笑みを浮かべた。","商人擦掉口水，换上营业用笑容：「我会在这里待一阵子，可要多多照顾生意啊！」"
"10019631","Skillful Cook","料理上手な女性","厨艺高超的女人"
"10019632","The woman gazes spellbound at the merchant. ""What a lovely gentleman...""","女性は、「とっても素敵な紳士だわ……」と商人の男をうっとりと眺めている。","女人出神地望着商人：「真是位好绅士……」"
"10019641","Musclebound Madam","肉体派な女性","肌肉女壮士"
"10019642","The woman flexes. ""I've been working on building muscle specifically so we could escape, but I ended up not even needing it...""","女性は、「せっかく逃げるために鍛えてたのに……」と、筋肉をピクピク動かしている。","女人鼓起肌肉：「我为了逃跑特意练了这么久……结果根本没派上用场。」"
"10019651","Emaciated Elder","痩せた老人","瘦弱老人"
"10019652","The elderly man keeps repeating the same thing: ""What I wouldn't give for a nice piece of well-cooked beef.""","老人は、「コンガリ焼けたおニクが食べたいなぁ」と繰り返し言っている。","老人不断重复着同一句话：「真想吃一块烤得香喷喷的牛肉啊。」"
"10019661","Dull-Eyed Boy","虚ろな少年","眼神空洞的少年"
"10019662","""I just want to go home and see my grandpa,"" the boy murmurs.","少年は、「早くお家に帰って、おじいちゃん達に会いたいな」と、呟いている。","少年喃喃道：「真想快点回家，见见爷爷他们。」"
"10019671","{CHARACTERNAME:1010} and Company","{CHARACTERNAME:1010}達一行","{CHARACTERNAME:1010} 一行"
"10019672","You unlock the door of the manor with the mayor's key and enter.","君達は村長からもらった鍵を使って屋敷に入る。","你用村长给的钥匙打开宅邸大门，走了进去。"
"10019681","Basement Stairs","地下に続く階段","通往地下的楼梯"
"10019682","A quick search turns up a staircase leading to the basement the mayor mentioned.","中を探索すると、村長が言った通り地下に続く階段を見つけた。","简单搜索后，你们果然发现了村长提到的地下楼梯。"
"10019691","{CARDNAME:1040}","{CARDNAME:1040}","{CARDNAME:1040}"
"10019692","{CARDNAME:1040} points down and asks, ""Truth down there?""","「真実　コノ先？」
と、{CARDNAME:1040}が指をさす。","{CARDNAME:1040} 指着下面问：「真相，在下面？」"
"10019701","{CARDNAME:1030}","{CARDNAME:1030}","{CARDNAME:1030}"
"10019702","{CARDNAME:1030} mutters, ""What could it be we ought to know?""","「果たしてボク達が<highlight>知るべき真実</highlight>とはなにか……」と、{CARDNAME:1030}が呟く。","{CARDNAME:1030} 喃喃道：「我们 <highlight>应当知晓的真相</highlight>……究竟是什么？」"
"10019711","{CARDNAME:1020}","{CARDNAME:1020}","{CARDNAME:1020}"
"10019712","{CARDNAME:1020}'s eyes are fixed ahead. He does not say anything.","「…………」
{CARDNAME:1020}は無言で先を見据えている。","{CARDNAME:1020} 默不作声，只盯着前方。"
"10019721","{CHARACTERNAME:1010}","{CHARACTERNAME:1010}","{CHARACTERNAME:1010}"
"10019722","You swallow hard, and then gingerly take the first step down the stairs to the basement.","君はごくりと唾を飲み込むと、地下に続く階段へと足を踏み出した……","你咽了口唾沫，小心迈下通往地下室的第一阶。"
"10019731","{CHARACTERNAME:1010} and Company","{CHARACTERNAME:1010}達一行","{CHARACTERNAME:1010} 一行"
"10019732","You make your way down the stairs.","君達は地下へ続く階段を下りている。","你们沿着楼梯一路向下。"
"10019741","{CHARACTERNAME:1010}","{CHARACTERNAME:1010}","{CHARACTERNAME:1010}"
"10019742","As you make your way through the dark, the words of the scarred monster come back to you.","暗闇の中で君はふと、傷アリの{CARDNAME:4340}に言われたことを思い出した。","走在黑暗中，你又想起那只带伤的 {CARDNAME:4340} 说过的话。"
"10019751","Scarred Monster","傷アリの{CARDNAME:4340}","带伤的 {CARDNAME:4340}"
"10019752","""Me. You. Exact same.""","「オマエ　ト　
　オレ　ハ　同ジダ」","「你……和我……一模一样。」"
"10019761","Monsters","{CARDNAME:4340}達","{CARDNAME:4340} 们"
"10019762","The monsters were just like you, living in their town. They grieved for the deaths of their fellows, and sought revenge...","{CARDNAME:4340}達は自分達と同じように村で生活していた。仲間の死を悲しみ、仇を討とうとしていた……","{CARDNAME:4340} 们和你们一样，也在自己的聚落里生活。它们会为同伴的死悲伤，也会想要复仇……"
"10019771","{CHARACTERNAME:1010}","{CHARACTERNAME:1010}","{CHARACTERNAME:1010}"
"10019772","The thought sticks in your mind as you make your way forward. Before you know it, you've found your way into a cold, unnatural-looking passage.","そんなことを考えながら進む君の前に、無機質な通路が現れる。","你一路想着这些，不知不觉走进一条冰冷而毫无生气的通道。"
"10019781","Underground Passage","地下通路","地下通道"
"10019782","You have to keep moving forward right now.","今は奥に進んでみよう。","现在只能继续往前。"
"10019791","{CHARACTERNAME:1010}","{CHARACTERNAME:1010}","{CHARACTERNAME:1010}"
"10019792","""What even are monsters, really?""","「……{CARDNAME:4340}って、いったいなんなんだろう？」","「……{CARDNAME:4340} 到底是什么？」"
"10019801","{CARDNAME:1030}","{CARDNAME:1030}","{CARDNAME:1030}"
"10019802","Having heard your muttering, {CARDNAME:1030} speaks up. ""I'd like to know that myself.""","君の呟きを拾った{CARDNAME:1030}が言う。「ボクもそれを知りたいのです」と。","听见你的低语，{CARDNAME:1030} 开口道：「我也很想知道。」"
"10019811","{CARDNAME:1040}","{CARDNAME:1040}","{CARDNAME:1040}"
"10019812","{CARDNAME:1040} hums pensively, her head inclined in confusion.","{CARDNAME:1040}はうんうんと唸りながら首を傾げている。","{CARDNAME:1040} 一边沉思似的哼哼，一边困惑地歪着头。"
"10019821","{CARDNAME:1020}","{CARDNAME:1020}","{CARDNAME:1020}"
"10019822","{CARDNAME:1020} says nothing.","{CARDNAME:1020}は黙ったままだ。","{CARDNAME:1020} 什么也没说。"
"10019831","{CHARACTERNAME:1010} and Company","{CHARACTERNAME:1010}達一行","{CHARACTERNAME:1010} 一行"
"10019832","Silence falls over the group as you make your way further underground.","【カット】お喋りをやめた君達は、黙って地下を進んでいく……","大家不再交谈，默默向地下深处走去……"
"10019841","{CHARACTERNAME:1010} and Company","{CHARACTERNAME:1010}達一行","{CHARACTERNAME:1010} 一行"
"10019842","The ruins looming before you elicit a gasp.","地下に広がる遺跡に、君達は息を呑んだ。","地下展开的遗迹让众人不由倒吸一口凉气。"
"10019851","Stone Structures","石の建造物","石制建筑"
"10019852","Huge, elaborate stone structures dot the area, their shapes completely unfamiliar to your eye.","所々に見受けられる巨大で精巧な石の建造物は、見たこともない形をしている。","四处耸立着巨大而精巧的石制建筑，形状全都前所未见。"
"10019861","Stone Structures","石の建造物","石制建筑"
"10019862","""What're those?"" asks {CARDNAME:1040}. Yet not even {CARDNAME:1030} can answer.","「アレハ何？」と{CARDNAME:1040}が訊いてくるが、{CARDNAME:1030}ですら答えられない。","{CARDNAME:1040} 问：「那些是什么？」可就连 {CARDNAME:1030} 也答不上来。"
"10019871","{CHARACTERNAME:1010} and Company","{CHARACTERNAME:1010}達一行","{CHARACTERNAME:1010} 一行"
"10019872","You and your friends continue to make your way through the ruins, overcome all the while by the imposing, unknown structures.","得体のしれない建造物に圧倒されながら、君達は遺跡の中を進む。","众人被这些来历不明的建筑震慑着，继续深入遗迹。"
"10019881","{CARDNAME:1030}","{CARDNAME:1030}","{CARDNAME:1030}"
"10019882","As you make your way through the ruins, the light of curiosity shines brighter and brighter in {CARDNAME:1030}'s eyes.","遺跡を進むごとに、{CARDNAME:1030}の瞳が好奇心で輝きを増していく。","越往遗迹深处走，{CARDNAME:1030} 眼中的好奇光芒就越亮。"
"10019891","{CARDNAME:1020}","{CARDNAME:1020}","{CARDNAME:1020}"
"10019892","Seeing this, {CARDNAME:1020} nonchalantly takes hold of {CARDNAME:1030}'s sleeve—perhaps out of caution, to keep him from wandering off.","そんな{CARDNAME:1030}の袖を{CARDNAME:1020}はさり気なくつまんでいた。急に走り出さないための配慮だろうか。","看他这副样子，{CARDNAME:1020} 若无其事地捏住了 {CARDNAME:1030} 的袖口。大概是怕他一激动又乱跑。"
"10019901","{CARDNAME:1040}","{CARDNAME:1040}","{CARDNAME:1040}"
"10019902","There are white lines painted in a striped pattern along the ground, which {CARDNAME:1040} cheerfully hops back and forth over.","{CARDNAME:1040}は地面に描かれた縞模様の白い線を、ジャンプしながら楽しげに渡っている。","地面画着一道道白色条纹，{CARDNAME:1040} 开心地在这些线之间跳来跳去。"
"10019911","","",""
"10019912","The lines cut off, and you discover someone standing where they terminate.","その白い線が途切れた先に誰かが立っていた……","白线在前方突然中断，而尽头站着一个身影……"
"10019921","Monster","{CARDNAME:4340}","{CARDNAME:4340}"
"10019922","""Trespassers found. Must tell Mother.""","「……侵入者発見。{CARDNAME:1051}に報告シナケレば」","「发现入侵者。必须报告 {CARDNAME:1051}。」"
"10019931","{CARDNAME:1020}","{CARDNAME:1020}","{CARDNAME:1020}"
"10019932","""We'll have trouble if it tells its friends we're here. Come on,"" says {CARDNAME:1020} as he draws his weapon.","「仲間に知られたら、面倒だ。やるぞ」と、{CARDNAME:1020}が武器に手をかける。","{CARDNAME:1020} 一边拔出武器一边说：「要是让它通知同伴就麻烦了。动手。」"
"10019941","{CHARACTERNAME:1010} and Company","{CHARACTERNAME:1010}達一行","{CHARACTERNAME:1010} 一行"
"10019942","The monster tries to flee, but you and your friends attack!","逃げようとする{CARDNAME:4340}に、君達は襲い掛かった！","那只 {CARDNAME:4340} 转身想逃，你们立刻扑了上去！"
"10019951","Monster","{CARDNAME:4340}","{CARDNAME:4340}"
"10019952","""I'm sorry... Mother..."" the creature says, before collapsing.","「ゴメン、{CARDNAME:1051}……」と言って、{CARDNAME:4340}は倒れた。","「对不起……{CARDNAME:1051}……」{CARDNAME:4340} 说完便倒下了。"
"10019961","{CARDNAME:1030}","{CARDNAME:1030}","{CARDNAME:1030}"
"10019962","""Another monster with a mother, hm...?"" {CARDNAME:1030} mutters.","「{CARDNAME:1051}ですか……この{CARDNAME:4340}にも母親がいたんですね」と、{CARDNAME:1030}が呟く。","{CARDNAME:1030} 喃喃道：「{CARDNAME:1051}……原来这只 {CARDNAME:4340} 也有母亲啊。」"
"10019971","{CARDNAME:1040}","{CARDNAME:1040}","{CARDNAME:1040}"
"10019972","At this, {CARDNAME:1040} pipes up, ""Other one said Mother, too.""","その時、「{CARDNAME:1051}　言ッテタ　他ノ子モ」と、{CARDNAME:1040}が言った。","这时，{CARDNAME:1040} 插话道：「别的孩子，也说过 {CARDNAME:1051}。」"
"10019981","{CHARACTERNAME:1010}","{CHARACTERNAME:1010}","{CHARACTERNAME:1010}"
"10019982","Now that she mentions it, you do feel as though you've heard a different monster mention a ""Mother.""","言われてみれば、どこかで別の{CARDNAME:4340}も「{CARDNAME:1051}」と言っていた気がする……","经她一提，你确实想起似乎还有别的 {CARDNAME:4340} 提到过「{CARDNAME:1051}」……"
"10019991","","",""
"10019992","Where did you hear mention of a ""Mother""?","{CARDNAME:4340}が「{CARDNAME:1051}」と言っていたのをどこで聞いた？","你是在哪里听见 {CARDNAME:4340} 提到「{CARDNAME:1051}」的？"
"10020001","At the {CARDNAME:92320}","{CARDNAME:92320}で聞いた","在 {CARDNAME:92320} 听到的"
"10020002","You say that you think you heard it at the {CARDNAME:92320}, but {CARDNAME:1020} disagrees. ""No, I don't think it was there.""","{CARDNAME:92320}で聞いた気がすると君が言うと、「いや、{CARDNAME:92320}じゃないと思う」と、{CARDNAME:1020}が否定した。","你说自己好像是在 {CARDNAME:92320} 听到的，{CARDNAME:1020} 却否定道：「不，我觉得不是那里。」"
"10020011","At the {CARDNAME:92340}","{CARDNAME:92340}で聞いた","在 {CARDNAME:92340} 听到的"
"10020012","You say you think you heard it at the {CARDNAME:92340}, but {CARDNAME:1030} disagrees. ""I don't remember that.""","{CARDNAME:92340}で聞いた気がすると君が言うと、「ボクの記憶にはないですね」と、{CARDNAME:1030}が否定した。","你说自己好像是在 {CARDNAME:92340} 听到的，{CARDNAME:1030} 却否定道：「我没这个印象。」"
"10020021","At the {CARDNAME:92360}","{CARDNAME:92360}で聞いた","在 {CARDNAME:92360} 听到的"
"10020022","You remember. The fairy at the {CARDNAME:92360} said, ""Ooh, we'll tell Mother on you!""","君は思い出した。確か{CARDNAME:92360}にいた妖精が「{CARDNAME:1051}に言いつけてやるんだから」と言っていたはずだ。","你想起来了。记得 {CARDNAME:92360} 的妖精说过：「我要去向 {CARDNAME:1051} 告状！」"
"10020031","{CARDNAME:1030}","{CARDNAME:1030}","{CARDNAME:1030}"
"10020032","{CARDNAME:1030} frowns when you mention the fairy from the {CARDNAME:92360}.","{CARDNAME:92360}の妖精が「{CARDNAME:1051}」と言っていたことを話すと{CARDNAME:1030}が眉をひそめた。","你说起 {CARDNAME:92360} 的妖精曾提到「{CARDNAME:1051}」，{CARDNAME:1030} 皱起了眉。"
"10020041","{CARDNAME:1030}","{CARDNAME:1030}","{CARDNAME:1030}"
"10020042","He goes on to point out the possibility that {CARDNAME:1051} does not refer to a literal mother per se, but a presence that governs all monsterkind.","そして、「{CARDNAME:1051}」とは母親を指すのではなく、{CARDNAME:4340}を束ねる存在のことかもしれないと可能性を指摘する。","他又指出，「{CARDNAME:1051}」或许并非真正的母亲，而是统领所有 {CARDNAME:4340} 的某种存在。"
"10020051","{CHARACTERNAME:1010} and Company","{CHARACTERNAME:1010}達一行","{CHARACTERNAME:1010} 一行"
"10020052","This ""Mother"" might well be deeper within these ruins. All of you agree to proceed with utmost caution.","「{CARDNAME:1051}」は遺跡の先にいるかもしれない。君達は用心しようと確認し合った。","「{CARDNAME:1051}」或许就在遗迹深处。你们互相提醒，一定要多加小心。"
"10020061","{CARDNAME:105422}","{CARDNAME:105422}","{CARDNAME:105422}"
"10020062","Along the path, you discover a big iron box.","道の途中に{CARDNAME:105422}がある。","途中，你发现了一个巨大的 {CARDNAME:105422}。"
"10020071","{CARDNAME:1040}","{CARDNAME:1040}","{CARDNAME:1040}"
"10020072","You suggest it could be some kind of mine cart, but {CARDNAME:1040} insists that it's a sandskiff of some kind.","トロッコだろうかと言う君に、{CARDNAME:1040}は砂船だと主張した。","你猜那或许是矿车，{CARDNAME:1040} 却坚持说是砂船。"
"10020081","{CARDNAME:1030}","{CARDNAME:1030}","{CARDNAME:1030}"
"10020082","{CARDNAME:1030} looks at the boxy iron contrivance and mumbles something about its workings being much more complex than a mine cart or a sandskiff.","トロッコや砂船よりももっと複雑な仕組みでは、と
{CARDNAME:1030}は鉄の箱を見てブツブツと呟いている。","{CARDNAME:1030} 盯着铁箱，小声嘀咕着：「这结构恐怕比矿车和砂船都复杂得多……」"
"10020091","{CARDNAME:105422}","{CARDNAME:105422}","{CARDNAME:105422}"
"10020092","""How could anyone build something so elaborate?"" {CARDNAME:1030} mutters.","「こんなに精巧なものをどうやって……？」と{CARDNAME:1030}はブツブツと呟いている。","{CARDNAME:1030} 嘀咕道：「这么精巧的东西，到底是怎么造出来的……？」"
"10020101","{CARDNAME:105423}","{CARDNAME:105423}","{CARDNAME:105423}"
"10020102","{CARDNAME:1030} picks up a small iron box from the path. Curiosity shines in his eyes as he examines the object.","道の途中にあった{CARDNAME:105423}を{CARDNAME:1030}が拾う。
なんだろう、と調べていると……","{CARDNAME:1030} 捡起路边的 {CARDNAME:105423}，两眼放光地研究起来。就在这时……"
"10020111","{CARDNAME:105423}","{CARDNAME:105423}","{CARDNAME:105423}"
"10020112","Suddenly, the small box releases a blinding flash of light!","突然、小さな箱がピカっと光を放った！","突然，小铁箱迸发出刺眼的强光！"
"10020121","{CARDNAME:1020}","{CARDNAME:1020}","{CARDNAME:1020}"
"10020122","""BOMB! GET DOWN!""","「爆弾だ！伏せろ！」","「炸弹！趴下！」"
"10020131","{CHARACTERNAME:1010} and Company","{CHARACTERNAME:1010}達一行","{CHARACTERNAME:1010} 一行"
"10020132","You heed {CARDNAME:1020}'s words and dive to the ground!","{CARDNAME:1020}に指示され、君達は慌てて地面に伏せる！","听见 {CARDNAME:1020} 的喊声，你们慌忙趴到地上！"
"10020141","","",""
"10020142","......","…………","……"
"10020151","{CHARACTERNAME:1010} and Company","{CHARACTERNAME:1010}達一行","{CHARACTERNAME:1010} 一行"
"10020152","But nothing happens.","……しかし、何も起こらなかった。","……可什么也没发生。"
"10020161","{CARDNAME:1030}","{CARDNAME:1030}","{CARDNAME:1030}"
"10020162","""Perhaps it only emits light?"" murmurs {CARDNAME:1030}. {CARDNAME:1020}'s face flushes and he stares at the ground, suddenly very interested in a particular loose pebble.","「……光っただけでは？」と{CARDNAME:1030}が呟くと、{CARDNAME:1020}は少し顔を赤くしてうつむいた。","{CARDNAME:1030} 小声说：「……是不是只会发光？」{CARDNAME:1020} 顿时有些脸红，低头不语。"
"10020171","{CARDNAME:105423}","{CARDNAME:105423}","{CARDNAME:105423}"
"10020172","""Don't just go around touching stuff,"" {CARDNAME:1020} admonishes {CARDNAME:1030}. ""Especially if you don't know what it is.""","{CARDNAME:1020}が、「訳も分からないものにあまり触るな」と、{CARDNAME:1030}に釘をさした。","{CARDNAME:1020} 告诫 {CARDNAME:1030}：「不知道是什么的东西，别随便乱碰。」"
"10020181","Monster","{CARDNAME:4340}","{CARDNAME:4340}"
"10020182","You spot a monster who poses before you, showing off their outfit. ""You like what you see? Killer fit, right?""","{CARDNAME:4340}が「ドウだオレのファッションハ？最高にイカしテルダロ？」と、身にまとった衣服を見せてきた。","一只 {CARDNAME:4340} 摆着姿势，向你炫耀身上的衣服：「怎么样？我这身打扮够帅吧？」"
"10020191","Monster","{CARDNAME:4340}","{CARDNAME:4340}"
"10020192","You can't quite find the words, and as you gawp, the creature hands you a ring. ""Go on. Embrace the drip.""","沈黙する君に{CARDNAME:4340}は、「オ前もオシャレヲ楽シメヨ」と指輪を押し付ける。","你一时无言以对。{CARDNAME:4340} 见状把一枚戒指塞给你：「你也来享受打扮的乐趣吧。」"
"10020201","{CHARACTERNAME:1010} and Company","{CHARACTERNAME:1010}達一行","{CHARACTERNAME:1010} 一行"
"10020202","This monster doesn't seem hostile at all. You and your friends decide that it would be best not to make a scene and decide to leave quietly.","{CARDNAME:4340}に敵意はないようだ。君達は騒ぎを起こすのは得策ではないと、静かにその場を離れることにした。","这只 {CARDNAME:4340} 似乎毫无敌意。你们觉得没必要惹出事端，便悄悄离开了。"
"10020211","Monster","{CARDNAME:4340}","{CARDNAME:4340}"
"10020212","The monster flashes you a winning smile. ""Go on. Embrace the drip.""","{CARDNAME:4340}は「オ前もオシャレヲ楽シメヨ」とイカした笑みを浮かべている。","{CARDNAME:4340} 露出得意的笑容：「你也来享受打扮的乐趣吧。」"
"10020221","Monster","{CARDNAME:4340}","{CARDNAME:4340}"
"10020222","The monster offers a warning: ""Many monsters around here. Good to be careful.""","{CARDNAME:4340}が「コノ辺リニハ{CARDNAME:4340}ガウヨうよシテイルカラ、気ヲ付ケた方がいイワ」と忠告してくる。","{CARDNAME:4340} 忠告道：「这附近到处都是 {CARDNAME:4340}，还是小心点好。」"
"10020231","{CHARACTERNAME:1010} and Company","{CHARACTERNAME:1010}達一行","{CHARACTERNAME:1010} 一行"
"10020232","You find it a bit rich to hear a comment like that, given the source. Nonetheless, it doesn't seem to be hostile, so you decide to do as it says and steer clear.","どの口が言うのだろう？と君達は思ったが、敵意はないようなので、忠告通り{CARDNAME:4340}から離れることにした。","你们心想这话从它嘴里说出来还真怪。不过它似乎没有敌意，于是你们听从忠告，与 {CARDNAME:4340} 拉开了距离。"
"10020241","Monster","{CARDNAME:4340}","{CARDNAME:4340}"
"10020242","In a quiet voice, the monster says, ""Don't want to fight. Unless you bother {CARDNAME:1051}.""","{CARDNAME:4340}は「争ウ気ハナイよ。君達が{CARDNAME:1051}ノ邪魔ヲスルといウナラ話ハ別ダガ……」と静かに語った。","{CARDNAME:4340} 静静说道：「我无意争斗。除非你们要妨碍 {CARDNAME:1051}……」"
"10020251","Monster","{CARDNAME:4340}","{CARDNAME:4340}"
"10020252","It urges you and your friends to leave this place, and fast.","そして、さっさとこの場所を立ち去るよう、君達に勧めた。","接着，它劝你们赶快离开这里。"
"10020261","Monster","{CARDNAME:4340}","{CARDNAME:4340}"
"10020262","Pride and delight dripping from every word, the monster boasts, ""{CARDNAME:1051} told me to stand guard here. So that's what I'm doing!""","{CARDNAME:4340}は「僕ハ、ココヲ見張ルヨウに{CARDNAME:1051}ニ言わレテるンダ」と嬉しそうに胸を張っている。","{CARDNAME:4340} 高兴地挺起胸膛：「{CARDNAME:1051} 叫我守在这里，所以我就在这里站岗！」"
"10020271","Monster","{CARDNAME:4340}","{CARDNAME:4340}"
"10020272","Nonetheless, it doesn't seem like it's going to stop you. You can practically hear the wheels turning in its brain as it says, ""What was I supposed to do. If I spotted someone?""","しかし、君達を止める気配はない。{CARDNAME:4340}は「見張ッタ後はドウスルんだッケ？」と首をひねった。","可这只 {CARDNAME:4340} 似乎并没有阻拦你们的意思，只歪着头嘀咕：「站岗发现人以后……该干什么来着？」"
"10020281","{CARDNAME:3580}","{CARDNAME:3580}","{CARDNAME:3580}"
"10020282","A figure that looks hewn from iron stands in silent vigil.","鉄でできた人形のようなものが静かに立っている……","一尊仿佛由铁铸成的人偶静静伫立着……"
"10020291","{CARDNAME:3580}","{CARDNAME:3580}","{CARDNAME:3580}"
"10020292","You and your friends take a few ginger steps forward. The creature rattles and clanks to life, uttering nonsense.","君達が恐る恐る近づくと、
なんと！人形が突然、意味不明な言葉を発し、ガタガタと動きはじめた。","你们战战兢兢地靠近。没想到，人偶突然发出莫名其妙的话语，伴着嘎啦嘎啦的响声动了起来！"
"10020301","{CARDNAME:3580}","{CARDNAME:3580}","{CARDNAME:3580}"
"10020302","""The elevator here is presently out of service. If you would like to use the elevator, please turn the power on.""","「現在、コチラノ<highlight>エレベーター</highlight>ハ使用デキマセン。
使用スル場合ハ電源ヲ入レテクダサイ」","「目前，本处<highlight>电梯</highlight>无法使用。如需使用，请接通电源。」"
"10020311","{CHARACTERNAME:1010} and Company","{CHARACTERNAME:1010}達一行","{CHARACTERNAME:1010} 一行"
"10020312","Without a moment's delay, the four of you draw your weapons and prepare to fight.","得体の知れない{CARDNAME:3580}を前に、君達は戦闘態勢に入った……！","面对这个来路不明的 {CARDNAME:3580}，你们立刻拔出武器，摆好战斗架势！"
"10020321","{CARDNAME:3580}","{CARDNAME:3580}","{CARDNAME:3580}"
"10020322","With several whirring, buzzing, and sputtering noises, smoke erupts from the {CARDNAME:3580}, and it stops moving.","ピー、ガガガ、プシューと煙を上げながら{CARDNAME:3580}は動きを止めた。","{CARDNAME:3580} 发出哔、嘎嘎、噗嗤几声，冒着烟停止了动作。"
"10020331","{CARDNAME:3580}","{CARDNAME:3580}","{CARDNAME:3580}"
"10020332","A close look at the figure reveals that not only is it not a monster, it doesn't seem to be a living creature at all.","よく見ると、人形は{CARDNAME:4340}どころか生き物ですらないようだ。","仔细一看，这人偶不只是并非 {CARDNAME:4340}，似乎根本就不是生物。"
"10020341","{CARDNAME:3580}","{CARDNAME:3580}","{CARDNAME:3580}"
"10020342","Despite no longer moving, the thing continues to babble.","それにも関わらず、動きを止めた今でも、意味不明なことを言い続けている。","尽管已经停下，它仍在不停说着莫名其妙的话。"
"10020351","{CARDNAME:3580}","{CARDNAME:3580}","{CARDNAME:3580}"
"10020352","""Brrzt... Kchh... The elevator here is presently out of service. If you would like to use the elevator, please turn the power on.""","「ピー、ガガガ。現在、コチラノエレベーターハ使用デキマセン。使用スル場合ハ電源ヲ入レテクダサイ」","「哔——嘎嘎……目前，本处电梯无法使用。如需使用，请接通电源。」"
"10020361","{CHARACTERNAME:1010}","{CHARACTERNAME:1010}","{CHARACTERNAME:1010}"
"10020362","Newterra truly is amazing. A profound sense of just how much you've yet to see wells up within you.","やはり、{CARDNAME:90330}はすごい。見たことがないものでいっぱいだ、と感激する君だった……","{CARDNAME:90330} 果然不可思议。这里尽是从未见过的事物，你不禁感叹自己还有太多未知。"
"10020371","仲間達","仲間達","仲間達"
"10020372","自分達ですらこんなものは見たことがない！と、{CARDNAME:1030}、{CARDNAME:1040}、{CARDNAME:1020}は一斉にツッコんだ。","【カット】自分達ですらこんなものは見たことがない！と、{CARDNAME:1030}、{CARDNAME:1040}、{CARDNAME:1020}は一斉にツッコんだ。","自分達ですらこんなものは見たことがない！と、{CARDNAME:1030}、{CARDNAME:1040}、{CARDNAME:1020}は一斉にツッコんだ。"
"10020381","{CARDNAME:3580}","{CARDNAME:3580}","{CARDNAME:3580}"
"10020382","""Brrzt... Kchh... The elevator here is presently out of service. If you would like to use the elevator, please turn the power on.""","「ピー、ガガガ。現在、コチラノエレベーターハ使用デキマセン。使用スル場合ハ電源ヲ入レテクダサイ」","「哔——嘎嘎……目前，本处电梯无法使用。如需使用，请接通电源。」"
"10020391","Iron Door","鉄の扉","铁门"
"10020392","The iron door is shut tight.","鉄でできた扉が、固く閉ざされている。","铁门紧紧关闭着。"
"10020401","{CARDNAME:1030}","{CARDNAME:1030}","{CARDNAME:1030}"
"10020402","{CARDNAME:1030} calls out that he's found some kind of device.","{CARDNAME:1030}が、何かの装置らしきものを見つけたと、声をあげる。","{CARDNAME:1030} 忽然喊道，他发现了一个像是某种装置的东西。"
"10020411","{CHARACTERNAME:1010} and Company","{CHARACTERNAME:1010}達一行","{CHARACTERNAME:1010} 一行"
"10020412","You look over just in time to see something moving behind him—but he doesn't seem to have noticed, as he is totally fixated on the equipment.","そちらに目をやると、{CARDNAME:1030}の背後で何かが動いた。当の{CARDNAME:1030}は装置に夢中で気付いていないようだ。","你循声望去，正好看见他背后有什么东西动了一下。可 {CARDNAME:1030} 完全沉迷于装置，似乎毫无察觉。"
"10020421","Monster","{CARDNAME:4340}","{CARDNAME:4340}"
"10020422","Monsters appear, lightning arcing and crackling around them!","雷を纏った{CARDNAME:4340}が現れた！","几只周身缠绕雷光的 {CARDNAME:4340} 出现了！"
"10020431","Monster","{CARDNAME:4340}","{CARDNAME:4340}"
"10020432","""We won't let anybody. Interfere with her work!""","「オ仕事の、邪魔ハ、許さナイ」","「不许……任何人……妨碍她工作！」"
"10020441","{CHARACTERNAME:1010} and Company","{CHARACTERNAME:1010}達一行","{CHARACTERNAME:1010} 一行"
"10020442","The monsters descend upon you!","{CARDNAME:4340}は君達に飛び掛かってきた！","{CARDNAME:4340} 朝你们扑了过来！"
"10020451","{CARDNAME:1030}","{CARDNAME:1030}","{CARDNAME:1030}"
"10020452","""My, my, THAT was close!"" {CARDNAME:1030} laughs as he returns to fiddling with the device.","{CARDNAME:1030}は「いやー、危ない所でしたね」と笑いながら何かの装置に手をかけた。すると……","{CARDNAME:1030} 笑道：「哎呀，真危险啊。」说着又把手伸向那台装置。就在这时……"
"10020461","{CARDNAME:1030}","{CARDNAME:1030}","{CARDNAME:1030}"
"10020462","Moments later, he lets out a little, ""Oh!""  It looks like he accidentally pressed one of the strange buttons on the device.","突然「あ！」と{CARDNAME:1030}が小さな声をあげる。何か変なボタンを押してしまったらしい。","{CARDNAME:1030} 突然轻轻「啊」了一声。看来是不小心按到了装置上某个奇怪的按钮。"
"10020471","Loud Sound","大きな音","巨响"
"10020472","You hear a loud whirring sound coming from somewhere.","どこからか、ウイーン……という大きな音が聞こえてくる。","不知从哪里传来了「嗡——」的一声巨响。"
"10020481","{CARDNAME:1040}","{CARDNAME:1040}","{CARDNAME:1040}"
"10020482","""Over there! Where metal thing was!"" {CARDNAME:1040} shouts, heading in the direction of the sound.","「アッチ！人形　サッキノ　イタトコロ」と、{CARDNAME:1040}が音の発生源らしき方角に向かって叫ぶ。","{CARDNAME:1040} 朝声音传来的方向喊道：「那边！刚才，铁人偶，在的地方！」"
"10020491","{CHARACTERNAME:1010} and Company","{CHARACTERNAME:1010}達一行","{CHARACTERNAME:1010} 一行"
"10020492","Maybe it has something to do with the {CARDNAME:3580} from earlier. You'd better go check it out.","さっきのとは、突然動き出した{CARDNAME:3580}のことだろうか。確かめてみよう……","她说的应该是刚才突然动起来的 {CARDNAME:3580}。去看看吧……"
"10020501","Strange Device","何かの装置","奇怪的装置"
"10020502","{CARDNAME:1030} stands in front of the mysterious device, eyes brimming with curiosity. {CARDNAME:1020} stands behind him, eyes brimming with ""stop messing with stuff."" ","謎の装置を前に、目を輝かせる{CARDNAME:1030}の後ろで、変な所を触らないようにと{CARDNAME:1020}が目を光らせている。","{CARDNAME:1030} 站在神秘装置前，两眼放光。{CARDNAME:1020} 则站在身后盯着他，严防他乱碰奇怪的地方。"
"10020511","{CARDNAME:3580}","{CARDNAME:3580}","{CARDNAME:3580}"
"10020512","The {CARDNAME:3580} continues to spout nonsense and smoke in equal measure. However, the nonsense seems to be slightly different nonsense now.","{CARDNAME:3580}は煙を上げながらも、意味不明なことを言い続けている。だが、文言が変わっているようだ。","{CARDNAME:3580} 一边冒烟，一边继续说着莫名其妙的话。不过内容似乎变了。"
"10020521","{CARDNAME:3580}","{CARDNAME:3580}","{CARDNAME:3580}"
"10020522","""Hello! Welcome to the <highlight>elevator</highlight>!""","「ドウゾ、<highlight>エレベーター</highlight>ヲゴ利用クダサイ」","「欢迎使用<highlight>电梯</highlight>！」"
"10020531","{CHARACTERNAME:1010} and Company","{CHARACTERNAME:1010}達一行","{CHARACTERNAME:1010} 一行"
"10020532","It keeps saying that word, ""elevator."" What is it talking about?","先程から繰り返されている「えれべーたー」とはなんのことだろう？","它从刚才起就反复提到「电梯」。那究竟是什么？"
"10020541","{CARDNAME:3580}","{CARDNAME:3580}","{CARDNAME:3580}"
"10020542","""Hello! Welcome to the <highlight>elevator</highlight>!""","「ドウゾ、<highlight>エレベーター</highlight>ヲゴ利用クダサイ」","「欢迎使用<highlight>电梯</highlight>！」"
"10020551","Iron Door","鉄の扉","铁门"
"10020552","When you step in front of the imposing iron door, it opens with a metallic clank.","物々しい鉄の扉の前に君達が立つと、ガチャンと扉が開いた。","你们刚站到那扇厚重的铁门前，门便「咔嚓」一声打开了。"
"10020561","{CHARACTERNAME:1010} and Company","{CHARACTERNAME:1010}達一行","{CHARACTERNAME:1010} 一行"
"10020562","The group cautiously steps through, and with another clank, the door grinds shut.","君達が恐る恐る扉の奥に進むと……再びガチャンと扉が閉まってしまう。","你们小心翼翼地走进去，铁门又「咔嚓」一声缓缓关上。"
"10020571","Elevator","エレベーター","电梯"
"10020572","The four of you are quite flustered about being trapped inside, but then you hear a ""ding!"" sound, and the doors clank open again.","閉じ込められたと騒ぐ君達だったが、すぐにチン！という音と共に扉が開いた。","四人正因被关在里面而慌张，忽然听见「叮」的一声，铁门又打开了。"
"10020581","{CHARACTERNAME:1010} and Company","{CHARACTERNAME:1010}達一行","{CHARACTERNAME:1010} 一行"
"10020582","You step outside. You can't shake the feeling that the area around you is slightly different than before.","外に出てみると、先ほどとは微妙に違った景色が広がっている気がする。","走出去后，你总觉得周围景色与方才有些不同。"
"10020591","{CHARACTERNAME:1010} and Company","{CHARACTERNAME:1010}達一行","{CHARACTERNAME:1010} 一行"
"10020592","Despite the strangeness of it, you all decide to continue exploring.","君達はそれを不思議に思いながらも、探索を続けることにした。","虽然满腹疑惑，你们还是决定继续探索。"
"10020601","{CHARACTERNAME:1010} and Company","{CHARACTERNAME:1010}達一行","{CHARACTERNAME:1010} 一行"
"10020602","As you do, you continue to wonder what that ""elevator"" thing actually was.","結局、「えれべーたー」とは何だったのだろうと思いながら……","你边走边想，那个所谓的「电梯」究竟是什么……"
"10020611","{CARDNAME:3580}","{CARDNAME:3580}","{CARDNAME:3580}"
"10020612","""Hello, hello! Would you care for some tasty canned food?""","「イラッシャイマセ！トッテモ美味シイ<highlight>缶詰</highlight>ハ、イカガデスカ？」","「欢迎光临！要不要来点非常美味的<highlight>罐头</highlight>？」"
"10020621","{CARDNAME:1020}","{CARDNAME:1020}","{CARDNAME:1020}"
"10020622","{CARDNAME:1020} immediately draws his sword at the creature.","とっさに、剣を向ける{CARDNAME:1020}。","{CARDNAME:1020} 当即拔剑指向它。"
"10020631","{CARDNAME:1030}","{CARDNAME:1030}","{CARDNAME:1030}"
"10020632","{CARDNAME:1030} raises a hand to stop him. ""Wait. I don't think it wants to fight. Maybe it's friends with the one we saw earlier.""","しかし、{CARDNAME:1030}が「彼に戦う意思はないようです。おそらく先ほどの人形の仲間でしょう」と止める。","{CARDNAME:1030} 抬手制止：「等等。它似乎没有战意，大概和刚才的人偶是同伴。」"
"10020641","{CARDNAME:3580}","{CARDNAME:3580}","{CARDNAME:3580}"
"10020642","The {CARDNAME:3580} hands you a small metal cylinder with a delicious-looking picture on it.","{CARDNAME:3580}は、美味しそうな絵が描かれた小さな鉄の筒を差し出しているが……","{CARDNAME:3580} 递来一个小铁罐，上面画着看起来十分诱人的食物。"
"10020651","","",""
"10020652","What do you do with the cylinder?","差し出された鉄の筒を……","这个铁罐，该怎么办？"
"10020661","Try Eating What's Inside","食べてみる","尝尝里面的东西"
"10020662","{CARDNAME:1020} tries to stop you. ""Don't. It could be a trap."" But the iron figure said it was tasty. And it is simply human nature to want to eat tasty things.","「危険だ。やめておけ」と{CARDNAME:1020}が止める。しかし美味しいというなら試してみたいのが人の常である。","{CARDNAME:1020} 劝道：「危险，别吃。」可它都说好吃了，人听见好吃的东西，总难免想尝尝。"
"10020671","Don't Eat It","食べない","不吃"
"10020672","You refuse. However, apparently the promise of ""tasty"" was too tempting for {CARDNAME:1040}, and she bites right into the cylinder!","君は断ったが、美味しいという言葉に釣られた{CARDNAME:1040}が代わりに鉄の筒に噛り付いた！","你拒绝了，可 {CARDNAME:1040} 被「好吃」二字勾起兴趣，竟代替你一口咬在铁罐上！"
"10020681","{CARDNAME:1040}","{CARDNAME:1040}","{CARDNAME:1040}"
"10020682","However, she quickly spits it out. ""Tastes like metal. Gross.""","しかし「鉄ノ味　美味シクナイ」と、{CARDNAME:1040}は筒をぺいっと吐き出した。","可 {CARDNAME:1040} 马上「呸」地吐了出来：「铁的味道，不好吃。」"
"10020691","{CARDNAME:1030}","{CARDNAME:1030}","{CARDNAME:1030}"
"10020692","Having examined the cylinder, {CARDNAME:1030} mutters to himself and starts fiddling with it.","鉄の筒を観察した{CARDNAME:1030}が「これは？」と呟く。そのままいじり始めると……","{CARDNAME:1030} 观察着铁罐，疑惑地嘀咕了一声，随后摆弄起来。"
"10020701","Metal Cylinder","鉄の筒","铁罐"
"10020702","With a pop, the cylinder opens up!","カパッ！と音を立て、筒が開いた。","「啪」的一声，铁罐打开了！"
"10020711","Metal Cylinder","鉄の筒","铁罐"
"10020712","Inside is some kind of delicious-looking, vibrant red food. The smell of it makes your stomach burble in hunger.","中には美味しそうな色をした食べ物が詰まっている。そして、食欲を刺激する匂いを放っていた。","里面装着色泽鲜艳、看起来十分可口的食物，香气更是勾得你饥肠辘辘。"
"10020721","{CARDNAME:1040}","{CARDNAME:1040}","{CARDNAME:1040}"
"10020722","""Don't eat that unless you want it spraying out both ends,"" says {CARDNAME:1020}. {CARDNAME:1040} ignores him and dumps the contents of the cylinder into her mouth.","「腹を壊すぞ。やめろ」という{CARDNAME:1020}の制止を振り切って、{CARDNAME:1040}が中身を口に入れる。","{CARDNAME:1020} 劝道：「吃坏肚子可别怪我，还是算了。」{CARDNAME:1040} 根本不听，直接把罐中食物倒进嘴里。"
"10020731","{CARDNAME:1040}","{CARDNAME:1040}","{CARDNAME:1040}"
"10020732","""...!""","「……！　…………！！」","「……！…………！！」"
"10020741","","",""
"10020742","Something looks off with {CARDNAME:1040}.","{CARDNAME:1040}の様子がおかしいが……","{CARDNAME:1040} 的样子有些不对……"
"10020751","Spit It Out!","急いで吐き出して！","快吐出来！"
"10020752","You pat {CARDNAME:1040} on the back and tell her to spit the food out. However...","君は{CARDNAME:1040}の背中をさすりながら、吐き出すように指示をした。しかし……","你一边拍着 {CARDNAME:1040} 的背，一边叫她赶紧吐出来。可是……"
"10020761","Is It...Good?","……おいしい、の？","……好吃吗？"
"10020762","{CARDNAME:1040} doesn't look like she's in distress. ""Is it...good?"" you ask.","君は苦しそうにはしていない{CARDNAME:1040}の様子に、「もしかして、おいしいの？」と聞いた。すると……","{CARDNAME:1040} 看起来并不痛苦。你试探着问：「难道……很好吃？」结果……"
"10020771","{CARDNAME:1040}","{CARDNAME:1040}","{CARDNAME:1040}"
"10020772","Her eyes light up, and she tells you that she's never eaten anything so delicious in all her life.","{CARDNAME:1040}は目を輝かせた。今まで食べた物の中で一番美味しいと。","{CARDNAME:1040} 两眼放光，说这是她这辈子吃过最好吃的东西。"
"10020781","{CHARACTERNAME:1010} and Company","{CHARACTERNAME:1010}達一行","{CHARACTERNAME:1010} 一行"
"10020782","The rest of you swallow hard, practically in unison.","君達は、ゴクリと喉を鳴らした。","你们不约而同地咽了口唾沫。"
"10020791","{CARDNAME:1030}","{CARDNAME:1030}","{CARDNAME:1030}"
"10020792","""Well, I suppose all science starts with experimentation, no?""","「まあ、科学はまず試すことからですし？」","「嗯……科学总得从亲自尝试开始，对吧？」"
"10020801","{CHARACTERNAME:1010}","{CHARACTERNAME:1010}","{CHARACTERNAME:1010}"
"10020802","""I AM really hungry...""","「お腹すいた……」","「我也……真的饿了……」"
"10020811","{CARDNAME:1020}","{CARDNAME:1020}","{CARDNAME:1020}"
"10020812","""...I guess we sink or swim together.""","「……ここまで来たら一蓮托生だ」","「……都到这一步了，要死一起死。」"
"10020821","{CHARACTERNAME:1010} and Company","{CHARACTERNAME:1010}達一行","{CHARACTERNAME:1010} 一行"
"10020822","With everyone decided, you reach into the cylinder and start to eat the contents.","覚悟を決めた君達は、鉄の筒の中身を取り出すと、口に入れ……","大家下定决心，从铁罐里取出食物，送入口中……"
"10020831","{CHARACTERNAME:1010} and Company","{CHARACTERNAME:1010}達一行","{CHARACTERNAME:1010} 一行"
"10020832","And then you eat more, and more! You can't stop! It's a new dimension of flavor!","思う存分、その美味を堪能した。","你们大快朵颐，尽情享受这前所未有的美味。"
"10020841","{CARDNAME:1020}","{CARDNAME:1020}","{CARDNAME:1020}"
"10020842","{CARDNAME:1020} apologizes to the iron figure. ""Hey, you're all right. Sorry we hurt your buddy.""","{CARDNAME:1020}は、「アンタ、いいやつだったんだな。仲間を痛めつけてしまった。すまない」と謝罪した。","{CARDNAME:1020} 向铁人偶道歉：「原来你是个好家伙。我们把你同伴打坏了，对不起。」"
"10020851","{CARDNAME:3580}","{CARDNAME:3580}","{CARDNAME:3580}"
"10020852","""Hello, hello! Would you care for some tasty canned food?""","「イラッシャイマセ！トッテモ美味シイ<highlight>缶詰</highlight>ハ、イカガデスカ？」","「欢迎光临！要不要来点非常美味的<highlight>罐头</highlight>？」"
"10020861","{CHARACTERNAME:1010} and Company","{CHARACTERNAME:1010}達一行","{CHARACTERNAME:1010} 一行"
"10020862","It continues to offer more of that delicious ""canned food."" You're touched by its kindness.","「……ッ！」
なおも美味しい「缶詰」を勧めてくれる、人形の親切さに君達は胸を打たれた。","「……！」人偶仍不断劝你们多吃些美味的「罐头」。它的热情让你们十分感动。"
"10020871","","",""
"10020872","Eat some canned food?","「缶詰」を食べますか？","要吃「罐头」吗？"
"10020881","Eat It","食べる","吃"
"10020882","The group enjoys another delicious meal of canned food. The incredible taste is satisfying to body and mind alike.","君達は「缶詰」を食べた。あまりの美味しさに心と体が癒されていく。","你们又美美吃了一顿罐头。惊人的美味让身心都得到了满足。"
"10020891","Don't Eat It","食べない","不吃"
"10020892","You politely refuse, claiming that you're already quite full.","今はお腹いっぱいだから大丈夫だ、と君は断った。","你礼貌地谢绝，说自己现在已经很饱了。"
"10020901","Iron Door","鉄の扉","铁门"
"10020902","The iron door opens just as before, and the four of you step inside.","再び開いた鉄の扉を前に、君達は奥に進んだ。","铁门像刚才一样再次打开，你们四人走了进去。"
"10020911","{CARDNAME:3580}","{CARDNAME:3580}","{CARDNAME:3580}"
"10020912","Another {CARDNAME:3580} stands before you. Something is different about this one, though.","{CARDNAME:3580}が立っている。しかし、そこから発せられた声は……","又一尊 {CARDNAME:3580} 站在你们面前。可这一尊似乎有些不同……"
"10020921","{CARDNAME:3580}","{CARDNAME:3580}","{CARDNAME:3580}"
"10020922","""Welcome. You've done well to come this far.""","「いらっしゃい。よくここまで来られたわね」","「欢迎。你们能一路来到这里，很不错。」"
"10020931","{CARDNAME:1030}","{CARDNAME:1030}","{CARDNAME:1030}"
"10020932","Unlike the others, this one speaks in a much more natural cadence. Upon hearing its voice, {CARDNAME:1030}'s eyes go wide.","今までとは違い、流暢に喋る{CARDNAME:3580}。その声を聴いた{CARDNAME:1030}は目を見開いた。","这尊 {CARDNAME:3580} 与先前不同，说话十分流畅。听见它的声音，{CARDNAME:1030} 猛地睁大双眼。"
"10020941","{CARDNAME:1030}","{CARDNAME:1030}","{CARDNAME:1030}"
"10020942","""I know that voice!""","「その声……！」","「这个声音……！」"
"10020951","{CARDNAME:1020}","{CARDNAME:1020}","{CARDNAME:1020}"
"10020952","同じく声を聴いた{CARDNAME:1020}は、目を見開いてガタガタと震えている。","同じく声を聴いた{CARDNAME:1020}は、目を見開いてガタガタと震えている。","同じく声を聴いた{CARDNAME:1020}は、目を見開いてガタガタと震えている。"
"10020961","{CARDNAME:3580}","{CARDNAME:3580}","{CARDNAME:3580}"
"10020962","""I wonder if you are worthy of going beyond this point?""","「貴方達に、この先に進む資格はあるかしら？」","「不知道你们是否有资格继续前进呢？」"
"10020971","Door","扉","门"
"10020972","You hear the sound of a door slamming open.","その時、バン！と扉が開く音がしたかと思うと……","就在这时，只听「砰」的一声，门猛然打开……"
"10020981","Monster","{CARDNAME:4340}","{CARDNAME:4340}"
"10020982","A trio of monsters spills out of the doorway!","扉の奥から{CARDNAME:4340}が現れた！","几只 {CARDNAME:4340} 从门后冲了出来！"
"10020991","Monster","{CARDNAME:4340}","{CARDNAME:4340}"
"10020992","""You will go. No further.""","「ここカラ先ニハ、行かせナイ」","「不会让你们……再往前一步。」"
"10021001","{CARDNAME:1030}","{CARDNAME:1030}","{CARDNAME:1030}"
"10021002","Suddenly, {CARDNAME:1030} charges into the monsters. ""Out of the way!"" he shouts.","すると{CARDNAME:1030}が突然、
「どいてください！！」と叫び、{CARDNAME:4340}の群れに突っ込んだ！","突然，{CARDNAME:1030} 大喊：「让开！！」一头冲进了 {CARDNAME:4340} 群中！"
"10021011","Monster Horde","{CARDNAME:4340}の群れ","{CARDNAME:4340} 群"
"10021012","No sooner do you defeat the monsters than reinforcements rush from the door, barring your path. {CARDNAME:1030} looks ready to charge into them again at any second.","{CARDNAME:4340}を倒した君達だったがすぐに増援が現れ、扉を塞いだ。{CARDNAME:1030}は再び敵に突っ込もうとする。","你们刚打倒 {CARDNAME:4340}，增援便立刻从门后涌出，堵住去路。{CARDNAME:1030} 看样子随时又要冲上去。"
"10021021","{CARDNAME:1030}","{CARDNAME:1030}","{CARDNAME:1030}"
"10021022","There's clearly something wrong with {CARDNAME:1030}. It'd be dangerous to keep fighting with him in this state.","{CARDNAME:1030}の様子が明らかにおかしい。このまま戦闘を続けるのは危険だろう。","{CARDNAME:1030} 的样子明显不对。让他这样继续战斗太危险了。"
"10021031","{CHARACTERNAME:1010} and Company","{CHARACTERNAME:1010}達一行","{CHARACTERNAME:1010} 一行"
"10021032","{CARDNAME:1040} grabs him, and the group beats a quick retreat.","なおも突っ込もうとする{CARDNAME:1030}を{CARDNAME:1040}が抱え、君達はその場を離れた。","{CARDNAME:1040} 一把抱住还想往前冲的 {CARDNAME:1030}，你们赶紧撤离了那里。"
"10021041","{CARDNAME:1030}","{CARDNAME:1030}","{CARDNAME:1030}"
"10021042","Seated on the ground, {CARDNAME:1030} apologizes. It looks like he managed to cool his heels a bit in the wake of your retreat.","移動して落ち着いたのか、{CARDNAME:1030}が謝ってきた。どうやら冷静さを取り戻したらしい。","换了地方冷静下来后，{CARDNAME:1030} 向大家道歉。看来他总算恢复了理智。"
"10021051","{CARDNAME:1020}","{CARDNAME:1020}","{CARDNAME:1020}"
"10021052","{CARDNAME:1020}も「すまない。もう大丈夫だ」と言う。","{CARDNAME:1020}も「すまない。もう大丈夫だ」と言う。","{CARDNAME:1020}も「すまない。もう大丈夫だ」と言う。"
"10021061","{CARDNAME:1030}","{CARDNAME:1030}","{CARDNAME:1030}"
"10021062","You ask him what happened, and he replies, ""I needed to see whose voice that was.""","さっきはどうしたのかと問う君に、{CARDNAME:1030}は、あの声の主を確かめたかった、と言った。","你问他刚才怎么回事，{CARDNAME:1030} 回答：「我想确认那个声音究竟是谁。」"
"10021071","{CARDNAME:1020}","{CARDNAME:1020}","{CARDNAME:1020}"
"10021072","You look to {CARDNAME:1020} for assistance. But for some reason, his face has gone pale.","{CARDNAME:1020}に相談しようとすると、なぜか青ざめた顔をしている。","你想找 {CARDNAME:1020} 商量，却发现他不知为何脸色煞白。"
"10021081","","",""
"10021082","What do you do?","どうするべきか？","该怎么办？"
"10021091","Ask {CARDNAME:1030} Why","{CARDNAME:1030}に理由を訊く","问 {CARDNAME:1030} 原因"
"10021092","{CARDNAME:1030} is silent for a few moments. ""The {CARDNAME:3580}'s voice...it sounded just like somebody important to me.""","{CARDNAME:1030}は、しばらく沈黙した後「{CARDNAME:3580}の声が……大切な人の声にそっくりなんです」と言った。","{CARDNAME:1030} 沉默片刻，说道：「那尊 {CARDNAME:3580} 的声音……和一个对我很重要的人一模一样。」"
"10021101","{CARDNAME:1030}","{CARDNAME:1030}","{CARDNAME:1030}"
"10021102","""I can't ask you all to put yourselves in danger. I'll go on by myself,"" he continues, standing up.","続けて「皆さんに迷惑をかけられないので、この先は一人で進みます……」と、{CARDNAME:1030}は立ち上がる。","{CARDNAME:1030} 接着站起身：「不能再给大家添麻烦了。接下来我一个人去……」"
"10021111","Check on {CARDNAME:1020}","{CARDNAME:1020}を気遣う","关心 {CARDNAME:1020}"
"10021112","{CARDNAME:1020}'s reply is terse. ""Don't worry about me.""","{CARDNAME:1020}は短く、「オレのことは気にするな……」と言った。","{CARDNAME:1020} 只简短地说：「别管我……」"
"10021121","{CARDNAME:1030} and {CARDNAME:1020}","{CARDNAME:1030}と{CARDNAME:1020}","{CARDNAME:1030} 和 {CARDNAME:1020}"
"10021122","{CARDNAME:1030} seems determined to get through that door, even if he has to do it alone. You're also concerned about {CARDNAME:1020}...","{CARDNAME:1030}は一人でも扉の先に進む気だ。{CARDNAME:1020}の様子も気になりはするが……","{CARDNAME:1030} 看来打定主意，即使独自一人也要穿过那扇门。可 {CARDNAME:1020} 的状态也让你担心……"
"10021131","{CHARACTERNAME:1010} and Company","{CHARACTERNAME:1010}達一行","{CHARACTERNAME:1010} 一行"
"10021132","Nonetheless, the four of you agree to see what's beyond the door. But to do that, you'll have to take down those monsters.","君達は、皆で扉の先に進むことを決めた。しかし先に進むのなら、あの{CARDNAME:4340}達を倒さなければならない。","最终，你们四人决定一起看看门后究竟有什么。不过想过去，就必须先打倒那些 {CARDNAME:4340}。"
"10021141","Monster","{CARDNAME:4340}","{CARDNAME:4340}"
"10021142","""Should have stayed away,"" one of the monsters says.","「アノまま帰ってイレバ良カッタものヲ」と、{CARDNAME:4340}達が言う。","{CARDNAME:4340} 们说道：「刚才乖乖回去不就好了。」"
"10021151","{CHARACTERNAME:1010} and Company","{CHARACTERNAME:1010}達一行","{CHARACTERNAME:1010} 一行"
"10021152","""We need to see what's through that door,"" you say as the four of you draw your weapons.","「この先で確かめたいことがある」と君達は返し、武器を構えた。","「我们有必须到前面确认的事。」你们如此回答，同时架起武器。"
"10021161","Monster","{CARDNAME:4340}","{CARDNAME:4340}"
"10021162","""We back off for now,"" says one of the monsters. They flee.","「一旦退クゾ」と、{CARDNAME:4340}達が逃げていく。","{CARDNAME:4340} 们说着「先撤退」，逃走了。"
"10021171","{CARDNAME:3580}","{CARDNAME:3580}","{CARDNAME:3580}"
"10021172","Left standing alone, the {CARDNAME:3580} says in a soft voice, ""You've done so well. You may proceed.""","その場に残された{CARDNAME:3580}は、「たいへんよくできました。先に進みなさい」と優しい声で言った。","独自留在原地的 {CARDNAME:3580} 用温柔的声音说道：「做得非常好。继续前进吧。」"
"10021181","{CARDNAME:1030}","{CARDNAME:1030}","{CARDNAME:1030}"
"10021182","「……」","「……」","「……」"
"10021191","{CARDNAME:3580}","{CARDNAME:3580}","{CARDNAME:3580}"
"10021192","続けて「先に進むことを許しましょう」と言うと、{CARDNAME:3580}は、魔物達が塞いでいた扉を指し示した。","続けて「先に進むことを許しましょう」と言うと、{CARDNAME:3580}は、{CARDNAME:4340}達が塞いでいた扉を指し示した。","続けて「先に進むことを許しましょう」と言うと、{CARDNAME:3580}は、魔物達が塞いでいた扉を指し示した。"
"10021201","{CARDNAME:1020}","{CARDNAME:1020}","{CARDNAME:1020}"
"10021202","{CARDNAME:1020} is attempting to appear calm, but you notice beads of sweat running down his face. The figure's voice was certainly unsettling, but it didn't seem THAT unsettling...","{CARDNAME:1020}は、平然を装っているが脂汗をかいている。人形から聞こえる声は確かに不気味ではあるが……","{CARDNAME:1020} 虽装作若无其事，脸上却冒着冷汗。人偶的声音确实有些诡异，可也没诡异到这种程度……"
"10021211","{CARDNAME:1030}","{CARDNAME:1030}","{CARDNAME:1030}"
"10021212","{CARDNAME:1030} looks at the rest of you and gives a deep bow of his head. ""I'm so sorry to have dragged you all into this,"" he mutters, his voice barely audible.","そして、{CARDNAME:1030}は君達に頭を深々と下げ「皆さんを巻き込んでしまって、すみません」と小さく呟く。","{CARDNAME:1030} 朝你们深深低下头，小声说道：「把大家卷进来，真的很抱歉。」"
"10021221","","",""
"10021222","{CARDNAME:1030}に理由を聞こうか？","{CARDNAME:1030}に理由を聞こうか？","{CARDNAME:1030}に理由を聞こうか？"
"10021231","あの先に何があるの？","あの先に何があるの？","あの先に何があるの？"
"10021232","{CARDNAME:1030}は長い沈黙の後、口を開く。「……大切な人があの先にいるかもしれないんです」と。","{CARDNAME:1030}は長い沈黙の後、口を開く。「……大切な人があの先にいるかもしれないんです」と。","{CARDNAME:1030}は長い沈黙の後、口を開く。「……大切な人があの先にいるかもしれないんです」と。"
"10021241","あの声が関係してる？","あの声が関係してる？","あの声が関係してる？"
"10021242","{CARDNAME:1030}は長い沈黙の後、口を開く。「……大切な人の声に、とてもよく似ているんです」と。","{CARDNAME:1030}は長い沈黙の後、口を開く。「……大切な人の声に、とてもよく似ているんです」と。","{CARDNAME:1030}は長い沈黙の後、口を開く。「……大切な人の声に、とてもよく似ているんです」と。"
"10021251","{CHARACTERNAME:1010}","{CHARACTERNAME:1010}","{CHARACTERNAME:1010}"
"10021252","{CARDNAME:1030}の大切な人とはつまり……！君は{CARDNAME:1030}の気持ちが痛い程わかる。","{CARDNAME:1030}の大切な人とはつまり……！君は{CARDNAME:1030}の気持ちが痛い程わかる。","{CARDNAME:1030}の大切な人とはつまり……！君は{CARDNAME:1030}の気持ちが痛い程わかる。"
"10021261","{CHARACTERNAME:1010} and Company","{CHARACTERNAME:1010}達一行","{CHARACTERNAME:1010} 一行"
"10021262","君達は、覚悟を決めた。","君達は、覚悟を決めた。","君達は、覚悟を決めた。"
"10021271","鉄の人形","{CARDNAME:3580}","鉄の人形"
"10021272","「…………」","「…………」","「…………」"
"10021281","{CARDNAME:1030}","{CARDNAME:1030}","{CARDNAME:1030}"
"10021282","Beyond the door, there is a lone woman. {CARDNAME:1030} gasps at the sight of her.","扉の先に一人の女性が待っていた。その姿を見て{CARDNAME:1030}が息を呑む。","门后，一名女子独自等在那里。看见她，{CARDNAME:1030} 倒吸一口气。"
"10021291","{CARDNAME:1030}","{CARDNAME:1030}","{CARDNAME:1030}"
"10021292","""Mom...?""","「お母さん……？」","「妈妈……？」"
"10021301","{CARDNAME:1020}","{CARDNAME:1020}","{CARDNAME:1020}"
"10021302","""...!""","「……！」","「……！」"
"10021311","{CARDNAME:1030}'s Mother?","{CARDNAME:1030}の母親？","{CARDNAME:1030} 的母亲？"
"10021312","""...""","「……」","「……」"
"10021321","{CARDNAME:1030}","{CARDNAME:1030}","{CARDNAME:1030}"
"10021322","""Mom!"" {CARDNAME:1030} shouts. He tries to run over to the woman.","「お母さん！」と、{CARDNAME:1030}が目の前の女性に駆け寄ろうとする。","{CARDNAME:1030} 喊着「妈妈！」，想朝眼前的女子跑去。"
"10021331","{CARDNAME:1020}","{CARDNAME:1020}","{CARDNAME:1020}"
"10021332","{CARDNAME:1020} holds out an arm. ""No, don't!""","それを、{CARDNAME:1020}が「行くな！」と止めた。","{CARDNAME:1020} 伸手拦住他：「别过去！」"
"10021341","{CARDNAME:1030}","{CARDNAME:1030}","{CARDNAME:1030}"
"10021342","You watch the monsters take the woman away, and {CARDNAME:1030} lets out an agonized, ""MOM!""","「お母さん！」と、{CARDNAME:4340}に連れ去られる母親に向けて{CARDNAME:1030}は悲痛な叫び声をあげた。","眼看母亲被 {CARDNAME:4340} 带走，{CARDNAME:1030} 发出一声悲痛的呼喊：「妈妈！」"
"10021351","Metal Box","鉄の箱","铁箱"
"10021352","The image of {CARDNAME:1030}'s mother is displayed on the metal box.","鉄の箱に、{CARDNAME:1030}の母親の姿が映る。","铁箱上显示着 {CARDNAME:1030} 母亲的身影。"
"10021361","{CARDNAME:1030}","{CARDNAME:1030}","{CARDNAME:1030}"
"10021362","""Mom!""","「お母さん！」","「妈妈！」"
"10021371","{CARDNAME:1030}'s Mother?","{CARDNAME:1030}の母親","{CARDNAME:1030} 的母亲"
"10021372","""You've grown, {CARDNAME:1030}. You look just like your father.""","「大きくなったわね、{CARDNAME:1030}。お父さんにそっくり」","「长大了呢，{CARDNAME:1030}。你和爸爸长得真像。」"
"10021381","Metal Box","鉄の箱","铁箱"
"10021382","The image of {CARDNAME:1030}'s mother is displayed on the metal box.","鉄の箱に、{CARDNAME:1030}の母親の姿が映る。","铁箱上显示着 {CARDNAME:1030} 母亲的身影。"
"10021391","{CARDNAME:1030}'s Mother?","{CARDNAME:1030}の母親","{CARDNAME:1030} 的母亲"
"10021392","""That girl... Is she a monster? Or...a human? Hehe, well, would that be so impossible?""","「そこの子は{CARDNAME:4340}？……それとも人間？……ふふ、ありえない話ではないわね」","「那个女孩……是 {CARDNAME:4340}？还是……人类？呵呵，倒也不是不可能呢。」"
"10021401","{CARDNAME:1030}'s Mother?","{CARDNAME:1030}の母親","{CARDNAME:1030} 的母亲"
"10021402","""Oh, the researcher in me simply must know...""","「科学者として興味をそそられるわ……」","「作为科学家，我实在很感兴趣……」"
"10021411","Metal Box","鉄の箱","铁箱"
"10021412","The image of {CARDNAME:1030}'s mother is displayed on the metal box.","鉄の箱に、{CARDNAME:1030}の母親の姿が映る。","铁箱上显示着 {CARDNAME:1030} 母亲的身影。"
"10021421","{CARDNAME:1030}'s Mother?","{CARDNAME:1030}の母親","{CARDNAME:1030} 的母亲"
"10021422","""You... You're the surviving subterran, aren't you?""","「貴方……地下の民の生き残りね？」","「你……是地下居民的幸存者吧？」"
"10021431","{CHARACTERNAME:1010}","{CHARACTERNAME:1010}","{CHARACTERNAME:1010}"
"10021432","""...How do you know that?""","「……なんでわかるの？」","「……你怎么知道？」"
"10021441","{CARDNAME:1030}'s Mother?","{CARDNAME:1030}の母親","{CARDNAME:1030} 的母亲"
"10021442","""Your face tells me you use monsters like tools. I'm sure you've worked more than your share of them to the bone, too.""","「{CARDNAME:4340}なんて道具って顔をしていたから。さぞかし、たくさんの{CARDNAME:4340}をこき使ってきたのでしょうね」","「看你的表情就知道，你把 {CARDNAME:4340} 当工具。想必也驱使过不少 {CARDNAME:4340} 吧。」"
"10021451","{CHARACTERNAME:1010}","{CHARACTERNAME:1010}","{CHARACTERNAME:1010}"
"10021452","""...!""","「……！」","「……！」"
"10021461","Medium Metal Box","中くらいの鉄の箱","中型铁箱"
"10021462","The box crackles and gives off an odd glow, but no longer shows {CARDNAME:1030}'s mother.","ザーと音を立てながら、怪しく光っている。しかし、{CARDNAME:1030}の母親の姿はもう映っていない。","铁箱发出沙沙声，泛着诡异的光。可上面已经不再显示 {CARDNAME:1030} 母亲的身影。"
"10021471","Monster","{CARDNAME:4340}","{CARDNAME:4340}"
"10021472","The monster pouts, ""I've got these amazing wings. I don't belong in this dingy place. I wanna fly. In the sky!""","{CARDNAME:4340}は「セッカク翼ヲ手に入レタンだ。コンな地下ジャナク大空を飛ビ回リタイゼ」と鼻を鳴らしている。","{CARDNAME:4340} 哼了一声：「好不容易有了这对翅膀，我才不要窝在这种地下。我想去天空尽情飞翔！」"
"10021481","Monster","{CARDNAME:4340}","{CARDNAME:4340}"
"10021482","The monster mumbles, ""What I wouldn't give. To take another drive up the coastline...""","{CARDNAME:4340}は「マタコイツと海岸線沿イヲ、ドライブしたイゼ……」と呟いている。","{CARDNAME:4340} 喃喃道：「真想再和这家伙沿着海岸兜一次风啊……」"
"10021491","{CARDNAME:105422}","{CARDNAME:105422}","{CARDNAME:105422}"
"10021492","The iron box is rusted here and there, but is notably free of dust. Maybe someone has been taking care of it.","所々錆びてはいるが、埃は溜まっていないようだ。誰かが手入れをしているのだろうか……","铁箱有些地方已经生锈，却几乎没有积灰。难道一直有人在保养？"
"10021501","{CARDNAME:105423}","{CARDNAME:105423}","{CARDNAME:105423}"
"10021502","You pick up the small object, and for a brief moment a detailed image of happy-looking monsters is displayed on it. A moment later, it vanishes. What sort of device is this?","手に取ると、仲睦まじい{CARDNAME:4340}の精巧な絵が映し出されて、すぐに消えた。どういう仕組みなのだろう……","你拿起那个小物件，眼前忽然映出几只关系亲密的 {CARDNAME:4340}，画面精细得惊人，随即又消失了。这究竟是什么原理……"
"10021511","{CARDNAME:1030}'s Mother?","{CARDNAME:1030}の母親","{CARDNAME:1030} 的母亲"
"10021512","{CARDNAME:1030}'s mother stands waiting for you, surrounded by monsters.","{CARDNAME:1030}の母親は{CARDNAME:4340}に囲まれて君達を待っていた。","{CARDNAME:1030} 的母亲被 {CARDNAME:4340} 环绕着，正在等你们。"
"10021521","{CARDNAME:1030}'s Mother?","{CARDNAME:1030}の母親","{CARDNAME:1030} 的母亲"
"10021522","だが、今にも襲われそうな雰囲気ではない。魔物達は{CARDNAME:1030}の母親を崇めるように膝まずいている。","だが、今にも襲われそうな雰囲気ではない。{CARDNAME:4340}達は{CARDNAME:1030}の母親を崇めるように膝まずいている。","だが、今にも襲われそうな雰囲気ではない。魔物達は{CARDNAME:1030}の母親を崇めるように膝まずいている。"
"10021531","{CARDNAME:1030}","{CARDNAME:1030}","{CARDNAME:1030}"
"10021532","「お母さん？」と{CARDNAME:1030}が声をかけると、魔物が「ママに気安く話シかけルナ」と、{CARDNAME:1030}を叱責した。","「お母さん？」と{CARDNAME:1030}が声をかけると、{CARDNAME:4340}が「{CARDNAME:1051}に気安く話シかけルナ」と、{CARDNAME:1030}を叱責した。","「お母さん？」と{CARDNAME:1030}が声をかけると、魔物が「ママに気安く話シかけルナ」と、{CARDNAME:1030}を叱責した。"
"10021541","{CARDNAME:1040}","{CARDNAME:1040}","{CARDNAME:1040}"
"10021542","「{CARDNAME:1030}ノ　オ母サン？
魔物タチノ　ママ？」","「{CARDNAME:1030}ノ　オ母サン？
{CARDNAME:4340}タチノ　{CARDNAME:1051}？」","「{CARDNAME:1030}ノ　オ母サン？
魔物タチノ　ママ？」"
"10021551","{CHARACTERNAME:1010}","{CHARACTERNAME:1010}","{CHARACTERNAME:1010}"
"10021552","In the midst of the confusion, you direct a question at the woman who seems to be {CARDNAME:1030}'s mother.","混乱した状況の中、君は{CARDNAME:1030}の母親らしき女性に向かって問いかける。","面对这混乱的局面，你向那个似乎是 {CARDNAME:1030} 母亲的女子发问。"
"10021561","","",""
"10021562","Are you...","あなたは……","你是……"
"10021571","The Monsters' ""Mother""?","{CARDNAME:4340}達の{CARDNAME:1051}？","{CARDNAME:4340} 们的 {CARDNAME:1051}？"
"10021572","""Yes. And I am {CARDNAME:1030}'s mother, as well.""","「そうね。そして{CARDNAME:1030}の母親でもあるわ」","「是啊。而且，我也是 {CARDNAME:1030} 的母亲。」"
"10021581","{CARDNAME:1030}'s Mother?","{CARDNAME:1030}の母親？","{CARDNAME:1030} 的母亲？"
"10021582","""Yes. And I am mother to the monsters, as well.""","「ええ。そして{CARDNAME:4340}達の{CARDNAME:1051}でもあるわ」","「是的。而且，我也是 {CARDNAME:4340} 们的 {CARDNAME:1051}。」"
"10021591","{CARDNAME:1030}'s Mother","{CARDNAME:1030}の母親","{CARDNAME:1030} 的母亲"
"10021592","""I must introduce myself. My name is {CARDNAME:1050}. Thank you for taking care of my son, {CARDNAME:1030}.""","「自己紹介しなきゃね。私の名は{CARDNAME:1050}。息子の{CARDNAME:1030}がお世話になりました」","「还没自我介绍呢。我叫 {CARDNAME:1050}。这些日子，多谢你们照顾我儿子 {CARDNAME:1030}。」"
"10021601","{CARDNAME:1030}","{CARDNAME:1030}","{CARDNAME:1030}"
"10021602","Visibly trembling, {CARDNAME:1030} forces a few words out. ""Mom... Why?""","{CARDNAME:1030}は動揺しながら「お母さん……どうして……」と呟いている。","{CARDNAME:1030} 明显动摇，颤声道：「妈妈……为什么……」"
"10021611","{CARDNAME:1050}","{CARDNAME:1050}","{CARDNAME:1050}"
"10021612","{CARDNAME:1050} laughs gently, and then claims she will show you something good as a reward for making it all this way.","{CARDNAME:1050}は優しく笑うと、この場所までたどり着いたご褒美に、良いものを見せるという。","{CARDNAME:1050} 温柔一笑，说你们既然一路来到这里，就给你们看个好东西作为奖励。"
"10021621","{CARDNAME:1050}","{CARDNAME:1050}","{CARDNAME:1050}"
"10021622","She explains that this building was once a facility called a ""movie theater."" The humans of old would come here to enjoy watching ""movies,"" fictionalized moving pictures that other people had made.","ここはもともと、<highlight>映画館</highlight>という施設だったらしい。昔の人は、作られた映像をここで見て楽しんだそうだ。","据她所说，这里原本是一座名为<highlight>电影院</highlight>的设施。古人会在这里观看他人制作的虚构影像，也就是所谓「电影」，以此娱乐。"
"10021631","{CARDNAME:1050}","{CARDNAME:1050}","{CARDNAME:1050}"
"10021632","""However,"" {CARDNAME:1050} says with a smile, ""what I'm about to show you is no fiction.""","「けれど」と{CARDNAME:1050}は微笑む。これから見せるのは作りものではなく……","「不过，」{CARDNAME:1050} 微笑着说，「接下来给你们看的，可不是虚构。」"
"10021641","{CARDNAME:1050}","{CARDNAME:1050}","{CARDNAME:1050}"
"10021642","""It is the true story of our world's monsters.""","この世界の、{CARDNAME:4340}の真実だと……そう言った。","「而是这个世界上，{CARDNAME:4340} 的真相。」"
"10021651","{CARDNAME:1050}","{CARDNAME:1050}","{CARDNAME:1050}"
"10021652","{CARDNAME:1050}が何かの装置を起動させようとした、まさにその時……","{CARDNAME:1050}が何かの装置を起動させようとした、まさにその時……","{CARDNAME:1050}が何かの装置を起動させようとした、まさにその時……"
"10021661","{CARDNAME:1020}","{CARDNAME:1020}","{CARDNAME:1020}"
"10021662","「やめろ！」と叫んだ{CARDNAME:1020}が、{CARDNAME:1050}に向けて飛びかかった！","「やめろ！」と叫んだ{CARDNAME:1020}が、{CARDNAME:1050}に向けて飛びかかった！","「やめろ！」と叫んだ{CARDNAME:1020}が、{CARDNAME:1050}に向けて飛びかかった！"
"10021671","{CARDNAME:1020}","{CARDNAME:1020}","{CARDNAME:1020}"
"10021672","しかし、{CARDNAME:1020}はすぐに魔物達によって取り押さえられてしまう。","しかし、{CARDNAME:1020}はすぐに{CARDNAME:4340}達によって取り押さえられてしまう。","しかし、{CARDNAME:1020}はすぐに魔物達によって取り押さえられてしまう。"
"10021681","{CARDNAME:1050}","{CARDNAME:1050}","{CARDNAME:1050}"
"10021682","「危害を加えるつもりはない」と{CARDNAME:1050}は言う。ただそこの椅子に座って真実を見てほしいのだ、と……","「危害を加えるつもりはない」と{CARDNAME:1050}は言う。ただそこの椅子に座って真実を見てほしいのだ、と……","「危害を加えるつもりはない」と{CARDNAME:1050}は言う。ただそこの椅子に座って真実を見てほしいのだ、と……"
"10021691","{CHARACTERNAME:1010} and Company","{CHARACTERNAME:1010}達一行","{CHARACTERNAME:1010} 一行"
"10021692","{CARDNAME:1020}が心配だ。今はおとなしく、言われた通り椅子に座ろう。","{CARDNAME:1020}が心配だ。今はおとなしく、言われた通り椅子に座ろう。","{CARDNAME:1020}が心配だ。今はおとなしく、言われた通り椅子に座ろう。"
"10021701","{CHARACTERNAME:1010} and Company","{CHARACTERNAME:1010}達一行","{CHARACTERNAME:1010} 一行"
"10021702","ここまで来て真実を知らずには帰れない……！","【カット】ここまで来て真実を知らずには帰れない……！","ここまで来て真実を知らずには帰れない……！"
"10021711","{CARDNAME:1050}","{CARDNAME:1050}","{CARDNAME:1050}"
"10021712","""Don't get any funny ideas, now. I just might change my mind,"" {CARDNAME:1050} says, a questionable smile on her face.","「変な気は起こさないことね。気が変わってしまうかも」と{CARDNAME:1050}は怪しげに微笑んだ。","{CARDNAME:1050} 露出意味深长的笑容：「可别起什么歪心思。否则我也许会改变主意。」"
"10021721","{CARDNAME:1050}","{CARDNAME:1050}","{CARDNAME:1050}"
"10021722","""Now that you're seated, we'll begin the screening,"" {CARDNAME:1050} says. She then activates the ""movie"" device.","「では、上映開始ね」と言い、{CARDNAME:1050}は装置を起動させた。","「既然都坐好了，那就开始放映吧。」说完，{CARDNAME:1050} 启动了「电影」装置。"
"10021731","","",""
"10021732","Once upon a time, there was a village in which humans dwelled.","昔々、人間が住む村がありました。","很久很久以前，有一个人类居住的村庄。"
"10021741","","",""
"10021742","Terrible beasts called aberrants had descended upon this village.","そこに、<highlight>異形</highlight>と呼ばれる化け物が押し寄せます。","有一天，名为<highlight>异形</highlight>的可怕怪物袭击了村庄。"
"10021751","","",""
"10021752","Amidst the chaos of fleeing inhabitants, a lone man fought back against the fiends.","逃げ惑う人々を背に、一人の男が異形を倒すために立ち向かいました。","居民四散奔逃，一名男子却挺身而出，与异形战斗。"
"10021761","","",""
"10021762","The man succeeded in fighting off the aberrants, but still he lamented that he was unable to save more people.","男は何とか異形を撃退しました。しかし、また多くの犠牲者が出てしまったと嘆きます。","男子终于击退异形，却仍为没能救下更多人而悲叹。"
"10021771","","",""
"10021772","One of the children cries out, ""I'm so hungry my stomach hurts!""","子供が、「お腹が空いたよぉ」と嘆いています。","一个孩子哭喊着：「肚子好饿，都饿疼了！」"
"10021781","","",""
"10021782","In this era, climate change had pushed the world to the brink of a major food crisis.","この時代、世界は気候変動により重大な食料危機に瀕していました。","在那个时代，气候变化令世界陷入严重的粮食危机。"
"10021791","","",""
"10021792","This in turn caused skirmishes and outright war to break out all over.","そして、それをキッカケにして戦争があちこちで起きていたのです。","粮食危机又引发了各地的冲突乃至战争。"
"10021801","","",""
"10021802","One of the children cries out, ""I'm so hungry my stomach hurts!""","子供が、「お腹が空いたよぉ」と嘆いています。","一个孩子哭喊着：「肚子好饿，都饿疼了！」"
"10021811","","",""
"10021812","""When will all the fighting end?"" cries the old man, his voice breaking with indignation.","老人は、「いつになったら争いが終わるのだ」と憤慨しています。","老人愤怒地喊道：「战争到底什么时候才能结束！」"
"10021821","","",""
"10021822","In this era, the fires of war had spread across the world. And into that raging conflict came biological weapons—the <highlight>aberrants</highlight>.","この時代、世界中で戦争が起きていました。その戦争に投入された生体兵器、それが<highlight>異形</highlight>です。","那个时代，战火席卷全世界。而被投入战争的生物兵器，正是<highlight>异形</highlight>。"
"10021831","","",""
"10021832","Their incredible power was meant to bring an end to the long years of bloodshed. And yet, in the disarray of war, the means to control these weapons was lost.","その圧倒的な力は、長く続く戦争を終わらせるはずでした。しかし、戦争の最中異形を制御する術が失われてしまったのです。","人们原本希望凭借异形压倒性的力量结束漫长战争。可在战乱中，控制异形的方法却失传了。"
"10021841","","",""
"10021842","""When will all the fighting end?"" cries the old man, his voice breaking with indignation.","老人は、「いつになったら争いが終わるのだ」と憤慨しています。","老人愤怒地喊道：「战争到底什么时候才能结束！」"
"10021851","","",""
"10021852","Now unable to be controlled, the aberrants went berserk and ultimately became an existential threat to humanity.","人間の手を離れた異形は暴走し、終には人類を脅かす存在となってしまったのでした……","失去控制的异形开始暴走，最终成了足以威胁整个人类的存在……"
"10021861","","",""
"10021862","The girl sobs, ""Mom... Dad... Where'd you go?""","少女は、「お母さん……お父さん……どこ？」と涙を流しています。","女孩流着泪：「妈妈……爸爸……你们去哪了？」"
"10021871","","",""
"10021872","The man knew that he could not stand by and let things continue as they were.","村を守った男は、このままではいけないと考えます。","守护村庄的男子明白，不能再放任局势恶化。"
"10021881","","",""
"10021882","And so he decided that he would work with the villagers to come up with a solution while time yet remained.","今のうちに村の人々と打開策を話し合うべきだ、と男は思いました。","他认为必须趁现在还来得及，与村民一起商议对策。"
"10021891","","",""
"10021892","The girl sobs, ""Mom... Dad... Where'd you go?""","少女は、「お母さん……お父さん……どこ？」と涙を流しています。","女孩流着泪：「妈妈……爸爸……你们去哪了？」"
"10021901","Structures","建物","建筑"
"10021902","Looking at the rows of dwellings and shops, the man became determined to save the people who lived here no matter the cost.","立ち並ぶ住居や商店を見て男はここで暮らす人々を、何としても守らなければならないと思いました。","望着成排的住宅和商铺，男子下定决心：无论如何都要保护生活在这里的人。"
"10021911","Outside Town","外","村外"
"10021912","Aberrants lurk beyond the town's walls. It would be much too dangerous to venture out alone.","村の外には異形がうようよしています。一人で外に出るのは危険でしょう。","村外到处都是异形。独自出去实在太危险了。"
"10021921","Ballista","バリスタ","弩炮"
"10021922","This ballista was installed to safeguard the village. Its massive arrows have split many an aberrant skull.","村を守るために設置された武器。巨大な弓から放たれる矢は、数多の異形達の頭蓋を砕いてきました。","这是为守卫村庄架设的弩炮。巨大的弩箭已经击碎过无数异形的头颅。"
"10021931","Pit Trap","落とし穴","陷坑"
"10021932","This concealed pit trap was dug in order to protect the village. A growing pile of aberrant corpses lies at its bottom.","村を守るために設置された罠。深い穴の奥底には異形達の死体が積み重なっています。","这是为守卫村庄挖设的陷阱。深坑底部堆满了异形的尸体。"
"10021941","Rock Trap","落石罠","落石陷阱"
"10021942","This trap was rigged up to protect the village. Boulders drop from above, and crush the aberrants below.","村を守るために設置された罠。重たい石をぶつけて、異形達をぺしゃんこに押し潰します。","这是为守卫村庄设置的机关。沉重巨石从上方坠下，将异形压成肉泥。"
"10021951","","",""
"10021952","A throng of people has gathered at the assembly hall.","集会所には大勢の村人が集まりました。","大批村民聚集在集会所。"
"10021961","Man","男","男子"
"10021962","""On its current course, humanity will be wiped out by aberrants.""","「このままでは、異形により人類は滅びるだろう」","「再这样下去，人类迟早会被异形毁灭。」"
"10021971","","",""
"10021972","Persuaded by the man, the villagers decided to turn to a last resort.","男に説得された村人達は、最後の手段に出ることにしました。","在男子的说服下，村民们决定采取最后的手段。"
"10021981","","",""
"10021982","They would turn to genetic modification in order to give themselves the strength to fight back against the aberrants.","最後の手段……それは、異形に立ち向かえるように、人間を遺伝子改造することでした。","他们决定通过基因改造，让自己获得足以对抗异形的力量。"
"10021991","","",""
"10021992","And while those whose bodies were altered in this way would have strength enough to rival the aberrants, their appearance would be totally—and irrevocably—changed.","改造した体は異形に勝るとも劣らない力を発揮しますが、外見は全く変わってしまいます。","改造后的身体拥有不输异形的力量，但外貌也会彻底改变，再也无法恢复。"
"10022001","","",""
"10022002","But the people were determined to do this, to secure a future free from the aberrant terror.","それでも村の大人達は決めました。異形から未来を守るために。","即便如此，为了让后世摆脱异形的威胁，村里的大人们还是下定了决心。"
"10022011","","",""
"10022012","Women, children, and the elderly were sent away to a place of safety. Then, hands trembling, each of the remaining villagers accepted a drug from the man who had proposed the plan.","女子供と老人を安全地帯に逃がした村の大人達は、提案した男から震える手で<highlight>クスリ</highlight>を受け取り……","他们先将妇女、孩子和老人送往安全地带，留下的村民则从提出计划的男子手中，颤抖着接过<highlight>药物</highlight>……"
"10022021","Monster","{CARDNAME:4340}","{CARDNAME:4340}"
"10022022","And every single one of them was transformed into a monster.","全員、<highlight>{CARDNAME:4340}</highlight>へと姿を変えたのです。","所有人都变成了 <highlight>{CARDNAME:4340}</highlight>。"
"10022031","{CARDNAME:1050}","{CARDNAME:1050}","{CARDNAME:1050}"
"10022032","「これがこの世界の、魔物の真実。私が突き止めた魔物研究の成果よ」","「これがこの世界の、{CARDNAME:4340}の真実。私が突き止めた{CARDNAME:4340}研究の成果よ」","「これがこの世界の、魔物の真実。私が突き止めた魔物研究の成果よ」"
"10022041","{CARDNAME:1050}","{CARDNAME:1050}","{CARDNAME:1050}"
"10022042","と、呆然とする君達に向けて、{CARDNAME:1050}が言った。","と、呆然とする君達に向けて、{CARDNAME:1050}が言った。","と、呆然とする君達に向けて、{CARDNAME:1050}が言った。"
"10022051","{CARDNAME:1030}","{CARDNAME:1030}","{CARDNAME:1030}"
"10022052","""Monsters are humans...who evolved to protect others?""","「{CARDNAME:4340}は……人間を守るために進化した、人間？」","「{CARDNAME:4340}……原来是为了保护人类而进化的人类？」"
"10022061","{CARDNAME:1050}","{CARDNAME:1050}","{CARDNAME:1050}"
"10022062","{CARDNAME:1030} is quivering like a leaf in wind. {CARDNAME:1050} smiles her gentle smile once more. ""Very good.""","震える{CARDNAME:1030}の言葉に、{CARDNAME:1050}は「よくできました」と優しく微笑む。","{CARDNAME:1030} 浑身发抖。{CARDNAME:1050} 再次温柔地笑道：「答得很好。」"
"10022071","{CARDNAME:1050}","{CARDNAME:1050}","{CARDNAME:1050}"
"10022072","{CARDNAME:1050} says, ""It's fine now,"" and the monsters release {CARDNAME:1020}.","{CARDNAME:1050}は「もういいわ」と言うと、{CARDNAME:4340}に捕えさせていた{CARDNAME:1020}を解放した。","{CARDNAME:1050} 说了句「可以了」，{CARDNAME:4340} 便放开了 {CARDNAME:1020}。"
"10022081","{CHARACTERNAME:1010} and Company","{CHARACTERNAME:1010}達一行","{CHARACTERNAME:1010} 一行"
"10022082","この場を離れている場合ではない。早く{CARDNAME:1020}の無事を確かめよう！","この場を離れている場合ではない。早く{CARDNAME:1020}の無事を確かめよう！","この場を離れている場合ではない。早く{CARDNAME:1020}の無事を確かめよう！"
"10022091","{CARDNAME:1050}","{CARDNAME:1050}","{CARDNAME:1050}"
"10022092","「早く、オトモダチの無事を確認した方がいいんじゃないかしら？」と{CARDNAME:1050}は不敵に微笑んだ。","「早く、オトモダチの無事を確認した方がいいんじゃないかしら？」と{CARDNAME:1050}は不敵に微笑んだ。","「早く、オトモダチの無事を確認した方がいいんじゃないかしら？」と{CARDNAME:1050}は不敵に微笑んだ。"
"10022101","{CHARACTERNAME:1010} and Company","{CHARACTERNAME:1010}達一行","{CHARACTERNAME:1010} 一行"
"10022102","{CARDNAME:1020}の無事を確認した君達は改めて、目の前の魔物達を見た。","{CARDNAME:1020}の無事を確認した君達は改めて、目の前の{CARDNAME:4340}達を見た。","{CARDNAME:1020}の無事を確認した君達は改めて、目の前の魔物達を見た。"
"10022111","{CARDNAME:1050}","{CARDNAME:1050}","{CARDNAME:1050}"
"10022112","{CARDNAME:1050}はそんな君達に、
「少し話してみてはどう？襲ったりしないから」と、問いかけた。","{CARDNAME:1050}はそんな君達に、
「少し話してみてはどう？襲ったりしないから」と、問いかけた。","{CARDNAME:1050}はそんな君達に、
「少し話してみてはどう？襲ったりしないから」と、問いかけた。"
"10022121","{CARDNAME:1050}","{CARDNAME:1050}","{CARDNAME:1050}"
"10022122","""Why don't you try speaking to them a little, first? They will not try to harm you.""","「まずは、彼等と少し話してみてはどう？襲ったりしないから」","「不如先和他们聊聊？放心，他们不会袭击你们。」"
"10022131","Monster","{CARDNAME:4340}","{CARDNAME:4340}"
"10022132","The monster mumbles a few forlorn words. ""We are. Human. Same as you.""","{CARDNAME:4340}は「僕達ハ、人間だ。モトモとハ君達ト同ジね」と、寂しげに呟く。","{CARDNAME:4340} 寂寞地低声说：「我们也是人类……原本和你们一样。」"
"10022141","Monster","{CARDNAME:4340}","{CARDNAME:4340}"
"10022142","He explains that it has been a long time since they last spoke to a human other than Mother—and themselves, he quickly amends.","{CARDNAME:1051}以外の「人間」と話すのは久しぶりだと言い、すぐに自分達も「人間」だけど、と訂正した。","它说，已经很久没和 {CARDNAME:1051} 以外的「人类」说过话了。随即又补上一句，自己这些家伙当然也算「人类」。"
"10022151","Monster","{CARDNAME:4340}","{CARDNAME:4340}"
"10022152","With an air of self-mockery, he adds, ""Sometimes. I forget.""","そして、「タマニ判ラなクナルンだ」と自嘲気味に語った。","它自嘲般说道：「有时候……连我自己都会弄不明白。」"
"10022161","Monster","{CARDNAME:4340}","{CARDNAME:4340}"
"10022162","""We are. Human. Same as you.""","「僕達ハ、人間だ。モトモとハ君達ト同ジね」","「我们也是人类……原本和你们一样。」"
"10022171","Monster","{CARDNAME:4340}","{CARDNAME:4340}"
"10022172","Voice filled with resentment, the monster says, ""We are human. Why did the others treat us. So badly?""","{CARDNAME:4340}は「我々は、人間ダ。ソレナのニドウしテ……」と、怨嗟の声をあげる。","{CARDNAME:4340} 带着怨恨说道：「我们也是人类……可为什么，他们却要那样对待我们？」"
"10022181","Monster","{CARDNAME:4340}","{CARDNAME:4340}"
"10022182","He goes on to explain that as the aberrant threat receded, those who had transformed faced persecution at the hands of the surviving humans. Each day brought with it a new indignity.","異形の脅威が遠のくと、彼らは生き残った人々に徐々に迫害されるようになったのだという。","它说，随着异形的威胁渐渐消退，变成 {CARDNAME:4340} 的人也开始遭到幸存人类的迫害。"
"10022191","Monster","{CARDNAME:4340}","{CARDNAME:4340}"
"10022192","At length, they were driven into this cold, remote place where the mere act of survival was a bitter struggle.","そして、この寒い辺境の地に追いやられ、厳しい環境での生活を余儀なくされたと語った。","最终，他们被赶到这片寒冷偏远之地，只能在恶劣环境中艰难求生。"
"10022201","Monster","{CARDNAME:4340}","{CARDNAME:4340}"
"10022202","""We are human. Why did the others treat us. So badly?""","「我々は、人間ダ。ソレナのニドウしテ……」","「我们也是人类……可为什么，他们却要那样对待我们？」"
"10022211","{CARDNAME:1050}","{CARDNAME:1050}","{CARDNAME:1050}"
"10022212","{CARDNAME:1050}が君達に質問する。「どう？少しは彼らが人間だと感じたかしら？」と。","{CARDNAME:1050}が君達に質問する。「どう？少しは彼らが人間だと感じたかしら？」と。","{CARDNAME:1050}が君達に質問する。「どう？少しは彼らが人間だと感じたかしら？」と。"
"10022221","{CARDNAME:1050}","{CARDNAME:1050}","{CARDNAME:1050}"
"10022222","""They saved humanity. Their reward? Slaughtered by the people they risked everything for,"" sneers {CARDNAME:1050}.","「{CARDNAME:4340}に救われた人類だったけど……貴方達は恩人である{CARDNAME:4340}を殺している」と{CARDNAME:1050}は笑う。","{CARDNAME:1050} 笑道：「人类明明是被 {CARDNAME:4340} 救下来的……可你们却在屠杀自己的恩人。」"
"10022231","{CHARACTERNAME:1010}","{CHARACTERNAME:1010}","{CHARACTERNAME:1010}"
"10022232","""......""","「…………」","「……」"
"10022241","Monster","{CARDNAME:4340}","{CARDNAME:4340}"
"10022242","""Mother gave us hope.""","「{CARDNAME:1051}ハ、僕達に希望ヲクレた」","「{CARDNAME:1051} 给了我们希望。」"
"10022251","Monster","{CARDNAME:4340}","{CARDNAME:4340}"
"10022252","""She promised. We would create a world. Free of oppression.""","「我々が迫害サレなイ世界にシテくれルッテ」","「她答应我们……要创造一个不再受迫害的世界。」"
"10022261","{CHARACTERNAME:1010}","{CHARACTERNAME:1010}","{CHARACTERNAME:1010}"
"10022262","""......""","「…………」","「……」"
"10022271","{CARDNAME:1050}","{CARDNAME:1050}","{CARDNAME:1050}"
"10022272","""There is something wrong with this world. You agree, don't you, {CARDNAME:1020}?"" {CARDNAME:1050} says, fixing her gaze upon him.","「この世界は、間違っている。貴方もそう思うでしょう？……{CARDNAME:1020}」と、
{CARDNAME:1050}が視線を送った。","{CARDNAME:1050} 把视线投向 {CARDNAME:1020}：「这个世界错了。你也这么认为吧……{CARDNAME:1020}？」"
"10022281","{CARDNAME:1020}","{CARDNAME:1020}","{CARDNAME:1020}"
"10022282","{CARDNAME:1020} hangs his head as though all strength has left him.","{CARDNAME:1020}は力なくうなだれている。","{CARDNAME:1020} 像被抽空了力气，垂着头一动不动。"
"10022291","","",""
"10022292","Does {CARDNAME:1050} speak the truth?","{CARDNAME:1050}の話は、
本当なのだろうか？","{CARDNAME:1050} 说的都是真的吗？"
"10022301","Leave {CARDNAME:1020} Out of This!","{CARDNAME:1020}は関係ない！","别把 {CARDNAME:1020} 扯进来！"
"10022302","""Don't take my word for it. Ask him yourself,"" {CARDNAME:1050} replies.","{CARDNAME:1050}は{CARDNAME:1020}に聞いてみればいいと言う。","{CARDNAME:1050} 回道：「不信我，就自己问 {CARDNAME:1020}。」"
"10022311","{CARDNAME:1020}","{CARDNAME:1020}","{CARDNAME:1020}"
"10022312","{CARDNAME:1020} says nothing.","しかし、{CARDNAME:1020}は口を開かない。","可 {CARDNAME:1020} 一言不发。"
"10022321","Did You Know, {CARDNAME:1020}?","{CARDNAME:1020}は知ってたの？","{CARDNAME:1020}，你早就知道？"
"10022322","{CARDNAME:1020} says nothing. Instead, {CARDNAME:1050} speaks up.","{CARDNAME:1020}は何も答えない。その代わりに、{CARDNAME:1050}が口を開く。","{CARDNAME:1020} 仍没有回答。反倒是 {CARDNAME:1050} 开了口。"
"10022331","{CARDNAME:1050}","{CARDNAME:1050}","{CARDNAME:1050}"
"10022332","""You're utterly hopeless, {CARDNAME:1020}.""","「仕方のない子ね……{CARDNAME:1020}は……」と。","「真拿你没办法啊……{CARDNAME:1020}……」"
"10022341","{CARDNAME:1050}","{CARDNAME:1050}","{CARDNAME:1050}"
"10022342","She beckons you forth. ""Come this way.""","{CARDNAME:1050}は、「こちらへいらっしゃい」と君達を誘う。","{CARDNAME:1050} 招手示意：「跟我来。」"
"10022351","旅の終点","旅の終点","旅の終点"
"10022352","君達は魔物の真実を垣間見た。しかし、これより先に進むには、更なる真実を受け止める覚悟が必要だ。","君達は{CARDNAME:4340}の真実を垣間見た。しかし、これより先に進むには、更なる真実を受け止める覚悟が必要だ。","君達は魔物の真実を垣間見た。しかし、これより先に進むには、更なる真実を受け止める覚悟が必要だ。"
"10022361","","",""
"10022362","Beyond this point, you will be unable to <highlight>save</highlight> or <highlight>load</highlight> game data. Auto-saving will be disabled. The use of <highlight>{CARDNAME:50610}</highlight> will also be unavailable.","この先は、オートセーブを含む<highlight>セーブ</highlight>と<highlight>ロード</highlight>ができなくなります。
また、<highlight>導きの鈴</highlight>も使用できません。","继续前进后，将无法<highlight>保存</highlight>或<highlight>读取</highlight>游戏数据，自动保存也会停用，同时无法使用 <highlight>{CARDNAME:50610}</highlight>。"
"10022371","","",""
"10022372","Are you ready?","覚悟はいいか？","做好觉悟了吗？"
"10022381","Hidden Chamber","隠し部屋","隐藏房间"
"10022382","You follow {CARDNAME:1050} into a small chamber, about which drifts a strange ambiance.","{CARDNAME:1050}を追いかけた先は、異様な雰囲気が漂う小さな部屋だった。","你们跟着 {CARDNAME:1050} 来到一间弥漫着诡异气息的小房间。"
"10022391","{CARDNAME:1050}","{CARDNAME:1050}","{CARDNAME:1050}"
"10022392","She explains that it is in this laboratory she conducts research on the <highlight>mutagen that transforms humans into monsters</highlight>.","{CARDNAME:1050}はここで、<highlight>人間を{CARDNAME:4340}に変化させるクスリ</highlight>の研究をしているのだという。","{CARDNAME:1050} 说，她一直在这里研究<highlight>让人类变成 {CARDNAME:4340} 的药物</highlight>。"
"10022401","{CARDNAME:1050}","{CARDNAME:1050}","{CARDNAME:1050}"
"10022402","Her goal, she continues, is to mutate all of humanity into monsters, and in so doing make the world a truly equal place.","全ての人間を{CARDNAME:4340}化する。そうすることで平等な世界に変えるというのだ。","她的目标，是把所有人类都变成 {CARDNAME:4340}，借此创造一个真正平等的世界。"
"10022411","{CARDNAME:1050}","{CARDNAME:1050}","{CARDNAME:1050}"
"10022412","{CARDNAME:1020}は、そのクスリの被検体だったのだと、{CARDNAME:1050}は明かした。","{CARDNAME:1020}は、そのクスリの被検体だったのだと、{CARDNAME:1050}は明かした。","{CARDNAME:1020}は、そのクスリの被検体だったのだと、{CARDNAME:1050}は明かした。"
"10022421","{CARDNAME:1050}","{CARDNAME:1050}","{CARDNAME:1050}"
"10022422","「でも残念なことに、{CARDNAME:1020}は逃げてしまったの」","「でも残念なことに、{CARDNAME:1020}は逃げてしまったの」","「でも残念なことに、{CARDNAME:1020}は逃げてしまったの」"
"10022431","{CARDNAME:1020}","{CARDNAME:1020}","{CARDNAME:1020}"
"10022432","{CARDNAME:1020}は黙り込んだままうつむいている。{CARDNAME:1050}の言葉を否定することもせずに……","{CARDNAME:1020}は黙り込んだままうつむいている。{CARDNAME:1050}の言葉を否定することもせずに……","{CARDNAME:1020}は黙り込んだままうつむいている。{CARDNAME:1050}の言葉を否定することもせずに……"
"10022441","{CHARACTERNAME:1010} and Company","{CHARACTERNAME:1010}達一行","{CHARACTERNAME:1010} 一行"
"10022442","The four of you are at a loss for words. Even {CARDNAME:1040}, normally full of bubbly curiosity, is silent.","君達は、言葉を失ってしまっている。普段から明るい{CARDNAME:1040}でさえも口を開かない。","你们四人一时哑口无言。就连平时活泼好奇的 {CARDNAME:1040} 也沉默了。"
"10022451","{CARDNAME:1040}","{CARDNAME:1040}","{CARDNAME:1040}"
"10022452","{CARDNAME:1040} seems utterly perplexed, listening intently to see how the rest of you react.","{CARDNAME:1040}は頻りに仲間の様子を伺いながら、うーうーと頭を抱えている。","{CARDNAME:1040} 抱着脑袋「呜呜」直哼，不住观察其他人的反应，显然也完全不知所措。"
"10022461","{CARDNAME:1020}","{CARDNAME:1020}","{CARDNAME:1020}"
"10022462","{CARDNAME:1020} is as quiet as the grave. His eyes are fixed on the ground.","{CARDNAME:1020}は黙り込んだままうつむいている。","{CARDNAME:1020} 一言不发，只低头盯着地面。"
"10022471","{CARDNAME:1050}","{CARDNAME:1050}","{CARDNAME:1050}"
"10022472","Seeing you checking on him, {CARDNAME:1050} says, ""{CARDNAME:1020} was a test subject for the mutagen.""","その様子を見た{CARDNAME:1050}は、「人間を{CARDNAME:4340}化するクスリ……{CARDNAME:1020}は、その被検体だった」と言う。","{CARDNAME:1050} 看见你担心地望着他，便说：「让人类变成 {CARDNAME:4340} 的药……{CARDNAME:1020} 就是实验对象。」"
"10022481","{CARDNAME:1050}","{CARDNAME:1050}","{CARDNAME:1050}"
"10022482","""That is, until he ran away.""","「でも残念なことに、{CARDNAME:1020}は逃げてしまったの」","「可惜，{CARDNAME:1020} 后来逃走了。」"
"10022491","{CARDNAME:1020}","{CARDNAME:1020}","{CARDNAME:1020}"
"10022492","""We never should have come here."" {CARDNAME:1020}'s voice is a sickening rasp, as though he is coughing up blood.","{CARDNAME:1020}は血を吐くような声で言った。「だから、こんな所に来るべきじゃなかったんだ」と。","{CARDNAME:1020} 像要吐出血般挤出一句：「所以……我们根本就不该来这里。」"
"10022501","{CARDNAME:1020}","{CARDNAME:1020}","{CARDNAME:1020}"
"10022502","Perhaps the traumatic experience of being experimented on explains the unusual way {CARDNAME:1020} has behaved since you arrived in Newterra.","{CARDNAME:90330}に入ってから、{CARDNAME:1020}の様子が度々おかしかったのは、実験のトラウマのせいだったのだろう。","进入 {CARDNAME:90330} 后，{CARDNAME:1020} 几次表现异常，或许正是因为当年实验留下的创伤。"
"10022511","{CARDNAME:1020}","{CARDNAME:1020}","{CARDNAME:1020}"
"10022512","""We never should have come here,"" says {CARDNAME:1020} forlornly.","{CARDNAME:1020}は「だから、こんな所に来るべきじゃなかったんだ」と、後悔の言葉を口にしている。","{CARDNAME:1020} 懊悔地低声说：「所以……我们根本就不该来这里。」"
"10022521","{CARDNAME:1050}","{CARDNAME:1050}","{CARDNAME:1050}"
"10022522","{CARDNAME:1050} holds up the mutagen, staring at it raptly.","{CARDNAME:1050}は怪しげな薬を掲げながら、うっとりと眺めている。","{CARDNAME:1050} 举起那瓶诡异的药，陶醉地凝视着。"
"10022531","{CHARACTERNAME:1010}","{CHARACTERNAME:1010}","{CHARACTERNAME:1010}"
"10022532","You can't leave your friends.","仲間を置いてはいけない。","不能把同伴丢在这里。"
"10022541","{CARDNAME:1030}","{CARDNAME:1030}","{CARDNAME:1030}"
"10022542","{CARDNAME:1030} has been silent since you entered the room. When he finally speaks, his words are low and his mouth barely moves.","ずっと黙っていた{CARDNAME:1030}が微かに唇を動かした。","进屋后一直沉默的 {CARDNAME:1030}，终于微微动了动嘴唇。"
"10022551","{CARDNAME:1030}","{CARDNAME:1030}","{CARDNAME:1030}"
"10022552","""...What about Dad?""","「……お父さんは」","「……爸爸呢？」"
"10022561","{CARDNAME:1030}","{CARDNAME:1030}","{CARDNAME:1030}"
"10022562","A moment later, the dam bursts. ""I thought monsters killed him. How could you not hate them for that?""","そしてせきを切ったように「お父さんは{CARDNAME:4340}に殺されたはずです。お母さんは{CARDNAME:4340}が憎くないんですか？」と捲し立てた。","随后，他像决堤一般急促说道：「爸爸应该是被 {CARDNAME:4340} 杀死的。妈妈难道不恨 {CARDNAME:4340} 吗？」"
"10022571","{CARDNAME:1050}","{CARDNAME:1050}","{CARDNAME:1050}"
"10022572","{CARDNAME:1050} gives a weak laugh. ""Because the one who used a monster to kill your father was me.""","{CARDNAME:1050}は薄く笑い「だって{CARDNAME:4340}を使ってお父さんを殺したのは……私ですもの」と言った。","{CARDNAME:1050} 淡淡一笑：「因为……利用 {CARDNAME:4340} 杀掉你爸爸的人，就是我。」"
"10022581","","",""
"10022582","......","…………","……"
"10022591","That Can't Be...","まさか……？","怎么可能……？"
"10022592","{CARDNAME:1050} answers as if her reply is the most natural thing in the world. ""He was beyond hope. He was trying to burn all our research.""","{CARDNAME:1050}は、「あの人がいけないのよ。研究成果を燃やそうとするから」と当然のように肯定した。","{CARDNAME:1050} 理所当然似的答道：「是他不好。谁叫他想烧掉我们的研究成果。」"
"10022601","You Did...?","{CARDNAME:4340}を使って……？","你利用 {CARDNAME:4340}……？"
"10022602","{CARDNAME:1050} answers as if her reply is the most natural thing in the world. ""He was beyond hope. He was trying to burn all our research.""","{CARDNAME:1050}は、「あの人がいけないのよ。研究成果を燃やそうとするから」と当然のように肯定した。","{CARDNAME:1050} 理所当然似的答道：「是他不好。谁叫他想烧掉我们的研究成果。」"
"10022611","{CARDNAME:1050}","{CARDNAME:1050}","{CARDNAME:1050}"
"10022612","""Monsters are our saviors. They protected our world, and yet they were persecuted and driven to the fringes.""","「{CARDNAME:4340}はこの世界にとって救世主……にも関わらず、迫害され、辺境の地に追いやられた」","「{CARDNAME:4340} 是这个世界的救世主。可他们救了人类，却反遭迫害，被赶到了边境。」"
"10022621","{CARDNAME:1050}","{CARDNAME:1050}","{CARDNAME:1050}"
"10022622","""I will never accept inequity of this scale. And that's why I will transform all of humanity into monsters.""","「こんな不平等は絶対に許してはならない。だから私は……すべての人類を{CARDNAME:4340}に変える」","「这种不平等绝不能容忍。所以我要把……所有人类都变成 {CARDNAME:4340}。」"
"10022631","{CARDNAME:1050}","{CARDNAME:1050}","{CARDNAME:1050}"
"10022632","""THAT is true justice. And your father stood in the way of it, so he had to die. Don't you agree, {CARDNAME:1030}?""","「これは正義……それを邪魔するお父さんは、死ぬべきだった。そう思わない？{CARDNAME:1030}」","「这才是正义。你爸爸阻碍这份正义，所以他就该死。你说对吗，{CARDNAME:1030}？」"
"10022641","{CARDNAME:1030}","{CARDNAME:1030}","{CARDNAME:1030}"
"10022642","{CARDNAME:1030} is overcome. His jaw works soundlessly for a few minutes. Finally, he manages a feeble, ""So this is the truth..."" The light has gone from his eyes.","{CARDNAME:1030}は呆然と「これが真実……」と呟く。その瞳からは光が消えていた。","{CARDNAME:1030} 呆立许久，终于虚弱地喃喃道：「这就是真相……」他眼中的光彻底消失了。"
"10022651","{CARDNAME:1030}","{CARDNAME:1030}","{CARDNAME:1030}"
"10022652","""So this is the truth,"" mutters {CARDNAME:1030}, the light gone from his eyes.","{CARDNAME:1030}は光を失った瞳で「これが真実……」と呟いている。","{CARDNAME:1030} 双眼失神，喃喃重复：「这就是真相……」"
"10022661","{CARDNAME:1050}","{CARDNAME:1050}","{CARDNAME:1050}"
"10022662","Suddenly, {CARDNAME:1050} cuts through the quiet with a loud clap. ""It is nearly time.""","パン！と{CARDNAME:1050}が突然手を叩き、「そろそろ時間ね」と言った。","「啪！」{CARDNAME:1050} 突然拍了下手：「差不多到时间了。」"
"10022671","Monster","{CARDNAME:4340}","{CARDNAME:4340}"
"10022672","すると、{CARDNAME:1050}に従っていた魔物達が現れ、君達の処遇を尋ねる。","【カット】すると、{CARDNAME:1050}に従っていた{CARDNAME:4340}達が現れ、君達の処遇を尋ねる。","すると、{CARDNAME:1050}に従っていた魔物達が現れ、君達の処遇を尋ねる。"
"10022681","{CARDNAME:1050}","{CARDNAME:1050}","{CARDNAME:1050}"
"10022682","「地下の民は殺してちょうだい。他の三人は同胞に迎え入れましょう」","【カット】「地下の民は殺してちょうだい。他の三人は同胞に迎え入れましょう」","「地下の民は殺してちょうだい。他の三人は同胞に迎え入れましょう」"
"10022691","{CARDNAME:1050}","{CARDNAME:4340}","{CARDNAME:1050}"
"10022692","「地下の民は殺してちょうだい。他の三人は同胞に迎え入れましょう」","【カット】{CARDNAME:1050}の言葉を合図に、{CARDNAME:4340}達が一斉に襲い掛かってきた！","「地下の民は殺してちょうだい。他の三人は同胞に迎え入れましょう」"
"10022701","{CARDNAME:4340}","{CARDNAME:4340}","{CARDNAME:4340}"
"10022702","In the next instant, her monsters show up and attack!","すると、{CARDNAME:1050}に従っていた{CARDNAME:4340}達が現れ、一斉に襲い掛かってきた！","下一刻，听命于 {CARDNAME:1050} 的 {CARDNAME:4340} 们突然现身，一齐扑了过来！"
"10022711","{CHARACTERNAME:1010}","{CHARACTERNAME:1010}","{CHARACTERNAME:1010}"
"10022712","Your enemies are monsters—but also former humans. And all of the monsters you have been using were once human, too.","今、君が戦っている相手は{CARDNAME:4340}だが元々は人間だ。
そして君が使役している{CARDNAME:4340}もまた、元は人間。","眼前的敌人虽是 {CARDNAME:4340}，原本却也是人类。而你一直使役的 {CARDNAME:4340}，也曾经是人。"
"10022721","{CHARACTERNAME:1010}","{CHARACTERNAME:1010}","{CHARACTERNAME:1010}"
"10022722","The reality that everyone here is human washes over you. Your hands start to tremble, and you can't bring yourself to fight.","この場にいるのは全て人間だと思うと、手が震え出しいつものように戦うことができなくなっていた。","一想到这里所有人其实都是人类，你的双手便不住颤抖，再也无法像往常那样战斗。"
"10022731","{CARDNAME:1030} and {CARDNAME:1020}","{CARDNAME:1030}と{CARDNAME:1020}","{CARDNAME:1030} 和 {CARDNAME:1020}"
"10022732","{CARDNAME:1030} is overcome with shock. {CARDNAME:1020}, trembling, seems somehow smaller. Both of them have completely lost the will to fight.","{CARDNAME:1030}は呆然と立ち尽くし{CARDNAME:1020}は小さくなって震えている。二人もまた、戦意を失ってしまっていた。","{CARDNAME:1030} 呆立原地，{CARDNAME:1020} 蜷缩着发抖。两人也完全失去了战意。"
"10022741","{CARDNAME:1040}","{CARDNAME:1040}","{CARDNAME:1040}"
"10022742","{CARDNAME:1040} alone seems to have it together. ""Come on! We can do this!"" she shouts, desperately trying to encourage her friends.","{CARDNAME:1040}だけが、「ミンナ　頑張ル！」と、必死で仲間を鼓舞している。","只有 {CARDNAME:1040} 仍在拼命鼓舞大家：「大家，加油！」"
"10022751","","",""
"10022752","{CHARACTERNAME:1010} can no longer <highlight>use monsters</highlight>.","{CHARACTERNAME:1010}は、
<highlight>{CARDNAME:4340}の使役</highlight>ができなくなりました。","{CHARACTERNAME:1010} 已无法<highlight>使役 {CARDNAME:4340}</highlight>。"
"10022761","","",""
"10022762","{CARDNAME:1020} and {CARDNAME:1030} can no longer take action.","{CARDNAME:1020}と{CARDNAME:1030}は、行動できなくなりました。","{CARDNAME:1020} 和 {CARDNAME:1030} 已无法行动。"
"10022771","{CARDNAME:1030}","{CARDNAME:1030}","{CARDNAME:1030}"
"10022772","{CARDNAME:1030}は魂が抜けたように呆然としている。","{CARDNAME:1030}は魂が抜けたように呆然としている。","{CARDNAME:1030}は魂が抜けたように呆然としている。"
"10022781","{CARDNAME:1020}","{CARDNAME:1020}","{CARDNAME:1020}"
"10022782","{CARDNAME:1050}に怯える{CARDNAME:1020}。もはや戦う気力はないようだ…… ","{CARDNAME:1050}に怯える{CARDNAME:1020}。もはや戦う気力はないようだ……","{CARDNAME:1050}に怯える{CARDNAME:1020}。もはや戦う気力はないようだ……"
"10022791","{CARDNAME:1040}","{CARDNAME:1040}","{CARDNAME:1040}"
"10022792","「ミンナ　頑張ル！」と、{CARDNAME:1040}は必至で仲間を鼓舞している。","「ミンナ　頑張ル！」と、{CARDNAME:1040}は必死で仲間を鼓舞している。","「ミンナ　頑張ル！」と、{CARDNAME:1040}は必至で仲間を鼓舞している。"
"10022801","Monsters","{CARDNAME:4340}","{CARDNAME:4340}"
"10022802","The monsters begin storing up power, and then unleash it at you and your friends.","{CARDNAME:4340}達は力を溜め、君達に向けて解き放つ。","{CARDNAME:4340} 们开始蓄力，随后将力量一口气朝你们释放！"
"10022811","Monsters","{CARDNAME:4340}","{CARDNAME:4340}"
"10022812","{CARDNAME:1040}'s incredible efforts have allowed her to deal a heavy blow to the enemy monsters. Nonetheless...","{CARDNAME:1040}の奮闘により、{CARDNAME:4340}達に大打撃を与えることができた。しかし……","在 {CARDNAME:1040} 的奋战下，你们终于重创了 {CARDNAME:4340}。可是……"
"10022821","Monsters","{CARDNAME:4340}","{CARDNAME:4340}"
"10022822","Oh no! On the brink of death, the monsters dig deep and unleash a devastating attack on you and your friends.","なんと！{CARDNAME:4340}達は決死の相貌で力を溜め、君達に向けて解き放つ。","没想到！濒临绝境的 {CARDNAME:4340} 露出拼死一搏的神情，蓄起力量朝你们轰来！"
"10022831","{CARDNAME:1040}","{CARDNAME:1040}","{CARDNAME:1040}"
"10022832","{CARDNAME:1040} fights desperately to protect you and your friends, and manages to keep the worst of the monster attacks from finding their mark.","戦意を失ってしまった君達を守ろうと、{CARDNAME:1040}が{CARDNAME:4340}からの攻撃を必死で食い止めていた。その時……","为了保护已经失去战意的你们，{CARDNAME:1040} 拼命挡住 {CARDNAME:4340} 的攻击。就在这时……"
"10022841","{CARDNAME:1050}","{CARDNAME:1050}","{CARDNAME:1050}"
"10022842","""All is in order. Now, we invade the human world—to secure a brighter, more equitable society for all!""","「準備が整ったわね。さあ今こそ平等な世界のために人間達の世界へ侵攻しましょう！」","「准备已经完成。来吧，为了真正平等的世界，向人类的世界进军！」"
"10022851","{CARDNAME:92380}","{CARDNAME:92380}","{CARDNAME:92380}"
"10022852","{CARDNAME:1050}'s sonorous proclamation echoes out, just as the ruins begin to collapse!","{CARDNAME:1050}が高らかに宣言すると、遺跡が崩れ始めた！","{CARDNAME:1050} 高声宣告的同时，遗迹开始崩塌！"
"10022861","{CHARACTERNAME:1010} and Company","{CHARACTERNAME:1010}達一行","{CHARACTERNAME:1010} 一行"
"10022862","You have to put a stop to {CARDNAME:1050}'s invasion. Somehow, you manage to force your leaden legs to move, and you take off after her.","{CARDNAME:1050}達の侵攻は止めなければならない……君達はすくんだ足をどうにか奮い立たせて後を追う。","必须阻止 {CARDNAME:1050} 的侵攻……你们竭力驱使僵硬的双腿，追了上去。"
"10022871","Journey's End","旅の終点","旅途终点"
"10022872","The fiercest battle you've ever faced awaits. You'll need to be suitably prepared.","これより先は、これまでよりも過酷な戦いが待っているだろう。それ相応の覚悟が必要だ。","前方等待你们的，将是前所未有的恶战。必须做好相应的准备。"
"10022881","","",""
"10022882","Beyond this point, you will be unable to <highlight>save</highlight> or <highlight>load</highlight> game data. Autosaving will be disabled. The use of <highlight>{CARDNAME:50610}</highlight> will also be unavailable.","この先は、オートセーブを含む<highlight>セーブ</highlight>と<highlight>ロード</highlight>ができなくなります。
また、<highlight>導きの鈴</highlight>も使用できません。","继续前进后，将无法<highlight>保存</highlight>或<highlight>读取</highlight>游戏数据，自动保存也会停用，同时无法使用 <highlight>{CARDNAME:50610}</highlight>。"
"10022891","","",""
"10022892","Are you ready?","覚悟はいいか？","做好觉悟了吗？"
"10022901","","",""
"10022902","Turn back before confronting {CARDNAME:1050}?","{CARDNAME:1050}との戦いを前に
引き返すか？","要在与 {CARDNAME:1050} 交战前返回吗？"
"10022911","","",""
"10022912","You can now use {CARDNAME:50610}s, and restrictions of character actions in battle have been temporarily lifted.","{CARDNAME:50610}が使えるようになりました。また、キャラクターの戦闘中の行動制限が一時的に解除されました。","现在可以使用 {CARDNAME:50610} 了，角色在战斗中的行动限制也暂时解除。"
"10022921","","",""
"10022922","一時的に、各種制限が解除されました。","一時的に、各種制限が解除されました。","一時的に、各種制限が解除されました。"
"10022931","Collapsed Ruins","崩壊した遺跡","崩塌的遗迹"
"10022932","A yawning chasm has opened up in the ground where the ruins once stood.","崩壊した遺跡の地面には、ぽっかりと大きな穴が空いている。","遗迹崩塌后的地面上，裂开了一个巨大的深坑。"
"10022941","{CARDNAME:2110}","{CARDNAME:2110}","{CARDNAME:2110}"
"10022942","""Bless my birdie, I never would have dreamed I'd run into you all here!""","「おやおや！こんなところでお会いするとは！？」","「哎呀哎呀！没想到会在这种地方遇见各位！」"
"10022951","{CARDNAME:2110}","{CARDNAME:2110}","{CARDNAME:2110}"
"10022952","The merchant appears before you and speaks with great enthusiasm.","唐突に現れた商人の男が、興奮しながら君達に話しかけてくる。","商人突然出现，兴奋地向你们搭话。"
"10022961","{CARDNAME:2110}","{CARDNAME:2110}","{CARDNAME:2110}"
"10022962","He explains that he and his market were caught up in the earthquake while exploring Newterra in search of valuable goods.","男が率いる商隊は、{CARDNAME:90330}でめぼしいものを探しているうちに、さっきの地震に巻き込まれたらしい。","他说，他们的商队为了寻找值钱货物来到 {CARDNAME:90330}，结果被刚才的地震卷了进来。"
"10022971","{CARDNAME:2110}","{CARDNAME:2110}","{CARDNAME:2110}"
"10022972","""That said,"" he adds with a little bounce of delight and eyes aglimmer, ""this place seems absolutely stuffed to the gills with valuable pieces!""","しかし、彼は目をキラキラさせながら「ここには、貴重な物が沢山ありそうですねぇ」と小躍りしている。","可他仍两眼放光，雀跃地说：「这里看起来到处都是值钱的东西啊！」"
"10022981","{CHARACTERNAME:1010}","{CHARACTERNAME:1010}","{CHARACTERNAME:1010}"
"10022982","His indomitable dedication to business lifts your spirits, and you can't help but crack a little smile.","どんな状況になってもたくましい商魂を見せる彼を見ているうちに、君は少し笑顔を取り戻した。","无论什么处境都挡不住他的生意经。看着这份顽强，你终于稍稍露出了笑容。"
"10022991","{CARDNAME:2110}","{CARDNAME:2110}","{CARDNAME:2110}"
"10022992","The merchant flashes you a bright, cheery smile. ""I'll spare no efforts for you, my most favorite of customers!""","商人の男は「お得意様のためならば、我々はいつでも協力を惜しみませんぞ」と快活に笑っている。","商人爽朗地笑道：「为了各位贵客，我们随时都愿意鼎力相助！」"
"10023001","{CARDNAME:103013}","{CARDNAME:103013}","{CARDNAME:103013}"
"10023002","This is no time for games. You have to stop {CARDNAME:1050}'s invasion.","今は遊んでいる状況ではない。{CARDNAME:1050}達の侵攻を止めよう。","现在不是玩的时候。必须阻止 {CARDNAME:1050} 的侵攻。"
"10023011","Monsters","{CARDNAME:4340}達","{CARDNAME:4340} 们"
"10023012","A sea of monsters comes crawling out of the abyss and bars your path.","そこから次々と魔物が這い出し……君達の前に立ち塞がる。","一大群 {CARDNAME:4340} 接连从深坑里爬出，挡在你们面前。"
"10023021","","",""
"10023022","No one can stop {CARDNAME:1050} except for you and your friends. There's no turning back now; no running away. You must face her.","{CARDNAME:1050}を止められるのは、君達しかいない。逃げずに立ち向かおう。","如今能阻止 {CARDNAME:1050} 的只有你们。已经没有退路，也不能再逃。必须面对她。"
"10023031","{CARDNAME:4340}","{CARDNAME:4340}","{CARDNAME:4340}"
"10023032","侵攻を止めようとする君達の前に、穴から現れた大量の魔物が立ち塞がる。","侵攻を止めようとする君達の前に、穴から現れた大量の{CARDNAME:4340}が立ち塞がる。","侵攻を止めようとする君達の前に、穴から現れた大量の魔物が立ち塞がる。"
"10023041","{CARDNAME:1050}","{CARDNAME:1050}","{CARDNAME:1050}"
"10023042","{CARDNAME:1050} turns to the monsters and commands, ""Kill the subterran!""","{CARDNAME:1050}は{CARDNAME:4340}達に向けて「地下の民だけは殺せ」と指示を出した。","{CARDNAME:1050} 转向 {CARDNAME:4340} 们，下令：「地下居民一定要杀掉。」"
"10023051","{CARDNAME:1040}","{CARDNAME:1040}","{CARDNAME:1040}"
"10023052","""Kill...? Why!?"" a furious {CARDNAME:1040} demands.","「地下ノ民ダケ……？
ナンデ！」と怒る{CARDNAME:1040}に、{CARDNAME:1050}が言う。","{CARDNAME:1040} 愤怒地喊道：「只杀地下居民……？为什么！」{CARDNAME:1050} 随即回答。"
"10023061","Subterrans","地下の民","地下居民"
"10023062","{CARDNAME:1050} replies that subterrans are the descendants of the man who made the mutagen.","地下の民は魔物に進化するクスリを作った男の末裔。そして……","{CARDNAME:1050} 说，地下居民正是当年研制出让人变成 {CARDNAME:4340} 之药的男子后裔。"
"10023071","Subterrans","地下の民","地下居民"
"10023072","They always used monsters like tools, she continues. Even now...","今もなお、魔物達を道具として使おうとしている、と……","而且，他们一直把 {CARDNAME:4340} 当作工具驱使。直到现在也是……"
"10023081","{CARDNAME:1050}","{CARDNAME:1050}","{CARDNAME:1050}"
"10023082","She directs her next question at you. ""Surely you recall?""","「覚えがあるでしょう？」と、{CARDNAME:1050}が君に問いかけてくる。","{CARDNAME:1050} 向你问道：「你应该也心里有数吧？」"
"10023091","","",""
"10023092","You...","君は……","你……"
"10023101","Look at Your Card Case","カードの束を見る","查看自己的卡牌盒"
"10023102","You look at your cards, and {CARDNAME:1050} makes no effort to hide her sneer. ""Oh, very well spotted.""","カードの束を見た君に{CARDNAME:1050}は「たいへんよくできました」と冷笑した。","你看向自己的卡牌，{CARDNAME:1050} 毫不掩饰地冷笑：「哎呀，观察得真仔细。」"
"10023111","{CARDNAME:1050}","{CARDNAME:1050}","{CARDNAME:1050}"
"10023112","""That man left a little insurance policy to his progeny: the ability to trap monsters,"" she continues, answering her own question.","続けて、「男は自分の一族に保険をかけた。それが魔物を封印する能力よ」と告げる。","她接着自问自答：「那个人给后代留了一道保险——封印 {CARDNAME:4340} 的能力。」"
"10023121","Ask, ""Recall...?""","「……覚え？」と訊き返す","反问「……心里有数？」"
"10023122","When you parrot the word back to her, {CARDNAME:1050} laughs. ""You truly are clueless.""","君が訊き返すと{CARDNAME:1050}は、「わからないの？お馬鹿さんね」と嘲笑した。","你反问了一句，{CARDNAME:1050} 嗤笑道：「这都不懂？真是个笨蛋。」"
"10023131","{CARDNAME:1050}","{CARDNAME:1050}","{CARDNAME:1050}"
"10023132","""That man left a little insurance policy to his progeny: the ability to trap monsters,"" she continues, answering her own question.","続けて、「男は自分の一族に保険をかけた。それが魔物を封印する能力よ」と告げる。","她接着自问自答：「那个人给后代留了一道保险——封印 {CARDNAME:4340} 的能力。」"
"10023141","{CARDNAME:1050}","{CARDNAME:1050}","{CARDNAME:1050}"
"10023142","Fearing the monsters' power, {CARDNAME:1050} says, the subterrans decided to use that ability and control them by force.","{CARDNAME:1050}は言う。魔物の力を恐れた地下の民は、その能力を使って強制的に魔物を使役する事にしたのだと。","{CARDNAME:1050} 说，地下居民畏惧 {CARDNAME:4340} 的力量，于是利用这种能力强行驱使它们。"
"10023151","{CARDNAME:1050}","{CARDNAME:1050}","{CARDNAME:1050}"
"10023152","""And so the oppression of the monsters continued at their hands. But no longer—now, we will have equality once more,"" {CARDNAME:1050} concludes with a smile.","そうして虐げられてきた{CARDNAME:4340}達だったが、今こそ平等を取り戻す時だ、と{CARDNAME:1050}は笑った。","{CARDNAME:1050} 笑着说，{CARDNAME:4340} 就这样一路遭受压迫，而如今终于到了重新夺回平等的时候。"
"10023161","{CARDNAME:1050}","{CARDNAME:1050}","{CARDNAME:1050}"
"10023162","しかし、そんな能力を一族に残したのは間違いだったのだと{CARDNAME:1050}は言う。","しかし、そんな能力を一族に残したのは間違いだったのだと{CARDNAME:1050}は言う。","しかし、そんな能力を一族に残したのは間違いだったのだと{CARDNAME:1050}は言う。"
"10023171","地下の民","地下の民","地下の民"
"10023172","時を経て異形の脅威が弱まると、男の一族はその力を使って魔物を操り、世界を支配しようとしたのだ。","時を経て異形の脅威が弱まると、男の一族はその力を使って{CARDNAME:4340}を操り、世界を支配しようとしたのだ。","時を経て異形の脅威が弱まると、男の一族はその力を使って魔物を操り、世界を支配しようとしたのだ。"
"10023181","地下の民","地下の民","地下の民"
"10023182","その後、人々の反撃にあった男の一族は地下へと押し込められた。","その後、人々の反撃にあった男の一族は地下へと押し込められた。","その後、人々の反撃にあった男の一族は地下へと押し込められた。"
"10023191","{CARDNAME:4340}","{CARDNAME:4340}","{CARDNAME:4340}"
"10023192","そして操られていた魔物達は迫害され、人間と憎み合うようになったのだ。","そして操られていた{CARDNAME:4340}達は迫害され、人間と憎み合うようになったのだ。","そして操られていた魔物達は迫害され、人間と憎み合うようになったのだ。"
"10023201","{CARDNAME:1050}","{CARDNAME:1050}","{CARDNAME:1050}"
"10023202","""Now... It is time for our revenge.""","「さぁ、……復讐の時よ」","「来吧……复仇的时刻到了。」"
"10023211","{CARDNAME:4340}","{CARDNAME:4340}","{CARDNAME:4340}"
"10023212","The monsters taking {CARDNAME:1050}'s orders let out a collective roar.","{CARDNAME:1050}の指示を受けた{CARDNAME:4340}達が咆哮をあげる。","听从 {CARDNAME:1050} 命令的 {CARDNAME:4340} 们发出咆哮。"
"10023221","{CHARACTERNAME:1010}","{CHARACTERNAME:1010}","{CHARACTERNAME:1010}"
"10023222","The truth about the monsters. The truth about your own people.  All that you've done on your journey floats through your mind and leaves you reeling.","{CARDNAME:4340}の正体。自分の一族の正体……これまでの旅でしてきたことを思うと、君の頭の中はぐちゃぐちゃだ。","{CARDNAME:4340} 的真相，自己族人的真相……想到旅途中自己做过的一切，你脑中一片混乱。"
"10023231","{CARDNAME:1040}","{CARDNAME:1040}","{CARDNAME:1040}"
"10023232","However, {CARDNAME:1040} is putting up a mighty fight right before your eyes.","しかし、目の前では{CARDNAME:1040}が一人奮闘している。","可眼前，{CARDNAME:1040} 仍独自拼命奋战。"
"10023241","{CARDNAME:1040}","{CARDNAME:1040}","{CARDNAME:1040}"
"10023242","She shrieks, ""No! Can't end like this! Won't let my friends die!""","{CARDNAME:1040}が叫ぶ。「コノママ　ダメ！大好キナミンナ死ンジャウ！ダメ！！！」","{CARDNAME:1040} 大喊：「不能这样！我不许最喜欢的大家死掉！」"
"10023251","{CHARACTERNAME:1010} and Company","{CHARACTERNAME:1010}達一行","{CHARACTERNAME:1010} 一行"
"10023252","She's right. You have to do this for your friends. You can't just let yourself die here. You have to fight. You grit your teeth and pull yourself shakily to your feet.","そうだ。仲間のためにも、自ら死ぬのだけはダメだ。抗わなければ……と君達はふらふらと立ち上がった。","没错。至少为了同伴，也绝不能就这样死在这里。必须反抗……你们咬紧牙关，摇摇晃晃地站了起来。"
"10023261","","",""
"10023262","{CHARACTERNAME:1010} can use monsters once again.","{CHARACTERNAME:1010}は、
{CARDNAME:4340}の使役ができるようになりました。","{CHARACTERNAME:1010} 已可以再次使役 {CARDNAME:4340}。"
"10023271","","",""
"10023272","{CARDNAME:1020} and {CARDNAME:1030} can fight once more.","{CARDNAME:1020}と{CARDNAME:1030}は、行動できるようになりました。","{CARDNAME:1020} 和 {CARDNAME:1030} 已可以再次行动。"
"10023281","{CARDNAME:4340}","{CARDNAME:4340}","{CARDNAME:4340}"
"10023282","More monsters spill forth from the chasm.","穴からは、続々と{CARDNAME:4340}が溢れ出している。","更多 {CARDNAME:4340} 不断从深坑中涌出。"
"10023291","{CARDNAME:1020}","{CARDNAME:1020}","{CARDNAME:1020}"
"10023292","""There's so many of them...""","「こんな数の敵……」","「敌人……太多了……」"
"10023301","{CHARACTERNAME:1010}","{CHARACTERNAME:1010}","{CHARACTERNAME:1010}"
"10023302","Watching {CARDNAME:1020} waver, your mind turns to all that has transpired.","ふらつく{CARDNAME:1020}を見ながら、君は思い返す。","看着摇摇欲坠的 {CARDNAME:1020}，你回想起一路发生的事。"
"10023311","","",""
"10023312","You...","君は……","你……"
"10023321","Why Did We Fight?","なぜ戦っていた？","为什么要战斗？"
"10023322","You ask yourself why you fought.","君は自分に問いかける。何のために戦っていたのだろうか、と……","你问自己：究竟是为了什么而战？"
"10023331","{CHARACTERNAME:1010}","{CHARACTERNAME:1010}","{CHARACTERNAME:1010}"
"10023332","In the beginning, you were just caught up in the flow of things unfolding around you.","もともと、周りに流されるままに始めたのではなかったか……？","一开始，不正是随波逐流，被周遭发生的一切推着走吗……？"
"10023341","Why Did We Journey?","なぜ旅をしていた？","为什么要旅行？"
"10023342","You ask yourself why you set out on this journey.","君は自分に問いかける。なぜ旅をしていたのだろうかと……","你问自己：当初为什么踏上这趟旅程？"
"10023351","{CHARACTERNAME:1010}","{CHARACTERNAME:1010}","{CHARACTERNAME:1010}"
"10023352","In the beginning, you were just caught up in the flow of things unfolding around you.","もともと、周りに流されるままに始めたのではなかったか……？","一开始，不正是随波逐流，被周遭发生的一切推着走吗……？"
"10023361","{CHARACTERNAME:1010}","{CHARACTERNAME:1010}","{CHARACTERNAME:1010}"
"10023362","""Aren't the stars just beautiful? This is what the outside world looks like! I want to see it with my own eyes someday.""","「綺麗な星空でしょう？
外には、こんな世界があるんだって！一度でいいから見てみたいなぁ」","「星空很漂亮吧？听说外面的世界就是这样！我真想亲眼看一次啊。」"
"10023371","{CHARACTERNAME:1010}","{CHARACTERNAME:1010}","{CHARACTERNAME:1010}"
"10023372","""The stars... That's right.  I wanted to see the beautiful starry skies.""","「……星。そうだ。キレイな星空を……見るんだ」","「……星星。对了。我还要去看……漂亮的星空。」"
"10023381","{CHARACTERNAME:1010}","{CHARACTERNAME:1010}","{CHARACTERNAME:1010}"
"10023382","And now, you have friends. You want to see the stars—and you need to do it with these people you've come so far with.","そして今の君には仲間がいる。一緒に星を見るのは、ここにいる皆と一緒でなくてはならない。","而现在，你已经有了同伴。要去看星空，就必须和一路同行至此的大家一起去。"
"10023391","{CHARACTERNAME:1010}","{CHARACTERNAME:1010}","{CHARACTERNAME:1010}"
"10023392","しかしそれは、こんな思いをしてまで叶えたい夢だったのだろうか？","しかしそれは、こんな思いをしてまで叶えたい夢だったのだろうか？","しかしそれは、こんな思いをしてまで叶えたい夢だったのだろうか？"
"10023401","{CHARACTERNAME:1010}","{CHARACTERNAME:1010}","{CHARACTERNAME:1010}"
"10023402","「……でも」","「……でも」","「……でも」"
"10023411","{CHARACTERNAME:1010}","{CHARACTERNAME:1010}","{CHARACTERNAME:1010}"
"10023412","「みんなと見る星空はきっと……とってもキレイなんだろうな」","「みんなと見る星空はきっと……とってもキレイなんだろうな」","「みんなと見る星空はきっと……とってもキレイなんだろうな」"
"10023421","{CARDNAME:4340}","{CARDNAME:4340}","{CARDNAME:4340}"
"10023422","次の瞬間、{CARDNAME:1020}の隙をついた魔物の一撃が振り下ろされた！","次の瞬間、{CARDNAME:1020}の隙をついた{CARDNAME:4340}の一撃が振り下ろされた！","次の瞬間、{CARDNAME:1020}の隙をついた魔物の一撃が振り下ろされた！"
"10023431","{CARDNAME:1020}","{CARDNAME:1020}","{CARDNAME:1020}"
"10023432","「{CHARACTERNAME:1010}！」","「{CHARACTERNAME:1010}！」","「{CHARACTERNAME:1010}！」"
"10023441","{CHARACTERNAME:1010}","{CHARACTERNAME:1010}","{CHARACTERNAME:1010}"
"10023442","君はこの旅でたくさんの死を見てきた。だが……いや、だからこそ……","君はこの旅でたくさんの死を見てきた。だが……いや、だからこそ……","君はこの旅でたくさんの死を見てきた。だが……いや、だからこそ……"
"10023451","","",""
"10023452","And that's why you're going to...","だから、わたしは……","所以，我要……"
"10023461","Protect Your Friends!","仲間を守る！","保护同伴！"
"10023462","You let out a mighty shout. ""I'm going to protect my friends!""","「仲間だけは、わたしがこの手で守る！」と、君は叫んだ。","你放声喊道：「同伴……我要亲手保护！」"
"10023471","See Tomorrow!","未来に進む！","走向未来！"
"10023472","You hoist your weapon high and shout, ""We're going to see what tomorrow brings—and we're going to do it together!""","「みんなで一緒に未来に進むんだ！」と、君は武器を高く掲げた。","你高举武器，大喊：「大家一起走向未来！」"
"10023481","{CHARACTERNAME:1010}","{CHARACTERNAME:1010}","{CHARACTERNAME:1010}"
"10023482","Determination shines in your eyes, a light undying!","君の瞳に、強い覚悟の光が宿った！","你的眼中亮起坚定不灭的光！"
"10023491","{CHARACTERNAME:1010} and Company","{CHARACTERNAME:1010}達一行","{CHARACTERNAME:1010} 一行"
"10023492","You and your friends fight hard, slaying one monster after another as they emerge from the chasm. And finally, {CARDNAME:1050} is left open!","穴から湧き出る魔物を次々と倒す君達。ついに{CARDNAME:1050}に隙ができた！","你们奋力迎战，将从深坑涌出的 {CARDNAME:4340} 接连击倒。终于，{CARDNAME:1050} 露出了破绽！"
"10023501","{CARDNAME:1050}","{CARDNAME:1050}","{CARDNAME:1050}"
"10023502","Unable to afford losing any more monsters, {CARDNAME:1050} squares her shoulders, ready to fight.","これ以上、{CARDNAME:4340}を減らすわけにもいかない、と{CARDNAME:1050}が戦闘の構えを取った。","{CARDNAME:1050} 不愿再损失更多 {CARDNAME:4340}，于是亲自摆出了战斗架势。"
"10023511","{CARDNAME:1050}","{CARDNAME:1050}","{CARDNAME:1050}"
"10023512","""Humanity must know the pain monsters have been subjected to these past thousand years!""","「この千年間に{CARDNAME:4340}が味わった苦痛を、人間は思い知るべきだわ！」","「这一千年来 {CARDNAME:4340} 承受过的痛苦，人类也该好好尝尝！」"
"10023521","{CARDNAME:1020}","{CARDNAME:1020}","{CARDNAME:1020}"
"10023522","「昔の人間が酷いことをしたからって、{CHARACTERNAME:1010}
が酷い目に遭う理由にはならないだろ！」","「昔の人間が酷いことをしたからって、{CHARACTERNAME:1010}
が酷い目に遭う理由にはならないだろ！」","「昔の人間が酷いことをしたからって、{CHARACTERNAME:1010}
が酷い目に遭う理由にはならないだろ！」"
"10023531","{CHARACTERNAME:1010} and Company","{CHARACTERNAME:1010}達一行","{CHARACTERNAME:1010} 一行"
"10023532","{CARDNAME:1020}の叫びと共に君達は駆けだした！","{CARDNAME:1020}の叫びと共に君達は駆けだした！","{CARDNAME:1020}の叫びと共に君達は駆けだした！"
"10023541","{CARDNAME:1050}","{CARDNAME:1050}","{CARDNAME:1050}"
"10023542","Unbelievable! {CARDNAME:1050} used a human sealed into a card!","なんと！{CARDNAME:1050}は捕まえた人間をカードに封じて使役してきた！","没想到！{CARDNAME:1050} 竟把抓来的人类封进卡牌中使役！"
"10023551","{CHARACTERNAME:1010} and Company","{CHARACTERNAME:1010}達一行","{CHARACTERNAME:1010} 一行"
"10023552","Your attacks falter as your hands tremble at the thought of taking a human life.","人間を前にして、君達の攻撃の手が鈍る。","想到自己可能夺走人命，你们双手发抖，攻击也迟疑了。"
"10023561","{CARDNAME:1030}","{CARDNAME:1030}","{CARDNAME:1030}"
"10023562","""Mom, please... Enough.""","「お母さん、もうやめましょう……」","「妈妈……够了，停手吧。」"
"10023571","{CARDNAME:1030}","{CARDNAME:1030}","{CARDNAME:1030}"
"10023572","涙ながらに訴える{CARDNAME:1030}に{CARDNAME:1050}は「これがお前達のしていることだ」と冷たく返す。","涙ながらに訴える{CARDNAME:1030}に{CARDNAME:1050}は「これがお前達のしていることだ」と冷たく返す。","涙ながらに訴える{CARDNAME:1030}に{CARDNAME:1050}は「これがお前達のしていることだ」と冷たく返す。"
"10023581","{CARDNAME:1050}","{CARDNAME:1050}","{CARDNAME:1050}"
"10023582","In a tender voice, {CARDNAME:1050} addresses {CARDNAME:1030}. ""Where lies true justice? You are my family—you must know.""","{CARDNAME:1050}は{CARDNAME:1030}に「本当の正義はどちらにあるか……家族である貴方なら、判るはず」と優しく言った。","{CARDNAME:1050} 温柔地对 {CARDNAME:1030} 说：「真正的正义究竟在哪一边……身为我的家人，你应该明白。」"
"10023591","","",""
"10023592","{CARDNAME:1030} is conflicted. What do you do?","葛藤する{CARDNAME:1030}に君は……","{CARDNAME:1030} 陷入挣扎。你要怎么做？"
"10023601","I Trust {CARDNAME:1030}!","わたしは{CARDNAME:1030}を信じる！","我相信 {CARDNAME:1030}！"
"10023602","Hearing your words, {CARDNAME:1030} gives a jolt of surprise.","君の言葉に{CARDNAME:1030}はハッとする。","听见你的话，{CARDNAME:1030} 猛地回过神。"
"10023611","{CARDNAME:1030}","{CARDNAME:1030}","{CARDNAME:1030}"
"10023612","""That's true. After all, without me, you all would sure miss a lot.""","「そうですよね。だってボクがいないと、皆さんいろんなこと見逃がしちゃいますし」","「也是啊。毕竟少了我，大家肯定会错过很多东西。」"
"10023621","{CARDNAME:1030}","{CARDNAME:1030}","{CARDNAME:1030}"
"10023622","""I wouldn't trade the time I spent with you three for anything. And not just you—the circus troupe, the people from the roving market... Everyone we've met on this journey...""","「皆さんと過ごす時間は掛け替えのないものでした。皆さんだけでなく、サーカス団や、移動商店などの旅先で出会った……」","「和你们三人一起度过的时光无可替代。不只是你们，还有马戏团、移动商店，以及旅途中遇见的所有人……」"
"10023631","{CARDNAME:1020}","{CARDNAME:1020}","{CARDNAME:1020}"
"10023632","""I appreciate where you were going with that, but can we save the heartfelt speechifying for later?"" {CARDNAME:1020} says, interrupting {CARDNAME:1030}'s thought.","「長い！思い出話は後にしろ！」と、{CARDNAME:1020}が{CARDNAME:1030}の長話を遮る。","{CARDNAME:1020} 打断 {CARDNAME:1030}：「太长了！回忆以后再讲！」"
"10023641","{CARDNAME:1030}","{CARDNAME:1030}","{CARDNAME:1030}"
"10023642","""My point is..."" {CARDNAME:1030} says, holding his weapon at the ready.","「つまりはですね」と、{CARDNAME:1030}は武器を構え直す。","{CARDNAME:1030} 重新架起武器：「总之就是……」"
"10023651","{CARDNAME:1030}","{CARDNAME:1030}","{CARDNAME:1030}"
"10023652","""You all are my family!""","「ボクにとって、皆さんは家族なんです！」","「对我来说，大家就是家人！」"
"10023661","Let {CARDNAME:1030} Decide!","{CARDNAME:1030}の判断に任せるよ！","交给 {CARDNAME:1030} 自己判断！"
"10023662","{CARDNAME:1030} is jolted by surprise at your words.","君の言葉に{CARDNAME:1030}はハッとする。","听见你的话，{CARDNAME:1030} 猛地回过神。"
"10023671","{CARDNAME:1030}","{CARDNAME:1030}","{CARDNAME:1030}"
"10023672","""That's true. I've got to decide this on my own, don't I?""","「そうですよね。ボクが判断しないとダメですよね」","「也是啊。这件事必须由我自己判断。」"
"10023681","{CARDNAME:1030}","{CARDNAME:1030}","{CARDNAME:1030}"
"10023682","""I'm shocked at myself. Me, of all people, losing my cool. All this time I've considered matters with clear eyes and a sharp mind to help us achieve victory...""","「いや、ボクとしたことが冷静さを欠いていました。今までボクは常にクールな目と利発な脳で物事を判断し、皆さんを勝利に……」","「真不像我，竟然失去了冷静。一直以来，我都用冷静的眼光和聪明的头脑判断局势，带领大家走向胜利……」"
"10023691","{CARDNAME:1020}","{CARDNAME:1020}","{CARDNAME:1020}"
"10023692","""I promise I'll listen to you tell us how great you are, but can we save it for later?"" {CARDNAME:1020} says, interrupting {CARDNAME:1030}'s thought.","「長い！自慢話は後で聞いてやる！」と、{CARDNAME:1020}が{CARDNAME:1030}の長話を遮る。","{CARDNAME:1020} 打断 {CARDNAME:1030}：「太长了！自夸以后再听你说！」"
"10023701","{CARDNAME:1030}","{CARDNAME:1030}","{CARDNAME:1030}"
"10023702","""Basically, what I'm trying to say is..."" {CARDNAME:1030} says, gripping his weapon tight.","「つまり、ボクが言いたいのは……」と{CARDNAME:1030}は武器を握る。","{CARDNAME:1030} 握紧武器：「总之，我想说的是……」"
"10023711","{CARDNAME:1030}","{CARDNAME:1030}","{CARDNAME:1030}"
"10023712","「真実とは押し付けられるものじゃなく、自分で見つけるものなんです」","「真実とは押し付けられるものじゃなく、自分で見つけるものなんです」","「真実とは押し付けられるものじゃなく、自分で見つけるものなんです」"
"10023721","{CARDNAME:1030}","{CARDNAME:1030}","{CARDNAME:1030}"
"10023722","""You might be my mother, but I have questions in need of answers, so I can't have you annihilating humanity!""","「ボクが答えを見つけるまで、お母さんといえど人間を滅ぼすのはご遠慮願います！」","「就算你是我妈妈，在我找到答案以前，也请别把人类灭掉！」"
"10023731","{CARDNAME:1030}","{CARDNAME:1030}","{CARDNAME:1030}"
"10023732","{CARDNAME:1050}が人間を使役するのは、君が魔物を使役するのと同じ原理だろう、と{CARDNAME:1030}は言う。","{CARDNAME:1050}が人間を使役するのは、君が{CARDNAME:4340}を使役するのと同じ原理だろう、と{CARDNAME:1030}は言う。","{CARDNAME:1050}が人間を使役するのは、君が魔物を使役するのと同じ原理だろう、と{CARDNAME:1030}は言う。"
"10023741","{CARDNAME:1030}","{CARDNAME:1030}","{CARDNAME:1030}"
"10023742","""Go after her card case!"" {CARDNAME:1030} concludes, and you nod in agreement.","「あのカードの束を狙いましょう！」という{CARDNAME:1030}の判断に、君は頷いた。","{CARDNAME:1030} 判断道：「攻击她的卡牌盒！」你点头赞同。"
"10023751","{CHARACTERNAME:1010}","{CHARACTERNAME:1010}","{CHARACTERNAME:1010}"
"10023752","Your attack knocks the card case out of {CARDNAME:1050}'s hands!","君の一撃が、{CARDNAME:1050}の持つカードの束を弾いた！","你一击打飞了 {CARDNAME:1050} 手中的卡牌盒！"
"10023761","{CARDNAME:1050}","{CARDNAME:1050}","{CARDNAME:1050}"
"10023762","She has no way to fight now!","{CARDNAME:1050}は戦う術を失った！","{CARDNAME:1050} 已经失去了战斗手段！"
"10023771","Monster","{CARDNAME:4340}","{CARDNAME:4340}"
"10023772","When you try to approach {CARDNAME:1050}, several of the battered monsters stand to block your way again.","君達が{CARDNAME:1050}に近付こうとするとボロボロの{CARDNAME:4340}達が再び立ちはだかる。","你们正要接近 {CARDNAME:1050}，那些遍体鳞伤的 {CARDNAME:4340} 又一次挡在前面。"
"10023781","Monster","{CARDNAME:4340}","{CARDNAME:4340}"
"10023782","""We'll save Mother!""","「{CARDNAME:1051}を助けルンダ！」","「我们要救 {CARDNAME:1051}！」"
"10023791","Monster","{CARDNAME:4340}","{CARDNAME:4340}"
"10023792","One of the monsters asks {CARDNAME:1040} a question.","魔物の一人が、{CARDNAME:1040}に問いかけた。","其中一只 {CARDNAME:4340} 向 {CARDNAME:1040} 发问。"
"10023801","Monster","{CARDNAME:4340}","{CARDNAME:4340}"
"10023802","""You're a monster, too. Why help humans?""","お前には{CARDNAME:4340}の血が流れているのに、なぜ人間に協力するのか？と。","「你也流着 {CARDNAME:4340} 的血。为什么要帮助人类？」"
"10023811","{CARDNAME:1040}","{CARDNAME:1040}","{CARDNAME:1040}"
"10023812","""I...""","「ソレハ……」","「这个……」"
"10023821","","",""
"10023822","{CARDNAME:1040} seems at a loss. What do you do?","どう答えようか迷っている{CARDNAME:1040}に、君は……","{CARDNAME:1040} 一时答不上来。你要怎么做？"
"10023831","Wait for Her Answer","答えを待つ","等她自己回答"
"10023832","You wait a few moments, and finally she answers, taking time to carefully form each word.","しばらくすると、{CARDNAME:1040}は一言ずつ、ゆっくりと答えた。","你耐心等了一会儿。终于，{CARDNAME:1040} 一字一句，慢慢开口。"
"10023841","{CARDNAME:1040}","{CARDNAME:1040}","{CARDNAME:1040}"
"10023842","""I might not be smart. But I know what I want.""","「アタイ　頭良クナイ　
ケド　決メタ」","「我脑子，不聪明。但我，决定了。」"
"10023851","{CARDNAME:1040}","{CARDNAME:1040}","{CARDNAME:1040}"
"10023852","""I want monsters and people to get along.""","{CARDNAME:1040}は言った。人間も{CARDNAME:4340}も仲良くしてほしい。","{CARDNAME:1040} 说，她希望人类和 {CARDNAME:4340} 能和睦相处。"
"10023861","{CARDNAME:1040}","{CARDNAME:1040}","{CARDNAME:1040}"
"10023862","""We'll stop humans from hurting monsters. And if monsters want to get rid of people... We'll stop that, too.""","人間が{CARDNAME:4340}を傷つけるなら止める。だから{CARDNAME:4340}が人間を滅ぼすのも止めるのだ、と……","人类若伤害 {CARDNAME:4340}，她就阻止人类；若 {CARDNAME:4340} 想毁灭人类，她也会阻止 {CARDNAME:4340}。"
"10023871","{CARDNAME:1040}","{CARDNAME:1040}","{CARDNAME:1040}"
"10023872","""We'll stop all the fighting!""","「ドッチモ　絶対　止メテミセル！」","「两边打架，我都一定会阻止！」"
"10023881","Look at {CARDNAME:1040}","{CARDNAME:1040}を見守る","看着 {CARDNAME:1040}"
"10023882","You watch her intently, and she starts speaking, taking time to carefully form her words.","君が見守る中、{CARDNAME:1040}はゆっくりと口を開いた。","在你的注视下，{CARDNAME:1040} 慢慢开口。"
"10023891","{CARDNAME:1040}","{CARDNAME:1040}","{CARDNAME:1040}"
"10023892","""I might not be smart. But I made a choice.""","「アタイ　頭良クナイ　
ケド　考エタ」","「我脑子，不聪明。但我，想明白了。」"
"10023901","{CARDNAME:1040}","{CARDNAME:1040}","{CARDNAME:1040}"
"10023902","""There are some people who hate monsters. But they accept me.""","{CARDNAME:1040}は言った。{CARDNAME:4340}が大嫌いでも、{CARDNAME:4340}の血が流れる自分を受け入れてくれた人がいる、と。","{CARDNAME:1040} 说，有些人虽然很讨厌 {CARDNAME:4340}，却依然接受了流着 {CARDNAME:4340} 血的自己。"
"10023911","{CARDNAME:1040}","{CARDNAME:1040}","{CARDNAME:1040}"
"10023912","""I know humans and monsters can get along. Like me and my friends. So don't... Don't destroy humans.""","自分達のように人間と{CARDNAME:4340}は仲良くなれるはず。だから、人間を滅ぼすのはやめてほしい、と……","既然自己和大家能成为朋友，人类和 {CARDNAME:4340} 也一定可以。所以，她希望它们不要毁灭人类。"
"10023921","{CARDNAME:1040}","{CARDNAME:1040}","{CARDNAME:1040}"
"10023922","""Me and {CHARACTERNAME:1010}...will make monsters and humans be friends!""","「アタイト　{CHARACTERNAME:1010}
{CARDNAME:4340}ト人間　仲良ク　サセラレル！」","「我和 {CHARACTERNAME:1010}……一定能让 {CARDNAME:4340} 和人类成为朋友！」"
"10023931","Fairies","妖精達","妖精们"
"10023932","You've taken down the monsters once again, but now the fairies from the Endwall flutter down to stand before you!","{CARDNAME:4340}を退けた君達の前に今度は、{CARDNAME:92360}にいた妖精達が現れた！","你们刚击退 {CARDNAME:4340}，{CARDNAME:92360} 的妖精们又飞了过来，挡在面前！"
"10023941","{CARDNAME:1020}","{CARDNAME:1020}","{CARDNAME:1020}"
"10023942","{CARDNAME:1020} clicks his tongue. ""So you're alive.""","「生きていたのか」と、{CARDNAME:1020}が舌打ちをする。","{CARDNAME:1020} 咂舌道：「原来你们还活着。」"
"10023951","Fairies","妖精達","妖精们"
"10023952","A closer look tells you that the fairies seem unsteady. They wouldn't stand a chance against you like this.","よく見ると妖精達はふらふらだ。これならすぐに倒せるだろう。","仔细一看，妖精们已经摇摇欲坠。现在这种状态，应该很快就能击倒。"
"10023961","Right Fairy","妖精・右","右边的妖精"
"10023962","""We don't care if we die. We're going to protect {CARDNAME:1051}.""","「死んでもいい。絶対に{CARDNAME:1051}を守る」","「死也无所谓。我们一定要保护 {CARDNAME:1051}。」"
"10023971","Left Fairy","妖精・左","左边的妖精"
"10023972","""You won't touch her so long as we live!""","「私達の命がある限り、{CARDNAME:1051}には近づけさせない！」","「只要我们还有一口气，就绝不让你们接近 {CARDNAME:1051}！」"
"10023981","{CHARACTERNAME:1010}","{CHARACTERNAME:1010}","{CHARACTERNAME:1010}"
"10023982","Suddenly, a brilliant light issues from your card case!","その時、君が持つカードが光りだした！","就在这时，你的卡牌盒突然放出耀眼光芒！"
"10023991","{CARDNAME:4310} and {CARDNAME:4320}","{CARDNAME:4310}と{CARDNAME:4320}","{CARDNAME:4310} 和 {CARDNAME:4320}"
"10023992","なんと！{CARDNAME:4310}と{CARDNAME:4320}が勝手に召喚された！","なんと！{CARDNAME:4310}と{CARDNAME:4320}が勝手に召喚された！","なんと！{CARDNAME:4310}と{CARDNAME:4320}が勝手に召喚された！"
"10024001","{CARDNAME:4310}","{CARDNAME:4310}","{CARDNAME:4310}"
"10024002","""I owe a debt to {CARDNAME:1051}.""","「{CARDNAME:1051}ニハ、恩義ガアル」","「我欠 {CARDNAME:1051} 一份恩情。」"
"10024011","{CARDNAME:4320}","{CARDNAME:4320}","{CARDNAME:4320}"
"10024012","""{CARDNAME:1051} is our hope. We won't let you take her life!""","「{CARDNAME:1051}ハ我ラノ希望。殺サセハシナイ！」","「{CARDNAME:1051} 是我们的希望。绝不会让你们杀了她！」"
"10024021","{CARDNAME:4310} and {CARDNAME:4320}","{CARDNAME:4310}と{CARDNAME:4320}","{CARDNAME:4310} 和 {CARDNAME:4320}"
"10024022","Not good! The primals are going wild, and you've lost control of them!","なんと！
暴走した神獣達が、君の制御下から離脱した！","不好！神兽们暴走了，挣脱了你的控制！"
"10024031","","",""
"10024032","You can no longer use the primals. Be sure to select new monsters to use in battle.","神獣が使用できなくなりました。戦闘に備えて、使役する{CARDNAME:4340}を選び直してください。","神兽已无法使用。请为接下来的战斗重新选择要使役的 {CARDNAME:4340}。"
"10024041","{CARDNAME:4330}","{CARDNAME:4330}","{CARDNAME:4330}"
"10024042","The fairies summon up all their strength and transform into the {CARDNAME:4330}.","妖精達が力を振り絞り、{CARDNAME:4330}へと姿を変える。","妖精们挤出最后的力量，化作 {CARDNAME:4330}。"
"10024051","{CARDNAME:4330}","{CARDNAME:4330}","{CARDNAME:4330}"
"10024052","""We will fight to save {CARDNAME:1051} no matter what it takes!""","「我ラノチカラデ、{CARDNAME:1051}ヲ助ケテミセル！」","「无论如何，我们都要靠自己的力量救下 {CARDNAME:1051}！」"
"10024061","{CHARACTERNAME:1010} and Company","{CHARACTERNAME:1010}達一行","{CHARACTERNAME:1010} 一行"
"10024062","なんとか神獣を倒した君達だったが、もう立っているのがやっとという状態だ。","なんとか神獣を倒した君達だったが、もう立っているのがやっとという状態だ。","なんとか神獣を倒した君達だったが、もう立っているのがやっとという状態だ。"
"10024071","{CARDNAME:1050}","{CARDNAME:1050}","{CARDNAME:1050}"
"10024072","Worn and ragged from their brutal battle with you, the primals crawl over to {CARDNAME:1050}, tears streaming down their faces.","君達と戦い、ぼろぼろになった神獣達に{CARDNAME:1050}が泣きながら寄り添う……","神兽们与你们激战后已经遍体鳞伤，艰难爬到 {CARDNAME:1050} 身边。{CARDNAME:1050} 流着泪靠近它们……"
"10024081","{CARDNAME:1050}","{CARDNAME:1050}","{CARDNAME:1050}"
"10024082","{CARDNAME:1050} turns her gaze to you. Her eyes are pinpricks of white-hot fury.","君達を見る{CARDNAME:1050}の目は怒りに燃えている。","{CARDNAME:1050} 转眼望向你们，双目燃烧着怒火。"
"10024091","{CARDNAME:1050}","{CARDNAME:1050}","{CARDNAME:1050}"
"10024092","""...You leave me with no other choice.""","「……もうこれしか手段はないわ」","「……看来只剩这个办法了。」"
"10024101","{CARDNAME:1050}","{CARDNAME:1050}","{CARDNAME:1050}"
"10024102","She withdraws a small bottle from her robes. The monster mutagen.","{CARDNAME:1050}は小さなビンを取り出す。それは、{CARDNAME:4340}になるクスリだった。","{CARDNAME:1050} 取出一只小瓶。里面正是让人变成 {CARDNAME:4340} 的药。"
"10024111","{CARDNAME:1030}","{CARDNAME:1030}","{CARDNAME:1030}"
"10024112","""Mom, don't!""","「お母さん！
それは……！」","「妈妈！别喝……！」"
"10024121","{CARDNAME:1050}","{CARDNAME:1050}","{CARDNAME:1050}"
"10024122","She ignores {CARDNAME:1030}'s plea, and swallows the contents of the bottle.","{CARDNAME:1030}の話も聞かず、{CARDNAME:1050}はクスリを飲み込んだ。","{CARDNAME:1050} 根本不听 {CARDNAME:1030} 的劝阻，一口喝下了药。"
"10024131","Mother of {CARDNAME:4340}s","{CARDNAME:4340}達のママ","{CARDNAME:4340} 们的妈妈"
"10024132","After transforming into a monster, {CARDNAME:1050} fuses with the primals. Their new form is an awesome sight to behold.","{CARDNAME:4340}となった{CARDNAME:1050}は、神獣達と融合した！","变成 {CARDNAME:4340} 的 {CARDNAME:1050}，竟与神兽们融合了！"
"10024141","{CHARACTERNAME:1010} and Company","{CHARACTERNAME:1010}達一行","{CHARACTERNAME:1010} 一行"
"10024142","You and your friends have already been pushed to the brink. You have no strength left to fight.","君達はもう限界を迎えている。これ以上戦う力はどこにもない。","你们已经到了极限，再也挤不出继续战斗的力量。"
"10024151","{CHARACTERNAME:1010}","{CHARACTERNAME:1010}","{CHARACTERNAME:1010}"
"10024152","""Is this it for us?""","「ここまでなの……？」","「到此为止了吗……？」"
"10024161","{CARDNAME:1020}","{CARDNAME:1020}","{CARDNAME:1020}"
"10024162","""No. Not yet.""","「いや、まだだ」","「不，还没完。」"
"10024171","{CARDNAME:1020}","{CARDNAME:1020}","{CARDNAME:1020}"
"10024172","Suddenly, a strange light bursts from {CARDNAME:1020}!","すると、{CARDNAME:1020}が不思議な光を放った！","突然，{CARDNAME:1020} 身上迸发出不可思议的光芒！"
"10024181","{CHARACTERNAME:1010} and Company","{CHARACTERNAME:1010}達一行","{CHARACTERNAME:1010} 一行"
"10024182","And in the blink of an eye, your entire party has regained all their strength!","君達の力が、瞬く間に回復した！","转眼间，你们所有人的力量都完全恢复了！"
"10024191","{CARDNAME:1030}","{CARDNAME:1030}","{CARDNAME:1030}"
"10024192","{CARDNAME:1030} can't contain his curiosity. ""What did you just do!?""","「今の技はなんです！？」と、{CARDNAME:1030}は興味津々だ。","{CARDNAME:1030} 好奇得按捺不住：「刚才那是什么招！？」"
"10024201","{CARDNAME:1040}","{CARDNAME:1040}","{CARDNAME:1040}"
"10024202","""Wow! Hidden trick!"" Tralis squeals in excitement.","「スゴイ　隠シ玉！」と、{CARDNAME:1040}は興奮している。","{CARDNAME:1040} 兴奋地喊：「好厉害！藏着的绝招！」"
"10024211","{CHARACTERNAME:1010} and Company","{CHARACTERNAME:1010}達一行","{CHARACTERNAME:1010} 一行"
"10024212","""Yeah, yeah. We'll talk about it later. Now come on!"" The rest of you follow {CARDNAME:1020}'s lead and raise your weapons against {CARDNAME:1050}.","「話は後だ。行くぞ！」と{CARDNAME:1020}に促され、万全の状態となった君達は{CARDNAME:1050}に向けて武器を構えた。","{CARDNAME:1020} 催促道：「有话以后再说。上了！」恢复到最佳状态的你们再次向 {CARDNAME:1050} 举起武器。"
"10024221","{CHARACTERNAME:1010} and Company","{CHARACTERNAME:1010}達一行","{CHARACTERNAME:1010} 一行"
"10024222","You and your friends finally manage to defeat {CARDNAME:1050}!","ついに、君達は{CARDNAME:1050}を撃破した！","终于，你们击败了 {CARDNAME:1050}！"
"10024231","{CARDNAME:1030}","{CARDNAME:1030}","{CARDNAME:1030}"
"10024232","She lies broken on the ground. {CARDNAME:1030} looks like he wants to run to her side.","倒れた{CARDNAME:1050}に{CARDNAME:1030}が駆け寄りたそうだ。","{CARDNAME:1050} 倒在地上。{CARDNAME:1030} 看起来很想跑到她身边。"
"10024241","{CHARACTERNAME:1010}","{CHARACTERNAME:1010}","{CHARACTERNAME:1010}"
"10024242","The things {CARDNAME:1030} must be feeling right now... Maybe you should go to {CARDNAME:1050}.","{CARDNAME:1030}の想いを汲んで、{CARDNAME:1050}のもとへ向かおう。","想到 {CARDNAME:1030} 此刻的心情……还是去 {CARDNAME:1050} 身边吧。"
"10024251","{CARDNAME:1050}","{CARDNAME:1050}","{CARDNAME:1050}"
"10024252","""{CARDNAME:1030}... My beloved son.""","「{CARDNAME:1030}……私の愛スル息子……」","「{CARDNAME:1030}……我最爱的儿子……」"
"10024261","{CARDNAME:1030}","{CARDNAME:1030}","{CARDNAME:1030}"
"10024262","""Mom... Please, just answer something for me.""","「……お母さん。一つだけ聞かせてください」","「……妈妈。请只回答我一个问题。」"
"10024271","{CARDNAME:1030}","{CARDNAME:1030}","{CARDNAME:1030}"
"10024272","""Who are you now? Are you the monsters' mother? Or are you mine?""","「今の貴女は{CARDNAME:4340}の{CARDNAME:1051}ですか？それともボクの母親ですか？」","「现在的你，究竟是 {CARDNAME:4340} 的 {CARDNAME:1051}，还是我的母亲？」"
"10024281","","",""
"10024282","""I...""","「私は……」","「我……」"
"10024291","Last Words","最期の言葉","临终之言"
"10024292","You are unable to hear {CARDNAME:1050}'s last words. You hope {CARDNAME:1030} did.","{CARDNAME:1050}の最期の言葉は君には聴こえなかった。{CARDNAME:1030}には聴こえたのだろうか。","{CARDNAME:1050} 最后的话，你没能听清。希望 {CARDNAME:1030} 听见了。"
"10024301","Monster","{CARDNAME:4340}","{CARDNAME:4340}"
"10024302","魔物達もママの死を嘆き、戦うどころではない。","{CARDNAME:4340}達も{CARDNAME:1051}の死を嘆き、戦うどころではない。","魔物達もママの死を嘆き、戦うどころではない。"
"10024311","{CHARACTERNAME:1010} and Company","{CHARACTERNAME:1010}達一行","{CHARACTERNAME:1010} 一行"
"10024312","Relief washes over you. What you've done has stopped the invasion of the human world, at least for now.","これで一先ず人間世界への侵攻を止められたと君達が安堵していると……","至少暂时阻止了对人类世界的侵攻，你们终于松了口气。就在这时……"
"10024321","Humans","人間達","人类们"
"10024322","Suddenly, a host of people from {CARDNAME:91320} come running into view!","そこに、{CARDNAME:91320}の人間達の軍勢が現れた！","一大群来自 {CARDNAME:91320} 的人突然冲了过来！"
"10024331","Humans","人間達","人类们"
"10024332","人間達は、「魔物の拠点をようやく見つけた。殲滅してやる」と息巻いている。","人間達は、「{CARDNAME:4340}の拠点をようやく見つけた。殲滅してやる」と息巻いている。","人間達は、「魔物の拠点をようやく見つけた。殲滅してやる」と息巻いている。"
"10024341","Humans","人間達","人类们"
"10024342","""That's them! The traitor {CARDNAME:1020} and his accomplices!"" one of them spits. They come right at you, weapons drawn!","人間達は「こいつら……裏切り者の{CARDNAME:1020}達だ！」と斬りかかって来た！！","他们骂道：「就是他们！叛徒 {CARDNAME:1020} 和他的同伙！」随即拔出武器扑向你们！"
"10024351","{CHARACTERNAME:1010} and Company","{CHARACTERNAME:1010}達一行","{CHARACTERNAME:1010} 一行"
"10024352","You manage to defeat the people from {CARDNAME:91320}, but reinforcements quickly come running!","君達は{CARDNAME:91320}の人間達を倒したが、すぐにまた増援が駆けつけてきた。","你们勉强击败了 {CARDNAME:91320} 的人，可增援很快又赶到了！"
"10024361","{CHARACTERNAME:1010}","{CHARACTERNAME:1010}","{CHARACTERNAME:1010}"
"10024362","The four of you are utterly exhausted after the fight with {CARDNAME:1050}—but you have to dig deep and fight back.","{CARDNAME:1050}との戦いで消耗した君達だったが、なんとか応戦しなくてはならない。","与 {CARDNAME:1050} 一战后，你们已精疲力尽，可还是必须设法应战。"
"10024371","{CHARACTERNAME:1010} and Company","{CHARACTERNAME:1010}達一行","{CHARACTERNAME:1010} 一行"
"10024372","君達は悔しさに唇を噛む。人間と魔物の争いを止めてみせると決意したのに……","君達は悔しさに唇を噛む。人間と{CARDNAME:4340}の争いを止めてみせると決意したのに……","君達は悔しさに唇を噛む。人間と魔物の争いを止めてみせると決意したのに……"
"10024381","{CARDNAME:1020}","{CARDNAME:1020}","{CARDNAME:1020}"
"10024382","Before you can make a move, {CARDNAME:1020} takes a step forward and addresses the rest of you in a soft voice.","その時、{CARDNAME:1020}が一歩前に出て静かに話し始めた。","你们还来不及行动，{CARDNAME:1020} 向前迈出一步，静静对大家开口。"
"10024391","{CARDNAME:1020}","{CARDNAME:1020}","{CARDNAME:1020}"
"10024392","""I'll take it from here.""","「あとは……
オレに任せてくれ」","「接下来……交给我吧。」"
"10024401","{CARDNAME:1020}","{CARDNAME:1020}","{CARDNAME:1020}"
"10024402","{CARDNAME:1020} thinks back on everything. He was a boy without parents, taken and used as a test subject for the mutagen that transforms people into monsters.","{CARDNAME:1020}は思い出す。身寄りのなかった幼い頃、人間を{CARDNAME:4340}に進化させるクスリの研究で、実験台にされたこと。","{CARDNAME:1020} 回想起过去。幼年时无依无靠的他，被抓去充当让人类变成 {CARDNAME:4340} 之药的实验对象。"
"10024411","{CARDNAME:1020}","{CARDNAME:1020}","{CARDNAME:1020}"
"10024412","He remembers his narrow escape, only to end up at the mercy of the Steelborough senators, who treated him like an animal.","何とか実験から逃げたものの、{CARDNAME:91320}では元老院達によって家畜同然の扱いを受けたこと。","他好不容易逃出实验设施，却又落入 {CARDNAME:91320} 元老院手中，被当作牲畜一般对待。"
"10024421","{CARDNAME:1020}","{CARDNAME:1020}","{CARDNAME:1020}"
"10024422","He remembers feeling numb to the world, numb to his emotions—and meeting you, after you'd lost everything.","感情が死んでいく中で、すべてを失った君と出会ったこと。","在感情逐渐麻木时，他遇见了失去一切的你。"
"10024431","{CARDNAME:1020}","{CARDNAME:1020}","{CARDNAME:1020}"
"10024432","""I met you, and went on this journey. I tasted what it was to be free. I made friends. I was happy.""","「アンタと会って自由な旅に出た。仲間もできた。すごく楽しかった」","「遇见你以后，我踏上了自由的旅程，也有了同伴。真的很开心。」"
"10024441","{CARDNAME:1020}","{CARDNAME:1020}","{CARDNAME:1020}"
"10024442","""For the first and only time in my life, I feel like I've been able to live like an actual person. Thank you.""","「生まれて初めて、人間として生きられた気がするんだ。ありがとう」","「我这辈子第一次觉得，自己能像真正的人一样活着。谢谢。」"
"10024451","{CARDNAME:1020}","{CARDNAME:1020}","{CARDNAME:1020}"
"10024452","""But there's something you should know about me.""","「だけど、オレの本当の姿は……」","「不过，有件事你们必须知道。真正的我……」"
"10024461","{CARDNAME:1020}","{CARDNAME:1020}","{CARDNAME:1020}"
"10024462","Unnatural-looking protuberances begin to swell all over {CARDNAME:1020}'s body.","{CARDNAME:1020}の体が、ところどころ不自然に隆起する。","{CARDNAME:1020} 身体各处开始不自然地隆起。"
"10024471","{CHARACTERNAME:1010}","{CHARACTERNAME:1010}","{CHARACTERNAME:1010}"
"10024472","""No, {CARDNAME:1020}, don't!""","「ダメ！{CARDNAME:1020}！」","「不要！{CARDNAME:1020}！」"
"10024481","{CARDNAME:1020}","{CARDNAME:1020}","{CARDNAME:1020}"
"10024482","As his body continues to transform, {CARDNAME:1020} reaches an arm out toward you.","体が変化する中で、{CARDNAME:1020}は君達に向けて腕を伸ばし……","身体不断变化的同时，{CARDNAME:1020} 向你们伸出手……"
"10024491","{CARDNAME:1020}","{CARDNAME:1020}","{CARDNAME:1020}"
"10024492","Gently—but firmly—he pushes the rest of you into the chasm.","とん、と優しく押して、
君達を穴の中へと突き落とした。","随后轻轻，却不容反抗地一推，把你们推下了深坑。"
"10024501","{CARDNAME:1020}","{CARDNAME:1020}","{CARDNAME:1020}"
"10024502","""Live for me.""","「アンタらは生きてくれ」","「替我活下去。」"
"10024511","{CHARACTERNAME:1010}","{CHARACTERNAME:1010}","{CHARACTERNAME:1010}"
"10024512","""{CARDNAME:1020}!""","「{CARDNAME:1020}！！！」","「{CARDNAME:1020}！！！」"
"10024521","{CHARACTERNAME:1010} and Company","{CHARACTERNAME:1010}達一行","{CHARACTERNAME:1010} 一行"
"10024522","For a few brief seconds, you can see the sight of {CARDNAME:1020} charging into battle receding into the distance as you fall.","戦場に飛び込む{CARDNAME:1020}の後ろ姿を目に映しながら、君達は穴に落ちていった。","坠落时，你们最后看见的，是 {CARDNAME:1020} 冲入战场、渐渐远去的背影。"
"10024531","{CHARACTERNAME:1010}","{CHARACTERNAME:1010}","{CHARACTERNAME:1010}"
"10024532","When you come to, you are surrounded by pitch darkness. You have no idea how far you've fallen.","君が目を覚ますと、真っ暗闇だった。どれくらい落ちたのか見当もつかない。","醒来时，周围一片漆黑。你完全不知道自己究竟坠落了多远。"
"10024541","{CHARACTERNAME:1010}","{CHARACTERNAME:1010}","{CHARACTERNAME:1010}"
"10024542","Oddly, though, you don't feel any pain. You wonder if you have {CARDNAME:1020} to thank for that, too.","しかし、不思議と身体に痛みはない。これも{CARDNAME:1020}の力なのだろうか？","奇怪的是，身体竟一点也不痛。难道这也是 {CARDNAME:1020} 的力量？"
"10024551","{CHARACTERNAME:1010}","{CHARACTERNAME:1010}","{CHARACTERNAME:1010}"
"10024552","You need to get back to him, but you don't see any way to climb out of here...","君は{CARDNAME:1020}の所へ戻ろうとしたが……どこにも登れるような場所は見つからない……","你必须回到 {CARDNAME:1020} 身边，可附近根本找不到能爬上去的地方……"
"10024561","{CARDNAME:1030}","{CARDNAME:1030}","{CARDNAME:1030}"
"10024562","You manage to locate {CARDNAME:1030}. He asks after your condition as he always does—using seemingly as many words as possible.","君は{CARDNAME:1030}を見つけた。
{CARDNAME:1030}はいつもの調子で大量の言葉を並べながら、君に気遣いの言葉をかける。","你找到了 {CARDNAME:1030}。他还是老样子，用多得像说不完的话关心你的状况。"
"10024571","{CHARACTERNAME:1010}","{CHARACTERNAME:1010}","{CHARACTERNAME:1010}"
"10024572","He is acting just like he always does. His concern for you lifts your spirits.","こんな状況なのに、いつも通りに……その気遣いに君の心は助けられた。","明明身处这种境地，他却还是和平时一样。这份关心让你的心稍稍安定下来。"
"10024581","{CARDNAME:1030}","{CARDNAME:1030}","{CARDNAME:1030}"
"10024582","""We need to get out. Easier said than done, though. This is quite the pit.""","「外に出ないと……
それにしてもこんな深い穴だとは……」","「得想办法出去……不过，这坑也太深了。」"
"10024591","{CARDNAME:1030}","{CARDNAME:1030}","{CARDNAME:1030}"
"10024592","そして、{CARDNAME:1030}が突然、「ボクはクスリの研究をすることにしましたよ」と言い出した。","そして、{CARDNAME:1030}が突然、「ボクはクスリの研究をすることにしましたよ」と言い出した。","そして、{CARDNAME:1030}が突然、「ボクはクスリの研究をすることにしましたよ」と言い出した。"
"10024601","{CARDNAME:1030}","{CARDNAME:1030}","{CARDNAME:1030}"
"10024602","人間を魔物にするクスリができたのだから、反対に魔物から人間に戻すクスリもできるはずだ、と。","人間を{CARDNAME:4340}にするクスリができたのだから、反対に{CARDNAME:4340}から人間に戻すクスリもできるはずだ、と。","人間を魔物にするクスリができたのだから、反対に魔物から人間に戻すクスリもできるはずだ、と。"
"10024611","{CARDNAME:1030}","{CARDNAME:1030}","{CARDNAME:1030}"
"10024612","「そうすれば、人間か魔物か、好きな方を選べるでしょう？」","「そうすれば、人間か{CARDNAME:4340}か、好きな方を選べるでしょう？」","「そうすれば、人間か魔物か、好きな方を選べるでしょう？」"
"10024621","{CARDNAME:1030}","{CARDNAME:1030}","{CARDNAME:1030}"
"10024622","{CARDNAME:1030} guesses that perhaps there are so many old world ruins due to them being hidden deep underground.","地底深くに隠されていたから、旧世界の遺跡があれほど残っていたんでしょう、と{CARDNAME:1030}は言った。","{CARDNAME:1030} 推测，旧世界遗迹之所以保存得如此完整，或许正因为它们深埋地下。"
"10024631","{CARDNAME:1040}","{CARDNAME:1040}","{CARDNAME:1040}"
"10024632","You manage to locate {CARDNAME:1040}. She zips over, sweeps you into her arms, and twirls you around in a back-breaking hug.","君は{CARDNAME:1040}を見つけた。
{CARDNAME:1040}は力いっぱい君に抱きつき、持ち上げ、くるくると回す。","你找到了 {CARDNAME:1040}。她飞奔过来，一把将你抱起，紧紧搂着转了好几圈。"
"10024641","{CHARACTERNAME:1010}","{CHARACTERNAME:1010}","{CHARACTERNAME:1010}"
"10024642","You can't repress your smile, even as you remind her how dangerous it could be down here in the dark.","「暗い中で危ないよ」と言いながら、君は自然と笑みをこぼしていた。","你提醒她这里一片漆黑，这样很危险，却还是忍不住笑了出来。"
"10024651","","",""
"10024652","Continue on?","この先に進みますか？","要继续前进吗？"
"10024661","","",""
"10024662","Before you, a vast city of the old world stretches into the darkness.","目の前には広大な旧世界の都市が広がっていた。","眼前，一座广阔的旧世界都市延伸进黑暗深处。"
"10024671","","",""
"10024672","Just then...","そして……","就在这时……"
"10024681","{CARDNAME:1040}","{CARDNAME:1040}","{CARDNAME:1040}"
"10024682","{CARDNAME:1040}は屈託なく、これからどこに行こうかと聞いてくる。","{CARDNAME:1040}は屈託なく、これからどこに行こうかと聞いてくる。","{CARDNAME:1040}は屈託なく、これからどこに行こうかと聞いてくる。"
"10024691","{CARDNAME:1040}","{CARDNAME:1040}","{CARDNAME:1040}"
"10024692","「マダマダ　学ブコト　
イッパイ！　ズット　
ヨロシク！」","「マダマダ　学ブコト　
イッパイ！　ズット　
ヨロシク！」","「マダマダ　学ブコト　
イッパイ！　ズット　
ヨロシク！」"
"10024701","Monster","{CARDNAME:4340}","{CARDNAME:4340}"
"10024702","...you catch sight of a battered and wounded monster.","君達の前に、傷だらけの{CARDNAME:4340}が現れた。","……一只遍体鳞伤的 {CARDNAME:4340} 出现在你们面前。"
"10024711","Monster","{CARDNAME:4340}","{CARDNAME:4340}"
"10024712","The creature is totally still, eyes locked on you and your friends.","{CARDNAME:4340}は、じっと君達を見つめている……","{CARDNAME:4340} 一动不动，只静静盯着你们。"
"10024721","{CHARACTERNAME:1010}","{CHARACTERNAME:1010}","{CHARACTERNAME:1010}"
"10024722","You stand in front of the monster.","君は……その魔物の目の前に立った。","你站到了那只 {CARDNAME:4340} 面前。"
"10024731","Monster","{CARDNAME:4340}","{CARDNAME:4340}"
"10024732","""...I'm a monster. Don't you hate me?""","「……オレは{CARDNAME:4340}ダゾ。憎クないノカ？」","「……我是 {CARDNAME:4340}。你不恨我吗？」"
"10024741","{CHARACTERNAME:1010}","{CHARACTERNAME:1010}","{CHARACTERNAME:1010}"
"10024742","""No. You're cute, like the first friend I ever made. Besides...""","「ううん。初めての友達に似てて、カワイイ。
それに……」","「不恨。你和我最初交到的朋友很像，很可爱。而且……」"
"10024751","{CHARACTERNAME:1010}","{CHARACTERNAME:1010}","{CHARACTERNAME:1010}"
"10024752","""You're going to show me the stars, aren't you?""","「キレイな星空を見せてくれるんでしょう？」","「你会带我去看星星，对吧？」"
"10024761","Monster","{CARDNAME:4340}","{CARDNAME:4340}"
"10024762","""......""","「…………」","「……」"
"10024771","Monster","{CARDNAME:4340}","{CARDNAME:4340}"
"10024772","The monster nods. ""Yeah. I'll show you. The most beautiful stars. In the world,"" he says, then extends a hand to you.","{CARDNAME:4340}は頷き、君に手を差し出して言った。
「アア。最高にキレイな星空ヲ見せてヤル」","{CARDNAME:4340} 点点头，向你伸出手：「嗯。我会带你去看……世界上最漂亮的星空。」"
"10024781","{CHARACTERNAME:1010}","{CHARACTERNAME:1010}","{CHARACTERNAME:1010}"
"10024782","You take it.","君は、自分の意志でその手を取った。","你依照自己的意志，握住了那只手。"
"10024791","{CARDNAME:1030}","{CARDNAME:1030}","{CARDNAME:1030}"
"10024792","""This IS a pretty big ruin. Maybe somewhere down here, buried in the secrets of the old world, we can find out why night never comes,"" {CARDNAME:1030} says with a smile.","「確かにこれだけ広大な旧世界の遺跡があるのなら、夜が来ない秘密を探れるかもしれませんね」と、{CARDNAME:1030}が笑う。","{CARDNAME:1030} 笑道：「旧世界遗迹这么大，也许能在这里找到夜晚不再降临的秘密。」"
"10024801","{CARDNAME:1040}","{CARDNAME:1040}","{CARDNAME:1040}"
"10024802","""Yeah! Night! Stars! I wanna see 'em! Together!"" {CARDNAME:1040} says, her spirits soaring.","「夜！　星！　ミル！　
ミンナ　一緒！」と、{CARDNAME:1040}がはしゃぐ。","{CARDNAME:1040} 兴奋地喊：「夜晚！星星！想看！大家一起！」"
"10024811","{CHARACTERNAME:1010} and Company","{CHARACTERNAME:1010}達一行","{CHARACTERNAME:1010} 一行"
"10024812","Places deep and dark may lie ahead.","この先にあるのは深くて暗い場所なのかもしれない。","前方也许仍是幽深黑暗的地方。"
"10024821","{CHARACTERNAME:1010} and Company","{CHARACTERNAME:1010}達一行","{CHARACTERNAME:1010} 一行"
"10024822","Be that as it may, you and your friends are filled with hope.","だけど、一行の気持ちは希望に満ちていた。","即便如此，你们心中仍充满希望。"
"10024831","{CHARACTERNAME:1010} and Company","{CHARACTERNAME:1010}達一行","{CHARACTERNAME:1010} 一行"
"10024832","So long as you have these people with you... You know the future you seek is within reach.","この仲間とならきっと……望むべき未来を手にすることができる。","只要和这些同伴在一起……你相信，自己一定能抵达向往的未来。"
"10024841","{CHARACTERNAME:1010} and Company","{CHARACTERNAME:1010}達一行","{CHARACTERNAME:1010} 一行"
"10024842","そして……","そして……","そして……"
"10024851","{CHARACTERNAME:1010} and Company","{CHARACTERNAME:1010}達一行","{CHARACTERNAME:1010} 一行"
"10024852","And so the four friends join hands, and set off into the vastness of the unknown.","四人は手を取り合い、
広大な地下へと
旅立っていった……","于是四名伙伴牵起彼此的手，踏向广阔未知的地下世界……"
"10024861","Chest","宝箱","宝箱"
"10024862","Treasure chest found!","宝箱を発見した！","发现了宝箱！"
"10024871","","",""
"10024872","You obtain <highlight>{CARDNAME:50101}</highlight>!","君は、<highlight>{CARDNAME:50101}</highlight>を
手に入れた！","获得了 <highlight>{CARDNAME:50101}</highlight>！"
"10024881","","",""
"10024882","You obtain <highlight>{CARDNAME:50102}</highlight>!","君は、<highlight>{CARDNAME:50102}</highlight>を
手に入れた！","获得了 <highlight>{CARDNAME:50102}</highlight>！"
"10024891","","",""
"10024892","You obtain <highlight>{CARDNAME:50103}</highlight>!","君は、<highlight>{CARDNAME:50103}</highlight>を
手に入れた！","获得了 <highlight>{CARDNAME:50103}</highlight>！"
"10024901","","",""
"10024902","You obtain <highlight>{CARDNAME:50111}</highlight>!","君は、<highlight>{CARDNAME:50111}</highlight>を
手に入れた！","获得了 <highlight>{CARDNAME:50111}</highlight>！"
"10024911","","",""
"10024912","You obtain <highlight>{CARDNAME:50112}</highlight>!","君は、<highlight>{CARDNAME:50112}</highlight>を
手に入れた！","获得了 <highlight>{CARDNAME:50112}</highlight>！"
"10024921","","",""
"10024922","You obtain <highlight>{CARDNAME:50201}</highlight>!","君は、<highlight>{CARDNAME:50201}</highlight>を
手に入れた！","获得了 <highlight>{CARDNAME:50201}</highlight>！"
"10024931","","",""
"10024932","You obtain <highlight>{CARDNAME:50202}</highlight>!","君は、<highlight>{CARDNAME:50202}</highlight>を
手に入れた！","获得了 <highlight>{CARDNAME:50202}</highlight>！"
"10024941","","",""
"10024942","You obtain <highlight>{CARDNAME:50203}</highlight>!","君は、<highlight>{CARDNAME:50203}</highlight>を
手に入れた！","获得了 <highlight>{CARDNAME:50203}</highlight>！"
"10024951","","",""
"10024952","You obtain <highlight>{CARDNAME:50204}</highlight>!","君は、<highlight>{CARDNAME:50204}</highlight>を
手に入れた！","获得了 <highlight>{CARDNAME:50204}</highlight>！"
"10024961","","",""
"10024962","You obtain <highlight>{CARDNAME:50205}</highlight>!","君は、<highlight>{CARDNAME:50205}</highlight>を
手に入れた！","获得了 <highlight>{CARDNAME:50205}</highlight>！"
"10024971","","",""
"10024972","You obtain <highlight>{CARDNAME:50206}</highlight>!","君は、<highlight>{CARDNAME:50206}</highlight>を
手に入れた！","获得了 <highlight>{CARDNAME:50206}</highlight>！"
"10024981","","",""
"10024982","You obtain <highlight>{CARDNAME:50210}</highlight>!","君は、<highlight>{CARDNAME:50210}</highlight>を
手に入れた！","获得了 <highlight>{CARDNAME:50210}</highlight>！"
"10024991","","",""
"10024992","You obtain <highlight>{CARDNAME:50221}</highlight>!","君は、<highlight>{CARDNAME:50221}</highlight>を
手に入れた！","获得了 <highlight>{CARDNAME:50221}</highlight>！"
"10025001","","",""
"10025002","You obtain <highlight>{CARDNAME:50222}</highlight>!","君は、<highlight>{CARDNAME:50222}</highlight>を
手に入れた！","获得了 <highlight>{CARDNAME:50222}</highlight>！"
"10025011","","",""
"10025012","You obtain <highlight>{CARDNAME:50250}</highlight>!","君は、<highlight>{CARDNAME:50250}</highlight>を
手に入れた！","获得了 <highlight>{CARDNAME:50250}</highlight>！"
"10025021","","",""
"10025022","You obtain <highlight>{CARDNAME:50251}</highlight>!","君は、<highlight>{CARDNAME:50251}</highlight>を
手に入れた！","获得了 <highlight>{CARDNAME:50251}</highlight>！"
"10025031","","",""
"10025032","You obtain <highlight>{CARDNAME:50301}</highlight>!","君は、<highlight>{CARDNAME:50301}</highlight>を
手に入れた！","获得了 <highlight>{CARDNAME:50301}</highlight>！"
"10025041","","",""
"10025042","You obtain <highlight>{CARDNAME:50401}</highlight>!","君は、<highlight>{CARDNAME:50401}</highlight>を
手に入れた！","获得了 <highlight>{CARDNAME:50401}</highlight>！"
"10025051","","",""
"10025052","You obtain <highlight>{CARDNAME:50402}</highlight>!","君は、<highlight>{CARDNAME:50402}</highlight>を
手に入れた！","获得了 <highlight>{CARDNAME:50402}</highlight>！"
"10025061","","",""
"10025062","You obtain <highlight>{CARDNAME:50501}</highlight>!","君は、<highlight>{CARDNAME:50501}</highlight>を
手に入れた！","获得了 <highlight>{CARDNAME:50501}</highlight>！"
"10025071","","",""
"10025072","You obtain <highlight>{CARDNAME:50502}</highlight>!","君は、<highlight>{CARDNAME:50502}</highlight>を
手に入れた！","获得了 <highlight>{CARDNAME:50502}</highlight>！"
"10025081","","",""
"10025082","You obtain <highlight>{CARDNAME:50504}</highlight>!","君は、<highlight>{CARDNAME:50504}</highlight>を
手に入れた！","获得了 <highlight>{CARDNAME:50504}</highlight>！"
"10025091","","",""
"10025092","You obtain <highlight>{CARDNAME:50450}</highlight>!","君は、<highlight>{CARDNAME:50450}</highlight>を
手に入れた！","获得了 <highlight>{CARDNAME:50450}</highlight>！"
"10025101","","",""
"10025102","You obtain <highlight>{CARDNAME:50451}</highlight>!","君は、<highlight>{CARDNAME:50451}</highlight>を
手に入れた！","获得了 <highlight>{CARDNAME:50451}</highlight>！"
"10025111","","",""
"10025112","You obtain <highlight>{CARDNAME:50610}</highlight>!","君は、<highlight>{CARDNAME:50610}</highlight>を
手に入れた！","获得了 <highlight>{CARDNAME:50610}</highlight>！"
"10025121","","",""
"10025122","You obtain <highlight>{CARDNAME:50802}</highlight>!","君は、<highlight>{CARDNAME:50802}</highlight>を
手に入れた！","获得了 <highlight>{CARDNAME:50802}</highlight>！"
"10025131","","",""
"10025132","You obtain <highlight>{CARDNAME:50803}</highlight>!","君は、<highlight>{CARDNAME:50803}</highlight>を
手に入れた！","获得了 <highlight>{CARDNAME:50803}</highlight>！"
"10025141","","",""
"10025142","You obtain <highlight>{CARDNAME:50902}</highlight>!","君は、<highlight>{CARDNAME:50902}</highlight>を
手に入れた！","获得了 <highlight>{CARDNAME:50902}</highlight>！"
"10025151","","",""
"10025152","You obtain <highlight>{CARDNAME:50801}</highlight>!","君は、<highlight>{CARDNAME:50801}</highlight>を
手に入れた！","获得了 <highlight>{CARDNAME:50801}</highlight>！"
"10025161","","",""
"10025162","You obtain <highlight>{CARDNAME:50901}</highlight>!","君は、<highlight>{CARDNAME:50901}</highlight>を
手に入れた！","获得了 <highlight>{CARDNAME:50901}</highlight>！"
"10025171","","",""
"10025172","You obtain <highlight>{CARDNAME:63100}</highlight>!","君は、<highlight>{CARDNAME:63100}</highlight>を
手に入れた！","获得了 <highlight>{CARDNAME:63100}</highlight>！"
"10025181","","",""
"10025182","You obtain <highlight>{CARDNAME:63140}</highlight>!","君は、<highlight>{CARDNAME:63140}</highlight>を
手に入れた！","获得了 <highlight>{CARDNAME:63140}</highlight>！"
"10025191","","",""
"10025192","You obtain <highlight>{CARDNAME:63250}</highlight>!","君は、<highlight>{CARDNAME:63250}</highlight>を
手に入れた！","获得了 <highlight>{CARDNAME:63250}</highlight>！"
"10025201","","",""
"10025202","You obtain <highlight>{CARDNAME:63260}</highlight>!","君は、<highlight>{CARDNAME:63260}</highlight>を
手に入れた！","获得了 <highlight>{CARDNAME:63260}</highlight>！"
"10025211","","",""
"10025212","You obtain <highlight>{CARDNAME:63270}</highlight>!","君は、<highlight>{CARDNAME:63270}</highlight>を
手に入れた！","获得了 <highlight>{CARDNAME:63270}</highlight>！"
"10025221","","",""
"10025222","You obtain <highlight>{CARDNAME:63280}</highlight>!","君は、<highlight>{CARDNAME:63280}</highlight>を
手に入れた！","获得了 <highlight>{CARDNAME:63280}</highlight>！"
"10025231","","",""
"10025232","You obtain <highlight>{CARDNAME:63290}</highlight>!","君は、<highlight>{CARDNAME:63290}</highlight>を
手に入れた！","获得了 <highlight>{CARDNAME:63290}</highlight>！"
"10025241","","",""
"10025242","You obtain <highlight>{CARDNAME:63150}</highlight>!","君は、<highlight>{CARDNAME:63150}</highlight>を
手に入れた！","获得了 <highlight>{CARDNAME:63150}</highlight>！"
"10025251","","",""
"10025252","You obtain <highlight>{CARDNAME:63170}</highlight>!","君は、<highlight>{CARDNAME:63170}</highlight>を
手に入れた！","获得了 <highlight>{CARDNAME:63170}</highlight>！"
"10025261","","",""
"10025262","You obtain <highlight>{CARDNAME:63180}</highlight>!","君は、<highlight>{CARDNAME:63180}</highlight>を
手に入れた！","获得了 <highlight>{CARDNAME:63180}</highlight>！"
"10025271","","",""
"10025272","You obtain <highlight>{CARDNAME:63200}</highlight>!","君は、<highlight>{CARDNAME:63200}</highlight>を
手に入れた！","获得了 <highlight>{CARDNAME:63200}</highlight>！"
"10025281","","",""
"10025282","You obtain <highlight>{CARDNAME:63210}</highlight>!","君は、<highlight>{CARDNAME:63210}</highlight>を
手に入れた！","获得了 <highlight>{CARDNAME:63210}</highlight>！"
"10025291","","",""
"10025292","You obtain <highlight>{CARDNAME:63190}</highlight>!","君は、<highlight>{CARDNAME:63190}</highlight>を
手に入れた！","获得了 <highlight>{CARDNAME:63190}</highlight>！"
"10025301","","",""
"10025302","You obtain <highlight>{CARDNAME:63130}</highlight>!","君は、<highlight>{CARDNAME:63130}</highlight>を
手に入れた！","获得了 <highlight>{CARDNAME:63130}</highlight>！"
"10025311","","",""
"10025312","You obtain <highlight>{CARDNAME:63160}</highlight>!","君は、<highlight>{CARDNAME:63160}</highlight>を
手に入れた！","获得了 <highlight>{CARDNAME:63160}</highlight>！"
"10025321","","",""
"10025322","You obtain <highlight>{CARDNAME:63120}</highlight>!","君は、<highlight>{CARDNAME:63120}</highlight>を
手に入れた！","获得了 <highlight>{CARDNAME:63120}</highlight>！"
"10025331","","",""
"10025332","You obtain <highlight>{CARDNAME:63110}</highlight>!","君は、<highlight>{CARDNAME:63110}</highlight>を
手に入れた！","获得了 <highlight>{CARDNAME:63110}</highlight>！"
"10025341","","",""
"10025342","You obtain <highlight>{CARDNAME:63230}</highlight>!","君は、<highlight>{CARDNAME:63230}</highlight>を
手に入れた！","获得了 <highlight>{CARDNAME:63230}</highlight>！"
"10025351","","",""
"10025352","You obtain <highlight>{CARDNAME:63240}</highlight>!","君は、<highlight>{CARDNAME:63240}</highlight>を
手に入れた！","获得了 <highlight>{CARDNAME:63240}</highlight>！"
"10025361","","",""
"10025362","You obtain <highlight>{CARDNAME:63220}</highlight>!","君は、<highlight>{CARDNAME:63220}</highlight>を
手に入れた！","获得了 <highlight>{CARDNAME:63220}</highlight>！"
"10025371","","",""
"10025372","君は<highlight>{CARDNAME:60202}</highlight>を手に入れた！","君は<highlight>{CARDNAME:60202}</highlight>を手に入れた！","君は<highlight>{CARDNAME:60202}</highlight>を手に入れた！"
"10025381","","",""
"10025382","君は、<highlight>{CARDNAME:60103}</highlight>を
手に入れた！","君は、<highlight>{CARDNAME:60103}</highlight>を
手に入れた！","君は、<highlight>{CARDNAME:60103}</highlight>を
手に入れた！"
"10025391","","",""
"10025392","You obtain <highlight>{CARDNAME:60303}</highlight>!","君は、<highlight>{CARDNAME:60303}</highlight>を
手に入れた！","获得了 <highlight>{CARDNAME:60303}</highlight>！"
"10025401","","",""
"10025402","You obtain <highlight>{CARDNAME:60105}</highlight>!","君は、<highlight>{CARDNAME:60105}</highlight>を
手に入れた！","获得了 <highlight>{CARDNAME:60105}</highlight>！"
"10025411","","",""
"10025412","You obtain <highlight>{CARDNAME:60205}</highlight>!","君は、<highlight>{CARDNAME:60205}</highlight>を
手に入れた！","获得了 <highlight>{CARDNAME:60205}</highlight>！"
"10025421","","",""
"10025422","You obtain <highlight>{CARDNAME:60305}</highlight>!","君は、<highlight>{CARDNAME:60305}</highlight>を
手に入れた！","获得了 <highlight>{CARDNAME:60305}</highlight>！"
"10025431","","",""
"10025432","You obtain <highlight>{CARDNAME:60405}</highlight>!","君は、<highlight>{CARDNAME:60405}</highlight>を
手に入れた！","获得了 <highlight>{CARDNAME:60405}</highlight>！"
"10025441","","",""
"10025442","君は<highlight>{CARDNAME:62210}</highlight>を手に入れた！","君は<highlight>{CARDNAME:62210}</highlight>を手に入れた！","君は<highlight>{CARDNAME:62210}</highlight>を手に入れた！"
"10025451","","",""
"10025452","君は<highlight>{CARDNAME:62120}</highlight>を手に入れた！","君は<highlight>{CARDNAME:62120}</highlight>を手に入れた！","君は<highlight>{CARDNAME:62120}</highlight>を手に入れた！"
"10025461","","",""
"10025462","君は<highlight>{CARDNAME:62230}</highlight>を手に入れた！","君は<highlight>{CARDNAME:62230}</highlight>を手に入れた！","君は<highlight>{CARDNAME:62230}</highlight>を手に入れた！"
"10025471","","",""
"10025472","君は<highlight>{CARDNAME:62140}</highlight>を手に入れた！","君は<highlight>{CARDNAME:62140}</highlight>を手に入れた！","君は<highlight>{CARDNAME:62140}</highlight>を手に入れた！"
"10025481","","",""
"10025482","君は<highlight>{CARDNAME:62330}</highlight>を手に入れた！","君は<highlight>{CARDNAME:62330}</highlight>を手に入れた！","君は<highlight>{CARDNAME:62330}</highlight>を手に入れた！"
"10025491","","",""
"10025492","君は<highlight>{CARDNAME:62340}</highlight>を手に入れた！","君は<highlight>{CARDNAME:62340}</highlight>を手に入れた！","君は<highlight>{CARDNAME:62340}</highlight>を手に入れた！"
"10025501","","",""
"10025502","君は<highlight>{CARDNAME:62150}</highlight>を手に入れた！","君は<highlight>{CARDNAME:62150}</highlight>を手に入れた！","君は<highlight>{CARDNAME:62150}</highlight>を手に入れた！"
"10025511","","",""
"10025512","君は<highlight>{CARDNAME:62350}</highlight>を手に入れた！","君は<highlight>{CARDNAME:62350}</highlight>を手に入れた！","君は<highlight>{CARDNAME:62350}</highlight>を手に入れた！"
"10025521","","",""
"10025522","You obtain <highlight>{CARDNAME:62140}</highlight>!","君は、<highlight>{CARDNAME:62140}</highlight>を
手に入れた！","获得了 <highlight>{CARDNAME:62140}</highlight>！"
"10025531","","",""
"10025532","You obtain <highlight>{CARDNAME:62230}</highlight>!","君は、<highlight>{CARDNAME:62230}</highlight>を
手に入れた！","获得了 <highlight>{CARDNAME:62230}</highlight>！"
"10025541","","",""
"10025542","You obtain <highlight>{CARDNAME:62240}</highlight>!","君は、<highlight>{CARDNAME:62240}</highlight>を手に入れた！","获得了 <highlight>{CARDNAME:62240}</highlight>！"
"10025551","","",""
"10025552","You obtain <highlight>{CARDNAME:62340}</highlight>!","君は、<highlight>{CARDNAME:62340}</highlight>を
手に入れた！","获得了 <highlight>{CARDNAME:62340}</highlight>！"
"10025561","","",""
"10025562","{CARDNAME:1040} obtains <highlight>{CARDNAME:50450}</highlight>!","{CARDNAME:1040}は、<highlight>{CARDNAME:50450}</highlight>を
手に入れた！","{CARDNAME:1040} 获得了 <highlight>{CARDNAME:50450}</highlight>！"
"10025571","","",""
"10025572","{CARDNAME:1040} obtains <highlight>1000G</highlight>!","{CARDNAME:1040}は、<highlight>1000Ｇ</highlight>を
手に入れた！","{CARDNAME:1040} 获得了 <highlight>1000 G</highlight>！"
"10025581","","",""
"10025582","You obtain <highlight>100G</highlight>!","君は、<highlight>１００Ｇ</highlight>を
手に入れた！","你 获得了 <highlight>100 G</highlight>！"
"10025591","","",""
"10025592","You obtain <highlight>200G</highlight>!","君は、<highlight>２００Ｇ</highlight>を
手に入れた！","你 获得了 <highlight>200 G</highlight>！"
"10025601","","",""
"10025602","You obtain <highlight>300G</highlight>!","君は、<highlight>３００Ｇ</highlight>を
手に入れた！","你 获得了 <highlight>300 G</highlight>！"
"10025611","","",""
"10025612","You obtain <highlight>400G</highlight>!","君は、<highlight>４００Ｇ</highlight>を
手に入れた！","你 获得了 <highlight>400 G</highlight>！"
"10025621","","",""
"10025622","You obtain <highlight>500G</highlight>!","君は、<highlight>５００Ｇ</highlight>を
手に入れた！","你 获得了 <highlight>500 G</highlight>！"
"10025631","","",""
"10025632","You obtain <highlight>600G</highlight>!","君は、<highlight>６００Ｇ</highlight>を
手に入れた！","你 获得了 <highlight>600 G</highlight>！"
"10025641","","",""
"10025642","You obtain <highlight>700G</highlight>!","君は、<highlight>７００Ｇ</highlight>を
手に入れた！","你 获得了 <highlight>700 G</highlight>！"
"10025651","","",""
"10025652","You obtain <highlight>800G</highlight>!","君は、<highlight>８００Ｇ</highlight>を
手に入れた！","你 获得了 <highlight>800 G</highlight>！"
"10025661","","",""
"10025662","You obtain <highlight>900G</highlight>!","君は、<highlight>９００Ｇ</highlight>を
手に入れた！","获得了 <highlight>900 G</highlight>！"
"10025671","","",""
"10025672","You obtain <highlight>1000G</highlight>!","君は、<highlight>1000Ｇ</highlight>を
手に入れた！","你 获得了 <highlight>1000 G</highlight>！"
"10025681","","",""
"10025682","You obtain <highlight>1200G</highlight>!","君は、<highlight>1200Ｇ</highlight>を
手に入れた！","你 获得了 <highlight>1200 G</highlight>！"
"10025691","","",""
"10025692","You obtain <highlight>2000G</highlight>!","君は、<highlight>2000Ｇ</highlight>を
手に入れた！","你 获得了 <highlight>2000 G</highlight>！"
"10025701","","",""
"10025702","You obtain <highlight>4000G</highlight>!","君は、<highlight>4000Ｇ</highlight>を
手に入れた！","你 获得了 <highlight>4000 G</highlight>！"
"10025711","","",""
"10025712","You obtain <highlight>5000G</highlight>!","君は、<highlight>5000Ｇ</highlight>を
手に入れた！","你 获得了 <highlight>5000 G</highlight>！"
"10025721","","",""
"10025722","You obtain <highlight>6000G</highlight>!","君は、<highlight>6000Ｇ</highlight>を
手に入れた！","你 获得了 <highlight>6000 G</highlight>！"
"10025731","","",""
"10025732","You obtain <highlight>10000G</highlight>!","君は、<highlight>10000Ｇ</highlight>を
手に入れた！","你 获得了 <highlight>10000 G</highlight>！"
"10025741","","",""
"10025742","You obtain <highlight>1500G</highlight>!","君は、<highlight>1500Ｇ</highlight>を
手に入れた！","你 获得了 <highlight>1500 G</highlight>！"
"10025751","","",""
"10025752","You obtain <highlight>1600G</highlight>!","君は、<highlight>1600Ｇ</highlight>を
手に入れた！","你 获得了 <highlight>1600 G</highlight>！"
"10025761","","",""
"10025762","You obtain <highlight>3000G</highlight>!","君は、<highlight>3000Ｇ</highlight>を
手に入れた！","你 获得了 <highlight>3000 G</highlight>！"
"10025771","","",""
"10025772","You obtain <highlight>50G</highlight>!","君は、<highlight>５０Ｇ</highlight>を
手に入れた！","你 获得了 <highlight>50 G</highlight>！"
"10025781","","",""
"10025782","You obtain <highlight>77G</highlight>!","君は、<highlight>７７Ｇ</highlight>を
手に入れた！","你 获得了 <highlight>77 G</highlight>！"
"10025791","","",""
"10025792","You obtain <highlight>80G</highlight>!","君は、<highlight>８０Ｇ</highlight>を
手に入れた！","你 获得了 <highlight>80 G</highlight>！"
"10025801","","",""
"10025802","You obtain <highlight>110G</highlight>!","君は、<highlight>１１０Ｇ</highlight>を
手に入れた！","你 获得了 <highlight>110 G</highlight>！"
"10025811","","",""
"10025812","You obtain <highlight>120G</highlight>!","君は、<highlight>１２０Ｇ</highlight>を
手に入れた！","你 获得了 <highlight>120 G</highlight>！"
"10025821","","",""
"10025822","You obtain <highlight>220G</highlight>!","君は、<highlight>２２０Ｇ</highlight>を
手に入れた！","你 获得了 <highlight>220 G</highlight>！"
"10025831","","",""
"10025832","You obtain <highlight>250G</highlight>!","君は、<highlight>２５０Ｇ</highlight>を
手に入れた！","你 获得了 <highlight>250 G</highlight>！"
"10025841","","",""
"10025842","You obtain <highlight>550G</highlight>!","君は、<highlight>５５０Ｇ</highlight>を
手に入れた！","你 获得了 <highlight>550 G</highlight>！"
"10025851","","",""
"10025852","You obtain <highlight>1430G</highlight>!","君は、<highlight>1430Ｇ</highlight>を
手に入れた！","你 获得了 <highlight>1430 G</highlight>！"
"10025861","","",""
"10025862","You obtain <highlight>1800G</highlight>!","君は、<highlight>1800Ｇ</highlight>を
手に入れた！","你 获得了 <highlight>1800 G</highlight>！"
"10025871","","",""
"10025872","You obtain <highlight>150G</highlight>!","君は、<highlight>１５０Ｇ</highlight>を
手に入れた！","你 获得了 <highlight>150 G</highlight>！"
"10025881","","",""
"10025882","You obtain <highlight>840G</highlight>!","君は、<highlight>８４０Ｇ</highlight>を
手に入れた！","你 获得了 <highlight>840 G</highlight>！"
"10025891","","",""
"10025892","You obtain <highlight>2500G</highlight>!","君は、<highlight>2500Ｇ</highlight>を
手に入れた！","你 获得了 <highlight>2500 G</highlight>！"
"10025901","","",""
"10025902","You took 
<highlight>1</highlight> damage!","君は、
<highlight>１</highlight>のダメージを受けた！","你 受到了 <highlight>1</highlight> 点伤害！"
"10025911","","",""
"10025912","You took 
<highlight>2</highlight> damage!","君は、
<highlight>２</highlight>のダメージを受けた！","你 受到了 <highlight>2</highlight> 点伤害！"
"10025921","","",""
"10025922","You took 
<highlight>3</highlight> damage!","君は、
<highlight>３</highlight>のダメージを受けた！","你 受到了 <highlight>3</highlight> 点伤害！"
"10025931","","",""
"10025932","You took 
<highlight>4</highlight> damage!","君は、
<highlight>４</highlight>のダメージを受けた！","你 受到了 <highlight>4</highlight> 点伤害！"
"10025941","","",""
"10025942","You took 
<highlight>5</highlight> damage!","君は、
<highlight>５</highlight>のダメージを受けた！","你 受到了 <highlight>5</highlight> 点伤害！"
"10025951","","",""
"10025952","You took 
<highlight>10</highlight> damage!","君は、
<highlight>１０</highlight>のダメージを受けた！","你 受到了 <highlight>10</highlight> 点伤害！"
"10025961","","",""
"10025962","You took 
<highlight>8</highlight> damage!","君は、
<highlight>８</highlight>のダメージを受けた！","你 受到了 <highlight>8</highlight> 点伤害！"
"10025971","","",""
"10025972","You took 
<highlight>15</highlight> damage!","君は、
<highlight>１５</highlight>のダメージを受けた！","你 受到了 <highlight>15</highlight> 点伤害！"
"10025981","","",""
"10025982","You took 
<highlight>20</highlight> damage!","君は、
<highlight>２０</highlight>のダメージを受けた！","你 受到了 <highlight>20</highlight> 点伤害！"
"10025991","","",""
"10025992","Multiple party members took 
<highlight>1</highlight> damage!","君達は、
<highlight>１</highlight>のダメージを受けた！","你们 受到了 <highlight>1</highlight> 点伤害！"
"10026001","","",""
"10026002","Multiple party members took 
<highlight>2</highlight> damage!","君達は、
<highlight>２</highlight>のダメージを受けた！","你们 受到了 <highlight>2</highlight> 点伤害！"
"10026011","","",""
"10026012","Multiple party members took 
<highlight>3</highlight> damage!","君達は、
<highlight>３</highlight>のダメージを受けた！","你们 受到了 <highlight>3</highlight> 点伤害！"
"10026021","","",""
"10026022","Multiple party members took 
<highlight>4</highlight> damage!","君達は、
<highlight>４</highlight>のダメージを受けた！","你们 受到了 <highlight>4</highlight> 点伤害！"
"10026031","","",""
"10026032","Multiple party members took 
<highlight>5</highlight> damage!","君達は、
<highlight>５</highlight>のダメージを受けた！","你们 受到了 <highlight>5</highlight> 点伤害！"
"10026041","","",""
"10026042","Multiple party members took 
<highlight>10</highlight> damage!","君達は、
<highlight>１０</highlight>のダメージを受けた！","你们 受到了 <highlight>10</highlight> 点伤害！"
"10026051","","",""
"10026052","Multiple party members took 
<highlight>6</highlight> damage!","君達は、
<highlight>６</highlight>のダメージを受けた！","你们 受到了 <highlight>6</highlight> 点伤害！"
"10026061","","",""
"10026062","Multiple party members took 
<highlight>8</highlight> damage!","君達は、
<highlight>８</highlight>のダメージを受けた！","你们 受到了 <highlight>8</highlight> 点伤害！"
"10026071","","",""
"10026072","Multiple party members took 
<highlight>15</highlight> damage!","君達は、
<highlight>１５</highlight>のダメージを受けた！","你们 受到了 <highlight>15</highlight> 点伤害！"
"10026081","","",""
"10026082","Multiple party members took 
<highlight>20</highlight> damage!","君達は、
<highlight>２０</highlight>のダメージを受けた！","你们 受到了 <highlight>20</highlight> 点伤害！"
"10026091","","",""
"10026092","{CARDNAME:1020} took <highlight>5</highlight> damage!","{CARDNAME:1020}は、
<highlight>５</highlight>のダメージを受けた！","{CARDNAME:1020} 受到了 <highlight>5</highlight> 点伤害！"
"10026101","","",""
"10026102","{CARDNAME:1020} took <highlight>8</highlight> damage!","{CARDNAME:1020}は、
<highlight>８</highlight>のダメージを受けた！","{CARDNAME:1020} 受到了 <highlight>8</highlight> 点伤害！"
"10026111","","",""
"10026112","{CARDNAME:1020} took <highlight>10</highlight> damage!","{CARDNAME:1020}は、
<highlight>１０</highlight>のダメージを受けた！","{CARDNAME:1020} 受到了 <highlight>10</highlight> 点伤害！"
"10026121","","",""
"10026122","{CARDNAME:1020} took <highlight>15</highlight> damage!","{CARDNAME:1020}は、
<highlight>１５</highlight>のダメージを受けた！","{CARDNAME:1020} 受到了 <highlight>15</highlight> 点伤害！"
"10026131","","",""
"10026132","{CARDNAME:1020} took <highlight>20</highlight> damage!","{CARDNAME:1020}は、
<highlight>２０</highlight>のダメージを受けた！","{CARDNAME:1020} 受到了 <highlight>20</highlight> 点伤害！"
"10026141","","",""
"10026142","{CARDNAME:1030} took <highlight>3</highlight> damage!","{CARDNAME:1030}は、
<highlight>３</highlight>のダメージを受けた！","{CARDNAME:1030} 受到了 <highlight>3</highlight> 点伤害！"
"10026151","","",""
"10026152","{CARDNAME:1030} took <highlight>5</highlight> damage!","{CARDNAME:1030}は、
<highlight>５</highlight>のダメージを受けた！","{CARDNAME:1030} 受到了 <highlight>5</highlight> 点伤害！"
"10026161","","",""
"10026162","{CARDNAME:1030} took <highlight>8</highlight> damage!","{CARDNAME:1030}は、
<highlight>８</highlight>のダメージを受けた！","{CARDNAME:1030} 受到了 <highlight>8</highlight> 点伤害！"
"10026171","","",""
"10026172","{CARDNAME:1030} took <highlight>10</highlight> damage!","{CARDNAME:1030}は、
<highlight>１０</highlight>のダメージを受けた！","{CARDNAME:1030} 受到了 <highlight>10</highlight> 点伤害！"
"10026181","","",""
"10026182","{CARDNAME:1030} took <highlight>15</highlight> damage!","{CARDNAME:1030}は、
<highlight>１５</highlight>のダメージを受けた！","{CARDNAME:1030} 受到了 <highlight>15</highlight> 点伤害！"
"10026191","","",""
"10026192","{CARDNAME:1030} took <highlight>20</highlight> damage!","{CARDNAME:1030}は、
<highlight>２０</highlight>のダメージを受けた！","{CARDNAME:1030} 受到了 <highlight>20</highlight> 点伤害！"
"10026201","","",""
"10026202","{CARDNAME:1040} took <highlight>5</highlight> damage!","{CARDNAME:1040}は、
<highlight>５</highlight>のダメージを受けた！","{CARDNAME:1040} 受到了 <highlight>5</highlight> 点伤害！"
"10026211","","",""
"10026212","{CARDNAME:1040} took <highlight>8</highlight> damage!","{CARDNAME:1040}は、
<highlight>８</highlight>のダメージを受けた！","{CARDNAME:1040} 受到了 <highlight>8</highlight> 点伤害！"
"10026221","","",""
"10026222","{CARDNAME:1040} took <highlight>10</highlight> damage!","{CARDNAME:1040}は、
<highlight>１０</highlight>のダメージを受けた！","{CARDNAME:1040} 受到了 <highlight>10</highlight> 点伤害！"
"10026231","","",""
"10026232","{CARDNAME:1040} took <highlight>15</highlight> damage!","{CARDNAME:1040}は、
<highlight>１５</highlight>のダメージを受けた！","{CARDNAME:1040} 受到了 <highlight>15</highlight> 点伤害！"
"10026241","","",""
"10026242","{CARDNAME:1040} took <highlight>20</highlight> damage!","{CARDNAME:1040}は、
<highlight>２０</highlight>のダメージを受けた！","{CARDNAME:1040} 受到了 <highlight>20</highlight> 点伤害！"
"10026251","","",""
"10026252","パーティの先頭にいる者は
<highlight>５</highlight>のダメージを受けた！","パーティの先頭にいる者は
<highlight>５</highlight>のダメージを受けた！","パーティの先頭にいる者は
<highlight>５</highlight>のダメージを受けた！"
"10026261","","",""
"10026262","パーティの先頭にいる者は
<highlight>８</highlight>のダメージを受けた！","パーティの先頭にいる者は
<highlight>８</highlight>のダメージを受けた！","パーティの先頭にいる者は
<highlight>８</highlight>のダメージを受けた！"
"10026271","","",""
"10026272","You recovered <highlight>30</highlight> HP!","君のＨＰが、
<highlight>３０</highlight>回復した！","你 恢复了 <highlight>30</highlight> HP！"
"10026281","","",""
"10026282","You recovered <highlight>10</highlight> HP!","君のＨＰが、
<highlight>１０</highlight>回復した！","你 恢复了 <highlight>10</highlight> HP！"
"10026291","","",""
"10026292","You recovered <highlight>15</highlight> HP!","君のＨＰが、
<highlight>１５</highlight>回復した！","你 恢复了 <highlight>15</highlight> HP！"
"10026301","","",""
"10026302","All party members recovered <highlight>5</highlight> HP!","全員のＨＰが、
<highlight>５</highlight>回復した！","全员 恢复了 <highlight>5</highlight> HP！"
"10026311","","",""
"10026312","All party members recovered <highlight>8</highlight> HP!","全員のＨＰが、
<highlight>８</highlight>回復した！","全员 恢复了 <highlight>8</highlight> HP！"
"10026321","","",""
"10026322","All party members recovered <highlight>10</highlight> HP!","全員のＨＰが、
<highlight>１０</highlight>回復した！","全员 恢复了 <highlight>10</highlight> HP！"
"10026331","","",""
"10026332","All party members recovered <highlight>12</highlight> HP!","全員のＨＰが、
<highlight>１２</highlight>回復した！","全员 恢复了 <highlight>12</highlight> HP！"
"10026341","","",""
"10026342","All party members recovered <highlight>15</highlight> HP!","全員のＨＰが、
<highlight>１５</highlight>回復した！","全员 恢复了 <highlight>15</highlight> HP！"
"10026351","","",""
"10026352","All party members recovered <highlight>20</highlight> HP!","全員のＨＰが、
<highlight>２０</highlight>回復した！","全员 恢复了 <highlight>20</highlight> HP！"
"10026361","","",""
"10026362","{CARDNAME:1020} recovered <highlight>5</highlight> HP! ","{CARDNAME:1020}のＨＰが、
<highlight>５</highlight>回復した！","{CARDNAME:1020} 恢复了 <highlight>5</highlight> HP！"
"10026371","","",""
"10026372","{CARDNAME:1020} recovered <highlight>12</highlight> HP! ","{CARDNAME:1020}のＨＰが、
<highlight>１２</highlight>回復した！","{CARDNAME:1020} 恢复了 <highlight>12</highlight> HP！"
"10026381","","",""
"10026382","{CARDNAME:1020} recovered <highlight>25</highlight> HP! ","{CARDNAME:1020}のＨＰが、
<highlight>２５</highlight>回復した！","{CARDNAME:1020} 恢复了 <highlight>25</highlight> HP！"
"10026391","","",""
"10026392","ジャンプ移動ができるようになりました。","【ID変更】ジャンプ移動ができるようになりました。","ジャンプ移動ができるようになりました。"
"10026401","","",""
"10026402","君達は砂船を破壊した！","【不要】君達は砂船を破壊した！","君達は砂船を破壊した！"
"10026411","扉","扉","扉"
"10026412","扉には鍵がかかっているのか、開きそうもない。
開ける手段を探そう。","【仮】扉には鍵がかかっているのか、開きそうもない。
開ける手段を探そう。","扉には鍵がかかっているのか、開きそうもない。
開ける手段を探そう。"
"10026421","{CHARACTERNAME:1010}","{CHARACTERNAME:1010}","{CHARACTERNAME:1010}"
"10026422","There are many traps nearby that will help you defeat the monsters. Use them to protect the gate!","君の周囲には、魔物の襲撃に備えて設置された様々な罠がある。これらを使い、門を守らねば……","你周围布有许多为抵御 {CARDNAME:4340} 袭击而设的陷阱。利用它们守住大门！"
"10026431","Defend the Gate","門を守ろう","守住大门"
"10026432","In this battle, the game will end if either your HP or the gate's HP reach zero.","このバトルでは、君や門のＨＰが０になるとゲームオーバーになります。","本场战斗中，只要你或大门的 HP 降至 0，游戏就会结束。"
"10026441","Defend the Gate","門を守ろう","守住大门"
"10026442","Make use of the skill cards to defeat the monsters.","様々なスキルカードを活用しながら、すべての魔物を倒しましょう。","活用各种技能卡，击败所有 {CARDNAME:4340}。"
"10026451","{CHARACTERNAME:1010}","{CHARACTERNAME:1010}","{CHARACTERNAME:1010}"
"10026452","You cannot beat back the monstrous horde's attacks.","魔物達の攻撃に、君はもう耐えられそうにない。","你已经快撑不住 {CARDNAME:4340} 们的攻势了。"
"10026461","{CHARACTERNAME:1010}","{CHARACTERNAME:1010}","{CHARACTERNAME:1010}"
"10026462","As the roiling mass of monsters reaches the gate, slamming into it, your eyes close. The world fades to black...","魔物達が門に押し寄せる姿を眺めながら、君の意識は遠のいていく……","眼看汹涌的 {CARDNAME:4340} 冲到大门前狠狠撞上去，你的意识渐渐远去……"
"10026471","Gate","門","大门"
"10026472","Despite your valiant efforts, the monsters demolish the gate. You flee, glancing over your shoulder in time to see them race toward the village.","君の健闘もむなしく、門が破壊されてしまった……
魔物達が村へと向かっていく後ろ姿が見える。","尽管你奋力抵抗，大门还是被 {CARDNAME:4340} 摧毁了……你只能逃走，回头看着它们冲向村庄。"
"10026481","{CHARACTERNAME:1010}","{CHARACTERNAME:1010}","{CHARACTERNAME:1010}"
"10026482","You hear a horrifically familiar shriek somewhere behind you, but you can't stop...","村の方から聞こえる悲鳴は君の大切な……","身后传来无比熟悉、令人心碎的惨叫，可你已经无法停下脚步……"
"10026491","{CHARACTERNAME:1010}","{CHARACTERNAME:1010}","{CHARACTERNAME:1010}"
"10026492","Alas, you were unable to protect your village. Your home.","残念だが、君は村を守ることができなかった……","遗憾的是，你没能守住村庄……没能守住自己的家。"
"10026501","Mine Cart","トロッコ","矿车"
"10026502","When you board the mine cart, it will automatically move to the end of the line.","トロッコに乗ると、レールの終点まで自動的に移動します。","乘上矿车后，会自动移动到轨道终点。"
"10026511","","",""
"10026512","Board the mine cart?","トロッコに乗りますか？","要乘矿车吗？"
"10026521","Lever","レバー","拉杆"
"10026522","A large lever protrudes from a fixture in the ground. What might it control, you wonder?","地面に置かれた装置から、レバーが突き出している。何かを操作するためのものだろうか？","地面装置上伸出一根巨大的拉杆。它究竟控制着什么？"
"10026531","","",""
"10026532","Will you try to move the lever?","レバーを操作しますか？","要试着扳动拉杆吗？"
"10026541","Lever","レバー","拉杆"
"10026542","You heave the lever over to the other side. You hear rails squeaking somewhere off in the distance as they slide into place.","君がレバーを反対側に切り替えると、どこかからトロッコのレールが軋むような音が聞こえた。","你把拉杆扳向另一侧，远处随即传来轨道摩擦移动的吱呀声。"
"10026551","Locked Door","カギのかかった扉","上锁的门"
"10026552","The door is shut tight. It has a keyhole...which suggests the existence of a key.","扉は固く閉ざされている。鍵穴のようなものが見えるが……適合するカギがあれば開くかもしれない。","门紧紧锁着，上面有个钥匙孔……看来应该存在与之相配的钥匙。"
"10026561","Locked Door","カギのかかった扉","上锁的门"
"10026562","The door is shut tight. It does, however, have a keyhole...","扉は固く閉ざされている。鍵穴のようなものが見えるが……","门紧紧锁着。不过，上面似乎有个钥匙孔……"
"10026571","","",""
"10026572","Will you put the <highlight>{CARDNAME:53201}</highlight> into the keyhole?","<highlight>{CARDNAME:53201}</highlight>を鍵穴に挿してみるか？","要把 <highlight>{CARDNAME:53201}</highlight> 插进钥匙孔吗？"
"10026581","Might As Well","挿してみる","试试看"
"10026582","You slide the <highlight>{CARDNAME:53201}</highlight> into the keyhole and turn it. There is a satisfying click as the lock opens. With a pleased look on his face, {CARDNAME:1030} thumbs his glasses back up on his nose.","<highlight>{CARDNAME:53201}</highlight>を穴に挿して回すと……ガチャリと錠が開く。{CARDNAME:1030}は得意げに眼鏡をクイっとかけ直した。","你把 <highlight>{CARDNAME:53201}</highlight> 插入钥匙孔一拧，只听「咔嗒」一声，锁开了。{CARDNAME:1030} 得意地推了推眼镜。"
"10026591","Better Not","挿さない","还是算了"
"10026592","You endeavor to open the door with means other than the <highlight>{CARDNAME:53201}</highlight>, but all of your experiments prove fruitless...","君は<highlight>{CARDNAME:53201}</highlight>を使わずに扉を開ける方法を模索したが、どうがんばっても無理だった……","你试着不用 <highlight>{CARDNAME:53201}</highlight> 打开这扇门，可无论怎么折腾都毫无办法……"
"10026601","","",""
"10026602","You obtain <highlight>{CARDNAME:53201}</highlight>!","君達は、<highlight>{CARDNAME:53201}</highlight>を
手に入れた！","获得了 <highlight>{CARDNAME:53201}</highlight>！"
"10026611","{CARDNAME:1030}","{CARDNAME:1030}","{CARDNAME:1030}"
"10026612","{CARDNAME:1030} stops you. ""Wait a moment. That wall looks suspect,"" he says, before giving it a solid thwack.","{CARDNAME:1030}が、「ちょっと待ってください。この壁、怪しいです」と、君達を引き止めて壁を叩いた。","{CARDNAME:1030} 叫住你们：「等一下。这面墙有点可疑。」说着用力敲了敲墙。"
"10026621","{CARDNAME:1020}","{CARDNAME:1020}","{CARDNAME:1020}"
"10026622","{CARDNAME:1020} shakes his head. ""We should just break it down."" He hits it with all his might.","{CARDNAME:1020}が、「壊せばいいんだな」と、壁を全力で殴りつける。すると……","{CARDNAME:1020} 摇摇头：「砸开不就行了。」随即全力一拳轰在墙上。"
"10026631","Wall","壁","墙壁"
"10026632","And with that, the wall crumbles, revealing—to your surprise—a hidden passage!","なんと！壁が崩れ、隠された通路が現れた。","没想到！墙壁轰然倒塌，露出一条隐藏通道！"
"10026641","Iron Bridge","鉄の橋","铁桥"
"10026642","Unfortunately, the pieces left to you are so mangled that no one would rightly identify them as parts of a bridge.","しかし鉄の橋は、到底橋とは呼べないほどバラバラになってしまっている。","可剩下的铁桥残骸已经支离破碎，根本看不出原来是一座桥。"
"10026651","Rebuild the Bridge","橋をかけ直そう","重新架桥"
"10026652","Four types of bridge parts lie before you. Place them wisely and build a bridge across the lake.","橋の残骸には４種類の形があります。
うまく残骸を繋げて、橋をかけ直しましょう。","眼前共有 4 种形状的桥梁残骸。合理摆放，把湖面上的桥重新接起来。"
"10026661","Rebuild the Bridge","橋をかけ直そう","重新架桥"
"10026662","But be warned that you cannot place a part that leads to nowhere, nor can you place the same part more than once.","ただし、道が途切れてしまうような繋げ方や、同じ形状の残骸を何度も使うことはできません。","不过，不能让道路中途断掉，也不能重复使用同一种残骸。"
"10026671","","",""
"10026672","Which part will you lay down next in order to move forward?","先へ進むために、どの形状の残骸を置きますか？","要继续前进，接下来该放哪种残骸？"
"10026681","Place Nothing","何もしない","什么也不放"
"10026682","","",""
"10026691","Bridge Part","橋の残骸","桥梁残骸"
"10026692","That piece doesn't connect, I'm afraid. Perhaps you should try another?","その残骸では道が繋がらないようだ。
違う残骸にしよう……","这块残骸接不上。换一块试试吧……"
"10026701","{CHARACTERNAME:1010} and {CARDNAME:1030}","{CHARACTERNAME:1010}と{CARDNAME:1030}","{CHARACTERNAME:1010} 和 {CARDNAME:1030}"
"10026702","You've joined these two bridge parts rather skillfully, if you do say so yourself. {CARDNAME:1030}, however, looks concerned.","残骸同士をうまく繋げることができた。しかし、安堵する君の横で、{CARDNAME:1030}がなにやら思案顔だ。","你顺利把两块残骸接在了一起。正要松口气，身旁的 {CARDNAME:1030} 却一脸思索。"
"10026711","{CHARACTERNAME:1010} and {CARDNAME:1030}","{CHARACTERNAME:1010}と{CARDNAME:1030}","{CHARACTERNAME:1010} 和 {CARDNAME:1030}"
"10026712","You place the first segment of your bridge very nicely. {CARDNAME:1030}, however, looks a bit worried.","残骸をうまく置くことができた。しかし、安堵する君の横で、{CARDNAME:1030}がなにやら思案顔だ","第一块残骸放得很顺利。正要松口气，身旁的 {CARDNAME:1030} 却一脸思索。"
"10026721","{CARDNAME:1030}","{CARDNAME:1030}","{CARDNAME:1030}"
"10026722","""I think there might be a better way of placing that. If we could just redo it..."" he mutters to himself.","「でも、もっと良い繋げ方があるかもしれません。やり直すには……」と{CARDNAME:1030}はぶつぶつと言っている。","{CARDNAME:1030} 嘀咕着：「不过，也许还有更好的接法。要是能重新来过……」"
"10026731","{CARDNAME:1030}","{CARDNAME:1030}","{CARDNAME:1030}"
"10026732","""I think there might be a better way of placing that. If we could just redo it..."" he mutters to himself.","「でも、もっと良い置き方があるかもしれません。やり直すには……」と{CARDNAME:1030}はぶつぶつと言っている。","{CARDNAME:1030} 嘀咕着：「不过，也许还有更好的放法。要是能重新来过……」"
"10026741","Replacing the Parts","残骸を置き直すには","重新摆放残骸"
"10026742","If you wish to replace one bridge part with another, you must first remove the bridge part you've already placed.","すでに残骸を置いた場所に違う形状の残骸を置き直したい場合、置いた残骸を一度外す必要があります。","如果想把已经放下的桥梁残骸换成另一种，必须先把原来的残骸取下。"
"10026751","Replacing the Parts","残骸を置き直すには","重新摆放残骸"
"10026752","You can only replace the part at the front of the bridge. If you move the cursor one space in front of the part you wish to remove, you can choose to remove it.","ただし、外せる残骸は先頭のひとつだけです。外したい残骸の１マス手前に移動すれば、選択肢で残骸を外すことができます。","但只能取下最前端那一块。移动到想取下的残骸前一格，就能选择拆除。"
"10026761","","",""
"10026762","Remove the part at the front?","先頭の残骸を外しますか？","要取下最前端的残骸吗？"
"10026771","Remove It","外す","取下"
"10026772","","",""
"10026781","Don't Remove It","外さない","不取下"
"10026782","","",""
"10026791","{CHARACTERNAME:1010} and Company","{CHARACTERNAME:1010}達一行","{CHARACTERNAME:1010} 一行"
"10026792","With the Steel Primal's help, you safely cross the Lake of Fire!","君達は、鋼の神獣の力を使い、無事に燃える水を渡ることができた！","借助钢之神兽的力量，你们平安渡过了火湖！"
"10026801","Iron Bridge","鉄の橋","铁桥"
"10026802","The bridge you've built remains firmly in place. It...actually looks quite sturdy! You should be able to use it to cross as many times as you like.","君がかけた橋はガッチリとはまり込み、崩れる様子はない。これなら何度でも行き来できるだろう。","你架好的桥牢牢卡在岩石间，看起来相当结实。这样应该可以反复通行。"
"10026811","{CHARACTERNAME:1010} and Company","{CHARACTERNAME:1010}達一行","{CHARACTERNAME:1010} 一行"
"10026812","As if crossing over a lake of fire weren't enough, your path is once again blocked by flames.","無事に燃える水を越えたと思った君達の進路を、再び炎が阻む。","好不容易渡过火湖，前方却再次被熊熊火焰挡住。"
"10026821","{CHARACTERNAME:1010}","{CHARACTERNAME:1010}","{CHARACTERNAME:1010}"
"10026822","You quickly survey your surroundings and see more parts you might be able to fashion into a bridge.","周囲を見回すと、ここでも燃える水の中に橋の残骸が落ちているのが見えた。","环顾四周，这里也有桥梁残骸落在火湖中。"
"10026831","{CHARACTERNAME:1010}","{CHARACTERNAME:1010}","{CHARACTERNAME:1010}"
"10026832","You call upon the Steel Primal once more, and prepare to improvise another bridge.","君は先ほどと同じく鋼の神獣を呼び出し、橋をかけ直すことにする。","你再次召唤钢之神兽，准备像刚才一样重新架桥。"
"10026841","Bridge Part","橋の残骸","桥梁残骸"
"10026842","You won't be able to cross if you place that piece. Try another, perhaps?","その残骸を置いても、先には進めなさそうだ。
違う残骸にしよう……","放这块残骸也无法继续前进。换一块吧……"
"10026851","{CHARACTERNAME:1010} and Company","{CHARACTERNAME:1010}達一行","{CHARACTERNAME:1010} 一行"
"10026852","You've made it once again... But before you can celebrate, you're greeted by an expanse of tinderwater.","なんとか渡りきることができた……と安心する間もなく、君達の前にはまた燃える水が広がっている。","总算又渡过去了……还没来得及庆幸，眼前竟又是一大片火湖。"
"10026861","{CHARACTERNAME:1010}","{CHARACTERNAME:1010}","{CHARACTERNAME:1010}"
"10026862","You summon the Steel Primal a third time, and hope this is the last bridge you need build.","君は三度、鋼の神獣を呼び出して橋をかけ直すことにする。しかし……","你第三次召唤钢之神兽，只盼这是最后一次架桥。可是……"
"10026871","{CHARACTERNAME:1010}","{CHARACTERNAME:1010}","{CHARACTERNAME:1010}"
"10026872","But the pieces the primal hauls out of the tinderwater don't look like they'll fit together...","燃える水から引き上げた残骸は、うまく繋がらないように見える。","从火湖里捞出的残骸怎么看都接不起来……"
"10026881","Iron Bridge","鉄の橋","铁桥"
"10026882","You look back at the bridges that brought you here. Alas, you've built them too well. They won't come loose from the rocks, so you'll have to make do.","先ほどまで使っていた残骸は、岩の間にガッチリとはまり込んでおり、取り外せそうもない……","你回头看向之前架好的桥，可那些残骸已经牢牢卡在岩石间，根本拆不下来……"
"10026891","{CARDNAME:1040}","{CARDNAME:1040}","{CARDNAME:1040}"
"10026892","{CARDNAME:1040}, seeing the worry on your face, chirps encouragingly. ""Search! We will find! Must be way!""","すると、悩む君に向かって{CARDNAME:1040}が「探ス！　キットドコカニ道アル！」と明るく言った。","看你愁眉不展，{CARDNAME:1040} 乐观地说：「找！一定哪里，有路！」"
"10026901","Bridge Part","橋の残骸","桥梁残骸"
"10026902","Inside is, impossibly, a bridge part. You should be able to use this to get further across the tinderwater.","中には、なぜか橋の残骸が入っていた。これを使えば進める場所が増えそうだ。","宝箱里竟然放着一块桥梁残骸。用上它，应该能走得更远。"
"10026911","","",""
"10026912","The number of <highlight>bridge parts</highlight> you can place has increased!","設置できる「<highlight>橋の残骸</highlight>」が増えました！","可设置的「<highlight>桥梁残骸</highlight>」增加了！"
"10026921","Bridge Part","橋の残骸","桥梁残骸"
"10026922","Unbelievably, you find another bridge part inside. Who felt the need to stash all these bridge pieces in chests?","中には、またしても橋の残骸が入っていた。一体誰がこんなところに入れたのだろう……","没想到，里面又是一块桥梁残骸。到底是谁把这些东西塞进宝箱的……"
"10026931","Statue","彫像","雕像"
"10026932","A great statue stands before you, large enough that you have to crane your neck to look up at it. You wonder how much historical value such a thing might have.","見上げるほどに大きな彫像が立っている。歴史的価値はいかほどのものなのだろう……","一尊巨大到必须仰头才能看清的雕像伫立在眼前。不知它有多高的历史价值……"
"10026941","Mysterious Antechamber","謎の小部屋","神秘小房间"
"10026942","Your group reaches an antechamber with three arrows inscribed on the floor.","君達は、床に３つの矢印が描かれた奇妙な小部屋に辿り着いた。","你们来到一间奇怪的小房间，地上画着 3 个箭头。"
"10026951","Mysterious Antechamber","謎の小部屋","神秘小房间"
"10026952","Further inside, you can see a statue and what appears to be some kind of pedestal.","小部屋の奥には、彫像と、台座らしきものが見える。","房间深处能看到一尊雕像，以及一个像是基座的东西。"
"10026961","Mysterious Antechamber","謎の小部屋","神秘小房间"
"10026962","To the right is a door—and by the looks of it, your only way onward.","右手には扉がある。奥に続く扉はこれだけのようだ。","右边还有一扇门。看来那是唯一通往前方的出口。"
"10026971","Firmly Shut Door","固く閉ざされた扉","紧闭的门"
"10026972","The door is shut and looks to be staying that way. Upon closer inspection, you notice faint lettering etched onto it.","扉は固く閉ざされており、よく見ると、薄っすらと文字が彫られていた。","门紧紧关闭着。仔细一看，上面隐约刻着文字。"
"10026981","Firmly Shut Door","固く閉ざされた扉","紧闭的门"
"10026982","The way shall not open if the icon of light is not put in its rightful place.","光の像をあるべき場所へ
さすれば扉は開かれん","光之像归于其位
则此门方可开启"
"10026991","{CARDNAME:1030}","{CARDNAME:1030}","{CARDNAME:1030}"
"10026992","{CARDNAME:1030} points towards the statue, surmising that it could be the ""icon of light.""","光の像とはあれのことかと{CARDNAME:1030}が彫像を指さす。","{CARDNAME:1030} 指着雕像，猜测那大概就是所谓「光之像」。"
"10027001","Mysterious Antechamber","謎の小部屋","神秘小房间"
"10027002","Perhaps you should return the statue to its ""rightful place.""","彫像を「あるべき場所」に戻せばいいのだろうか。","看来只要把雕像移回「应在的位置」就行。"
"10027011","Icon of Light","光の像","光之像"
"10027012","The statue is engraved with the words ""icon of light."" It doesn't seem like you'll be able to move it by hand.","「光の像」と彫られた彫像がある。人の手で動かすことはできなさそうだ。","雕像上刻着「光之像」几个字。凭人力似乎根本搬不动。"
"10027021","Pedestal-looking Thing","台座のようなもの","像基座的东西"
"10027022","There is evidence of something heavy having been on top of the pedestal.","何かとても重たい物が上に載っていた形跡がある。","基座上留有痕迹，看起来曾经放过某个非常沉重的东西。"
"10027031","Floor Arrow","矢印が描かれた床","画着箭头的地板"
"10027032","The floor sinks slightly when you step on the arrow. Beyond that, though, you can't see any other changes.","君が矢印を踏むと、床が少し沈んだ。しかし、それ以外に何も変化は起きていないようだ……","你踩上箭头，地板微微下沉。除此之外似乎没有任何变化……"
"10027041","Floor Arrow","矢印が描かれた床","画着箭头的地板"
"10027042","The floor sinks slightly when you step on the arrow. And then...","君が矢印を踏むと、床が少し沈んだ。すると……","你踩上箭头，地板微微下沉。随后……"
"10027051","Floor Arrow","矢印が描かれた床","画着箭头的地板"
"10027052","Why, the statue moved! Apparently it moves in the same direction as whichever arrow is stepped on.","なんと、彫像が動いた！
どうも踏んだ矢印と同じ方向に彫像が動くようだ。","没想到，雕像动了！看来踩下哪个方向的箭头，雕像就会朝同一方向移动。"
"10027061","Move the Statue","彫像を動かそう","移动雕像"
"10027062","By stepping on the arrows on the floor, you can move the statue in the corresponding direction.","矢印が描かれた床を踏むと同じ方向に彫像を動かすことができます。","踩下地板上的箭头，就能让雕像向对应方向移动。"
"10027071","Move the Statue","彫像を動かそう","移动雕像"
"10027072","However, you cannot move the statue in the same direction twice in a row.","ただし、続けて同じ方向に彫像を動かすことはできません。","不过，不能连续两次让雕像朝同一个方向移动。"
"10027081","","",""
"10027082","Step on this arrow?","この矢印を踏みますか？","要踩这个箭头吗？"
"10027091","Floor Arrow","矢印が描かれた床","画着箭头的地板"
"10027092","The floor is already recessed, and stepping on it again has no apparent effect. You'll have to step on a different arrow.","床は沈んだまま、足で踏んでも何の反応も示さない。別の矢印を踏むしかなさそうだ。","地板已经陷下去了，再踩也没有反应。只能换一个箭头。"
"10027101","{CHARACTERNAME:1010}","{CHARACTERNAME:1010}","{CHARACTERNAME:1010}"
"10027102","There's a wall in that direction, so the statue can't move there. You withdraw the foot you were about to put on the arrow.","その方向には壁があるので彫像は動かせない。
君は矢印の上に乗せようとしていた足を引っ込めた。","那个方向有墙，雕像无法移动。你收回了正要踩下箭头的脚。"
"10027111","Icon of Light","光の像","光之像"
"10027112","The statue slides on top of the pedestal. And in that instant...","彫像が台座の上に載った。その瞬間……","雕像滑上基座。就在这一刻……"
"10027121","Firmly Shut Door","固く閉ざされた扉 ","紧闭的门"
"10027122","With a groan, the door opens!","扉が音を立てて開いた！","门轰然开启！"
"10027131","{CHARACTERNAME:1010} and Company","{CHARACTERNAME:1010}達一行","{CHARACTERNAME:1010} 一行"
"10027132","Relieved that you can finally move on, you decide to head through the door.","ようやく先に進めると安堵した君達は、扉の先に進むことにした。","终于可以继续前进了。你们松了口气，走进门后。"
"10027141","Floor Arrow","矢印が描かれた床","画着箭头的地板"
"10027142","Stepping on the arrow on the floor has no effect.","床に矢印が描かれている。踏んでみても、何も反応がない……","地上画着箭头。踩上去也没有任何反应……"
"10027151","Icon of Light","光の像","光之像"
"10027152","The statue engraved with the words ""icon of light"" rests atop the pedestal. It doesn't look like it'll be moving again.","「光の像」と彫られた彫像が台座の上に載っている。動かすのは無理そうだ。","刻着「光之像」的雕像已经立在基座上。看来再也无法移动了。"
"10027161","{CHARACTERNAME:1010} and Company","{CHARACTERNAME:1010}達一行","{CHARACTERNAME:1010} 一行"
"10027162","You emerge into a wide-open space with an array of stone tablets. Your excitement fades as you realize just how many there are.","君達は、石板が置かれている広い空間に出た。「石板があった」と皆喜ぶが……やけに数が多い。","你们走进一片宽阔空间，里面摆满石板。刚为找到石板而高兴，却发现数量多得惊人。"
"10027171","{CHARACTERNAME:1010}","{CHARACTERNAME:1010}","{CHARACTERNAME:1010}"
"10027172","You glance down at your feet and spot a piece of paper on the floor.","ふと足元を見ると、紙切れが落ちていた。","你低头一看，发现脚边掉着一张纸片。"
"10027181","Piece of Paper","紙切れ","纸片"
"10027182","The scrap has a note written on it. ""To proceed, align the tablets with matching patterns.""","紙切れには、誰かのメモが書かれている。
「先に進むには、同じ模様の石板同士を揃え……」","纸片上写着某人的留言：「想继续前进，就把图案相同的石板配成一对……」"
"10027191","{CARDNAME:1020}","{CARDNAME:1020}","{CARDNAME:1020}"
"10027192","""Well, that's simple,"" {CARDNAME:1020} says. He approaches the tablets. But then...","{CARDNAME:1020}は「簡単じゃないか」と言いながら、石板に近づこうとした。
すると……","{CARDNAME:1020} 说着「这不是很简单吗」，走向石板。就在这时……"
"10027201","Stone Tablets","石板","石板"
"10027202","The tablets change position entirely on their own!","なんと、石板の位置が勝手に入れ替わった！","没想到，石板的位置竟自行交换了！"
"10027211","Tablet Matching","石板で神経衰弱","石板配对"
"10027212","Turn over the stone tablets with matching patterns in succession. If you can turn over all of them, the door will open and you will be able to progress.","同じ模様の石板同士を連続でめくりましょう。
すべての石板をめくることができれば、先に進む扉が開かれます。","连续翻开图案相同的两块石板。只要把所有石板都翻开，通往前方的门就会开启。"
"10027221","{CHARACTERNAME:1010}","{CHARACTERNAME:1010}","{CHARACTERNAME:1010}"
"10027222","You've managed to match two stone tablets! Keep it up!","君は同じ模様の石板を揃えることができた！
この調子で、他の石板もめくっていこう。","你成功配对了两块图案相同的石板！照这样继续翻开其他石板吧。"
"10027231","{CHARACTERNAME:1010}","{CHARACTERNAME:1010}","{CHARACTERNAME:1010}"
"10027232","You've successfully flipped all of the tablets! And now...","君は、すべての石板をめくることに成功した！
すると……","你成功翻开了所有石板！随后……"
"10027241","Firmly Shut Door","固く閉ざされた扉","紧闭的门"
"10027242","With a groan, the door opens!","扉が音を立てて開いた！","门轰然开启！"
"10027251","{CHARACTERNAME:1010}","{CHARACTERNAME:1010}","{CHARACTERNAME:1010}"
"10027252","Feeling a bit mentally fatigued, you decide to head through the door with your friends.","君は頭に軽い疲労を感じつつ、仲間と共に扉の先へ進むことにした。","脑子稍感疲惫的你，和同伴一起走进了门后。"
"10027261","{CHARACTERNAME:1010}","{CHARACTERNAME:1010}","{CHARACTERNAME:1010}"
"10027262","You flipped a stone tablet with a different pattern!","君は模様の違う石板をめくってしまった！","你翻开了图案不同的石板！"
"10027271","{CHARACTERNAME:1010}","{CHARACTERNAME:1010}","{CHARACTERNAME:1010}"
"10027272","Try picking another one.","他の石板を選び直そう……","重新选一块吧……"
"10027281","Firmly Shut Door","固く閉ざされた扉","紧闭的门"
"10027282","The door is shut tight. It doesn't look like it's going to open until you figure out the stone tablet mechanism.","扉は固く閉ざされている。石板の仕掛けを解かなければ開かないようだ。","门紧紧关闭着。看来不解开石板机关，就不会打开。"
"10027291","Patterned Tablet","絵柄が描かれた石板","带图案的石板"
"10027292","A stone tablet with a pattern on it. Touching it no longer has any effect.","何かの模様が描かれた石板がある。触れてみても、何も反応がない……","石板上刻着某种图案。再碰也已经没有反应……"
"10027301","Statue","彫像","雕像"
"10027302","A massive statue stands vigil here, looking almost as though it is taking the measure of those who pass through.","巨大な彫像が立っている。まるでここを通る者を見定めているかのような目つきだ……","一尊巨大的雕像守在这里，目光仿佛正在审视每一个经过的人……"
"10027311","Stela","石碑","石碑"
"10027312","— Wedding Rites —
Two who have pledged their love to one another must exchange that which is worn at all times. That's right—exchange headdresses.","ー　婚礼の儀　ー
愛を誓い合った二人は、肌身離さず身に着けているものを交換しなければならない。そう、頭飾りを交換し合うのだ。","——婚礼之仪——
互誓爱意的二人，须交换常伴身侧之物。没错——彼此交换头饰。"
"10027321","Stela","石碑","石碑"
"10027322","— Guidance —
The monsters steal what is precious to us. However, if you believe in the guru's guidance, you will find hope.","ー　導き　ー
魔物達は私達から大切なものを奪っていく。しかし、教祖様のお導きを信じればこそ、どうにか希望を見出すことができるのだ。","——指引——
{CARDNAME:4340} 夺走我们珍爱之物。然而，只要相信教主的指引，便仍能寻得希望。"
"10027331","Stela","石碑","石碑"
"10027332","— To My Daughter —
I beg you, please forgive me, your good-for-nothing father. I could not live by the creed, nor do any of the the things a father ought do, nor regain the soul of the village. I lo   you","ー　娘へ　ー
教義に生き、終に父親らしいこともしてやれず、村の魂を取り返せもしないダメな父をどうか許してくれ。あい　　し","——致女儿——
请原谅无能的父亲。我未能遵循教义，也没能尽父亲应尽之责，更没能夺回村庄之魂。我爱　　你"
"10027341","Stela","石碑","石碑"
"10027342","— Funerary Rites —
Transfer the deceased's headdress to a doll, and spend ninety-nine days together. Then place it upon a pyre and send it unto the heavens. Never shall we be robbed of our souls by monsters.","ー　葬送の儀　ー
頭飾りを人形に移し、九十九日を共に過ごす。それを火にくべ、天へと送る。私達の魂は魔物に奪われるのでは決してないのだ。","——送葬之仪——
将死者的头饰移至人偶，与之共度九十九日。随后投入火中，送往天际。我们的灵魂绝不会被 {CARDNAME:4340} 夺走。"
"10027351","","石碑",""
"10027352","","【仮テキスト】
古びた石板が置かれていた場所だ。この石碑に刻まれた文字も読めないと、{CARDNAME:1030}は残念そうにしている。",""
"10027361","Snowball","雪玉","雪球"
"10027362","You feel a slight rumble, and look up to see a massive snowball hurtling toward you from above!","外壁に出た君達の頭上に、大きな雪玉が落ちてきた！","你们刚来到外墙，一颗巨大的雪球便从头顶砸了下来！"
"10027371","{CHARACTERNAME:1010}","{CHARACTERNAME:1010}","{CHARACTERNAME:1010}"
"10027372","You summon the Flame Primal and melt it before it hits you. You lock your eyes on the top of the Endwall...","君は炎の神獣を呼び出し、雪玉を溶かす。そのまま頭上を見上げると……","你召唤炎之神兽，在雪球砸中前将它融化。随后抬头望向尽头之崖上方……"
"10027381","Snowball","雪玉","雪球"
"10027382","...to find that snowball was but the first of many. You can't possibly hope to melt them all.","あちこちで雪玉がグラグラしている。さすがにこの数を溶かして回るのは大変そうだ。","却发现刚才那颗只是其中之一。到处都有雪球摇摇欲坠，这么多根本不可能全部融掉。"
"10027391","Snowball","雪玉","雪球"
"10027392","You'd bet your card case this is those fairies' doing...","これも、あの妖精の仕業だろう……","不用想也知道，多半又是那些妖精干的……"
"10027401","{CARDNAME:1020}","{CARDNAME:1020}","{CARDNAME:1020}"
"10027402","""We'll just have to avoid them as we climb,"" {CARDNAME:1020} says, perhaps concerned after you overextended yourself in Icevale.","君の体力を気遣ってか、{CARDNAME:1020}が「雪玉にぶつからないように登ろう」と提案してくれた。","或许是担心你在冰之村时消耗过度，{CARDNAME:1020} 提议：「一路躲开雪球爬上去吧。」"
"10027411","Dodging Snowballs","雪玉を避けて登ろう","躲避雪球向上攀登"
"10027412","When you approach a snowball, it drops toward you one space for every space you move.","雪玉の近くまで進むと、雪玉が１マスずつ落下し始めます。","靠近雪球后，你每移动 1 格，雪球也会向下落 1 格。"
"10027421","Dodging Snowballs","雪玉を避けて登ろう","躲避雪球向上攀登"
"10027422","Snowballs will damage you if they hit you. Move left and right out of their way, and make your way to the top!","雪玉に当たるとダメージを受けてしまいます。うまく左右に回避しながら、上を目指しましょう。","被雪球砸中会受到伤害。左右移动避开雪球，一路向上攀登！"
"10027431","","",""
"10027432","Beyond this point, you will be unable to <highlight>save</highlight> or <highlight>load</highlight> game data. Autosaving will be disabled. The <highlight>Jump ability</highlight> and the use of  <highlight>Bellwethers</highlight> will also be unavailable.","ここから先は、オートセーブを含む<highlight>セーブ</highlight>と<highlight>ロード</highlight>、<highlight>ジャンプ移動</highlight>は一切できません。また、<highlight>{CARDNAME:50610}</highlight>も使用できなくなります。","从这里开始，将无法<highlight>保存</highlight>、<highlight>读取</highlight>或使用<highlight>跳跃移动</highlight>，自动保存也会停用，同时无法使用 <highlight>{CARDNAME:50610}</highlight>。"
"10027441","","",""
"10027442","Would you like to save your current progress?","ここでセーブしますか？","要在这里保存当前进度吗？"
"10027451","","",""
"10027452","You can now save, load, and Jump. Additionally, you can now use {CARDNAME:50610}s.","セーブとロード、ジャンプ移動ができるようになりました。また、{CARDNAME:50610}も使えるようになりました。","现在可以保存、读取和跳跃移动了，也可以再次使用 {CARDNAME:50610}。"
"10027461","","",""
"10027462","You cannot <highlight>Jump</highlight>, <highlight>save</highlight>, or <highlight>load</highlight>, and autosave has been temporarily disabled.
You cannot use the <highlight>{CARDNAME:50610}</highlight>, either.","オートセーブを含む<highlight>セーブ</highlight>と<highlight>ロード</highlight>、<highlight>ジャンプ移動</highlight>ができなくなりました。
また、<highlight>{CARDNAME:50610}</highlight>が使えなくなりました。","暂时无法<highlight>跳跃移动</highlight>、<highlight>保存</highlight>或<highlight>读取</highlight>，自动保存也已停用。同时无法使用 <highlight>{CARDNAME:50610}</highlight>。"
"10027471","Snowball","雪玉","雪球"
"10027472","The snowballs look ready to fall at any moment. Do your best to avoid them as you climb to the top.","あちこちで雪玉がグラグラしている。落下してくる雪玉を避けながら登ろう。","四处的雪球摇摇欲坠。避开落下的雪球，继续向上攀登。"
"10027481","Snowball","雪玉","雪球"
"10027482","A snowball hurtles toward you faster than you can dodge! You brace yourself and absorb the impact, but every muscle and joint in your body cries out in pain.","君達目掛けて雪玉が落ちてきた！
何とか踏ん張って耐えたが体のあちこちが悲鳴を上げている……","雪球快得来不及躲闪，径直砸向你们！你勉强站稳扛住冲击，可全身肌肉骨节都在惨叫……"
"10027491","Snowball","雪玉","雪球"
"10027492","A snowball hurtles toward you faster than you can dodge! It lands with such force that your hand slips off the rock...","君達目掛けて雪玉が落ちてきた！
あまりの衝撃に、君は岩肌から手を離してしまう。","雪球快得来不及躲闪，狠狠砸中你们！巨大的冲击让你的手从岩壁上滑脱……"
"10027501","{CHARACTERNAME:1010}","{CHARACTERNAME:1010}","{CHARACTERNAME:1010}"
"10027502","{CARDNAME:1020} throws out his hand, but you can't grab it in time. You plummet head first to the bottom of the Endwall.","{CARDNAME:1020}が咄嗟に手を伸ばすが、君はその手を掴むことができず……真っ逆さまに崖下へと落ちていった。","{CARDNAME:1020} 慌忙伸手，可你没能抓住……整个人头朝下坠向尽头之崖底部。"
"10027511","{CHARACTERNAME:1010} and Company","{CHARACTERNAME:1010}達一行","{CHARACTERNAME:1010} 一行"
"10027512","You make your way past the treacherous snowballs and find another passage inside the face of the cliff.","君達は無事雪玉をやり過ごし、崖の中に続く入り口まで辿り着くことができた。","你们顺利躲过危险的雪球，终于抵达另一处通往崖内的入口。"
"10027521","{CHARACTERNAME:1010}","{CHARACTERNAME:1010}","{CHARACTERNAME:1010}"
"10027522","It's not too far to the top, now. Seeing how little is left fills you with enough determination to keep going.","もう少しで崖の頂上に着きそうだ。君は上を見上げると、あとひと踏ん張りだと気合いを入れなおした。","离崖顶已经不远了。看着剩下的一小段路，你重新打起精神。"
"10027531","Assemble the Scraps","切れ端を繋ぎ合わせよう","拼合纸片"
"10027532","Put together the scraps of paper in order starting from the left.","切れ端を左端から順番になるように繋ぎ合わせてみましょう。","从最左边开始，按正确顺序把纸片拼接起来。"
"10027541","{CARDNAME:1040}","{CARDNAME:1040}","{CARDNAME:1040}"
"10027542","""Huh?"" {CARDNAME:1040} says, cocking her head to the side, puzzled. You might have gotten something wrong here.","「ナニ　コレ？」と{CARDNAME:1040}が首を傾げている。繋げ方を間違えたようだ……","{CARDNAME:1040} 歪头困惑地说：「这是什么？」看来拼错了……"
"10027551","{CHARACTERNAME:1010}","{CHARACTERNAME:1010}","{CHARACTERNAME:1010}"
"10027552","After taking a brief moment to collect yourself, you decide to take another shot at putting the scraps together.","気を取り直して君は、切れ端を繋ぎ直してみることにした。","你重新整理心情，准备再试一次。"
"10027561","{CARDNAME:13210}","{CARDNAME:13210}","{CARDNAME:13210}"
"10027562","<highlight>Lunardark</highlight> and <highlight>Thunderroar</highlight>, spurred on by battle.","闘争に駆り立てられし
<highlight>月闇</highlight>と<highlight>雷咆</highlight>","受争斗驱使的
<highlight>月暗</highlight>与<highlight>雷咆</highlight>"
"10027571","{CARDNAME:13210}","{CARDNAME:13210}","{CARDNAME:13210}"
"10027572","<highlight>Lunardark</highlight> and <highlight>Ragesea</highlight>, gulping down wisdom.","叡智を呑み込みし
<highlight>月闇</highlight>と<highlight>暴海</highlight>","吞饮智慧的
<highlight>月暗</highlight>与<highlight>暴海</highlight>"
"10027581","{CARDNAME:13210}","{CARDNAME:13210}","{CARDNAME:13210}"
"10027582","<highlight>Lunardark</highlight> and <highlight>Scorchlight</highlight>, defying reincarnation.","輪廻に抗いし
<highlight>月闇</highlight>と<highlight>灼光</highlight>","反抗轮回的
<highlight>月暗</highlight>与<highlight>灼光</highlight>"
"10027591","{CARDNAME:13210}","{CARDNAME:13210}","{CARDNAME:13210}"
"10027592","<highlight>Thunderroar</highlight> and <highlight>Ragesea</highlight>, yielding to pleasure.","享楽に身を委ねし
<highlight>雷咆</highlight>と<highlight>暴海</highlight>","沉溺享乐的
<highlight>雷咆</highlight>与<highlight>暴海</highlight>"
"10027601","{CARDNAME:13210}","{CARDNAME:13210}","{CARDNAME:13210}"
"10027602","<highlight>Thunderroar</highlight> and <highlight>Scorchlight</highlight>, striking with divine wrath.","神の怒りに触れし
<highlight>雷咆</highlight>と<highlight>灼光</highlight>","触犯神怒的
<highlight>雷咆</highlight>与<highlight>灼光</highlight>"
"10027611","{CARDNAME:13210}","{CARDNAME:13210}","{CARDNAME:13210}"
"10027612","<highlight>Ragesea</highlight> and <highlight>Scorchlight</highlight>, devouring abundance.","豊穣を喰らいし
<highlight>暴海</highlight>と<highlight>灼光</highlight>","吞噬丰饶的
<highlight>暴海</highlight>与<highlight>灼光</highlight>"
"10027621","{CARDNAME:13210}","{CARDNAME:13210}","{CARDNAME:13210}"
"10027622","The balance of {CARDNAME:13210}'s power is broken! ","{CARDNAME:13210}が纏っていた力の均衡が崩れた！","{CARDNAME:13210} 所缠绕的力量平衡被打破了！"
"10027631","{CARDNAME:13210}","{CARDNAME:13210}","{CARDNAME:13210}"
"10027632","A mysterious power protects <highlight>Lunardark</highlight> and <highlight>Thunderroar</highlight>...","<highlight>月闇</highlight>と<highlight>雷咆</highlight>は
不思議な力によって
守られている……","<highlight>月暗</highlight>与<highlight>雷咆</highlight>正受到神秘力量保护……"
"10027641","{CARDNAME:13210}","{CARDNAME:13210}","{CARDNAME:13210}"
"10027642","A mysterious power protects <highlight>Lunardark</highlight> and <highlight>Ragesea</highlight>...","<highlight>月闇</highlight>と<highlight>暴海</highlight>は
不思議な力によって
守られている……","<highlight>月暗</highlight>与<highlight>暴海</highlight>正受到神秘力量保护……"
"10027651","{CARDNAME:13210}","{CARDNAME:13210}","{CARDNAME:13210}"
"10027652","A mysterious power protects <highlight>Lunardark</highlight> and <highlight>Scorchlight</highlight>...","<highlight>月闇</highlight>と<highlight>灼光</highlight>は
不思議な力によって
守られている……","<highlight>月暗</highlight>与<highlight>灼光</highlight>正受到神秘力量保护……"
"10027661","{CARDNAME:13210}","{CARDNAME:13210}","{CARDNAME:13210}"
"10027662","A mysterious power protects <highlight>Thunderroar</highlight> and <highlight>Ragesea</highlight>...","<highlight>雷咆</highlight>と<highlight>暴海</highlight>は
不思議な力によって
守られている……","<highlight>雷咆</highlight>与<highlight>暴海</highlight>正受到神秘力量保护……"
"10027671","{CARDNAME:13210}","{CARDNAME:13210}","{CARDNAME:13210}"
"10027672","A mysterious power protects <highlight>Thunderroar</highlight> and <highlight>Scorchlight</highlight>...","<highlight>雷咆</highlight>と<highlight>灼光</highlight>は
不思議な力によって
守られている……","<highlight>雷咆</highlight>与<highlight>灼光</highlight>正受到神秘力量保护……"
"10027681","{CARDNAME:13210}","{CARDNAME:13210}","{CARDNAME:13210}"
"10027682","A mysterious power protects <highlight>Ragesea</highlight> and <highlight>Scorchlight</highlight>...","<highlight>暴海</highlight>と<highlight>灼光</highlight>は
不思議な力によって
守られている……","<highlight>暴海</highlight>与<highlight>灼光</highlight>正受到神秘力量保护……"
"10027691","Earthquake","地揺れ","地震"
"10027692","The entirety of the ruins groans as the ground trembles. Going any further may prove dangerous...","遺跡全体が唸るように揺れた。このまま進むのは危険かもしれない……","整座遗迹伴着低沉轰鸣剧烈摇晃。继续前进也许很危险……"
"10027701","","",""
"10027702","Leave the {CARDNAME:92380} immediately?","{CARDNAME:92380}から
今すぐ脱出しますか？","要立刻离开 {CARDNAME:92380} 吗？"
"10027711","Yes, absolutely.","脱出する","当然，立刻离开"
"10027712","Everyone agrees getting out of here is a good idea.","君達は、一旦遺跡から脱出することにした。","大家一致认为，还是先离开遗迹为妙。"
"10027721","No, not yet!","脱出しない","不，还不用"
"10027722","You decide it's fine now that the shaking has ceased, and continue exploring the ruins.","君達は問題なしと判断し、遺跡の探索を続けることにした。","震动已经停下，你们判断暂时没事，决定继续探索遗迹。"
"10027731","{CHARACTERNAME:1010} and Company","{CHARACTERNAME:1010}達一行","{CHARACTERNAME:1010} 一行"
"10027732","Just as you set foot outside...","君達が遺跡を出ようとしたその時！","你们刚要踏出遗迹……"
"10027741","Earthquake","地揺れ","地震"
"10027742","The entire structure groans and shudders as the earth trembles beneath your feet. You quickly put the ruins behind you.","建物全体が唸るように揺れた。君達は急いで遺跡を後にする。","脚下大地突然震动，整座建筑发出轰鸣。你们赶紧冲出了遗迹。"
"10027751","{CARDNAME:2110}","{CARDNAME:2110}","{CARDNAME:2110}"
"10027752","""That was quite the temblor! Are you all right?"" the itinerant merchant calls out. He jogs over to you as you emerge from the ruins.","君達が遺跡から出ると、「大きな揺れだったが、大丈夫だったか？」と商人の男が駆け寄ってきた。","你们一出来，商人便跑过来问：「刚才震得可真厉害！各位没事吧？」"
"10027761","{CARDNAME:2110}","{CARDNAME:2110}","{CARDNAME:2110}"
"10027762","To hear him tell it, a large area of bedrock beneath the desert shifted and sank.","男の話によると、砂漠の方で大きな地盤沈下があったらしい。","据他说，沙漠一带似乎发生了大规模地层下陷。"
"10027771","{CARDNAME:2110}","{CARDNAME:2110}","{CARDNAME:2110}"
"10027772","""My brother's circus was unharmed, which is fortunate,"" he says. He gently pets the bird on his shoulder, and gives {CARDNAME:1040} a wink.","「兄のサーカスは無事だったみたいだが」と、男は肩の鳥を撫でながら、{CARDNAME:1040}にウインクする。","他说：「好在我哥哥的马戏团没事。」一边轻抚肩上的鸟，一边朝 {CARDNAME:1040} 眨了眨眼。"
"10027781","{CARDNAME:2110}","{CARDNAME:2110}","{CARDNAME:2110}"
"10027782","In another instant, he's off and running. It seems he only stopped by to put {CARDNAME:1040} at ease.","そして男は、すぐに走り去っていった。どうやら、{CARDNAME:1040}を安心させるためだけに来たようだ。","说完，商人很快又跑远了。看来他特意过来，只是为了让 {CARDNAME:1040} 放心。"
"10027791","{CHARACTERNAME:1010}","{CHARACTERNAME:1010}","{CHARACTERNAME:1010}"
"10027792","{CARDNAME:1040} places a hand on her chest in relief as your thoughts turn to the village you once called home...","ホッと胸を撫でおろす{CARDNAME:1040}の横で、君は自らが生まれ育った小さな村を思い出していた……","{CARDNAME:1040} 如释重负地拍了拍胸口。你则想起了自己出生长大的那座小村庄……"
"10027801","{CHARACTERNAME:1010} and Company","{CHARACTERNAME:1010}達一行","{CHARACTERNAME:1010} 一行"
"10027802","As you exit the ruins...","遺跡から出た君の前に……","你们刚走出遗迹……"
"10027811","Dreamlike Girl","朧げな少女","朦胧的少女"
"10027812","A girl dressed in white appears.","白い衣服に身を包んだ少女が現れ……","一名身穿白衣的少女出现在眼前……"
"10027821","Dreamlike Girl","朧げな少女","朦胧的少女"
"10027822","""Please... Before he is released...you...""","「お願い。彼が解き放たれてしまうその前に……あなたが……」","「拜托了……在他被释放之前……请你……」"
"10027831","Dreamlike Girl","朧げな少女","朦胧的少女"
"10027832","But with that, she vanishes.","そして、すぐに消えた。","话音未落，她便消失了。"
"10027841","{CHARACTERNAME:1010}","{CHARACTERNAME:1010}","{CHARACTERNAME:1010}"
"10027842","You gaze at your friends to see if what you just saw really happened. But it seems as though whatever it was, it was you alone who witnessed it.","君は目の前で起きたことが現実か確かめるように、仲間達の顔を覗く。しかし、どうやら見えていたのは君だけだったようだ。","你看向同伴，想确认刚才的一幕究竟是否真实。可看来，只有你一个人看见了她。"
"10027851","{CHARACTERNAME:1010}","{CHARACTERNAME:1010}","{CHARACTERNAME:1010}"
"10027852","You aren't sure what she meant, but for some reason, you are reminded of the subterranean village.","白い少女の言葉の意味は分からなかったが、君は何故か地下の村のことを思い出していた……","你并不明白白衣少女那句话的意思，却不知为何想起了地下村落……"
"10027861","","",""
"10027862","""{CARDNAME:92410}"" is now unlocked.","「{CARDNAME:92410}」が解放されました。","「{CARDNAME:92410}」已解锁。"
"10027871","Chasm","穴","深坑"
"10027872","A yawning chasm greets you where the entrance to the Subterranean Village once stood.","地下の村の入り口があった場所に、ぽっかりと穴が空いている。","原本通往地下村落的入口，如今只剩一个巨大的深坑。"
"10027881","","",""
"10027882","Enter the chasm?","穴に入りますか？","要进入深坑吗？"
"10027891","Subterranean Village","地下の村","地下村落"
"10027892","You carefully climb down the hole, which gives way to a vast, wide-open space. The Subterranean Village.","慎重に穴を降りていくと、開けた空間に出た。地下の村だ。","你们小心爬下深坑，来到一片开阔空间。这里正是地下村落。"
"10027901","{CHARACTERNAME:1010} and Company","{CHARACTERNAME:1010}達一行","{CHARACTERNAME:1010} 一行"
"10027902","Waves of emotion wash over you even as {CARDNAME:1020} tells you to remain alert. He senses a sinister presence.","君が懐かしむ横で、{CARDNAME:1020}達が警戒の構えをとる。禍々しい気配を感じるのだという。","怀念之情涌上心头。可 {CARDNAME:1020} 等人却摆出警戒姿态，说这里有一股凶险气息。"
"10027911","Sinister Presence","禍々しい気配","凶险气息"
"10027912","Said sinister presence appears to be emanating from your home...","その気配は、どうやら君の家の方から溢れ出しているようだが……","那股凶险气息，似乎正从你的家那边不断涌出……"
"10027921","Sinister Presence","禍々しい気配","凶险气息"
"10027922","Your beloved home is now just a pile of rubble. But beyond the debris, you spot a set of stairs leading further underground!","君の家は、無残な瓦礫と化している。それを退けると……なんと！さらに地下に続く階段が現れた。","曾经温暖的家，如今只剩一片瓦砾。移开碎石后……没想到，下面竟露出一段通往更深处的楼梯！"
"10027931","Staircase","階段","楼梯"
"10027932","You had no idea these stairs existed... Perhaps you should ensure you have enough items and sturdy equipment before venturing further.","君も知らない階段だ。進むには、相応の準備が必要だろう……","连你都不知道这里还有楼梯。想继续深入，恐怕得先准备好充足物资和可靠装备……"
"10027941","","",""
"10027942","Venture into {CARDNAME:92410}?","「{CARDNAME:92410}」に踏み入りますか？","要踏入 {CARDNAME:92410} 吗？"
"10027951","I'm Ready","踏み入る","准备好了"
"10027952","Step by step, you descend the staircase.","君達は慎重に階段を降りることにした。","你们一步一步，小心走下楼梯。"
"10027961","No, Thanks.","踏み入らない","还是算了"
"10027962","This doesn't seem the sort of staircase you descend on a lark. You decide to make sure your supplies and equipment are in order.","軽々しく立ち入るのは危険だと判断した君達は、準備を整えることにした。","这种楼梯可不能随随便便往下走。你们决定先把物资和装备准备妥当。"
"10027971","Sinister Presence","禍々しい気配","凶险气息"
"10027972","Make no mistake, the sinister presence you felt comes from the white beast before you. But it's sleeping so deeply, it barely stirs.","禍々しい気配は、目の前の白い魔物から発せられているようだが、眠りについているのか微動だにしない。","那股凶险气息毫无疑问来自眼前这只白色 {CARDNAME:4340}。可它似乎睡得极沉，纹丝不动。"
"10027981","Sinister Presence","禍々しい気配","凶险气息"
"10027982","You imagine the damage would be catastrophic were you to wake it.","もし、目を覚ましたら……被害は甚大なものになるだろう。","要是把它惊醒，恐怕会酿成难以想象的灾祸。"
"10027991","{CHARACTERNAME:1010} and Company","{CHARACTERNAME:1010}達一行","{CHARACTERNAME:1010} 一行"
"10027992","""We should kill it now!"" {CARDNAME:1030} urges. You ready your weapon.","「今のうちに倒してしまいましょう！」という{CARDNAME:1030}の提案で、君達は武器を構えた。すると……","{CARDNAME:1030} 提议：「趁现在解决它！」你们随即举起武器。就在这时……"
"10028001","{CARDNAME:13210}","{CARDNAME:13210}","{CARDNAME:13210}"
"10028002","""I am the Forebear... Who dares disturb my slumber?""","「我ハ<highlight>{CARDNAME:13210}</highlight>ナリ……
我ノ眠リヲ妨ゲル者ハ、何者ゾ？」","「吾乃 <highlight>{CARDNAME:13210}</highlight>……何人胆敢扰吾沉眠？」"
"10028011","{CARDNAME:13210}","{CARDNAME:13210}","{CARDNAME:13210}"
"10028012","The creature opens its eyes and extends its massive wings. Intimidation washes over you.","白い魔物が目を覚まし、大きく翼を伸ばす。

ビリビリとした威圧感が君達を襲う。 ","白色 {CARDNAME:4340} 睁开双眼，展开巨翼。强烈的压迫感扑面而来。"
"10028021","{CHARACTERNAME:1010} and Company","{CHARACTERNAME:1010}達一行","{CHARACTERNAME:1010} 一行"
"10028022","This beast cannot be allowed to reach the surface. You all grip your weapons tightly.","この魔物を野に放つわけにはいかない。君達は武器を握る手に力を込めた。","绝不能让这只 {CARDNAME:4340} 去到地面。你们握紧了武器。"
"10028031","{CARDNAME:13210}","{CARDNAME:13210}","{CARDNAME:13210}"
"10028032","""I... I am...!""","「我ハ……我は……！！」","「吾……吾乃……！」"
"10028041","{CARDNAME:13210}","{CARDNAME:13210}","{CARDNAME:13210}"
"10028042","The monster shrieks, a brilliant light emanating from its body.","魔物はそう叫ぶと、眩い光を放ち……","{CARDNAME:4340} 发出尖啸，身体绽放耀眼光芒……"
"10028051","{CARDNAME:13210}","{CARDNAME:13210}","{CARDNAME:13210}"
"10028052","Impossible! The beast has split into four!","なんと！白い魔物が４体に分裂した。","怎么可能！白色 {CARDNAME:4340} 竟分裂成了 4 个！"
"10028061","{CARDNAME:13210}","{CARDNAME:13210}","{CARDNAME:13210}"
"10028062","""We shall cleanse this world of its filth...""","我ラガコノ世界ヲ
汚レナキ白ニ
染メ直ソウ……","「让我们把这个世界……重新染成纯净无垢的白……」"
"10028071","{CHARACTERNAME:1010}","{CHARACTERNAME:1010}","{CHARACTERNAME:1010}"
"10028072","You trap the beast in a card. Was your entire village meant to keep this beast locked away in {CARDNAME:92410}?","君は魔物をカードに封印した。もしかすると村は、この魔物を封じていたのかもしれないと考えながら……","你把这只 {CARDNAME:4340} 封入卡牌。难道整个地下村落的使命，就是把它封印在 {CARDNAME:92410}？"
"10028081","{CHARACTERNAME:1010} and Company","{CHARACTERNAME:1010}達一行","{CHARACTERNAME:1010} 一行"
"10028082","You ponder the question as you bid your village farewell, and return to the surface.","君は{CARDNAME:91310}に別れを告げ、地上に出た。","怀着这个疑问，你向 {CARDNAME:91310} 告别，回到了地面。"
"10028091","{CARDNAME:1020}","{CARDNAME:1020}","{CARDNAME:1020}"
"10028092","""Are you sure about this?"" {CARDNAME:1020} asks as you cover the hole to your village.","村の入り口を塞いだ君に、{CARDNAME:1020}がいいのか？と問いかける。","你封住村落入口后，{CARDNAME:1020} 问道：「真的好吗？」"
"10028101","{CHARACTERNAME:1010}","{CHARACTERNAME:1010}","{CHARACTERNAME:1010}"
"10028102","You nod. ""I have said my goodbyes at last,"" you tell him, and smile.","君は頷き、「これでようやく、みんなをちゃんと弔うことができたよ」と、晴れやかに笑った。","你点点头，释然一笑：「这样，我终于能好好祭奠大家了。」"
"10028111","{CARDNAME:91310}","{CARDNAME:91310}","{CARDNAME:91310}"
"10028112","Your beloved family's resting place. You clasp your hands and tell them about your adventures before continuing on with your compatriots.","大切な家族が眠る場所。君は手を合わせて、これまでの旅を報告した。そして、仲間達との旅を続ける。","这里沉睡着你最珍爱的家人。你合掌向他们讲述一路经历，随后继续与同伴踏上旅程。"
"10028121","Yes","はい","是"
"10028122","","",""
"10028131","No","いいえ","否"
"10028132","","",""
"10028141","View All","全体を見る","查看全貌"
"10028142","","",""
"10028151","","",""
"10028152","鉱山に
入りますか？","鉱山に
入りますか？","鉱山に
入りますか？"
"10028161","","",""
"10028162","宗教遺跡に
入りますか？","宗教遺跡に
入りますか？","宗教遺跡に
入りますか？"
"10028171","","",""
"10028172","毒の湖に
入りますか？","毒の湖に
入りますか？","毒の湖に
入りますか？"
"10028181","","",""
"10028182","果ての壁に
入りますか？","果ての壁に
入りますか？","果ての壁に
入りますか？"
"10028191","","",""
"10028192","Enter {CARDNAME:91310}?","「{CARDNAME:91310}」に
入りますか？","要进入 {CARDNAME:91310} 吗？"
"10028201","","",""
"10028202","「{CARDNAME:91311}」に
移動しますか？","「{CARDNAME:91311}」に
移動しますか？","「{CARDNAME:91311}」に
移動しますか？"
"10028211","","",""
"10028212","Enter {CARDNAME:91310}?","「{CARDNAME:91310}」に
移動しますか？","要前往 {CARDNAME:91310} 吗？"
"10028221","","",""
"10028222","「{CARDNAME:91313}」に
移動しますか？","「{CARDNAME:91313}」に
移動しますか？","「{CARDNAME:91313}」に
移動しますか？"
"10028231","","",""
"10028232","Enter {CARDNAME:91320}?","「{CARDNAME:91320}」に
入りますか？","要进入 {CARDNAME:91320} 吗？"
"10028241","","",""
"10028242","Enter {CARDNAME:91321}?","「{CARDNAME:91321}」に
移動しますか？","要前往 {CARDNAME:91321} 吗？"
"10028251","","",""
"10028252","Enter {CARDNAME:91330}?","「{CARDNAME:91330}」に
入りますか？","要进入 {CARDNAME:91330} 吗？"
"10028261","","",""
"10028262","Enter {CARDNAME:91340}?","「{CARDNAME:91340}」に
入りますか？","要进入 {CARDNAME:91340} 吗？"
"10028271","","",""
"10028272","Enter {CARDNAME:91350}?","「{CARDNAME:91350}」に
入りますか？","要进入 {CARDNAME:91350} 吗？"
"10028281","","",""
"10028282","Enter {CARDNAME:91360}?","「{CARDNAME:91360}」に
入りますか？","要进入 {CARDNAME:91360} 吗？"
"10028291","","",""
"10028292","Enter {CARDNAME:91361}?","「{CARDNAME:91361}」に
入りますか？","要进入 {CARDNAME:91361} 吗？"
"10028301","","",""
"10028302","Enter {CARDNAME:91370}?","「{CARDNAME:91370}」に
入りますか？","要进入 {CARDNAME:91370} 吗？"
"10028311","","",""
"10028312","Enter {CARDNAME:91380}?","「{CARDNAME:91380}」に
入りますか？","要进入 {CARDNAME:91380} 吗？"
"10028321","","",""
"10028322","Enter {CARDNAME:91390}?","「{CARDNAME:91390}」に
入りますか？","要进入 {CARDNAME:91390} 吗？"
"10028331","","",""
"10028332","Enter {CARDNAME:91390}?","「{CARDNAME:91390}」に
移動しますか？","要前往 {CARDNAME:91390} 吗？"
"10028341","","",""
"10028342","Enter {CARDNAME:92310}?","「{CARDNAME:92310}」に
入りますか？","要进入 {CARDNAME:92310} 吗？"
"10028351","","",""
"10028352","Enter {CARDNAME:92311}?","「{CARDNAME:92311}」に
移動しますか？","要前往 {CARDNAME:92311} 吗？"
"10028361","","",""
"10028362","Enter {CARDNAME:92312}?","「{CARDNAME:92312}」に
移動しますか？","要前往 {CARDNAME:92312} 吗？"
"10028371","","",""
"10028372","Enter {CARDNAME:92313}?","「{CARDNAME:92313}」に
移動しますか？","要前往 {CARDNAME:92313} 吗？"
"10028381","","",""
"10028382","Enter {CARDNAME:92314}?","「{CARDNAME:92314}」に
移動しますか？","要前往 {CARDNAME:92314} 吗？"
"10028391","","",""
"10028392","Enter {CARDNAME:92315}?","「{CARDNAME:92315}」に
移動しますか？","要前往 {CARDNAME:92315} 吗？"
"10028401","","",""
"10028402","Enter {CARDNAME:92320}?","「{CARDNAME:92320}」に
入りますか？","要进入 {CARDNAME:92320} 吗？"
"10028411","","",""
"10028412","Enter {CARDNAME:92321}?","「{CARDNAME:92321}」に
移動しますか？","要前往 {CARDNAME:92321} 吗？"
"10028421","","",""
"10028422","Enter {CARDNAME:92322}?","「{CARDNAME:92322}」に
移動しますか？","要前往 {CARDNAME:92322} 吗？"
"10028431","","",""
"10028432","Enter {CARDNAME:92323}?","「{CARDNAME:92323}」に
移動しますか？","要前往 {CARDNAME:92323} 吗？"
"10028441","","",""
"10028442","Enter {CARDNAME:92330}?","「{CARDNAME:92330}」に
入りますか？","要进入 {CARDNAME:92330} 吗？"
"10028451","","",""
"10028452","Enter {CARDNAME:92331}?","「{CARDNAME:92331}」に
移動しますか？","要前往 {CARDNAME:92331} 吗？"
"10028461","","",""
"10028462","Enter {CARDNAME:92332}?","「{CARDNAME:92332}」に
移動しますか？","要前往 {CARDNAME:92332} 吗？"
"10028471","","",""
"10028472","Enter {CARDNAME:92333}?","「{CARDNAME:92333}」に
移動しますか？","要前往 {CARDNAME:92333} 吗？"
"10028481","","",""
"10028482","Enter {CARDNAME:92334}?","「{CARDNAME:92334}」に
移動しますか？","要前往 {CARDNAME:92334} 吗？"
"10028491","","",""
"10028492","Enter {CARDNAME:92340}?","「{CARDNAME:92340}」に
入りますか？","要进入 {CARDNAME:92340} 吗？"
"10028501","","",""
"10028502","Enter {CARDNAME:92350}?","「{CARDNAME:92350}」に
入りますか？","要进入 {CARDNAME:92350} 吗？"
"10028511","","",""
"10028512","Enter {CARDNAME:92351}?","「{CARDNAME:92351}」に
移動しますか？","要前往 {CARDNAME:92351} 吗？"
"10028521","","",""
"10028522","Enter {CARDNAME:92352}?","「{CARDNAME:92352}」に
移動しますか？","要前往 {CARDNAME:92352} 吗？"
"10028531","","",""
"10028532","Enter {CARDNAME:92353}?","「{CARDNAME:92353}」に
移動しますか？","要前往 {CARDNAME:92353} 吗？"
"10028541","","",""
"10028542","Enter {CARDNAME:92354}?","「{CARDNAME:92354}」に
移動しますか？","要前往 {CARDNAME:92354} 吗？"
"10028551","","",""
"10028552","Enter {CARDNAME:92360}?","「{CARDNAME:92360}」に
入りますか？","要进入 {CARDNAME:92360} 吗？"
"10028561","","",""
"10028562","Enter {CARDNAME:92361}?","「{CARDNAME:92361}」に
移動しますか？","要前往 {CARDNAME:92361} 吗？"
"10028571","","",""
"10028572","Enter {CARDNAME:92362}?","「{CARDNAME:92362}」に移動しますか？","要前往 {CARDNAME:92362} 吗？"
"10028581","","",""
"10028582","Enter {CARDNAME:92363}?","「{CARDNAME:92363}」に移動しますか？","要前往 {CARDNAME:92363} 吗？"
"10028591","","",""
"10028592","Enter {CARDNAME:92364}?","「{CARDNAME:92364}」に移動しますか？","要前往 {CARDNAME:92364} 吗？"
"10028601","","",""
"10028602","Enter {CARDNAME:92365}?","「{CARDNAME:92365}」に移動しますか？","要前往 {CARDNAME:92365} 吗？"
"10028611","","",""
"10028612","Enter {CARDNAME:92366}?","「{CARDNAME:92366}」に移動しますか？","要前往 {CARDNAME:92366} 吗？"
"10028621","","",""
"10028622","Enter {CARDNAME:92367}?","「{CARDNAME:92367}」に移動しますか？","要前往 {CARDNAME:92367} 吗？"
"10028631","","",""
"10028632","Enter {CARDNAME:92368}?","「{CARDNAME:92368}」に
移動しますか？","要前往 {CARDNAME:92368} 吗？"
"10028641","","",""
"10028642","Enter {CARDNAME:92369}?","「{CARDNAME:92369}」に
移動しますか？","要前往 {CARDNAME:92369} 吗？"
"10028651","","",""
"10028652","Enter {CARDNAME:92370}?","「{CARDNAME:92370}」に
移動しますか？","要前往 {CARDNAME:92370} 吗？"
"10028661","","",""
"10028662","Enter {CARDNAME:92371}?","「{CARDNAME:92371}」に
移動しますか？","要前往 {CARDNAME:92371} 吗？"
"10028671","","",""
"10028672","Enter {CARDNAME:92380}?","「{CARDNAME:92380}」に
入りますか？","要进入 {CARDNAME:92380} 吗？"
"10028681","","",""
"10028682","Enter {CARDNAME:92381}?","「{CARDNAME:92381}」に
移動しますか？","要前往 {CARDNAME:92381} 吗？"
"10028691","","",""
"10028692","Enter {CARDNAME:92382}?","「{CARDNAME:92382}」に移動しますか？","要前往 {CARDNAME:92382} 吗？"
"10028701","","",""
"10028702","Enter {CARDNAME:92383}?","「{CARDNAME:92383}」に移動しますか？","要前往 {CARDNAME:92383} 吗？"
"10028711","","",""
"10028712","Enter {CARDNAME:92384}?","「{CARDNAME:92384}」に移動しますか？","要前往 {CARDNAME:92384} 吗？"
"10028721","","",""
"10028722","Enter {CARDNAME:92385}?","「{CARDNAME:92385}」に移動しますか？","要前往 {CARDNAME:92385} 吗？"
"10028731","","",""
"10028732","Enter {CARDNAME:92386}?","「{CARDNAME:92386}」に移動しますか？","要前往 {CARDNAME:92386} 吗？"
"10028741","","",""
"10028742","Enter {CARDNAME:92387}?","「{CARDNAME:92387}」に移動しますか？","要前往 {CARDNAME:92387} 吗？"
"10028751","","",""
"10028752","Enter {CARDNAME:92390}?","「{CARDNAME:92390}」に
入りますか？","要进入 {CARDNAME:92390} 吗？"
"10028761","","",""
"10028762","Enter {CARDNAME:90300}?","「{CARDNAME:90300}」に
移動しますか？","要前往 {CARDNAME:90300} 吗？"
"10028771","","",""
"10028772","Enter {CARDNAME:90310}?","「{CARDNAME:90310}」に
移動しますか？","要前往 {CARDNAME:90310} 吗？"
"10028781","","",""
"10028782","Enter {CARDNAME:90320}?","「{CARDNAME:90320}」に
移動しますか？","要前往 {CARDNAME:90320} 吗？"
"10028791","","",""
"10028792","Enter {CARDNAME:90330}?","「{CARDNAME:90330}」に
移動しますか？","要前往 {CARDNAME:90330} 吗？"
"10028801","","",""
"10028802","Where to?","どこへ移動しますか？","要去哪里？"
"10028811","","",""
"10028812","Go out?","フィールドに出ますか？","要前往野外吗？"
"10028821","","",""
"10028822","Leave?","外に出ますか？","要出去吗？"
"10028831","","",""
"10028832","Go through the door?","扉の奥に進みますか？","要进入门后吗？"
"10028841","","",""
"10028842","Leave the area?","船に乗りますか？","要乘船吗？"
"10028851","","",""
"10028852","Set up your party?","パーティ編成をしますか？","要调整队伍编成吗？"
"10028861","","",""
"10028862","Set up your skills?","スキル編成をしますか？","要调整技能编成吗？"
"10028871","","",""
"10028872","Reconfigure skill cards?","スキルカードを
編成し直しますか？","要重新编排技能卡吗？"
"10028881","","",""
"10028882","You can use trap skill
cards in this battle.
Reconfigure skill cards?","このバトルでは、罠のスキルカードが使用できます。
スキルカードを編成し直しますか？","本场战斗可以使用陷阱技能卡。要重新编排技能卡吗？"
"10028891","","",""
"10028892","Trap skill cards can no
longer be used.
Reconfigure skill cards?","罠のスキルカードが使用できなくなりました。
スキルカードを編成し直しますか？","陷阱技能卡已无法使用。要重新编排技能卡吗？"
"10028901","","",""
"10028902","Change your equipment?","装備編成をしますか？","要调整装备吗？"
"10028911","","",""
"10028912","View your abilities?","特性を確認しますか？","要查看特性吗？"
"10028921","","",""
"10028922","View your collection?","コレクションを
確認しますか？","要查看收藏吗？"
"10028931","","",""
"10028932","View your cards?","所持カードを
確認しますか？","要查看持有卡牌吗？"
"10028941","","",""
"10028942","その名前は長すぎる。","その名前は長すぎます。","その名前は長すぎる。"
"10028951","","",""
"10028952","Your name contains characters that cannot be used in this world.","貴方のお名前には、この世界で使用できない文字が含まれているようです。","你的名字中含有这个世界无法使用的字符。"
"10028961","","",""
"10028962","Only alphanumeric characters and some symbols may be used.","この世界で使用できるのはアルファベットとそれに類する文字、数字、一部の記号、日本語のみです。","这个世界只能使用字母及类似字符、数字、部分符号和日文。"
"10028971","","",""
"10028972","Choose a card and <highlight>hold {BUTTON@A:sp_button-selectCard}</highlight> to raise it up ever so slightly. If you hold it just long enough, you might be able to peek at what it contains.","<highlight>{BUTTON@A:sp_button-selectCard}を長押し</highlight>すると、カードを引き上げて決定になります。
少しだけ長押しすれば、答えを覗くことができるかもしれません……","选择卡牌后，<highlight>长按 {BUTTON@A:sp_button-selectCard}</highlight> 可将其稍稍提起并确定。只长按片刻，也许能偷看里面的答案……"
"10028981","","",""
"10028982","<highlight>Tap and hold</highlight> a card to raise it up ever so slightly. If you hold it just long enough, you might be able to peek at what it contains.","<highlight>選択肢カードを長押し</highlight>すると、カードを引き上げて決定になります。
少しだけ長押しすれば、答えを覗くことができるかもしれません……","<highlight>长按卡牌</highlight>可将其稍稍提起并确定。只长按片刻，也许能偷看里面的答案……"
"10028991","","",""
"10028992","Tugging on a card ever so slightly may reveal what it contains.","カードを少し引くと、答えを覗くことができるかもしれません……","把卡牌稍稍拉起，也许就能偷看里面的答案……"
"10029001","Jumping","ジャンプについて","关于跳跃"
"10029002","You can jump to any face-up card.","また、表向きになっている
地形カードには、
自由にジャンプできます。","所有已经翻开的地形卡，都可以自由跳跃前往。"
"10029011","Jumping","ジャンプについて","关于跳跃"
"10029012","Use <highlight>{STICK@RIGHT:sp_button-jump}</highlight> to choose the direction you want to jump, then press <highlight>{BUTTON@A:sp_button-selectCard}</highlight>.","ジャンプしたいときは、
<highlight>{STICK@RIGHT:sp_button-jump}</highlight>で
移動したい場所を選んで、
<highlight>{BUTTON@A:sp_button-selectCard}</highlight>を押しましょう。","要跳跃时，用 <highlight>{STICK@RIGHT:sp_button-jump}</highlight> 选择目的地，再按 <highlight>{BUTTON@A:sp_button-selectCard}</highlight>。"
"10029021","Jumping","ジャンプについて","关于跳跃"
"10029022","Try jumping to your house.","試しに、自宅にジャンプしてみましょう。","试着跳跃到自己家吧。"
"10029031","Jumping","ジャンプについて","关于跳跃"
"10029032","To jump long distances, <highlight>swipe the screen</highlight>, then <highlight>tap on the place</highlight> where you would like to move.","遠くにジャンプする時は、
<highlight>画面をスワイプ</highlight>してから、
<highlight>移動したい場所を
直接タップ</highlight>しましょう。","要远距离跳跃时，先<highlight>滑动屏幕</highlight>，再<highlight>直接点按想前往的位置</highlight>。"
"10029041","Jumping","ジャンプについて","关于跳跃"
"10029042","Simply <highlight>click</highlight> the card you wish to <highlight>jump to</highlight>.","ジャンプするときは、
<highlight>移動したい場所を
直接クリック</highlight>しましょう。","跳跃时，直接<highlight>点击想前往的位置</highlight>即可。"
"10029051","Jumping","ジャンプについて","关于跳跃"
"10029052","Using the Jump ability will let you traverse large areas more quickly.","ジャンプを使えば、広大なフィールドを一気に移動することができます。","善用跳跃，可以快速穿越广阔区域。"
"10029061","Sandskiff Travel","砂船での移動","乘砂船移动"
"10029062","You can now fly on the sandskiff and jump between areas.","砂船で空を飛んでフィールド間をジャンプできるようになりました。","现在可以乘砂船飞行，在不同区域之间跳跃了。"
"10029071","Sandskiff Travel","砂船での移動","乘砂船移动"
"10029072","Select the area entrance/exit and choose a destination from the list.","フィールドの出入り口にアクセスし、行き先を選択肢の中から選びましょう。","在区域出入口进行操作，然后从列表中选择目的地。"
"10029081","","",""
"10029082","ボイスは<highlight>日本語もしくは英語</highlight>のみとなりますので、<highlight>字幕の表示</highlight>を強くオススメします。","ボイスは<highlight>日本語もしくは英語</highlight>のみとなりますので、<highlight>字幕の表示</highlight>を強くオススメします。","ボイスは<highlight>日本語もしくは英語</highlight>のみとなりますので、<highlight>字幕の表示</highlight>を強くオススメします。"
"10029091","","",""
"10029092","<highlight>Stuffed-Toy-from-Mother Avatar</highlight> appearance obtained!","コンポーネント「<highlight>母親から貰ったぬいぐるみのコマ</highlight>」を手に入れた！","获得了组件「<highlight>母亲赠送的玩偶棋子</highlight>」！"
"10029101","","",""
"10029102","<highlight>{CARDNAME:1451020}</highlight> appearance obtained!","コンポーネント「<highlight>{CARDNAME:1451020}</highlight>」を手に入れた！","获得了组件「<highlight>{CARDNAME:1451020}</highlight>」！"
"10029111","","",""
"10029112","<highlight>{CARDNAME:1451030}</highlight> appearance obtained!","コンポーネント「<highlight>{CARDNAME:1451030}</highlight>」を手に入れた！","获得了组件「<highlight>{CARDNAME:1451030}</highlight>」！"
"10029121","","",""
"10029122","<highlight>{CARDNAME:1451040}</highlight> appearance obtained!","コンポーネント「<highlight>{CARDNAME:1451040}</highlight>」を手に入れた！","获得了组件「<highlight>{CARDNAME:1451040}</highlight>」！"
"10029131","","",""
"10029132","<highlight>{CARDNAME:1451050}</highlight> appearance obtained!","コンポーネント「<highlight>{CARDNAME:1451050}</highlight>」を手に入れた！","获得了组件「<highlight>{CARDNAME:1451050}</highlight>」！"
"10029141","","",""
"10029142","Open the <highlight>Options</highlight> menu from the title screen to <highlight>change appearances</highlight>.","<highlight>コンポーネント</highlight>は、タイトル画面の<highlight>「オプション」</highlight>から変更できます。","可从标题画面的<highlight>「选项」</highlight>中<highlight>更换组件外观</highlight>。"
"10029151","Moving","移動方法","移动方法"
"10029152","<highlight>Your piece</highlight> is in the middle of the screen.

Use <highlight>{STICK@LEFT:sp_button-tap}</highlight> to move in the direction you want.","画面中央にあるのが
<highlight>貴方のコマ</highlight>です。

<highlight>{STICK@LEFT:sp_button-tap}</highlight>で
コマを動かせます。","画面中央的是<highlight>你的棋子</highlight>。使用 <highlight>{STICK@LEFT:sp_button-tap}</highlight> 向想前进的方向移动。"
"10029161","Moving","移動方法","移动方法"
"10029162","<highlight>Your piece</highlight> is in the middle of the screen.

<highlight>Tap on the place</highlight> where you would like to move.","画面中央にあるのが
<highlight>貴方のコマ</highlight>です。

<highlight>移動したい場所を
直接タップ</highlight>しましょう。","画面中央的是<highlight>你的棋子</highlight>。<highlight>点按想前往的位置</highlight>即可移动。"
"10029171","Moving","移動方法","移动方法"
"10029172","You can also move by <highlight>flicking</highlight> to the opposite direction.","また、進路とは逆方向に
<highlight>フリック</highlight>することでも
移動できます。","也可以朝移动方向的反方向<highlight>轻扫</highlight>来移动。"
"10029181","Objectives","次の目的とは","下一目标"
"10029182","As you continue on your journey, your <highlight>objective</highlight> will change.

Press <highlight>{BUTTON@X:sp_button-next}</highlight> whenever you need a reminder of what to do next.","次に何をするか迷ったら、
<highlight>次の目的</highlight>を見ましょう。

<highlight>{BUTTON@X:sp_button-next}</highlight>で
何度でも確認できます。","旅途中，<highlight>当前目标</highlight>会随剧情改变。不知道下一步该做什么时，按 <highlight>{BUTTON@X:sp_button-next}</highlight> 查看下一目标。"
"10029191","Shining Cards","光るカードについて","关于发光卡牌"
"10029192","Head to the card on the map with <highlight>glowing edges</highlight> to continue the story.","マップ上で<highlight>フチが光っている場所</highlight>に行くと、物語が進行します。","前往地图上<highlight>边缘发光的卡牌</highlight>，即可推进剧情。"
"10029201","Objectives","次の目的とは","下一目标"
"10029202","As you continue on your journey, your <highlight>objective</highlight> will change.

Tap <highlight>Next Objective</highlight> in the lower-right corner whenever you need a reminder of what to do next.","次に何をするか迷ったら、
<highlight>次の目的</highlight>を見ましょう。

画面右下にある
<highlight>「次の目的」をタップ</highlight>すれば何度でも確認できます。","旅途中，<highlight>当前目标</highlight>会随剧情改变。不知道下一步该做什么时，点按右下角的<highlight>「下一目标」</highlight>查看。"
"10029211","Objectives","次の目的とは","下一目标"
"10029212","As you continue on your journey, your <highlight>objective</highlight> will change.

Press <highlight>{BUTTON@X:sp_button-next}</highlight> whenever you need a reminder of what to do next.","次に何をするか迷ったら、
<highlight>次の目的</highlight>を見ましょう。

<highlight>{BUTTON@X:sp_button-next}</highlight>で
何度でも確認できます。","旅途中，<highlight>当前目标</highlight>会随剧情改变。不知道下一步该做什么时，按 <highlight>{BUTTON@X:sp_button-next}</highlight> 查看下一目标。"
"10029221","Menu","メニュー画面","菜单"
"10029222","Press <highlight>{BUTTON@PLUS:sp_button-menu}</highlight> to open the menu. There you can perform various actions, such as saving and changing skills or equipment.","<highlight>{BUTTON@PLUS:sp_button-menu}</highlight>を押すと
メニュー画面が開きます。

スキルや装備の付け替え、セーブなどはメニューから行いましょう。","按 <highlight>{BUTTON@PLUS:sp_button-menu}</highlight> 打开菜单。你可以在这里保存游戏、调整技能和装备等。"
"10029231","Collection","コレクション","收藏"
"10029232","As you encounter various cards during your adventure, they are added to your <highlight>Collection</highlight> in the menu.","メニュー内の<highlight>コレクション</highlight>には、冒険の進行に合わせて様々なカードが追加されていきます。","冒险途中遇到的各种卡牌，会陆续加入菜单中的<highlight>收藏</highlight>。"
"10029241","コレクション","コレクション","コレクション"
"10029242","カードのイラストを鑑賞したり、ムービーを見返したりできます。","カードのイラストを鑑賞したり、ムービーを見返したりできます。","カードのイラストを鑑賞したり、ムービーを見返したりできます。"
"10029251","Menu","メニュー画面","菜单"
"10029252","Tap <highlight>Menu</highlight> in the lower-right corner to open the menu. There you can perform various actions, such as saving and changing skills or equipment.","画面右下の<highlight>「メニュー」をタップ</highlight>すると、メニュー画面が開きます。

スキルや装備の付け替え、セーブなどはメニューから行いましょう。","点按右下角的<highlight>「菜单」</highlight>打开菜单。你可以在这里保存游戏、调整技能和装备等。"
"10029261","Special Stories","特別なストーリー","特殊故事"
"10029262","You can read <highlight>special stories</highlight> about the characters and enemies among your collected cards.","コレクションでは、キャラクターやエネミーの<highlight>特別なストーリー</highlight>を読めます。","在已收集的卡牌中，可以阅读角色和敌人的<highlight>特殊故事</highlight>。"
"10029271","Special Stories","特別なストーリー","特殊故事"
"10029272","Progress through the adventure and defeat the myriad enemies in your path to collect every special story.","物語を進めたり、多くのエネミーと戦ったりして、特別なストーリーをコンプリートしましょう。","推进冒险、击败旅途中的各种敌人，收集全部特殊故事吧。"
"10029281","Battles","バトル","战斗"
"10029282","While exploring the world and diving deep into dungeons, you will encounter enemies with which you must do battle.","フィールドやダンジョンを移動していると、敵が現れてバトルが発生することがあります。","在野外和迷宫中移动时，有时会遭遇敌人并进入战斗。"
"10029291","Game Over","ゲームオーバー","游戏结束"
"10029292","If every member in your party becomes incapacitated during battle, it's <highlight>game over</highlight>.","バトルに参加しているメンバー全員が戦闘不能になると、<highlight>ゲームオーバー</highlight>になってしまいます。","参加战斗的所有成员都陷入无法战斗状态，就会<highlight>游戏结束</highlight>。"
"10029301","Game Over","ゲームオーバー","游戏结束"
"10029302","Should your journey meet an unfortunate end, you can <highlight>continue from your last save point</highlight>, so it is in your interest to <highlight>save</highlight> often.","ゲームオーバーになると、
<highlight>最後にセーブした場所から
やり直し</highlight>になってしまうので、こまめに<highlight>セーブ</highlight>することをオススメします。","游戏结束后，会<highlight>从最后保存的位置重新开始</highlight>，因此建议经常<highlight>保存</highlight>。"
"10029311","Saving","セーブをしよう","保存游戏"
"10029312","To save, press
<highlight>{BUTTON@PLUS:sp_button-menu}</highlight> to open the menu, then navigate to <highlight>Data</highlight>.","セーブは、
<highlight>{BUTTON@PLUS:sp_button-menu}</highlight>を押してメニュー画面を開き、<highlight>「データ」</highlight>から行うことができます。","要保存游戏，按 <highlight>{BUTTON@PLUS:sp_button-menu}</highlight> 打开菜单，再进入<highlight>「数据」</highlight>。"
"10029321","Saving","セーブをしよう","保存游戏"
"10029322","There is also an <highlight>autosave</highlight> feature to periodically keep you covered.","また、定期的に<highlight>オートセーブ</highlight>も行われますので、活用してみてください。","游戏也会定期进行<highlight>自动保存</highlight>，请善加利用。"
"10029331","Saving","セーブをしよう","保存游戏"
"10029332","To save, <highlight>tap ""Menu""</highlight> in the bottom right of the screen, and then select <highlight>""Data.""</highlight>","セーブは、
画面右下の<highlight>「メニュー」をタップ</highlight>してメニュー画面を開き、<highlight>「データ」</highlight>から行うことができます。","要保存游戏，先<highlight>点按右下角「菜单」</highlight>打开菜单，再选择<highlight>「数据」</highlight>。"
"10029341","Recovering HP","ＨＰの回復方法","恢复 HP"
"10029342","When you're low on HP, open the menu and select <highlight>Owned Cards</highlight> to use a recovery item.","ＨＰが減ったら、メニューの<highlight>所持カード</highlight>から回復アイテムを使いましょう。","HP 不足时，打开菜单并进入<highlight>「持有卡牌」</highlight>，使用恢复道具。"
"10029351","Establishments","各施設について","关于各类设施"
"10029352","Lucky for you, there are all sorts of <highlight>establishments</highlight> in town to support you on your adventure. Would you care to have them explained?","街には、貴方の冒険をサポートする様々な<highlight>施設</highlight>があります。どんな施設があるのか説明を聞きますか？","城镇里有各种能帮助你冒险的<highlight>设施</highlight>。要听听分别有哪些吗？"
"10029361","The {CARDNAME:103015}","{CARDNAME:103015}について","关于 {CARDNAME:103015}"
"10029362","This is the <highlight>pet shop</highlight>.

Buy domesticated monsters here to use as <highlight>skills</highlight>.","ここは<highlight>{CARDNAME:103015}</highlight>。

よく飼いならされた魔物を購入できます。購入した魔物の<highlight>スキル</highlight>が使用できるようになります。","这里是 <highlight>{CARDNAME:103015}</highlight>。可以购买驯养的 {CARDNAME:4340}，并将其作为<highlight>技能</highlight>使用。"
"10029371","The {CARDNAME:103020}","{CARDNAME:103020}について","关于 {CARDNAME:103020}"
"10029372","This is the <highlight>inn</highlight>.

Rest here to recover your party's HP.","ここは<highlight>{CARDNAME:103020}</highlight>。

{CARDNAME:103020}に泊まることで、全員のＨＰが全快します。","这里是 <highlight>{CARDNAME:103020}</highlight>。在这里休息，可以恢复全队 HP。"
"10029381","{CARDNAME:103012}について","{CARDNAME:103012}について","{CARDNAME:103012}について"
"10029382","ここは<highlight>{CARDNAME:103012}</highlight>。

ＨＰや状態異常を回復する薬を買うならこちらで。","ここは<highlight>{CARDNAME:103012}</highlight>。

ＨＰや状態異常を回復する薬を買うならこちらで。","ここは<highlight>{CARDNAME:103012}</highlight>。

ＨＰや状態異常を回復する薬を買うならこちらで。"
"10029391","The {CARDNAME:103011}","{CARDNAME:103011}について","关于 {CARDNAME:103011}"
"10029392","This is the <highlight>armorer</highlight>.

Here you can purchase weapons and armor to help you endure the dangers of battle.","ここは<highlight>{CARDNAME:103011}</highlight>。

装備することで強くなる武器や防具を売っています。","这里是 <highlight>{CARDNAME:103011}</highlight>。可以买到武器和防具，为战斗做好准备。"
"10029401","The {CARDNAME:103010}","{CARDNAME:103010}について","关于 {CARDNAME:103010}"
"10029402","This is the <highlight>item shop</highlight>.

You'll find many useful items for your adventure here.","ここは<highlight>{CARDNAME:103010}</highlight>。

冒険に役立つアイテムが揃っています。","这里是 <highlight>{CARDNAME:103010}</highlight>。可以买到各种有助于冒险的道具。"
"10029411","The {CARDNAME:103013}","{CARDNAME:103013}について","关于 {CARDNAME:103013}"
"10029412","This is the <highlight>game parlor</highlight>.

Come here to play some card games when you need a break from your travels.","ここは<highlight>{CARDNAME:103013}</highlight>。

カードゲームが遊べます。
旅の息抜きにどうぞ。","这里是 <highlight>{CARDNAME:103013}</highlight>。旅途中想休息一下时，可以来这里玩卡牌游戏。"
"10029421","{CARDNAME:103014}について","{CARDNAME:103014}について","{CARDNAME:103014}について"
"10029422","ここは<highlight>{CARDNAME:103014}</highlight>。

ゴールドを払えば、君が訪れたことのある街に一瞬で連れて行ってくれます。","ここは<highlight>{CARDNAME:103014}</highlight>。

ゴールドを払えば、君が訪れたことのある街に一瞬で連れて行ってくれます。","ここは<highlight>{CARDNAME:103014}</highlight>。

ゴールドを払えば、君が訪れたことのある街に一瞬で連れて行ってくれます。"
"10029431","Establishments","各施設について","关于各类设施"
"10029432","That about sums it up.","これで説明は終わりです。","说明就到这里。"
"10029441","Establishments","各施設について","关于各类设施"
"10029442","Now then, why don't you go pay these establishments a visit?","それでは、施設を回ってみてください。","那么，去各处设施看看吧。"
"10029451","Equipment","装備方法","装备"
"10029452","Weapon and armor cards will display their effects when you equip them to characters.","武器、防具のカードは、キャラクターに装備させることで初めて効果を発揮します。","武器和防具卡只有装备到角色身上后，效果才会生效。"
"10029461","Equipment","装備方法","装备"
"10029462","Open the menu and select <highlight>Equipment</highlight> to make sure your party is ready for battle.","メニューの「編成」から、<highlight>「装備」</highlight>を選び、きちんと装備されているか確認しておきましょう。","从菜单的「编成」中选择<highlight>「装备」</highlight>，确认队伍已经做好战斗准备。"
"10029471","","",""
"10029472","Check party equipment?","装備を確認しますか？","要查看队伍装备吗？"
"10029481","パーティ編成","パーティ編成","パーティ編成"
"10029482","バトルに参加できるのは、<highlight>最大３人</highlight>までです。

メニューの「編成」から、<highlight>「パーティ」</highlight>を選択し、バトルに参加させたいメンバーを選びましょう。","バトルに参加できるのは、<highlight>最大３人</highlight>までです。

メニューの「編成」から、<highlight>「パーティ」</highlight>を選択し、バトルに参加させたいメンバーを選びましょう。","バトルに参加できるのは、<highlight>最大３人</highlight>までです。

メニューの「編成」から、<highlight>「パーティ」</highlight>を選択し、バトルに参加させたいメンバーを選びましょう。"
"10029491","Setting Skills","スキルのセット","设置技能"
"10029492","Each character in your party can set up to <highlight>five types of skills</highlight>.","キャラクター１人にセットできるスキルは最大<highlight>５種類</highlight>までです。","每名角色最多可以设置 <highlight>5 种技能</highlight>。"
"10029501","Setting Skills","スキルのセット","设置技能"
"10029502","Open the menu, select Set Up, and then <highlight>Skills</highlight> to choose and set the skills your party members can use in battle.","メニューの「編成」から、<highlight>「スキル」</highlight>を選べば、バトルで使いたいスキルを選んでセットできます。","打开菜单，在「编成」中选择 <highlight>「技能」</highlight>，即可选择并设置队伍成员在战斗中使用的技能。"
"10029511","特性とは","特性とは","特性とは"
"10029512","<highlight>特性</highlight>とは、バトル時に<highlight>永続的に効果を発揮するスキル</highlight>のことを指します。

特性は、セットしなくても自動で効果が発動します。","<highlight>特性</highlight>とは、バトル時に<highlight>永続的に効果を発揮するスキル</highlight>のことを指します。

特性は、セットしなくても自動で効果が発動します。","<highlight>特性</highlight>とは、バトル時に<highlight>永続的に効果を発揮するスキル</highlight>のことを指します。

特性は、セットしなくても自動で効果が発動します。"
"10029521","Abilities","特性とは","特性说明"
"10029522","Open the menu, select Set Up, and then select <highlight>Abilities</highlight> to see the abilities you've acquired.","メニューの「編成」から、<highlight>「特性」</highlight>を選べば、習得した特性を確認できます。","打开菜单，在「编成」中选择 <highlight>「特性」</highlight>，即可查看已习得的特性。"
"10029531","カウントダウン","カウントダウン","カウントダウン"
"10029532","画面左上に表示された<highlight>残り歩数</highlight>は、一歩動くたびに減っていきます。
０になると<highlight>ゲームオーバー</highlight>になります。","画面左上に表示された<highlight>残り歩数</highlight>は、一歩動くたびに減っていきます。
０になると<highlight>ゲームオーバー</highlight>になります。","画面左上に表示された<highlight>残り歩数</highlight>は、一歩動くたびに減っていきます。
０になると<highlight>ゲームオーバー</highlight>になります。"
"10029541","カウントダウン","カウントダウン","カウントダウン"
"10029542","ここから{CARDNAME:92070}を脱出するまで、オートセーブも含めた<highlight>セーブ</highlight>と<highlight>ロード</highlight>、<highlight>ジャンプ移動</highlight>は一切できません。
また、<highlight>{CARDNAME:50610}</highlight>も使用できなくなります。","ここから{CARDNAME:92070}を脱出するまで、オートセーブも含めた<highlight>セーブ</highlight>と<highlight>ロード</highlight>、<highlight>ジャンプ移動</highlight>は一切できません。
また、<highlight>{CARDNAME:50610}</highlight>も使用できなくなります。","ここから{CARDNAME:92070}を脱出するまで、オートセーブも含めた<highlight>セーブ</highlight>と<highlight>ロード</highlight>、<highlight>ジャンプ移動</highlight>は一切できません。
また、<highlight>{CARDNAME:50610}</highlight>も使用できなくなります。"
"10029551","","",""
"10029552","ここでセーブしますか？

直前のデータ以外の場所にセーブしておくことをオススメします。","ここでセーブしますか？

直前のデータ以外の場所にセーブしておくことをオススメします。","ここでセーブしますか？

直前のデータ以外の場所にセーブしておくことをオススメします。"
"10029561","Exploring Dungeons","ダンジョン探索について","探索迷宫"
"10029562","You've arrived at the <highlight>{CARDNAME:92320}</highlight>. A dungeon rife with danger awaits within.","<highlight>{CARDNAME:92320}</highlight>に辿り着きました。この先には危険なダンジョンが広がっています。","已抵达 <highlight>{CARDNAME:92320}</highlight>。前方是一座危机四伏的迷宫。"
"10029571","Exploring Dungeons","ダンジョン探索について","探索迷宫"
"10029572","Adventurers are advised to be <highlight>at least level 3</highlight> and stock up on supplies from town before entering.","できればキャラクターのレベルを<highlight>３以上</highlight>にして、街で<highlight>装備やアイテム</highlight>を買ってから挑むといいでしょう。","建议将角色等级提升至 <highlight>3 级以上</highlight>，并在城里买好<highlight>装备和道具</highlight>再进入。"
"10029581","Changing Appearances","見た目の変更について","更改外观"
"10029582","It is possible to customize the appearance of certain game elements such as your avatar, dice, and card design by selecting <highlight>Customize</highlight> from the title screen's Options menu.","タイトル画面の「オプション」から、<highlight>「コンポーネント」</highlight>を選ぶと、コマやダイス、カード裏面のデザインを変更できます。","在标题画面的「选项」中选择<highlight>「组件」</highlight>，即可更换棋子、骰子、卡背等外观。"
"10029591","Changing Appearances","見た目の変更について","更改外观"
"10029592","Further customization options can be unlocked by completing certain conditions within the game or by purchasing add-on content.","コンポーネントは、ゲーム内で特定の条件を満たしたり、ダウンロードコンテンツを購入することで増えていきます。","满足游戏内特定条件或购买追加内容，可以解锁更多组件。"
"10029601","Changing Appearances","見た目の変更について","更改外观"
"10029602","Build a collection of customization options to create a game appearance that suits your taste.","コンポーネントを集めて、自分好みの見た目にカスタマイズしてみましょう。","收集各种组件，打造自己喜欢的游戏外观吧。"
"10029611","Acquiring Monster Cards","魔物カードの入手","获得魔物卡"
"10029612","You can now seal defeated monsters in cards, and summon them during battle as <highlight>monster cards</highlight>.","倒した魔物をカードに封じ込め、バトル中に<highlight>魔物カード</highlight>として使えるようになりました。","现在可以将打倒的魔物封入卡牌，并在战斗中作为<highlight>魔物卡</highlight>使用。"
"10029621","Acquiring Monster Cards","魔物カードの入手","获得魔物卡"
"10029622","You have a chance to acquire monster cards when you win battles. Additionally, certain monsters are available for purchase from a specialty shop.","魔物カードは、バトル勝利時に確率で入手できます。また、一部の魔物は専用のお店で購入することも可能です。","战斗胜利时有一定概率获得魔物卡。此外，部分魔物也可在专门商店购买。"
"10029631","Using Monster Cards","魔物カードの使い方","使用魔物卡"
"10029632","You can use monster cards as skills during battle.","魔物カードは、バトル時にスキルとして使うことができます。","魔物卡可在战斗中作为技能使用。"
"10029641","Monster Card Limits","魔物カードのセット","设置魔物卡"
"10029642","A single character can only have up to <highlight>5 types</highlight> of monster cards.","ただし、キャラクター１人にセットできる魔物カードは最大<highlight>５種類</highlight>までです。","每名角色最多只能设置 <highlight>5 种</highlight>魔物卡。"
"10029651","Monster Card Limits","魔物カードのセット","设置魔物卡"
"10029652","Select <highlight>Skills</highlight> from the Set Up menu to choose which monster cards you want to use in battle.","メニューの「編成」から
<highlight>「スキル」</highlight>を選び、バトルで使いたい魔物カードを選んでセットしましょう。","在菜单「编成」中选择 <highlight>「技能」</highlight>，设置战斗时想使用的魔物卡吧。"
"10029661","","",""
"10029662","Reconfigure monster cards?","魔物カードを
セットし直しますか？","要重新设置魔物卡吗？"
"10029671","Monster Card Rankings","魔物カードのランク","魔物卡等级"
"10029672","Monster cards are ranked <highlight>up to 5 stars</highlight>. Depending on the type of monster, you may be limited to owning <highlight>just 1 card</highlight>.","魔物カードには<highlight>星５つまでのランク</highlight>があり、所持できるのは魔物の種類に対して<highlight>１枚だけ</highlight>となります。","魔物卡最高为 <highlight>5 星</highlight>。每种魔物最多只能持有 <highlight>1 张卡</highlight>。"
"10029681","Monster Card Rankings","魔物カードのランク","魔物卡等级"
"10029682","Cards will be <highlight>destroyed</highlight> when you obtain one of the same or higher rank.","上位のカードを入手すると下位のカードは<highlight>破棄</highlight>されます。同じランクのカードを入手した場合も同様です。","获得同等级或更高等级的卡牌时，原有卡牌会被<highlight>销毁</highlight>。"
"10029691","Monster Card Rankings","魔物カードのランク","魔物卡等级"
"10029692","Monster strength varies from region to region. As you progress through the story and move to new areas, you'll be able to get higher-ranked cards.","エリア毎に魔物の強さは異なります。物語を進めて新たなエリアに行けば、より高ランクのカードを入手できるでしょう。","各地区的魔物强度不同。随着剧情推进、前往新地区，便能获得等级更高的卡牌。"
"10029701","","",""
"10029702","Your <highlight>ability to manipulate the camera</highlight> has been <highlight>restricted</highlight>.","<highlight>カメラを動かせる範囲</highlight>が
<highlight>制限</highlight>されました。","<highlight>相机可移动范围</highlight>已受到<highlight>限制</highlight>。"
"10029711","{CARDNAME:92020}","{CARDNAME:92020}","{CARDNAME:92020}"
"10029712","{CARDNAME:50601}のおかげで周囲は明るくなったが、遠くまで見渡すのは難しそうだ。","{CARDNAME:50601}のおかげで周囲は明るくなったが、遠くまで見渡すのは難しそうだ。","{CARDNAME:50601}のおかげで周囲は明るくなったが、遠くまで見渡すのは難しそうだ。"
"10029721","{CARDNAME:92030}","{CARDNAME:92030}","{CARDNAME:92030}"
"10029722","濃い霧で視界が遮られてしまう。これが「{CARDNAME:92030}」の由縁なのだろうか？","濃い霧で視界が遮られてしまう。これが「{CARDNAME:92030}」の由縁なのだろうか？","濃い霧で視界が遮られてしまう。これが「{CARDNAME:92030}」の由縁なのだろうか？"
"10029731","{CARDNAME:92032}","{CARDNAME:92032}","{CARDNAME:92032}"
"10029732","{CARDNAME:91050}の東側も霧が濃いようだ……","{CARDNAME:91050}の東側も霧が濃いようだ……","{CARDNAME:91050}の東側も霧が濃いようだ……"
"10029741","{CARDNAME:92040}","{CARDNAME:92040}","{CARDNAME:92040}"
"10029742","{CARDNAME:50601}が必要なほどではないが、祠の中は薄暗く視界が悪い……","{CARDNAME:50601}が必要なほどではないが、祠の中は薄暗く視界が悪い……","{CARDNAME:50601}が必要なほどではないが、祠の中は薄暗く視界が悪い……"
"10029751","{CARDNAME:92082}","{CARDNAME:92082}","{CARDNAME:92082}"
"10029752","ここは薄暗く、周囲がよく見えない。足元に気を付けて進もう……","ここは薄暗く、周囲がよく見えない。足元に気を付けて進もう……","ここは薄暗く、周囲がよく見えない。足元に気を付けて進もう……"
"10029761","","",""
"10029762","{CARDNAME:2030}の前にある祭壇から不穏な気配を感じる。外に出ている余裕はなさそうだ。","{CARDNAME:2030}の前にある祭壇から不穏な気配を感じる。外に出ている余裕はなさそうだ。","{CARDNAME:2030}の前にある祭壇から不穏な気配を感じる。外に出ている余裕はなさそうだ。"
"10029771","","",""
"10029772","You cannot use <highlight>{CARDNAME:50610}s</highlight> now.","<highlight>{CARDNAME:50610}</highlight>が使えなくなりました。","暂时无法使用 <highlight>{CARDNAME:50610}</highlight>。"
"10029781","","",""
"10029782","You can now use {CARDNAME:50610}s.","{CARDNAME:50610}が使えるようになりました。","现在可以使用 {CARDNAME:50610} 了。"
"10029791","","",""
"10029792","You cannot <highlight>Jump</highlight>, <highlight>save</highlight>, or <highlight>load</highlight>, and autosave has been temporarily disabled.
You cannot use the <highlight>{CARDNAME:50610}</highlight>, either.","オートセーブを含む<highlight>セーブ</highlight>と<highlight>ロード</highlight>ができなくなりました。
また、<highlight>{CARDNAME:50610}</highlight>が使用できなくなりました。","暂时无法<highlight>跳跃</highlight>、<highlight>保存</highlight>或<highlight>读取</highlight>，自动保存也已停用。此外，无法使用 <highlight>{CARDNAME:50610}</highlight>。"
"10029801","","",""
"10029802","You can now <highlight>save</highlight> (including autosave) and <highlight>load</highlight> data. Additionally, you can now use <highlight>{CARDNAME:50610}s</highlight>.","オートセーブを含む<highlight>セーブ</highlight>と<highlight>ロード</highlight>ができるようになりました。
また、<highlight>{CARDNAME:50610}</highlight>が使えるようになりました。","现在可以<highlight>保存</highlight>（包括自动保存）和<highlight>读取</highlight>数据，也可以使用 <highlight>{CARDNAME:50610}</highlight> 了。"
"10029811","","",""
"10029812","この階全体が、強大な力で覆われているようだ……","この階全体が、強大な力で覆われているようだ……","この階全体が、強大な力で覆われているようだ……"
"10029821","","",""
"10029822","You can no longer open the <highlight>Menu</highlight>.","一時的に<highlight>メニュー画面</highlight>が開けなくなりました。","暂时无法打开<highlight>菜单</highlight>。"
"10029831","","",""
"10029832","You can once again open the <highlight>Menu</highlight>.","<highlight>メニュー画面</highlight>が開けるようになりました。","现在又可以打开<highlight>菜单</highlight>了。"
"10029841","","",""
"10029842","An enemy appears!
But it runs away...","敵が現れた！
しかし、逃げていった……","敌人出现了！可它却逃走了……"
"10029851","","",""
"10029852","The <highlight>Jump ability</highlight> has been disabled.","<highlight>ジャンプ機能</highlight>が使えなくなりました。","<highlight>跳跃功能</highlight>暂时无法使用。"
"10029861","","",""
"10029862","You may now move using the Jump ability.","ジャンプ機能が使えるようになりました。","现在可以使用跳跃功能了。"
"10029871","","",""
"10029872","The <highlight>Jump ability</highlight> has been disabled, and you cannot use <highlight>{CARDNAME:50610}s</highlight>.","<highlight>ジャンプ機能</highlight>と<highlight>導きの鈴</highlight>が使えなくなりました。","<highlight>跳跃功能</highlight>已停用，也无法使用 <highlight>{CARDNAME:50610}</highlight>。"
"10029881","","",""
"10029882","You can now use the Jump ability and {CARDNAME:50610}s.","ジャンプ機能と導きの鈴が使えるようになりました。","现在可以使用跳跃功能和 {CARDNAME:50610} 了。"
"10029891","{CARDNAME:103011}","{CARDNAME:103011}","{CARDNAME:103011}"
"10029892","""What can I help you with?"" the shopkeep asks.","店に行くと、店主が「ご用件は？」と尋ねてきた。","来到店里，店主问道：「需要什么？」"
"10029901","{CARDNAME:103011}","{CARDNAME:103011}","{CARDNAME:103011}"
"10029902","""Anything else?"" the shopkeep inquires.","店主は「他にご用件は？」と問いかけてくる。","店主问道：「还需要别的吗？」"
"10029911","{CARDNAME:103010}","{CARDNAME:103010}","{CARDNAME:103010}"
"10029912","""What can I help you with?"" the shopkeep asks.","店に行くと、店主が「ご用件は？」と尋ねてきた。","来到店里，店主问道：「需要什么？」"
"10029921","{CARDNAME:103010}","{CARDNAME:103010}","{CARDNAME:103010}"
"10029922","""Anything else?"" the shopkeep inquires.","店主は「他にご用件は？」と問いかけてくる。","店主问道：「还需要别的吗？」"
"10029931","{CARDNAME:103015}","{CARDNAME:103015}","{CARDNAME:103015}"
"10029932","""What can I help you with?"" the shopkeep asks.","店に行くと、店主が「ご用件は？」と尋ねてきた。","来到店里，店主问道：「需要什么？」"
"10029941","{CARDNAME:103015}","{CARDNAME:103015}","{CARDNAME:103015}"
"10029942","""Anything else?"" the shopkeep inquires.","店主は「他にご用件は？」と問いかけてくる。","店主问道：「还需要别的吗？」"
"10029951","Buy","商品を買う","购买"
"10029952","","",""
"10029961","Sell","持ち物を売る","出售"
"10029962","","",""
"10029971","Leave","立ち去る","离开"
"10029972","","",""
"10029981","{CARDNAME:103020}","{CARDNAME:103020}","{CARDNAME:103020}"
"10029982","""Need a room for the night?"" the innkeeper asks as you enter.","{CARDNAME:103020}に行くと、店主が「休んでいくかい？」と声をかけてきた。","来到 {CARDNAME:103020}，店主招呼道：「要歇一晚吗？」"
"10029991","Rest","休む","休息"
"10029992","","",""
"10030001","No","休まない","否"
"10030002","","",""
"10030011","","",""
"10030012","The party's HP is fully restored!","全員のＨＰが全回復した！","全员 HP 完全恢复！"
"10030021","{CHARACTERNAME:1010} and Company","{CHARACTERNAME:1010}達一行","{CHARACTERNAME:1010} 一行"
"10030022","The party takes leave of the inn feeling rested and refreshed.","ゆっくり休んだ君達は、{CARDNAME:103020}を立ち去った。","好好休息过后，你们神清气爽地离开了 {CARDNAME:103020}。"
"10030031","{CHARACTERNAME:1010}","{CHARACTERNAME:1010}","{CHARACTERNAME:1010}"
"10030032","You step out of the inn feeling rested and ready.","ゆっくり休んだ君は、{CARDNAME:103020}を立ち去った。","好好休息过后，你精神十足地离开了 {CARDNAME:103020}。"
"10030041","","",""
"10030042","Take a rest?","休んでいきますか？ ","要休息吗？"
"10030051","{CARDNAME:103011}","{CARDNAME:103011}","{CARDNAME:103011}"
"10030052","""What can I. Help you with?"" the shopkeep asks.","店に行くと、店主が「ご用件ハ？」と尋ねてきた。","来到店里，店主问道：「有、什么事吗？」"
"10030061","{CARDNAME:103011}","{CARDNAME:103011}","{CARDNAME:103011}"
"10030062","""Anything else?"" the shopkeep inquires.","店主は「他ニご用件ハ？」と問いかけてくる。","店主问道：「还、有别的事吗？」"
"10030071","{CARDNAME:103010}","{CARDNAME:103010}","{CARDNAME:103010}"
"10030072","""What can I. Help you with?"" the shopkeep asks.","店に行くと、店主が「ご用件ハ？」と尋ねてきた。","来到店里，店主问道：「有、什么事吗？」"
"10030081","{CARDNAME:103010}","{CARDNAME:103010}","{CARDNAME:103010}"
"10030082","""Anything else?"" the shopkeep inquires.","店主は「他ニご用件ハ？」と問いかけてくる。","店主问道：「还、有别的事吗？」"
"10030091","{CARDNAME:103015}","{CARDNAME:103015}","{CARDNAME:103015}"
"10030092","""What can I. Help you with?"" the shopkeep asks.","店に行くと、店主が「ご用件ハ？」と尋ねてきた。","来到店里，店主问道：「有、什么事吗？」"
"10030101","{CARDNAME:103015}","{CARDNAME:103015}","{CARDNAME:103015}"
"10030102","""Anything else?"" the shopkeep inquires.","店主は「他ニご用件ハ？」と問いかけてくる。","店主问道：「还、有别的事吗？」"
"10030111","{CARDNAME:103020}","{CARDNAME:103020}","{CARDNAME:103020}"
"10030112","""How about. A nice rest?"" someone calls as you approach the inn.","{CARDNAME:103020}に行くと、店主が「休ンでイキマす？」と声をかけてきた。","来到 {CARDNAME:103020}，店主招呼道：「要、不、要休息？」"
"10030121","{CARDNAME:90300}","{CARDNAME:90300}","{CARDNAME:90300}"
"10030122","","",""
"10030131","{CARDNAME:90310}","{CARDNAME:90310}","{CARDNAME:90310}"
"10030132","","",""
"10030141","{CARDNAME:90320}","{CARDNAME:90320}","{CARDNAME:90320}"
"10030142","","",""
"10030151","{CARDNAME:90330}","{CARDNAME:90330}","{CARDNAME:90330}"
"10030152","","",""
"10030161","{CARDNAME:92360}","{CARDNAME:92360}","{CARDNAME:92360}"
"10030162","","",""
"10030171","{CARDNAME:90330}","{CARDNAME:90330}","{CARDNAME:90330}"
"10030172","","",""
"10030181","{CARDNAME:91080}","{CARDNAME:91080}","{CARDNAME:91080}"
"10030182","","",""
"10030191","他の街を選択","他の街を選択","他の街を選択"
"10030192","","",""
"10030201","Leave","やめる","取消"
"10030202","","",""
"10030211","最初の選択に戻る","最初の選択に戻る","最初の選択に戻る"
"10030212","","",""
"10030221","{CARDNAME:103020}","{CARDNAME:103020}","{CARDNAME:103020}"
"10030222","""Congratulations!"" the innkeeper shouts as you enter.","君が{CARDNAME:103020}に行くなり店主が「おめでとうございます」と、声をかけてきた。","你刚来到 {CARDNAME:103020}，店主便高声道：「恭喜！」"
"10030231","{CARDNAME:103020}","{CARDNAME:103020}","{CARDNAME:103020}"
"10030232","You are gleefully informed that you're the 3,672nd guest.","店主いわく、君は３６７２人目の客なのだという。","店主兴冲冲地告诉你，你是第 3672 位客人。"
"10030241","{CARDNAME:103020}","{CARDNAME:103020}","{CARDNAME:103020}"
"10030242","You can't fathom what's so special about that, but you've been told you can stay for free. You don't dare ask any further questions.","何がめでたいのかはわからないが、料金をタダにしてくれるらしい。","你完全不明白这有什么值得庆祝，不过既然能免费住宿，也就不再多问了。"
"10030251","","",""
"10030252","Will you stay the night?","ここで休みますか？","要在这里过夜吗？"
"10030261","{CARDNAME:103020}","{CARDNAME:103020}","{CARDNAME:103020}"
"10030262","""It's 50,000G for the night,"" a voice snips as you enter the inn.","{CARDNAME:103020}に行くと、店主が「宿泊料は５００００Ｇとなります」と声をかけてきた。","来到 {CARDNAME:103020}，店主冷冷说道：「住宿费 50000 G。」"
"10030271","{CARDNAME:103020}","{CARDNAME:103020}","{CARDNAME:103020}"
"10030272","Your jaw drops. ""Oh, I'm only kiddin'! My other business brings in so much coin, I let people stay for free!"" the innkeeper says, laughing heartily.","絶句する君に店主は「冗談さ。うちは別の商売でたんまり稼いでいるから、{CARDNAME:103020}はタダでいいよ」と笑う。","你惊得说不出话，店主却哈哈大笑：「开玩笑的！我靠别的生意赚得够多，{CARDNAME:103020} 免费住！」"
"10030281","{CARDNAME:103020}","{CARDNAME:103020}","{CARDNAME:103020}"
"10030282","You look around the building, but {CARDNAME:1030} is nowhere to be found. He probably didn't just decide to stay here, free or not.","建物の中を見渡したが、{CARDNAME:1030}の姿はない。タダとはいえ、勝手に宿泊はしていないだろう。","你环顾四周，却不见 {CARDNAME:1030}。就算免费，他应该也不会擅自住下。"
"10030291","{CHARACTERNAME:1010} and Company","{CHARACTERNAME:1010}達一行","{CHARACTERNAME:1010} 一行"
"10030292","You figure it's best not to argue, and resolve to stay the night on the innkeeper's largesse.","君達はお言葉に甘えて、タダで休ませてもらうことにした。","你们也不再客气，决定承这份好意，免费住上一晚。"
"10030301","{CARDNAME:103020}","{CARDNAME:103020}","{CARDNAME:103020}"
"10030302","You head to the inn, and the innkeeper says, ""Journey's road is long, but our steps upon it become lighter with companionship. Don't worry about paying tonight.""","{CARDNAME:103020}に行くと、店主が「旅は道連れ世は情け……宿泊料はタダでいいよ」と声をかけてきた。","来到 {CARDNAME:103020}，店主说道：「出门靠朋友嘛……今晚就免费住吧。」"
"10030311","{CARDNAME:103020}","{CARDNAME:103020}","{CARDNAME:103020}"
"10030312","""Instead, go spend lots of money at the other shops,"" she concludes with a wink.","店主は続けて、「その代わり、他の商店でたくさん買い物をしてね」とウインクする。","她眨眨眼，又补了一句：「不过要去其他店里多买点东西哦。」"
"10030321","{CARDNAME:103020}","{CARDNAME:103020}","{CARDNAME:103020}"
"10030322","You enter the inn, and the proprietor says, ""Guest of the Senate, right? I can't take your money, then.""","君が{CARDNAME:103020}に入ると店主が、「元老院の客人だよね？だったらお金は取れないね」と言った。","你走进 {CARDNAME:103020}，店主说道：「你是元老院的客人吧？那我可不能收你的钱。」"
"10030331","{CARDNAME:103020}","{CARDNAME:103020}","{CARDNAME:103020}"
"10030332","Looks like you don't need to pay to rest here.","どうやら、君が休むのにお金は必要ないようだ。","看来在这里休息不用花钱。"
"10030341","{CARDNAME:103020}","{CARDNAME:103020}","{CARDNAME:103020}"
"10030342","続けて「休みたきゃ好きに休んでくれ」と、店主は投げやりに言った。商売するのも面倒くさそうだ……","続けて「休みたきゃ好きに休んでくれ」と、店主は投げやりに言った。商売するのも面倒くさそうだ……","続けて「休みたきゃ好きに休んでくれ」と、店主は投げやりに言った。商売するのも面倒くさそうだ……"
"10030351","{CARDNAME:103013}","{CARDNAME:103013}","{CARDNAME:103013}"
"10030352","No sooner have you set foot inside the game parlor than you hear the boy at the counter call to you. ""Let's play cards!""","ここは{CARDNAME:103013}。
店番の男の子が、「カードゲームで遊ぼう！」と声をかけてきた。","这里是 {CARDNAME:103013}。你刚一进门，看店的男孩便招呼道：「来玩卡牌吧！」"
"10030361","{CARDNAME:103013}","{CARDNAME:103013}","{CARDNAME:103013}"
"10030362","Would you like to hear an explanation of the basic rules before playing?","カードゲームの開始前に、基本的な遊び方の説明を聞きますか？","开始卡牌游戏前，要听听基本玩法说明吗？"
"10030371","{CARDNAME:103013}","{CARDNAME:103013}","{CARDNAME:103013}"
"10030372","If you ever want to review the rules, select How to Play.","基本的な遊び方は「遊び方を見る」からいつでも確認できます。","想复习基本玩法时，随时可以选择「查看玩法」。"
"10030381","{CARDNAME:103013}","{CARDNAME:103013}","{CARDNAME:103013}"
"10030382","Will you play cards?","カードゲームを遊んでいきますか？","要玩卡牌吗？"
"10030391","Play","遊ぶ","播放"
"10030392","","",""
"10030401","How to Play","遊び方を見る","查看玩法"
"10030402","","",""
"10030411","Leave","立ち去る","离开"
"10030412","","",""
"10030421","Begin Game","ゲームを始める","开始游戏"
"10030422","","",""
"10030431","Confirm Rules","ルールを確認する","确认规则"
"10030432","","",""
"10030441","Back","戻る","返回"
"10030442","","",""
"10030451","{CARDNAME:103013}","{CARDNAME:103013}","{CARDNAME:103013}"
"10030452","Select the rules for this game.","どのルールで遊ぶのか選択してください。","请选择本局采用的规则。"
"10030461","{CARDNAME:103013}","{CARDNAME:103013}","{CARDNAME:103013}"
"10030462","Let's learn the basic rules over a game.","実際にカードゲームをプレイしながら、基本的な遊び方を見ていきましょう。","好。边玩边学基本规则吧，准备好了吗？"
"10030471","Simple","シンプル","简单"
"10030472","These rules are for a <highlight>single</highlight> opponent.

Please select Begin Game or Confirm Rules.","このルールは相手が<highlight>１人</highlight>のようです。

ゲームを始めるか、このルールを確認するか選んでください。","此规则有 <highlight>1 名</highlight>对手。请选择「开始游戏」或「确认规则」。"
"10030481","Add Skills","スキル追加","追加技能"
"10030482","These rules are for <highlight>two</highlight> opponents.

Please select Begin Game or Confirm Rules.","このルールは相手が<highlight>２人</highlight>のようです。

ゲームを始めるか、このルールを確認するか選んでください。","此规则有 <highlight>2 名</highlight>对手。请选择「开始游戏」或「确认规则」。"
"10030491","Add Events","イベント追加","追加事件"
"10030492","These rules are for <highlight>three</highlight> opponents.

Please select Begin Game or Confirm Rules.","このルールは相手が<highlight>３人</highlight>のようです。

ゲームを始めるか、このルールを確認するか選んでください。","此规则有 <highlight>3 名</highlight>对手。请选择「开始游戏」或「确认规则」。"
"10030501","Include All","すべて解放","全部开放"
"10030502","These rules are for <highlight>three</highlight> opponents.

Please select Begin Game or Confirm Rules.","このルールは相手が<highlight>３人</highlight>のようです。

ゲームを始めるか、このルールを確認するか選んでください。","此规则有 <highlight>3 名</highlight>对手。请选择「开始游戏」或「确认规则」。"
"10030511","Simple","シンプル","简单"
"10030512","Using cards numbered 1 to 8, make sets of two or three of a kind, or three numerals in sequential order.","<highlight>１～８</highlight>までの数字のトランプカードを使って、同じ数字の２～３枚セット、または連続した数字の３枚セットを作りましょう。","使用 <highlight>1～8</highlight> 的数字牌，凑成 2～3 张同号牌，或 3 张连续数字牌的组合。"
"10030521","Simple","シンプル","简单"
"10030522","The game ends when all cards from the deck have been used.","山札にあるトランプカードがすべてなくなったら、そこでゲーム終了です。","牌堆中的卡牌全部用完后，游戏结束。"
"10030531","Simple","シンプル","简单"
"10030532","The numerals in your sets are added to your score as points, and the player with the highest score at the end of the game is the winner.","カードセットの数字はそのまま君の点数となり、誰よりも高い点を得た人が勝者となります。","组合中各牌数字之和即为得分，游戏结束时分数最高者获胜。"
"10030541","Add Skills","スキル追加","追加技能"
"10030542","Follows the same rules as Simple, but with the addition of <highlight>skill effects</highlight>.","基本はシンプルルールと同じですが、トランプカードに<highlight>スキル効果</highlight>が付きます。","规则与「简单」相同，但加入<highlight>技能效果</highlight>。"
"10030551","Add Skills","スキル追加","追加技能"
"10030552","Skill effects are triggered when <highlight>sets with matching numerals are formed</highlight>.","スキル効果は<highlight>同じ数字でセットを揃える</highlight>と発動します。","凑成<highlight>同号牌组合</highlight>时会触发技能效果。"
"10030561","Add Skills","スキル追加","追加技能"
"10030562","Effects include those that benefit you and those that hinder your opponents.","スキル効果には、自分が得をするものや、相手を妨害するものがあります。","技能效果既有利己，也有妨碍对手的类型。"
"10030571","Add Events","イベント追加","追加事件"
"10030572","<highlight>Adding events</highlight> supplements the rules by allowing <highlight>event cards</highlight> to be drawn at the start of a turn.","<highlight>イベント追加</highlight>は、行動開始時に<highlight>イベントカード</highlight>を引けるようになるルールです。","<highlight>追加事件</highlight>规则下，每回合开始时可以抽取<highlight>事件卡</highlight>。"
"10030581","Add Events","イベント追加","追加事件"
"10030582","Event cards include a mix of those that may be either beneficial or detrimental to you.","イベントカードには、自分が有利になるものだけではなく、不利になるものも混在しています。","事件卡有利有弊。"
"10030591","Add Events","イベント追加","追加事件"
"10030592","Card values range from <highlight>1 to 10</highlight>, and skill effects are also included.","トランプカードの数字は<highlight>１～１０</highlight>まで、スキル効果もありになっています。","数字牌范围为 <highlight>1～10</highlight>，并带有技能效果。"
"10030601","Include All","すべて解放","全部开放"
"10030602","Card values range from <highlight>1 to 13</highlight> and also include <highlight>Jokers</highlight>.","<highlight>１～１３</highlight>までの数字のトランプカードに、<highlight>ジョーカー</highlight>が追加されたルールです。","数字牌扩展至 <highlight>1～13</highlight>，并加入<highlight>小丑牌</highlight>。"
"10030611","Include All","すべて解放","全部开放"
"10030612","Drawing a <highlight>Joker</highlight> causes one set from each player to be passed to the right.","<highlight>ジョーカー</highlight>を引くと、全員の所持している１セットが右回りに入れ替わります。","抽到<highlight>小丑牌</highlight>后，所有玩家各将 1 组组合传给右侧玩家。"
"10030621","Include All","すべて解放","全部开放"
"10030622","This rule set keeps things lively by including skill effects, event cards, and Jokers—the whole shebang.","スキル効果、イベントカード、そしてジョーカーと、戦況を引っ掻き回す要素が盛りだくさんなルールとなっています。","技能效果、事件卡、小丑牌悉数登场，战局变化更多。"
"10030631","Gregarious Child","店番の男の子","看店的男孩"
"10030632","""You're pretty good!"" the boy beams, placing a commemorative prize in your hand.","「やるね！」と君を褒め称えながら、店番の男の子は初勝利の記念品をくれた。","「挺厉害嘛！」男孩笑着夸你，还送上一份初次获胜的纪念品。"
"10030641","Gregarious Child","店番の男の子","看店的男孩"
"10030642","""I knew you'd win!"" the boy beams, placing a commemorative prize in your hand.","「さすが！」と君を褒め称えながら、店番の男の子はこのルールでの初勝利の記念品をくれた。","「果然赢了！」男孩笑着夸你，还送上一份首次以此规则获胜的纪念品。"
"10030651","Gregarious Child","店番の男の子","看店的男孩"
"10030652","""Wow, you're really good!"" the boy beams, placing a commemorative prize in your hand.","「強いね！」と君を褒め称えながら、店番の男の子はこのルールでの初勝利の記念品をくれた。","「哇，你真厉害！」男孩笑着夸你，还送上一份首次以此规则获胜的纪念品。"
"10030661","Gregarious Child","店番の男の子","看店的男孩"
"10030662","""You're too powerful..."" the boy says in amazement, placing a commemorative prize in your hand.","「貴方は強すぎる……」と舌を巻きながら、店番の男の子はこのルールでの初勝利の記念品をくれた。","「你也太强了……」男孩惊叹不已，同时送上一份首次以此规则获胜的纪念品。"
"10030671","Gregarious Child","店番の男の子","看店的男孩"
"10030672","""Come back and play again!"" the boy says as he hands you your prize.","店番の男の子は「また遊んでね！」と言いながら、君に景品をくれた。","男孩把奖品递给你，说道：「下次再来玩啊！」"
"10030681","Gregarious Child","店番の男の子","看店的男孩"
"10030682","""Aw, don't let it get you down. Come back and play again,"" the boy says with a wave.","店番の男の子は君に手を振りながら、「これに懲りずにまた来てよ」と言った。","男孩朝你挥挥手：「别灰心，下次再来玩啊。」"
"10030691","","",""
"10030692","The following rules are now available for play:

New – Add Skills","以下の新ルールが遊べるようになりました。

新ルール「スキル追加」","现已开放以下新规则：
新规则「追加技能」"
"10030701","","",""
"10030702","The following rules are now available for play:

New – Add Events","以下の新ルールが遊べるようになりました。

新ルール「イベント追加」","现已开放以下新规则：
新规则「追加事件」"
"10030711","","",""
"10030712","The following rules are now available for play:

New – Include All","以下の新ルールが遊べるようになりました。

新ルール「すべて解放」","现已开放以下新规则：
新规则「全部开放」"
"10030721","","",""
"10030722","You can now select
<highlight>Multiplayer {CARDNAME:103013}</highlight>
from the title screen.","タイトル画面から
<highlight>「{CARDNAME:103013}で対戦」</highlight>を
選べるようになりました。
複数プレイヤーでの
対戦も楽しめます。","标题画面现可选择 <highlight>「{CARDNAME:103013} 对战」</highlight>，也可享受多人对战。"
"10030731","","",""
"10030732","New rules are now available in the title screen's {CARDNAME:103013}.","タイトルから遊べる「遊戯場」では、複数人での対戦プレイも楽しむことができます。","标题画面的 {CARDNAME:103013} 现可进行多人对战。"
"10030741","","",""
"10030742","New rules are now available in the title screen's {CARDNAME:103013}.","タイトル画面から選択できる「{CARDNAME:103013}で対戦」でも、新ルールが遊べるようになりました。","标题画面的「{CARDNAME:103013} 对战」现已开放新规则。"
"10030751","","",""
"10030752","タイトル画面から選択できる「{CARDNAME:103013}で対戦」でも、新ルールが遊べるようになりました。","タイトル画面から選択できる「{CARDNAME:103013}で対戦」でも、新ルールが遊べるようになりました。","タイトル画面から選択できる「{CARDNAME:103013}で対戦」でも、新ルールが遊べるようになりました。"
"10030761","","",""
"10030762","You can now play using the new rules Add Skills.

Would you like to hear an explanation of these rules?","新ルール「スキル追加」が遊べるようになりました。

ルールの説明を聞きますか？","新规则「追加技能」现已开放。要听听规则说明吗？"
"10030771","","",""
"10030772","You can now play using the new rules Add Events.

Would you like to hear an explanation of these rules?","新ルール「イベント追加」が遊べるようになりました。

ルールの説明を聞きますか？","新规则「追加事件」现已开放。要听听规则说明吗？"
"10030781","","",""
"10030782","You can now play using the new rules Include All.

Would you like to hear an explanation of these rules?","新ルール「すべて解放」が
遊べるようになりました。

ルールの説明を聞きますか？","新规则「全部开放」现已开放。要听听规则说明吗？"
"10030791","","",""
"10030792","You can now select the player cards of the main characters in monster form when playing in multiplayer in the Game Parlor via the title screen.","タイトル画面から遊べる
「遊戯場で対戦」にて、
複数人対戦時に
魔物姿の主人公達の
プレイヤーカードを
選べるようになりました。","从标题画面<br>进入游艺场进<br>行多人对战时，<br>现可选择主角<br>一行的魔物形<br>态玩家卡牌。"
"10030801","{CARDNAME:103013}","{CARDNAME:103013}","{CARDNAME:103013}"
"10030802","This is the game parlor. A monster calls out, ""Want to play cards?""","ここは{CARDNAME:103013}。
魔物が「カードゲームで戯レテイクカい？」と声をかけてきた。","这里是 {CARDNAME:103013}。一只魔物招呼道：「要不要来玩卡牌？」"
"10030811","Game Parlor {CARDNAME:11510}","{CARDNAME:103013}・{CARDNAME:11510}","{CARDNAME:103013}·{CARDNAME:11510}"
"10030812","""I guess that was. Kind of easy for you,"" the monster says in praise, before handing you a memento of your first victory.","「オ主ニハ、ちト簡単だッタカ……」と君を褒め称えながら、魔物は初勝利の記念品をくれた。","「对你来说，可能有点简单了……」魔物夸奖着你，还送上一份初次获胜的纪念品。"
"10030821","Game Parlor {CARDNAME:11510}","{CARDNAME:103013}・{CARDNAME:11510}","{CARDNAME:103013}·{CARDNAME:11510}"
"10030822","""A good. Clean win,"" the monster says. Along with its praise, it offers you a memento of your first victory with these rules.","「地ニ足ガツイた見事ナ勝利ダ」と君を褒め称えながら、魔物はこのルールでの初勝利の記念品をくれた。","「稳扎稳打，赢得漂亮。」魔物夸奖着你，还送上一份首次以此规则获胜的纪念品。"
"10030831","Game Parlor {CARDNAME:11510}","{CARDNAME:103013}・{CARDNAME:11510}","{CARDNAME:103013}·{CARDNAME:11510}"
"10030832","""It's been so long. Since I felt my soul. Quiver like that,"" the monster says. The praise is not its only gift to you, though—it also offers you a memento of your first victory with these rules.","「久々に魂ガ震エタよ」と君を褒め称えながら、魔物はこのルールでの初勝利の記念品をくれた。","「好久没这么……热血沸腾了。」魔物夸奖着你，还送上一份首次以此规则获胜的纪念品。"
"10030841","Game Parlor {CARDNAME:11510}","{CARDNAME:103013}・{CARDNAME:11510}","{CARDNAME:103013}·{CARDNAME:11510}"
"10030842","""I put all I had into that. And you conquered me with ease,"" says the monster, astounded. It also gives you a memento of your first victory with these rules.","「我ノ全身全霊ヲ、軽々ト超えルカ」と舌を巻きながら、魔物はこのルールでの初勝利の記念品をくれた。","「吾已倾尽全力，却被你轻松超越……」魔物惊叹不已，还送上一份首次以此规则获胜的纪念品。"
"10030851","Game Parlor {CARDNAME:11510}","{CARDNAME:103013}・{CARDNAME:11510}","{CARDNAME:103013}·{CARDNAME:11510}"
"10030852","""That was a lovely time. Come play again,"" the monster says, handing you a prize.","魔物は「実ニ愉シカった。マタ遊んデクレ」と言いながら、君に景品をくれた。","魔物把奖品递给你：「玩得真痛快。下次再来。」"
"10030861","Game Parlor {CARDNAME:11510}","{CARDNAME:103013}・{CARDNAME:11510}","{CARDNAME:103013}·{CARDNAME:11510}"
"10030862","The monster laughs. ""Let's do that again. Don't worry. I won't end it all. Just because I lost.""","魔物は、「マタヤロう……負けタカラトイッテ、命ヲ取ッタリハしなイカラナ」と笑った。","魔物笑道：「下次再战……放心，不会因为输了就取你性命。」"
"10030871","","",""
"10030872","Saving game clear
data. You will then
be returned to the
title screen.","クリアデータを
セーブします。
セーブ後、自動的に
タイトルに移動します。","正在保存通关数据。保存后将自动返回标题画面。"
"10030881","","",""
"10030882","You've fulfilled the necessary requirements and unlocked <highlight>{CARDNAME:1012}</highlight>'s flipside story.","コレクションの解放条件を満たしたため、<highlight>{CARDNAME:1012}</highlight>のキャラクターストーリー裏面が解放されました。","已满足收藏解锁条件，<highlight>{CARDNAME:1012}</highlight> 的角色故事背面已解锁。"
"10030891","","",""
"10030892","You've fulfilled the necessary requirements and unlocked <highlight>{CARDNAME:1013}</highlight>'s flipside story.","コレクションの解放条件を満たしたため、<highlight>{CARDNAME:1013}</highlight>のキャラクターストーリー裏面が解放されました。","已满足收藏解锁条件，<highlight>{CARDNAME:1013}</highlight> 的角色故事背面已解锁。"
"10030901","","",""
"10030902","You've fulfilled the necessary requirements and unlocked <highlight>{CARDNAME:1022}</highlight>'s flipside story.","コレクションの解放条件を満たしたため、<highlight>{CARDNAME:1022}</highlight>のキャラクターストーリー裏面が解放されました。","已满足收藏解锁条件，<highlight>{CARDNAME:1022}</highlight> 的角色故事背面已解锁。"
"10030911","","",""
"10030912","コレクションの解放条件を満たしたため、<highlight>{CARDNAME:2030}</highlight>のキャラクターストーリー裏面が解放されました。","コレクションの解放条件を満たしたため、<highlight>{CARDNAME:2030}</highlight>のキャラクターストーリー裏面が解放されました。","コレクションの解放条件を満たしたため、<highlight>{CARDNAME:2030}</highlight>のキャラクターストーリー裏面が解放されました。"
"10030921","","",""
"10030922","コレクションの解放条件を満たしたため、<highlight>{CARDNAME:4010}</highlight>のエネミーストーリー裏面が解放されました。","コレクションの解放条件を満たしたため、<highlight>{CARDNAME:4010}</highlight>のエネミーストーリー裏面が解放されました。","コレクションの解放条件を満たしたため、<highlight>{CARDNAME:4010}</highlight>のエネミーストーリー裏面が解放されました。"
"10030931","","",""
"10030932","コレクションの解放条件を満たしたため、<highlight>{CARDNAME:4020}</highlight>のエネミーストーリー裏面が解放されました。","コレクションの解放条件を満たしたため、<highlight>{CARDNAME:4020}</highlight>のエネミーストーリー裏面が解放されました。","コレクションの解放条件を満たしたため、<highlight>{CARDNAME:4020}</highlight>のエネミーストーリー裏面が解放されました。"
"10030941","","",""
"10030942","コレクションの解放条件を満たしたため、<highlight>{CARDNAME:1031}</highlight>のキャラクターストーリー裏面が解放されました。","コレクションの解放条件を満たしたため、<highlight>{CARDNAME:1031}</highlight>のキャラクターストーリー裏面が解放されました。","コレクションの解放条件を満たしたため、<highlight>{CARDNAME:1031}</highlight>のキャラクターストーリー裏面が解放されました。"
"10030951","","",""
"10030952","You've fulfilled the necessary requirements and unlocked <highlight>{CARDNAME:3310}</highlight>'s flipside story.","コレクションの解放条件を満たしたため、<highlight>{CARDNAME:3310}</highlight>のキャラクターストーリー裏面が解放されました。","已满足收藏解锁条件，<highlight>{CARDNAME:3310}</highlight> 的角色故事背面已解锁。"
"10030961","","",""
"10030962","You've fulfilled the necessary requirements and unlocked <highlight>{CARDNAME:3330}</highlight>'s flipside story.","コレクションの解放条件を満たしたため、<highlight>{CARDNAME:3330}</highlight>のキャラクターストーリー裏面が解放されました。","已满足收藏解锁条件，<highlight>{CARDNAME:3330}</highlight> 的角色故事背面已解锁。"
"10030971","","",""
"10030972","You've fulfilled the necessary requirements and unlocked <highlight>{CARDNAME:3340}</highlight>'s flipside story.","コレクションの解放条件を満たしたため、<highlight>{CARDNAME:3340}</highlight>のキャラクターストーリー裏面が解放されました。","已满足收藏解锁条件，<highlight>{CARDNAME:3340}</highlight> 的角色故事背面已解锁。"
"10030981","","",""
"10030982","You've fulfilled the necessary requirements and unlocked <highlight>{CARDNAME:3320}</highlight>'s flipside story.","コレクションの解放条件を満たしたため、<highlight>{CARDNAME:3320}</highlight>のキャラクターストーリー裏面が解放されました。","已满足收藏解锁条件，<highlight>{CARDNAME:3320}</highlight> 的角色故事背面已解锁。"
"10030991","","",""
"10030992","<highlight>Hidden events</highlight> will now unfold somewhere underground.","どこかの地下に、
<highlight>隠されたイベント</highlight>が
追加されました。","地下某处新增了<highlight>隐藏事件</highlight>。"
"10031001","","",""
"10031002","「最初から遊ぶ」を選ぶと
クリアデータを引き継いで
遊ぶことができるように
なりました。","「最初から遊ぶ」を選ぶと
クリアデータを引き継いで
遊ぶことができるように
なりました。","「最初から遊ぶ」を選ぶと
クリアデータを引き継いで
遊ぶことができるように
なりました。"
"10031011","","",""
"10031012","You obtain the special accessory <highlight>{CARDNAME:63900}</highlight>. Equip it to avoid battle while moving about.
(Note that event battles are unavoidable.)","特殊な装飾品<highlight>{CARDNAME:63900}</highlight>を入手しました。
装備すると移動中にバトルが発生しなくなります。
（イベントバトルは除く）","获得特殊饰品 <highlight>{CARDNAME:63900}</highlight>。装备后，移动时将不再触发战斗。（事件战斗除外。）"
"10031021","","",""
"10031022","Failed to save clear data.

Try saving once more?","クリアデータのセーブに
失敗しました。

もう一度クリアデータの
セーブを行いますか？","通关数据保存失败。要再保存一次吗？"
"10031031","Battles","戦闘について","战斗"
"10031032","The fight is ON!
Take down all the enemies and victory shall be yours.","さあ、戦闘です！

襲い掛かってくる
敵をすべて倒せば
貴方の勝利です。","战斗开始！打倒所有来袭的敌人即可获胜。"
"10031041","Choosing a Target","対象の選び方","选择目标"
"10031042","First, try dragging {CARDNAME:26001} over to your opponent.","まずは「{CARDNAME:26001}」の
カードを長押しして、
敵の上まで
ドラッグしてみましょう。","先长按 {CARDNAME:26001} 卡牌，把它拖到敌人身上试试。"
"10031051","Card HP","カードのＨＰ","卡牌 HP"
"10031052","The number in red indicates <highlight>HP</highlight>. When a card's HP drops to 0, it becomes incapacitated.","赤い石の数値は<highlight>ＨＰ</highlight>を
表し、０になると
戦闘不能になります。","红色数字表示 <highlight>HP</highlight>。HP 降至 0 时，卡牌会陷入无法战斗状态。"
"10031061","Card Strength","カードの強さ","卡牌能力"
"10031062","A card's <highlight>attack</highlight> is indicated in its lower left, and <highlight>defense</highlight> in its lower right. Give careful consideration to your and your opponents' values before acting.","カードの左下には<highlight>攻撃</highlight>が、
右下には<highlight>防御</highlight>が
書かれています。
自分と敵の数値をよく見比べながら行動しましょう。","卡牌左下显示<highlight>攻击</highlight>，右下显示<highlight>防御</highlight>。行动前仔细比较敌我数值。"
"10031071","Finish the Fight","戦いを終わらせよう","结束战斗"
"10031072","That does it for battle basics. The rest is up to you. Play your hand wisely!","以上が戦闘の基本です。

それでは、カードを
駆使してこの戦闘を
終わらせましょう。","战斗基础就介绍到这里。接下来活用手中的卡牌，结束这场战斗吧。"
"10031081","Gems","ジェム","宝石"
"10031082","These are <highlight>gems</highlight>. You'll need to spend them to use certain skills.","この宝石が<highlight>ジェム</highlight>。

スキルの中にはジェムを
消費するものがあります。","这些宝石就是<highlight>宝石</highlight>。部分技能需要消耗宝石才能使用。"
"10031091","Acquiring Gems","ジェムの入手","获得宝石"
"10031092","You gain 1 gem whenever you take an action and can store up to 10 at one time.","ジェムは、毎ターン１個ずつ追加されます。

箱に貯められるジェムは
最大１０個までです。","每次行动都会获得 1 颗宝石，最多可储存 10 颗。"
"10031101","Using Gems","ジェムの消費","消耗宝石"
"10031102","This icon indicates how many gems a skill costs. You can't use the skill if you don't have enough gems.","このアイコンの数が、
スキルの消費ジェム。

ジェムが足りなければ
そのスキルは使えません。","此图标表示技能需要消耗多少宝石。宝石不足时无法使用该技能。"
"10031111","Elements","属性","属性"
"10031112","Some of your attacks are elemental in nature.
The six elements are <highlight>fire, water, bolt, wind, light, and dark</highlight>.","攻撃の中には<highlight>属性</highlight>を
持つものがあります。

属性は<highlight>火・水・雷・風・
光・闇</highlight>の６種類です。","部分攻击带有属性。共有<highlight>火、水、雷、风、光、暗</highlight> 6 种属性。"
"10031121","Weaknesses
and Resistances","弱点と耐性","弱点与耐性"
"10031122","Cards take <highlight>more</highlight> damage from elements they are weak to, and <highlight>less</highlight> damage from elements they are resistant against.","弱点属性なら
ダメージは<highlight>増加</highlight>し、
属性に耐性があると
ダメージは<highlight>減少</highlight>します。","受到弱点属性攻击时伤害会<highlight>增加</highlight>，受到具有耐性的属性攻击时伤害会<highlight>减少</highlight>。"
"10031131","Weaknesses
and Resistances","弱点と耐性","弱点与耐性"
"10031132","Knowing your enemy's weaknesses and strengths will help you choose which skills to wield to your advantage.","敵の弱点と耐性を見極め、有効な属性のスキルを
見つけましょう。","看准敌人的弱点和耐性，选择有效属性的技能吧。"
"10031141","Curing Ailments","状態異常の回復","解除异常状态"
"10031142","Ailments last either a set number of turns, or until the end of battle.","状態異常は、
ターンが経過するか、
戦闘が終わると
回復します。","异常状态会在经过一定回合后，或战斗结束时解除。"
"10031151","Replacing Ailments","状態異常の上書き","覆盖异常状态"
"10031152","Cards cannot be afflicted with more than one ailment at a time. Instead, the new ailment will replace the old one.","複数の状態異常を同時に
受けることはありません。
新しい状態異常を受けると効果は上書きされます。","同一张卡牌无法同时陷入多种异常状态。受到新的异常状态时，原有效果会被覆盖。"
"10031161","Checking Ailments","状態異常の確認","查看异常状态"
"10031162","Check card ailments with <highlight>{BUTTON@X:sp_button-status}</highlight>.","状態異常の効果は
<highlight>{BUTTON@X:sp_button-status}</highlight>で確認できます。","按 <highlight>{BUTTON@X:sp_button-status}</highlight> 可查看卡牌当前的异常状态。"
"10031171","Checking Ailments","状態異常の確認","查看异常状态"
"10031172","Tap <highlight>Card Details</highlight> in the lower-right corner to see more information about the effects of ailments.","状態異常の効果は
<highlight>カード詳細をタップ</highlight>
すれば確認できます。","点击右下角的<highlight>「卡牌详情」</highlight>，可查看异常状态的具体效果。"
"10031181","Resisting Ailments","状態異常の耐性","异常状态耐性"
"10031182","Characters resistant to certain ailments will not be afflicted by those ailments, regardless of what you roll.","状態異常に耐性を
持っているキャラは、
ダイスの出目に関わらず、
その効果を受けません。","角色若对某种异常状态具有耐性，无论掷骰结果如何，都不会受到该效果。"
"10031191","Checking Ailments","状態異常の確認","查看异常状态"
"10031192","Check card ailments with <highlight>{BUTTON@X:sp_button-status}</highlight>.","状態異常の効果は
<highlight>{BUTTON@X:sp_button-status}</highlight>で確認できます。","按 <highlight>{BUTTON@X:sp_button-status}</highlight> 可查看卡牌当前的异常状态。"
"10031201","Using Items","アイテムの使い方","使用道具"
"10031202","Select items with <highlight>{BUTTON@Y:sp_button-item}</highlight>. Make sure to use items when you need them.","<highlight>{BUTTON@Y:sp_button-item}</highlight>でアイテム選択に切り替えられます。

必要な時はアイテムを
活用しましょう。","按 <highlight>{BUTTON@Y:sp_button-item}</highlight> 可切换到道具选择。需要时记得活用道具。"
"10031211","Using Items","アイテムの使い方","使用道具"
"10031212","Tap an <highlight>Item card</highlight> to select it.

Make sure to use items when you need them.","<highlight>アイテムをタップ</highlight>
すればアイテム選択に
切り替えられます。

必要な時はアイテムを
活用しましょう。","点击<highlight>道具卡</highlight>即可切换到道具选择。需要时记得活用道具。"
"10031221","Selecting Items","アイテムの選び方","选择道具"
"10031222","While carrying many items, press <highlight>{BUTTON@L}</highlight> or <highlight>{BUTTON@R}</highlight> to scroll.","アイテムを多く
持っている場合は、
<highlight>{BUTTON@L:sp-button-menu}</highlight>と<highlight>{BUTTON@R:sp-button-menu}</highlight>で
スクロールできます。","携带道具较多时，可按 <highlight>{BUTTON@L:sp-button-menu}</highlight> 或 <highlight>{BUTTON@R:sp-button-menu}</highlight> 滚动查看。"
"10031231","Selecting Items","アイテムの選び方","选择道具"
"10031232","While carrying many items, <highlight>tap the item at either end</highlight> to scroll.","アイテムを多く
持っている場合は、
<highlight>両端のアイテムを
タップ</highlight>すれば
スクロールできます。","携带道具较多时，<highlight>点击两端的道具</highlight>即可滚动查看。"
"10031241","Happenstance Cards","ハプニングカード","突发事件卡"
"10031242","<highlight>Happenstances</highlight> can sometimes occur during battle. You can see their effect with <highlight>{BUTTON@X:sp_button-status}</highlight>.","戦闘では時折
<highlight>ハプニング</highlight>が発生します。

ハプニングの効果は
<highlight>{BUTTON@X:sp_button-status}</highlight>で確認できます。","战斗中偶尔会发生<highlight>突发事件</highlight>。按 <highlight>{BUTTON@X:sp_button-status}</highlight> 可查看其效果。"
"10031251","Happenstance Cards","ハプニングカード","突发事件卡"
"10031252","<highlight>Happenstances</highlight> can sometimes occur during battle. Tap <highlight>Card Details</highlight> to see their effect.","戦闘では時折
<highlight>ハプニング</highlight>が発生します。

ハプニングの効果は
<highlight>カード詳細をタップ</highlight>
すれば確認できます。","战斗中偶尔会发生<highlight>突发事件</highlight>。点击<highlight>「卡牌详情」</highlight>可查看其效果。"
"10031261","Happenstance Cards","ハプニングカード","突发事件卡"
"10031262","<highlight>Happenstances</highlight> can sometimes occur during battle. You can see their effect with <highlight>{BUTTON@X:sp_button-status}</highlight>.","戦闘では時折
<highlight>ハプニングが発生します。

ハプニングの効果は
<highlight>{BUTTON@X:sp_button-status}</highlight>で確認できます。","战斗中偶尔会发生<highlight>突发事件</highlight>。按 <highlight>{BUTTON@X:sp_button-status}</highlight> 可查看其效果。"
"10031271","Incapacitated","戦闘不能","无法战斗"
"10031272","KO'd allies can be revived during battle using <highlight>{CARDNAME:50250}</highlight>. Otherwise, they will revive with 1 HP when the battle is over.","戦闘不能になった仲間を
すぐに復活させるには、
<highlight>{CARDNAME:50250}</highlight>が必要です。

戦闘が終われば、
ＨＰ１で復活します。","同伴陷入无法战斗状态后，可用 <highlight>{CARDNAME:50250}</highlight> 立即将其复活。否则战斗结束后会以 1 HP 复活。"
"10031281","Poison","毒","毒"
"10031282","Cards afflicted with <highlight>Poison</highlight> take 1–6 points of damage at fixed intervals.","これは<highlight>毒</highlight>状態。

この状態になると、特定のタイミングで１～６のダメージを受けます。","陷入<highlight>中毒</highlight>状态后，会在固定时机受到 1～6 点伤害。"
"10031291","Deadly Poison","猛毒","猛毒"
"10031292","Cards afflicted with <highlight>Deadly Poison</highlight> take 2–12 points of damage at fixed intervals.","これは<highlight>猛毒</highlight>状態。

この状態になると、特定のタイミングで２～１２のダメージを受けます。","陷入<highlight>猛毒</highlight>状态后，会在固定时机受到 2～12 点伤害。"
"10031301","Paralysis","麻痺","麻痹"
"10031302","Cards afflicted with <highlight>Paralysis</highlight> cannot move until the ailment is cured or wears off.","これは<highlight>麻痺</highlight>状態。

この状態になると、麻痺が回復するまで行動できなくなります。","陷入<highlight>麻痹</highlight>状态后，在状态解除前无法行动。"
"10031311","Freeze","凍結","冻结"
"10031312","Cards afflicted with <highlight>Freeze</highlight> cannot move until they are attacked, and take double the damage.","これは<highlight>凍結</highlight>状態。

この状態になると、攻撃を受けるまで行動できず、２倍のダメージを受けます。","陷入<highlight>冻结</highlight>状态后，在受到攻击前无法行动，且受到的伤害变为 2 倍。"
"10031321","Curse","呪い","诅咒"
"10031322","Cards afflicted with <highlight>Curse</highlight> take damage whenever any attempt to recover their HP is made.","これは<highlight>呪い</highlight>状態。

この状態でＨＰを回復しようとすると、逆にダメージを受けます。","陷入<highlight>诅咒</highlight>状态后，任何恢复 HP 的效果都会反而造成伤害。"
"10031331","Seal","封印","封印"
"10031332","Cards afflicted with <highlight>Seal</highlight> cannot use skills that cost gems.","これは<highlight>封印</highlight>状態。

この状態になると、ジェムを消費するスキルが使用不能になります。","陷入<highlight>封印</highlight>状态后，无法使用需要消耗宝石的技能。"
"10031341","ATK ↓","攻撃ダウン","攻击降低"
"10031342","Cards afflicted with <highlight>ATK ↓</highlight> have lower attack.","これは<highlight>攻撃ダウン</highlight>状態。

この状態になると、攻撃の値が減少します。","陷入<highlight>攻击降低</highlight>状态后，攻击值会下降。"
"10031351","DEF ↓","防御ダウン","防御降低"
"10031352","Cards afflicted with <highlight>DEF ↓</highlight> have lower defense.","これは<highlight>防御ダウン</highlight>状態。

この状態になると、防御の値が減少します。","陷入<highlight>防御降低</highlight>状态后，防御值会下降。"
"10031361","Elemental Resistance ↓","属性ダウン","属性耐性降低"
"10031362","Cards afflicted with <highlight>Elem. Res. ↓ </highlight> take +5 damage from attacks of the specified element.","これは<highlight>属性ダウン</highlight>状態。

この状態で特定の属性攻撃を受けると、ダメージが５増加します。","陷入<highlight>属性耐性降低</highlight>状态后，受到指定属性攻击时伤害增加 5 点。"
"10031371","Defending","防御","防御"
"10031372","When a character <highlight>defends</highlight>, the damage they take will be cut in half until their next action.","<highlight>防御</highlight>を行うと、
次に行動するまで、
受けるダメージを半分に
減らすことができます。","角色进行<highlight>防御</highlight>后，在下次行动前受到的伤害减半。"
"10031381","Defending","防御","防御"
"10031382","Certain enemies will take actions to prepare for powerful attacks.

Use <highlight>defend</highlight> wisely to withstand such assaults.","敵によっては、
強力な攻撃を繰り出す前に
準備行動をしてきます。

<highlight>防御</highlight>を活用して
攻撃に備えましょう。","部分敌人在发动强力攻击前会先做准备动作。善用<highlight>防御</highlight>来承受这类攻击。"
"10031391","Dice","ダイス","骰子"
"10031392","There are two types of die: 6-sided and 10-sided.
Which one you roll depends on the skill.","ダイスには「６面ダイス」
と「１０面ダイス」の２種
類が存在します。
スキルによって、使用する
ダイスは決まっています。","骰子分为 6 面骰和 10 面骰两种，使用哪一种由技能决定。"
"10031401","Dice","ダイス","骰子"
"10031402","6-sided dice are used for skills that deal additional damage.
10-sided dice are used when determining if a skill succeeds or fails.","６面ダイス：ダメージ追加
系のスキルを使用する時。

１０面ダイス：スキルの成
功・失敗判定を行う時。","6 面骰用于追加伤害类技能；10 面骰用于判定技能成功或失败。"
"10031411","Dice","ダイス","骰子"
"10031412","6-sided dice are used for skills that deal additional damage.","６面ダイス：ダメージ追加
系のスキルを使用する時。","6 面骰用于追加伤害类技能。"
"10031421","Dice","ダイス","骰子"
"10031422","10-sided dice are used when determining if a skill succeeds or fails.","１０面ダイス：スキルの成
功・失敗判定を行う時。","10 面骰用于判定技能成功或失败。"
"10031431","","",""
"10031432","A {CARDNAME:12330} appeared. It seems primed to explode...","{CARDNAME:12330}が現れた。
今にも爆発しそうだ……","{CARDNAME:12330} 出现了。看起来随时都会爆炸……"
"10031441","","",""
"10031442","Roll the dice to see what it becomes after it explodes.","ダイスの目によって、爆発後の姿が変化する。","掷骰结果将决定它爆炸后变成什么。"
"10031451","","",""
"10031452","The {CARDNAME:12330} transformed into a {CARDNAME:12350}.","{CARDNAME:12330}は、{CARDNAME:12350}に変身した。","{CARDNAME:12330} 变成了 {CARDNAME:12350}。"
"10031461","","",""
"10031462","The {CARDNAME:12330} transformed into an {CARDNAME:12320}. The only way out of this fight is through it.","{CARDNAME:12330}は{CARDNAME:12320}に変身した。
戦いは避けられない……","{CARDNAME:12330} 变成了 {CARDNAME:12320}。这场战斗已经无法避免……"
"10031471","","",""
"10031472","The {CARDNAME:12330} transformed into a {CARDNAME:12310}. The only way out of this fight is through it.","{CARDNAME:12330}は{CARDNAME:12310}に変身した。
戦いは避けられない……","{CARDNAME:12330} 变成了 {CARDNAME:12310}。这场战斗已经无法避免……"
"10031481","","",""
"10031482","The {CARDNAME:12330} transformed into a {CARDNAME:12340}.","{CARDNAME:12330}は、{CARDNAME:12340}に変身した。","{CARDNAME:12330} 变成了 {CARDNAME:12340}。"
"10031491","","",""
"10031492","君は、<highlight>ＸＸ</highlight>を
手に入れた！","君は、<highlight>ＸＸ</highlight>を
手に入れた！","君は、<highlight>ＸＸ</highlight>を
手に入れた！"
"10031501","Open-Air Stall","露店","露天摊位"
"10031502","You're quite surprised to see an open-air stall set up here.","こんなところに露店が立っている。","没想到这种地方竟然摆着一个露天摊位。"
"10031511","{CHARACTERNAME:1010}","{CHARACTERNAME:1010}","{CHARACTERNAME:1010}"
"10031512","Give the stall a closer look?","露店に立ち寄るか？","要过去看看吗？"
"10031521","Stop By","立ち寄る","过去看看"
"10031522","You poke your head into the stall just as the merchant within whips around to greet you.","君が露店を覗くと、行商人が「いらっしゃい」とこちらを振り向いた。","你探头看向摊位，里面的行商立刻转身招呼：「欢迎光临！」"
"10031531","Keep Walking","無視する","继续赶路"
"10031532","You don't need anything in particular, so you ignore the stall and go about your business.","とくに買いたい物はなかったので、君は露店を無視して通り過ぎた。","你没有特别想买的东西，便无视摊位继续赶路。"
"10031541","Merchant Apprentice","行商見習い","行商学徒"
"10031542","Everything's on sale, she says, and casually mentions that her father might punish her for any unsold stock.","安売り中なので何か買ってほしいと、行商人は君に頼み込む。売れ残ると父親にお仕置きされるらしい。","她说正在大减价，求你多少买点东西，还随口提到货卖不完就会被父亲处罚。"
"10031551","Merchant Apprentice","行商見習い","行商学徒"
"10031552","The merchant says she'll return to face her father, bids you farewell, and begins breaking down her stall. No more shopping for you, it seems.","行商人はもう父親のもとに戻るらしく、「それでは」と露店を畳んでしまった。
買い物はもう無理そうだ。","行商说自己该回父亲那里了，与你道别后便开始收摊。看来已经不能再买东西了。"
"10031561","Compassionate Merchant","同情的な行商人","热心行商"
"10031562","The merchant eyes you carefully. ""You're in a tough spot,"" he surmises, and slaps discount labels on all his wares.","行商人は君を見るなり「何か事情がありそうだな」と勝手に察して、値引き札を全ての商品に貼りつけた。","行商上下打量你一番，擅自认定你「肯定有难处」，随后给所有商品都贴上了折扣标签。"
"10031571","Compassionate Merchant","同情的な行商人","热心行商"
"10031572","""Live powerfully!"" he shouts out of nowhere, and begins deconstructing his stall. No more shopping for you, it seems.","行商人は君に「力強く生きろよ」と勝手なエールを送ると、露店を畳み始めた。買い物はもう無理そうだ。","他突然喊道：「要坚强地活下去啊！」随后开始收摊。看来已经不能再买东西了。"
"10031581","Questionable Merchant","怪しげな行商人","可疑行商"
"10031582","""I've got a collection of rare monsters,"" the merchant says, glancing to and fro as he removes the cloth covering a nearby cage.","行商人は「希少な魔物達を揃えてある」と言い、周囲を警戒しつつ、檻に被せていた布をはぎ取った。","「我这里有不少稀有魔物。」行商警惕地四下张望，掀开了旁边笼子上的布。"
"10031591","Questionable Merchant","怪しげな行商人","可疑行商"
"10031592","He leans in close. ""Speak not a word of this to anyone,"" he whispers in your ear, and breaks down his stall. No more shopping for you, it seems.","行商人は君の耳元で「ここで見たものは口外するな」と囁くと、露店を畳んだ。買い物はもう無理そうだ。","他凑到你耳边低声说道：「今天看到的事，不许告诉别人。」随后便收了摊。看来已经不能再买东西了。"
"10031601","Open-Air Stall","露店","露天摊位"
"10031602","You spot an open-air stall with a sign reading, ""Goods Bought Here.""","こんなところに露店が立っている。「買取専門」と書かれた看板が見えるが……","前方摆着一个露天摊位，招牌上写着「专门收购」。"
"10031611","{CHARACTERNAME:1010}","{CHARACTERNAME:1010}","{CHARACTERNAME:1010}"
"10031612","Give the stall a closer look?","露店に立ち寄るか？","要过去看看吗？"
"10031621","Stop By","立ち寄る","过去看看"
"10031622","You enter the stall and hear the proprietor call out to you. ""Welcome to my exchange shop. I'll pay good money for your goods.""","露店を覗いた君に、店主が声をかけてくる。
「ここは換金屋。何でも高値で買い取るよ」と。","你探头看向摊位，店主招呼道：「这里是兑换店，什么东西都高价收。」"
"10031631","Keep Walking","無視する","继续赶路"
"10031632","You don't necessarily need the money, so you pay the stall no mind as you pass by.","とくに売りたい物はなかったので、君は露店を無視して通り過ぎた。","你也没有特别缺钱，便无视摊位继续赶路。"
"10031641","Exchange Shop","換金屋","兑换店"
"10031642","""But this'll determine how good the money is,"" she continues, revealing a single die in her hand.","「ただし」と店主は言葉を続ける。買取価格はこれで決めると、店主はダイスを差し出した。","「不过价钱得靠这个决定。」店主接着说道，亮出手里的一颗骰子。"
"10031651","Sale Price","買取価格","收购价格"
"10031652","The price at which you can sell changes with the die's pips.

1–3: Wholesale
4, 5: 20% premium
6: 30% premium","ダイスの出目によって、買取価格が変化します。

１～３：通常価格
４～５：二割増し
６：三割増し","收购价格会随掷骰点数变化。
1～3：原价
4、5：加价 20%
6：加价 30%"
"10031661","Exchange Shop","換金屋","兑换店"
"10031662","Without warning, she sets about closing her stall. Apparently you were her last customer for today. You gather up your things and take your leave.","今日の買い取りはもう終わりのようだ。店主が店じまいを始めたので、君達もその場をあとにした。","今天的收购似乎到此为止。店主开始收摊，你们也收好东西离开了。"
"10031671","Sea of Quicksand","流砂の海","流沙之海"
"10031672","You look out over the sea of quicksand as it...sparkles? Sand doesn't sparkle, does it? No... No, it's filled with half-buried items!","流砂の海のあちこちに、キラキラ光っている物が見える。砂に流された何かが日光を反射しているようだ。","流沙之海中到处闪着亮光。似乎有什么被沙流半埋着，在阳光下反光。"
"10031681","{CARDNAME:1020} and {CARDNAME:1030}","{CARDNAME:1020}と{CARDNAME:1030}","{CARDNAME:1020} 和 {CARDNAME:1030}"
"10031682","Having come to the same realization, {CARDNAME:1020} and {CARDNAME:1030} each pull out a rod and line. You ask what they intend to do with it. ""Go fishing,"" they respond.","それを見た{CARDNAME:1020}と{CARDNAME:1030}が、竿と糸を取り出す。何をするのか君が問うと、「釣り」だという。","看到这一幕，{CARDNAME:1020} 和 {CARDNAME:1030} 各自拿出钓竿和鱼线。你问他们要干什么，两人答道：「钓鱼。」"
"10031691","{CHARACTERNAME:1010}","{CHARACTERNAME:1010}","{CHARACTERNAME:1010}"
"10031692","Will you help them fish?","釣りを手伝うか？","要帮他们钓鱼吗？"
"10031701","Sure","釣りを手伝う","帮忙"
"10031702","You've never had a chance to fish before, so you decide to help them.","君は釣りというものをやったことがないので、二人の手伝いをすることにした。","你从没钓过鱼，于是决定帮他们试试。"
"10031711","Pass","手伝わない","不帮"
"10031712","You decide your dreams are more exciting than fishing, and take a nap while {CARDNAME:1020} and {CARDNAME:1030} have at it.","君は二人の釣りが終わるのを、寝て待つことにした。","你决定睡一觉，等 {CARDNAME:1020} 和 {CARDNAME:1030} 钓完再说。"
"10031721","{CHARACTERNAME:1010}","{CHARACTERNAME:1010}","{CHARACTERNAME:1010}"
"10031722","Each minute feels like an hour... Then the rods whip sharply downward toward the quicksand at the same time, locking {CARDNAME:1020} and {CARDNAME:1030} in mortal combat!","待つこと数分……二人の竿が一斉にしなる。二人とも釣りとやらに苦戦しているようだ。","等了几分钟……{CARDNAME:1020} 和 {CARDNAME:1030} 的钓竿同时猛地弯下。看来两个人都碰上了难缠的「鱼」。"
"10031731","{CHARACTERNAME:1010}","{CHARACTERNAME:1010}","{CHARACTERNAME:1010}"
"10031732","Who will you help?","どちらを助けようか？","要帮谁？"
"10031741","Help {CARDNAME:1020}","{CARDNAME:1020}を助ける","帮 {CARDNAME:1020}"
"10031742","The rod bends in short fits and starts, showing a modicum of resistance. You help {CARDNAME:1020} haul his line out of the sand. There's a small bag at the end of it!","竿は小刻みにしなり、一定の抵抗を見せている。

君と{CARDNAME:1020}が竿を引き上げると、糸の先に小さな袋が引っ掛かっていた。","钓竿一阵阵轻颤，传来些许阻力。你帮 {CARDNAME:1020} 拉起鱼线，末端竟挂着一个小袋子！"
"10031751","Help {CARDNAME:1020}","{CARDNAME:1020}を助ける","帮 {CARDNAME:1020}"
"10031752","The rod doubles over with each pull. There must be something big on the line! You both pull with all your might, tugging the curative-laden line free at last!","竿がぐいぐいしなる。大物が掛かったらしい。

二人で力いっぱい竿を引き上げると、糸の先に薬ビンが引っ掛かっていた。","钓竿不断被拉弯，看来是个大家伙！你们拼命拉起鱼线，末端竟挂着一瓶药！"
"10031761","Help {CARDNAME:1020}","{CARDNAME:1020}を助ける","帮 {CARDNAME:1020}"
"10031762","The rod is completely doubled over. Whatever you've caught must be huge! You pull back with all your might in an attempt to help {CARDNAME:1020} reel it in...","竿がぐいぐいしなる。大物が掛かったらしい。

君は急いで{CARDNAME:1020}の持つ竿を引っ張った。
しかし……","钓竿弯得厉害，肯定钓到了大家伙！你赶紧帮 {CARDNAME:1020} 用力拉竿，然而……"
"10031771","{CARDNAME:1020}","{CARDNAME:1020}","{CARDNAME:1020}"
"10031772","{CARDNAME:1020} looks in the bag, neither overjoyed nor disappointed, and silently hands you its contents.","袋の中を確かめた{CARDNAME:1020}は、とくに喜ぶでもなく黙って君にそれを手渡した。","{CARDNAME:1020} 看了看袋中之物，既不惊喜也不失望，只默默把东西递给你。"
"10031781","{CARDNAME:1020}","{CARDNAME:1020}","{CARDNAME:1020}"
"10031782","""That saved us some money,"" {CARDNAME:1020} says, smiling as he hands you the bottle.","{CARDNAME:1020}は「買い物しなくて済んだな」と笑い、君に薬ビンを手渡した。","{CARDNAME:1020} 笑着把药瓶递给你：「省得再花钱买了。」"
"10031791","Line","釣り糸","鱼线"
"10031792","...only for the line to snap in two. Your timing must have been off...","引っ張るタイミングが悪かったのか、引き上げる前に糸が切れてしまった。","……可鱼线却断成了两截。看来你发力的时机不太对……"
"10031801","{CARDNAME:1020}","{CARDNAME:1020}","{CARDNAME:1020}"
"10031802","""It was probably just caught on some junk anyhow,"" {CARDNAME:1020} says with a gentle smile, registering your disappointment.","落ち込む君を気遣ってか、{CARDNAME:1020}は「きっとガラクタが引っ掛かってたんだ」と言って笑った。","见你垂头丧气，{CARDNAME:1020} 温和地笑道：「反正八成也只是勾到了破烂。」"
"10031811","Help {CARDNAME:1030}","{CARDNAME:1030}を助ける","帮 {CARDNAME:1030}"
"10031812","The rod quivers. It's caught...something, that's for sure. The two of you haul the line from the sand and find a curative at the end of it!","糸が小刻みに震える。何か引っ掛かっているようだ。

二人で息を合わせて竿を引き上げると、糸の先に薬ビンが引っ掛かっていた。","钓竿微微颤动，肯定勾到了什么。你和 {CARDNAME:1030} 一起拉起鱼线，末端竟挂着一瓶药！"
"10031821","Help {CARDNAME:1030}","{CARDNAME:1030}を助ける","帮 {CARDNAME:1030}"
"10031822","The rod seems likely to snap at any moment. You reason it's now or never, and yank it back sharply. The line whips into the air, empty...","竿が折れそうなほどしなっている。平気だろうか……

竿を引いてみたが、流砂から飛び出した糸の先には何も掛かっていない……","钓竿弯得像随时会折。你觉得不能再等，猛地一拉——鱼线破沙而出，末端却空空如也……"
"10031831","Help {CARDNAME:1030}","{CARDNAME:1030}を助ける","帮 {CARDNAME:1030}"
"10031832","The rod seems likely to snap at any moment. You reason it's now or never, and yank it back sharply. The tension does not abate.","竿が折れそうなほどしなっている。平気だろうか……

君達は竿を思いっきり引っ張った。しかし糸の先はまだまだ抵抗を緩めない。","钓竿弯得像随时会折。你们用力拉扯，可线那头的阻力丝毫没有减弱。"
"10031841","{CARDNAME:1030}","{CARDNAME:1030}","{CARDNAME:1030}"
"10031842","{CARDNAME:1030} hands you the curative after confirming that it's unopened and hasn't been tampered with.","{CARDNAME:1030}は薬ビンが未使用品であることを確認すると、君にそれを手渡した。","{CARDNAME:1030} 确认药瓶没有开封后，把它递给了你。"
"10031851","{CHARACTERNAME:1010} and {CARDNAME:1030}","{CHARACTERNAME:1010}と{CARDNAME:1030}","{CHARACTERNAME:1010} 和 {CARDNAME:1030}"
"10031852","...or so you thought! The sun glints off a small ring at the end of it. You lock hands with {CARDNAME:1030}, rejoicing together at your unexpected catch.","と思ったら、糸の先に小さな指輪が光っていた。思わぬ釣果に、君と{CARDNAME:1030}は手を取り合って喜んだ。","……本以为什么也没有，阳光却照亮了线头上的一枚小戒指。意外的收获让你和 {CARDNAME:1030} 高兴得握住了彼此的手。"
"10031861","{CHARACTERNAME:1010} and {CARDNAME:1030}","{CHARACTERNAME:1010}と{CARDNAME:1030}","{CHARACTERNAME:1010} 和 {CARDNAME:1030}"
"10031862","The quicksand tugs the line to and fro so violently that you begin to sway with it. The next instant, the line snaps in two.","砂の流れに合わせ、君達の身体は右に左にと振り回される。次の瞬間、糸はプツンと切れてしまった……","流沙猛烈拉扯鱼线，你们的身体也被带得左右摇晃。下一瞬，鱼线「啪」地断了……"
"10031871","{CHARACTERNAME:1010} and {CARDNAME:1030}","{CHARACTERNAME:1010}と{CARDNAME:1030}","{CHARACTERNAME:1010} 和 {CARDNAME:1030}"
"10031872","You came up empty, but at least you've got a funny story to tell about trying to fish in the sand! You turn to {CARDNAME:1030} and share a hearty laugh.","何も得ることはできなかったが、君はなんだか面白くなって、{CARDNAME:1030}と大いに笑い合った。","虽说什么也没钓到，但在沙里钓鱼这件事本身就够好笑了。你和 {CARDNAME:1030} 相视大笑。"
"10031881","{CHARACTERNAME:1010}","{CHARACTERNAME:1010}","{CHARACTERNAME:1010}"
"10031882","You open your eyes some time later to find they've already given up. Judging by their expressions, it wasn't a good day on the sand.","君が目を覚ますと、二人はすでに釣りをやめていた。二人の様子を見るに、何も得られなかったらしい。","不知过了多久，你睁开眼时，两人已经放弃了。从他们的表情来看，今天似乎毫无收获。"
"10031891","{CARDNAME:90310}","{CARDNAME:90310}","{CARDNAME:90310}"
"10031892","Withered foliage dots the wasteland. Your eyes, keen with hunger, spy something that looks like the leaves and vines of a potato...","荒れた土地に、枯れた植物が生えている。お腹を空かせた君には、それが芋の蔓のように見えた……","荒地上长着些枯萎植物。饥肠辘辘的你怎么看都觉得，那像是薯类的藤蔓……"
"10031901","{CHARACTERNAME:1010}","{CHARACTERNAME:1010}","{CHARACTERNAME:1010}"
"10031902","Will you pull on the vines?","植物を抜いてみるか？","要拔拔看吗？"
"10031911","Heck Yeah, I'm Hungry!","抜いてみる","拔出来看看"
"10031912","You're so starved, you don't care if they're rotten! You grab hold of the vines and get ready to pull.","君は空腹を我慢できず、枯れていても構わないとばかりに、植物を引っこ抜いてみることにした。","你实在饿得受不了，就算烂了也无所谓，于是抓住藤蔓准备往外拔。"
"10031921","Nope, That Sounds Like Work","やめておく","算了"
"10031922","Besides, they probably aren't even potato vines. You keep walking.","君は芋の蔓など何かの見間違いだろうと思い直し、その場をあとにした。","再想想，那大概根本不是什么薯藤。你继续赶路。"
"10031931","{CHARACTERNAME:1010}","{CHARACTERNAME:1010}","{CHARACTERNAME:1010}"
"10031932","How hard will you pull?","どれくらいの力加減で
植物を引っこ抜く？","要使多大力气拔？"
"10031941","With All My Might","全力で引っ張る","使出全力"
"10031942","It doesn't budge. The roots must run really deep... You keep pulling, and suddenly feel it come loose!","深くまで根を張っているのか、なかなか抜けない……

君がこれまで以上の力でうんと引っ張ると、急に抵抗がなくなった。","怎么也拔不动，根似乎扎得很深……你更加用力，忽然手上一轻！"
"10031951","With All My Might","全力で引っ張る","使出全力"
"10031952","It doesn't budge. The roots must run really deep... You pull even harder, liberating it from the earth so suddenly that you find yourself on your back.","深くまで根を張っているのか、なかなか抜けない……

君が勢いよく植物を引っ張ると、抜けた弾みで尻餅をついてしまった。","怎么也拔不动，根似乎扎得很深……你猛地加力，植物骤然脱土，害你一屁股坐在地上。"
"10031961","Easy Does It","そっと引っ張る","轻轻地拔"
"10031962","It doesn't budge. The roots must run really deep... You keep pulling, and suddenly feel it come loose!","深くまで根を張っているのか、なかなか抜けない……

君がこれまで以上の力でうんと引っ張ると、急に抵抗がなくなった。","怎么也拔不动，根似乎扎得很深……你更加用力，忽然手上一轻！"
"10031971","Easy Does It","そっと引っ張る","轻轻地拔"
"10031972","It doesn't budge. The roots must run really deep... You pull even harder, liberating it from the earth so suddenly that you find yourself on your back.","深くまで根を張っているのか、なかなか抜けない……

君が勢いよく植物を引っ張ると、抜けた弾みで尻餅をついてしまった。","怎么也拔不动，根似乎扎得很深……你猛地加力，植物骤然脱土，害你一屁股坐在地上。"
"10031981","{CHARACTERNAME:1010}","{CHARACTERNAME:1010}","{CHARACTERNAME:1010}"
"10031982","Well, the vines have, anyhow. You decide it's not worth digging out the tuber by hand, and go on your way.","途中で根っこがちぎれてしまったようだ。君はそれ以上掘るのを諦め、旅路へと戻ることにした。","藤蔓倒是断了。你觉得徒手挖出地下部分太麻烦，便放弃继续赶路。"
"10031991","With All My Might","全力で引っ張る","使出全力"
"10031992","Upon closer inspection, these are awfully thin for potato vines... Nevertheless, you keep pulling, and feel the ground yield.","細い根っこしか見えない。本当に芋があるのか……？

そのまま植物を引っ張り続けると、するりと抜けた。
その先には……","仔细一看，这藤蔓细得不像薯藤……你仍继续拉扯，感觉土壤渐渐松动。"
"10032001","With All My Might","全力で引っ張る","使出全力"
"10032002","Upon closer inspection, these are awfully thin for potato vines... You keep pulling, and suddenly feel it come loose!","細い根っこしか見えない。本当に芋があるのか……？

君がこれまで以上の力でうんと引っ張ると、急に抵抗がなくなった。","仔细一看，这藤蔓细得不像薯藤……你继续使劲，忽然手上一轻！"
"10032011","Easy Does It","そっと引っ張る","轻轻地拔"
"10032012","Upon closer inspection, these are awfully thin for potato vines... Nevertheless, you keep pulling, and feel the ground yield.","細い根っこしか見えない。本当に芋があるのか……？

そのまま植物を引っ張り続けると、するりと抜けた。
その先には……","仔细一看，这藤蔓细得不像薯藤……你仍继续拉扯，感觉土壤渐渐松动。"
"10032021","Easy Does It","そっと引っ張る","轻轻地拔"
"10032022","Upon closer inspection, these are awfully thin for potato vines... You keep pulling, and suddenly feel it come loose!","細い根っこしか見えない。本当に芋があるのか……？

君がこれまで以上の力でうんと引っ張ると、急に抵抗がなくなった。","仔细一看，这藤蔓细得不像薯藤……你继续使劲，忽然手上一轻！"
"10032031","{CHARACTERNAME:1010}","{CHARACTERNAME:1010}","{CHARACTERNAME:1010}"
"10032032","And what should you find at the end but a ring! You can't eat it, of course, but you store the unexpected harvest in your bag all the same.","指輪が引っ掛かっていた！腹は満たせないが、思わぬ収穫に君は満足し、指輪をカバンの中にしまった。","末端竟勾着一枚戒指！虽说不能吃，你还是对这份意外收获颇为满意，把它收进了包里。"
"10032041","With All My Might","全力で引っ張る","使出全力"
"10032042","It's not giving an inch. Whatever it is, it must be huge! You pull even harder, liberating it from the earth so suddenly that you find yourself on your back.","一向に抜ける気配がない。これは大物の予感……！

君が勢いよく植物を引っ張ると、抜けた弾みで尻餅をついてしまった。","纹丝不动。下面一定是个大家伙！你猛地加力，植物骤然脱土，害你一屁股坐在地上。"
"10032051","With All My Might","全力で引っ張る","使出全力"
"10032052","It's not giving an inch. Whatever it is, it must be huge! You keep pulling, and suddenly feel it come loose!","一向に抜ける気配がない。これは大物の予感……！

君がこれまで以上の力でうんと引っ張ると、急に抵抗がなくなった。","纹丝不动。下面一定是个大家伙！你继续使劲，忽然手上一轻！"
"10032061","Easy Does It","そっと引っ張る","轻轻地拔"
"10032062","It's not giving an inch. Whatever it is, it must be huge! You pull even harder, liberating it from the earth so suddenly that you find yourself on your back.","一向に抜ける気配がない。これは大物の予感……！

君が勢いよく植物を引っ張ると、抜けた弾みで尻餅をついてしまった。","纹丝不动。下面一定是个大家伙！你猛地加力，植物骤然脱土，害你一屁股坐在地上。"
"10032071","Easy Does It","そっと引っ張る","轻轻地拔"
"10032072","It's not giving an inch. Whatever it is, it must be huge! You keep pulling, and suddenly feel it come loose!","一向に抜ける気配がない。これは大物の予感……！

君がこれまで以上の力でうんと引っ張ると、急に抵抗がなくなった。","纹丝不动。下面一定是个大家伙！你继续使劲，忽然手上一轻！"
"10032081","Roots","根っこ","根"
"10032082","You whip your head up to get a look...at the massive pile of inedible roots you've just pulled up.","そして大物を期待していた君が見たのは……ただの太い根だった。とても食べられそうには思えない。","你满怀期待地抬头一看……拔出来的却只是一大堆粗根，怎么看都不能吃。"
"10032091","{CARDNAME:1030}","{CARDNAME:1030}","{CARDNAME:1030}"
"10032092","All that for nothing, you think. {CARDNAME:1030}, however, is pleasantly surprised. ""Hey, we can make a curative from these!"" he chirps.","君がガッカリしていると、根を見た{CARDNAME:1030}が何かに気付き、「これは薬になるやつです！」と声をあげる。","你正失望，{CARDNAME:1030} 却看出了什么，惊喜道：「这些根可以拿来做药！」"
"10032101","{CARDNAME:1030}","{CARDNAME:1030}","{CARDNAME:1030}"
"10032102","It turns out he'd identified the roots and done just that while you were wallowing in disappointment!","君がキョトンとしている間に、{CARDNAME:1030}は根っこと手持ちの何かを調合して、薬を作ってくれた。","你还没回过神，{CARDNAME:1030} 已经辨认出根的种类，又和手头材料调配出了一瓶药。"
"10032111","Snowy Plains","雪原","雪原"
"10032112","You spot a mound of snow too neatly defined to be natural. Is there something beneath it?","君の目の前に、こんもりとした雪の山ができている。何か埋まっているのだろうか……？","眼前有一堆形状过于整齐的积雪。下面难道埋着什么？"
"10032121","{CHARACTERNAME:1010}","{CHARACTERNAME:1010}","{CHARACTERNAME:1010}"
"10032122","Will you dig into the mound of snow?","雪の山を
掘り返してみるか？","要把雪堆挖开看看吗？"
"10032131","Must Know! Must Find Out!","掘り返してみる","一定要弄清楚"
"10032132","You brush off the snow to reveal something frozen solid. You decide to pull it from the snow before your hands turn to ice, too.","雪を掘り返すと、凍りついた何かが見えてきた。手が凍える前に、一気に引き抜いてしまおう。","你拨开积雪，露出一个冻得硬邦邦的东西。趁双手还没冻僵，干脆一口气把它拔出来吧。"
"10032141","Nah, It's Just Snow","やめておく","算了"
"10032142","Not to mention your hands are cold even in the best of circumstances. No need to go tempting frostbite! You trudge onward.","ただでさえ寒いのに、手が凍えてしまうようなことはしたくないと、君はその場から立ち去ることにした。","本来就够冷了，没必要再把手冻伤。你决定继续赶路。"
"10032151","{CHARACTERNAME:1010}","{CHARACTERNAME:1010}","{CHARACTERNAME:1010}"
"10032152","How hard will you pull?","どのくらいの力加減で
引き抜く？","要用多大力气拔？"
"10032161","With All My Might","全力で引き抜く","使出全力"
"10032162","You grab it and lean back, but it's bigger and heavier than you expected. You call for help, and as the adage goes, teamwork makes the dream work.","意外に大きな物らしく、なかなか抜けない……

仲間にも手伝ってもらい、勢いよく引き抜くと……","你抓住它往后拉，可它比想象中又大又重。于是叫同伴一起帮忙，众人合力猛地一拔——"
"10032171","Easy Does It","そっと引き抜く","轻轻地拔"
"10032172","You grab it and lean back, but it's bigger and heavier than you expected. You call for help, and as the adage goes, teamwork makes the dream work.","意外に大きな物らしく、なかなか抜けない……

仲間にも手伝ってもらい、勢いよく引き抜くと……","你抓住它往后拉，可它比想象中又大又重。于是叫同伴一起帮忙，众人合力猛地一拔——"
"10032181","{CHARACTERNAME:1010}","{CHARACTERNAME:1010}","{CHARACTERNAME:1010}"
"10032182","You wipe the last of the snow away and come face-to-ice with a frozen monster. You keep moving, determined not to end up like that yourself.","氷漬けになった魔物が出てきた。君は自分もこうならないように気を付けようと思い、その場から離れた。","你拂去最后一点积雪，眼前竟是一只冻成冰块的魔物。你可不想落得同样下场，赶紧离开了。"
"10032191","With All My Might","全力で引き抜く","使出全力"
"10032192","Whatever it is, it comes loose quite easily. Just a little more force, and...got it! It looks like an old pack of some sort.","抵抗は少ない。もう少しで引き抜けそうだ……

君が力を入れて引き抜くと古びたカバンが出てきた。","这东西没什么阻力。再加一点力……拔出来了！看起来像个旧背包。"
"10032201","Easy Does It","そっと引き抜く","轻轻地拔"
"10032202","Whatever it is, it comes loose quite easily. Just a little more force, and...got it! It looks like an old pack of some sort.","抵抗は少ない。もう少しで引き抜けそうだ……

君が力を入れて引き抜くと古びたカバンが出てきた。","这东西没什么阻力。再加一点力……拔出来了！看起来像个旧背包。"
"10032211","Old Pack","古びたカバン","旧背包"
"10032212","And it's filled with gold! Did people actually travel this route, once upon a time?","中にはお金が入っていた。昔、ここは人が行き交う場所だったのだろうか……","里面竟装着钱！难道很久以前，这里也曾有人往来？"
"10032221","With All My Might","全力で引き抜く","使出全力"
"10032222","It's slow going, but you're wiggling it free. With one last pull from your icy hand, you manage to dislodge an old pack.","少しずつだが引っ張り出せている。あと少し……

凍える手で一気に引き抜くと、カバンが出てきた。","虽然很慢，但确实一点点拔出来了。你用冻僵的手最后一拉，终于扯出一个旧背包。"
"10032231","Easy Does It","そっと引き抜く","轻轻地拔"
"10032232","It's slow going, but you're wiggling it free. With one last pull from your icy hand, you manage to dislodge an old pack.","少しずつだが引っ張り出せている。あと少し……

凍える手で一気に引き抜くと、カバンが出てきた。","虽然很慢，但确实一点点拔出来了。你用冻僵的手最后一拉，终于扯出一个旧背包。"
"10032241","Icy Pack","凍り付いたカバン","冰封背包"
"10032242","It crackles as you test the frozen-stiff flap. You idly wonder what became of its owner.","カバンは雪のせいでかちこちに凍り付いていた。このカバンの持ち主は、どこへ行ったのだろうか……","背包被冻得硬邦邦的，翻盖一碰便发出脆响。你不禁想，它原来的主人如今怎样了……"
"10032251","{CHARACTERNAME:1010}","{CHARACTERNAME:1010}","{CHARACTERNAME:1010}"
"10032252","The ice snaps and pops loudly as you force the pack open. Inside is something very useful for an adventurer indeed!","君は凍り付いたカバンを強引にこじ開ける。すると、中には旅の役に立ちそうなものが入っていた。","你强行掰开冻住的背包，冰层咔嚓作响。里面竟装着对旅人十分有用的东西！"
"10032261","{CARDNAME:1030}","{CARDNAME:1030}","{CARDNAME:1030}"
"10032262","{CARDNAME:1030} looks through the telescope and yelps in surprise. You snatch it from him and have a look yourself...","望遠鏡で遠くを見ていた{CARDNAME:1030}が、突然騒ぎ始めた。何が見えたのかと望遠鏡を借りてみると……","正在用望远镜眺望远方的 {CARDNAME:1030} 突然惊叫起来。你从他手中接过望远镜一看……"
"10032271","{CHARACTERNAME:1010}","{CHARACTERNAME:1010}","{CHARACTERNAME:1010}"
"10032272","Monster! It's a monster! Fortunately, it hasn't noticed you yet...","魔物だ！
相手はまだこちらに気付いていないようだが……","魔物！是魔物！好在对方还没发现你……"
"10032281","{CHARACTERNAME:1010}","{CHARACTERNAME:1010}","{CHARACTERNAME:1010}"
"10032282","What will you do?","どうする？","怎么办？"
"10032291","Attaaack!","急襲する","突袭！"
"10032292","You toss the telescope aside and sprint toward it!","君は望遠鏡を放り出すと、魔物に向かって全力で走り出した！","你把望远镜往旁边一扔，全速朝魔物冲去！"
"10032301","Monster","魔物","魔物"
"10032302","Shocked to see you closing in, the monster flings a number of gold coins into the air and flees...","魔物は目の前に現れた君に驚き、小銭をまき散らしながら逃げてしまった……","魔物见你突然逼近，吓得撒出一把金币，转身逃了……"
"10032311","{CHARACTERNAME:1010}","{CHARACTERNAME:1010}","{CHARACTERNAME:1010}"
"10032312","It's running at such a breakneck pace that you decide you're better off picking up the coins.","追うまでもないだろうと、君は小銭を拾い集めてカバンに収めた。","它跑得实在太快，你索性放弃追赶，把散落的金币捡了起来。"
"10032321","Monster","魔物","魔物"
"10032322","The monster scrambles about in a panic, finally tossing something at your head in desperation.","魔物は驚いて腰を抜かしている。君が武器を振り上げると、魔物は何かを投げつけてきた。","魔物惊慌失措。你举起武器时，它情急之下朝你扔来一样东西。"
"10032331","{CHARACTERNAME:1010}","{CHARACTERNAME:1010}","{CHARACTERNAME:1010}"
"10032332","You throw your hand up in time to catch it, but that bought the monster time enough to gather itself and flee.","君は咄嗟にそれを手で受け止める。その隙に、魔物は逃げてしまった……","你及时抬手接住，可这一耽搁也给了魔物逃跑的机会。"
"10032341","Sneak Up on It","背後から忍び寄る","从背后悄悄接近"
"10032342","You hand the telescope back to {CARDNAME:1030} and, step by careful step, creep toward the monster.","君は{CARDNAME:1030}に望遠鏡を返すと、足音を忍ばせながら魔物に近づいていく。","你把望远镜还给 {CARDNAME:1030}，放轻脚步，一点点靠近魔物。"
"10032351","{CHARACTERNAME:1010}","{CHARACTERNAME:1010}","{CHARACTERNAME:1010}"
"10032352","So far so good. You quietly ready your weapon, and spring at the monster for an attack from behind!","そして君は静かに武器を構え、魔物の背後からいきなり襲い掛かろうとする！","目前一切顺利。你悄悄架起武器，从背后猛扑过去！"
"10032361","Monster","魔物","魔物"
"10032362","Alas! The monster senses your presence and whips around, ready to fight!","しかし魔物も瞬時に気配を感じたのか、こちらを振り向き応戦の構えを取った！","可惜！魔物察觉到了你的气息，猛地转身摆出迎战架势！"
"10032371","{CHARACTERNAME:1010}","{CHARACTERNAME:1010}","{CHARACTERNAME:1010}"
"10032372","Your surprise attack failed, but you also rid the world of another monster. That'll do! You return to the path and keep walking.","不意打ちには失敗したものの、結果的には魔物を退治できたことを喜び、君は旅路へと戻ることにした。","虽然偷袭失败，好歹还是消灭了一只魔物。也算不错！你回到路上继续前进。"
"10032381","Ignore It","無視する","无视它"
"10032382","It's also pretty far away, though... You decide to leave it be and continue on your way.","しかし魔物のいる場所までは、結構な距離がある。君は魔物を無視して先に進むことにした。","而且它离得也很远……你决定不管它，继续赶路。"
"10032391","{CARDNAME:1030}","{CARDNAME:1030}","{CARDNAME:1030}"
"10032392","{CARDNAME:1030} looks through the telescope and yelps in surprise. You snatch it from him and have a look yourself...","望遠鏡で遠くを見ていた{CARDNAME:1030}が、突然騒ぎ始めた。何が見えたのかと望遠鏡を借りてみると……","正在用望远镜眺望远方的 {CARDNAME:1030} 突然惊叫起来。你从他手中接过望远镜一看……"
"10032401","{CHARACTERNAME:1010}","{CHARACTERNAME:1010}","{CHARACTERNAME:1010}"
"10032402","It's a monster! And one behaving rather strangely, now that you get a good look at it.","魔物だ！
さらによく見ると、その魔物は何だかとても個性的な動きをしている……","是魔物！再仔细一看，它的举动还相当古怪。"
"10032411","{CARDNAME:1030}","{CARDNAME:1030}","{CARDNAME:1030}"
"10032412","{CARDNAME:1030} continues carrying on and making a scene beside you.","君の横で、{CARDNAME:1030}が大騒ぎしているが……","你身旁的 {CARDNAME:1030} 还在大呼小叫……"
"10032421","{CHARACTERNAME:1010}","{CHARACTERNAME:1010}","{CHARACTERNAME:1010}"
"10032422","What will you do?","どうする？","怎么办？"
"10032431","Attaaack!","急襲する","突袭！"
"10032432","You toss the telescope over your shoulder and race toward the monster at full speed! Not to be outdone, {CARDNAME:1030} races after you.","君は望遠鏡を放り出すと、魔物に向かって猛進した！負けじと{CARDNAME:1030}も、君に続いて走り出す。","你把望远镜往身后一扔，全速冲向魔物！{CARDNAME:1030} 也不甘示弱，紧跟着你跑了起来。"
"10032441","Monster","魔物","魔物"
"10032442","But the monster has sensed your presence, and whirls around to meet your attack!","しかし魔物もこちらの気配を察知したのか、応戦の構えを取っている！","然而魔物已经察觉到你们，转身摆出了迎战架势！"
"10032451","{CARDNAME:1030}","{CARDNAME:1030}","{CARDNAME:1030}"
"10032452","Upon seeing your card with the monster sealed inside, {CARDNAME:1030} exclaims, ""I...I've only ever read about this in literature!""","君が持つ魔物を封じたカードを見て、{CARDNAME:1030}が「こんなの文献でしか見たことがありませんよ！」と驚く。","看见你封印魔物的卡牌，{CARDNAME:1030} 惊呼：「这种魔物我只在文献里见过！」"
"10032461","{CHARACTERNAME:1010}","{CHARACTERNAME:1010}","{CHARACTERNAME:1010}"
"10032462","""Monsters are all the same,"" you mutter under your breath, and slip the card into your case.","君は「魔物なんてどれも同じ」と呟きながら、そのカードをしまった。","你低声嘟囔着「魔物不都一样」，把卡牌收进了卡盒。"
"10032471","Sneak Up on It","背後から忍び寄る","从背后悄悄接近"
"10032472","You hand the telescope back to {CARDNAME:1030} and, step by careful step, creep toward the monster.","君は{CARDNAME:1030}に望遠鏡を返すと、足音を忍ばせながら魔物に近づいていく。","你把望远镜还给 {CARDNAME:1030}，放轻脚步，一点点靠近魔物。"
"10032481","Unique Monster","個性的な魔物","独特魔物"
"10032482","Alas, the monster has already noticed you, and takes off at a speed you cannot hope to match...","しかし魔物は君の存在に気付き、猛スピードで逃げてしまった……","可惜魔物已经发现你，以你根本追不上的速度飞奔而去……"
"10032491","Ignore It","無視する","无视它"
"10032492","It's also pretty far away, though... You decide to leave it be and continue on your way.","しかし魔物のいる場所までは、結構な距離がある。君は魔物を無視して先に進むことにした。","而且它离得也很远……你决定不管它，继续赶路。"
"10032501","{CHARACTERNAME:1010}","{CHARACTERNAME:1010}","{CHARACTERNAME:1010}"
"10032502","You pick up a scrap of paper you spot by your feet. Against all odds, it hasn't burnt to ash.","足元に一枚の紙切れが落ちている。燃えずによく残っていたものだと、君はそれを拾い上げた。","你发现脚边有张纸片。它居然没有被烧成灰，实在难得，于是捡了起来。"
"10032511","Scrap of Paper","紙切れ","纸片"
"10032512","It appears to be part of a crudely drawn treasure map. A sketched treasure chest lies between a lake, white mountains, and rocky crags.","紙は、簡略化した地図の切れ端のようだ。湖と白い山と岩山に囲まれた場所に、宝箱の絵が描かれている。","这似乎是一张粗略藏宝图的残片。图上在湖泊、白色山脉和岩山之间画着一个宝箱。"
"10032521","{CHARACTERNAME:1010}'s Friends","{CHARACTERNAME:1010}の仲間","{CHARACTERNAME:1010} 的同伴"
"10032522","""A treasure map!"" everyone shouts at you in unison.","それを見た仲間は「宝の地図だ」と君に言った。","大家看见纸片，异口同声道：「藏宝图！」"
"10032531","{CHARACTERNAME:1010}","{CHARACTERNAME:1010}","{CHARACTERNAME:1010}"
"10032532","You slip the scrap of paper into your pack, and make a mental note to keep an eye out for the location the doodle depicts.","君は、旅の途中で探してみようと思い、紙切れをカバンの中へとしまった。","你把纸片收进包里，打算旅途中留意一下图上画的地方。"
"10032541","","",""
"10032542","You can check the {CARDNAME:55001} anytime by accessing <highlight>Key Items</highlight> in the menu.","宝の地図は、メニューの中の<highlight>大事なもの</highlight>からいつでも確認できます。","随时可以在菜单的<highlight>「重要物品」</highlight>中查看 {CARDNAME:55001}。"
"10032551","{CHARACTERNAME:1010}","{CHARACTERNAME:1010}","{CHARACTERNAME:1010}"
"10032552","This place feels eerily familiar... You open your pack and fish out a scrap of paper.","君はふとこの場所の景色に既視感を覚え、カバンから紙切れを取り出した。","这里的景色似曾相识……你打开背包，取出那张纸片。"
"10032561","{CHARACTERNAME:1010}","{CHARACTERNAME:1010}","{CHARACTERNAME:1010}"
"10032562","You knew it! This is where the map says there's hidden treasure.","思った通り、ここはこの宝の地図に描かれた場所だ。","果然没错！这里就是藏宝图标出的地点。"
"10032571","{CHARACTERNAME:1010}","{CHARACTERNAME:1010}","{CHARACTERNAME:1010}"
"10032572","You feel around on the ground for a moment, and soon discover an unnatural swell in the dirt.","しばらく辺りを探ってみると、一箇所不自然に土が盛り上がっている場所があることに気付いた。","你在地面摸索了一阵，很快发现一处泥土隆起得不太自然。"
"10032581","{CHARACTERNAME:1010}","{CHARACTERNAME:1010}","{CHARACTERNAME:1010}"
"10032582","You claw at the earth with reckless abandon...","君が早速そこを掘り起こしてみると……","你立刻不顾一切地挖了起来……"
"10032591","{CHARACTERNAME:1010}","{CHARACTERNAME:1010}","{CHARACTERNAME:1010}"
"10032592","Success! Buried treasure! Ecstatic, you fling open the lid and stash its contents in your bag.","宝箱が埋まっていた！
君は嬉々として宝箱を開けると、中に収められていたお宝をカバンにしまった。","找到了！是埋藏的宝箱！你兴奋地掀开箱盖，把里面的东西收入包中。"
"10032601","{CHARACTERNAME:1010}","{CHARACTERNAME:1010}","{CHARACTERNAME:1010}"
"10032602","You spot two monsters chattering amongst themselves. You hide, watching them carefully as you strain to hear what they're saying.","二匹の魔物が何やら話し込んでいる。君は魔物達の様子を窺いながら、話し声に耳をそばだてた。","你看见两只魔物正在交谈，便躲起来仔细观察，同时竖起耳朵偷听。"
"10032611","Monsters","魔物達","魔物们"
"10032612","""Ice, rock.""
""Hard walking, there.""
""Hide treasure, yes!""","「コオリ、イワ」
「アソコ、歩キニクイ」
「オタカラ隠ス、イイ」","「冰，岩。」
「那里，不好走。」
「藏宝物，好！」"
"10032621","{CHARACTERNAME:1010}'s Friends","{CHARACTERNAME:1010}の仲間","{CHARACTERNAME:1010} 的同伴"
"10032622","The party hastily scribbles down the snatches of conversation they've heard.","断片的に聞こえてきた言葉を、仲間が素早く紙きれにメモを取る。","同伴赶紧把零星听到的内容记在纸上。"
"10032631","{CHARACTERNAME:1010}","{CHARACTERNAME:1010}","{CHARACTERNAME:1010}"
"10032632","You saw more than your fair share of iced-over rocks on the way here. Might the beasts have stashed the treasure somewhere amongst them?","氷といえば、ここに来るまでに散々見てきた。そのどこかに、魔物のお宝が隠されているのだろうか……","来这里的路上，冰和岩石到处都是。魔物的宝物会不会就藏在其中某处？"
"10032641","{CHARACTERNAME:1010}","{CHARACTERNAME:1010}","{CHARACTERNAME:1010}"
"10032642","While you were lost in thought, the monsters went about their business and vacated the premises.","君が考え込んでいるあいだに、魔物達はどこかへ行ってしまったようだ。","你沉思时，那两只魔物已经办完事离开了。"
"10032651","{CHARACTERNAME:1010}","{CHARACTERNAME:1010}","{CHARACTERNAME:1010}"
"10032652","You gather up everyone's notes and stuff them into your pack. You'll be on the lookout for places matching the description you've heard.","君は仲間からメモを受け取ると、いつか探してみようと思いながら、カバンにしまいこんだ。","你收下同伴的笔记，想着以后遇到符合描述的地方就找找看，把它塞进了背包。"
"10032661","","",""
"10032662","You can check the {CARDNAME:55002} anytime by accessing <highlight>Key Items</highlight> in the menu.","{CARDNAME:55002}は、メニューの中の<highlight>大事なもの</highlight>からいつでも確認できます。","随时可以在菜单的<highlight>「重要物品」</highlight>中查看 {CARDNAME:55002}。"
"10032671","{CHARACTERNAME:1010}","{CHARACTERNAME:1010}","{CHARACTERNAME:1010}"
"10032672","""Phew, this icy...rocky terrain sure is...hard to walk on..."" you think. Suddenly, visions of hastily scribbled notes pop into your head.","氷や岩だらけで歩きにくいな……と思いながら慎重に進んでいた君は、ふと{CARDNAME:55002}のことを思い出す。","「这里又是冰又是岩，真难走……」你小心前进时，忽然想起了 {CARDNAME:55002}。"
"10032681","{CHARACTERNAME:1010}","{CHARACTERNAME:1010}","{CHARACTERNAME:1010}"
"10032682","Yes, you all agree, this place ticks all the boxes listed on your collective notes about the treasure! You split up and search the area.","この場所は、メモに書かれた条件と合致している。君は仲間と手分けして、辺りを探ってみることにした。","没错，这里的条件和笔记完全吻合。你和同伴分头在附近搜寻。"
"10032691","{CHARACTERNAME:1010}","{CHARACTERNAME:1010}","{CHARACTERNAME:1010}"
"10032692","There comes a shout—someone's found something! You race to their side. Sure enough there's a treasure chest hidden behind a rock!","しばらくすると、仲間が何か見つけたようだ。駆け寄って見てみると、岩陰に宝箱が隠されていた。","忽然有人喊了起来——找到了！你赶过去一看，岩石后果然藏着一个宝箱！"
"10032701","{CHARACTERNAME:1010}","{CHARACTERNAME:1010}","{CHARACTERNAME:1010}"
"10032702","The monsters weren't bluffing! You stash the treasure in your pack without a moment's hesitation.","魔物達の話は本当だったようだ。君は遠慮することなく、魔物のお宝をカバンに詰め込んだ。","魔物果然没骗人！你毫不犹豫地把宝物收入包中。"
"10032711","{CHARACTERNAME:1010}","{CHARACTERNAME:1010}","{CHARACTERNAME:1010}"
"10032712","As you forge on through the snow, you come across a tattered doll covered in deep gashes. Gashes that could only be made by monster claws.","雪深い道を進んでいると、鋭い爪でえぐられた跡のあるボロボロの人形が落ちていた。","你在积雪深厚的路上发现一个破烂人偶，上面尽是锐利爪痕——显然是魔物留下的。"
"10032721","{CHARACTERNAME:1010}","{CHARACTERNAME:1010}","{CHARACTERNAME:1010}"
"10032722","The doll appears to be covered in dark red blood. You don't want to think about the fate that befell its owner.","人形には赤黒い血のようなものが付着している。持ち主に一体何があったのだろうか……","人偶上沾着暗红色、仿佛血迹的污渍。你不愿去想它的主人遭遇了什么。"
"10032731","{CHARACTERNAME:1010}'s Friends","{CHARACTERNAME:1010}の仲間","{CHARACTERNAME:1010} 的同伴"
"10032732","""The smell of all that blood is going to attract more monsters,"" the rest of the party warns.","人形を見た仲間が「血の匂いは魔物を引き寄せる」と忠告するが……","同伴看着人偶提醒你：「血腥味会把魔物引来。」"
"10032741","{CHARACTERNAME:1010}","{CHARACTERNAME:1010}","{CHARACTERNAME:1010}"
"10032742","What will you do?","どうする？","怎么办？"
"10032751","Find the Owner","持ち主を探す","寻找主人"
"10032752","""Someone must be missing it,"" you insist, and place the bloodied doll into your pack.","君は「きっとどこかに探している人がいるはず」と主張し、{CARDNAME:55003}をカバンへしまいこんだ。","你坚持道：「肯定有人在找它。」随后把沾血的 {CARDNAME:55003} 收进背包。"
"10032761","Pretend You Never Saw It","見なかったことにする","当作没看见"
"10032762","You heed the party's advice, and place the doll back where you found it.","君は仲間の忠告に従って、{CARDNAME:55003}を落ちていた場所に戻した。","你听从同伴劝告，把 {CARDNAME:55003} 放回发现它的地方。"
"10032771","","",""
"10032772","You can check the {CARDNAME:55003} anytime by accessing <highlight>Key Items</highlight> in the menu.","{CARDNAME:55003}は、メニューの中の<highlight>大事なもの</highlight>からいつでも確認できます。","随时可以在菜单的<highlight>「重要物品」</highlight>中查看 {CARDNAME:55003}。"
"10032781","Monster","魔物","魔物"
"10032782","""Blood smell..."" With those words, a monster appears before you, nose twitching. There'll be no getting out of this fight!","魔物が現れた！
魔物は「血ノ匂イ……」と言って鼻をひくつかせる。
戦いは避けられない……！","魔物出现了！它抽动鼻子，嘴里念着「血的味道……」看来这场战斗躲不过了！"
"10032791","{CARDNAME:55003}","{CARDNAME:55003}","{CARDNAME:55003}"
"10032792","There's no doubt about it: the bloodied doll's scent attracted the monster.","魔物はこの人形に付着した血の匂いに引き寄せられたようだ。","毫无疑问，是人偶上的血腥味把魔物引了过来。"
"10032801","{CHARACTERNAME:1010}","{CHARACTERNAME:1010}","{CHARACTERNAME:1010}"
"10032802","You'd better find its owner before it draws any more bloodthirsty beasts to you...","これ以上魔物が寄ってくる前に、早く人形の持ち主を探さねばと君は思った。","得在更多嗜血魔物赶来前，尽快找到人偶的主人……"
"10032811","{CHARACTERNAME:1010}","{CHARACTERNAME:1010}","{CHARACTERNAME:1010}"
"10032812","Even if it means leaving the doll by a corpse...","それが、たとえ物言わぬ骸だったとしても……","哪怕最终找到的，只是一具再也不会开口的遗骸……"
"10032821","{CHARACTERNAME:1010} and Company","{CHARACTERNAME:1010}達一行","{CHARACTERNAME:1010} 一行"
"10032822","The party silently watches as you place the doll back into your pack. Everyone knows what must be done.","君の決意を察したのか、仲間達は何も言わず、君が人形をカバンにしまうのをただ見ていた。","同伴似乎明白了你的决心，只默默看着你把人偶重新收进背包。"
"10032831","{CHARACTERNAME:1010}","{CHARACTERNAME:1010}","{CHARACTERNAME:1010}"
"10032832","As you scan the ruins, your eyes land on a drawing of a young girl and her doll. You pick it up from the floor.","廃墟の中を探索していた君は、人形と少女が描かれた絵を床で拾った。","你在废墟中搜寻时，从地上捡到一幅画着少女和人偶的画。"
"10032841","{CHARACTERNAME:1010}","{CHARACTERNAME:1010}","{CHARACTERNAME:1010}"
"10032842","The doll looks rather familiar... Your eyes go wide. You tear open your pack and take out the bloodied doll.","そこに描かれた人形の絵に見覚えがあった君は、ハッとして、カバンから{CARDNAME:55003}を取り出す。","画中的人偶十分眼熟。你猛然反应过来，从背包里取出 {CARDNAME:55003}。"
"10032851","{CARDNAME:55003}","{CARDNAME:55003}","{CARDNAME:55003}"
"10032852","It must have belonged to the little girl who lived here...","この人形は、かつてここに住んでいた少女の物だったのだろうか……","这个人偶，大概属于曾住在这里的那个小女孩……"
"10032861","{CHARACTERNAME:1010}'s Friends","{CHARACTERNAME:1010}の仲間","{CHARACTERNAME:1010} 的同伴"
"10032862","The next instant, your companions call your name and point to the floor where you picked up the drawing.","次の瞬間、絵が落ちていた床を仲間が指さしながら君の名を呼んだ。","下一刻，同伴呼喊你的名字，同时指向刚才捡到画的地板。"
"10032871","{CHARACTERNAME:1010}","{CHARACTERNAME:1010}","{CHARACTERNAME:1010}"
"10032872","You look back down at the floor and notice a plank that doesn't quite look like the others.","改めて床を見た君は、そこだけ床の材質が違うことに気が付いた。","你低头重新查看，发现其中一块地板的材质和周围不同。"
"10032881","{CHARACTERNAME:1010}","{CHARACTERNAME:1010}","{CHARACTERNAME:1010}"
"10032882","You pry the plank loose, revealing a treasure chest hidden beneath the floor. Inside is a piece of equipment in almost pristine condition.","君がよく調べると、床下に宝箱が隠されていた。中には新品同様に輝く装備品が収められている。","你撬开那块地板，发现下面藏着一个宝箱。箱中是一件几乎崭新的装备。"
"10032891","{CHARACTERNAME:1010}","{CHARACTERNAME:1010}","{CHARACTERNAME:1010}"
"10032892","You take the equipment from the chest, and place the bloodied doll inside. ""I will avenge you,"" you whisper.","君は宝箱の中から装備品を取り出すと、代わりに人形を収め、「仇は討つよ」と呟いた。","你从宝箱中取出装备，把沾血的人偶放了进去，低声道：「我会替你报仇。」"
"10032901","Claw-Marked Ruin","爪痕のある廃墟","爪痕斑斑的废墟"
"10032902","What appear to be a child's drawings lie scattered on the ground. Reddish brown stains spatter the artwork. What could have happened here?","子供が描いたような絵が散乱している。絵はどれも赤黒く汚れているが、何があったのだろうか……","地上散落着像是孩子画的图画，上面溅满暗红褐色的污渍。这里究竟发生过什么？"
"10032911","{CARDNAME:4510}","{CARDNAME:4510}","{CARDNAME:4510}"
"10032912","You come across a warrior clad head to toe in black armor, singularly focused on his swordcraft. He seems quite skilled.","黒き甲冑に身を包んだ戦士が、極寒の中、剣の素振りに勤しんでいた。かなりの手練れのように見える。","你遇见一名全身披着黑色铠甲的战士。他正专心练剑，看起来身手不凡。"
"10032921","{CARDNAME:4510}","{CARDNAME:4510}","{CARDNAME:4510}"
"10032922","You spot a sign near him which reads, ""Challengers Welcome. Must Be Strong.""","見ると、戦士のそばに「挑戦者大歓迎、ただし強者に限る」と書かれた看板が立てられていた。","他旁边立着一块牌子，上书：「欢迎挑战，弱者免谈。」"
"10032931","{CARDNAME:4510}","{CARDNAME:4510}","{CARDNAME:4510}"
"10032932","The warrior turns to face you. ""You, young lady, are not yet ready,"" he says with a chuckle.","{CARDNAME:4510}は君に目を向けると、「お嬢さんにはまだ無理だ」と笑った。","{CARDNAME:4510} 转头看向你，笑道：「小姑娘，你还不够格。」"
"10032941","{CHARACTERNAME:1010}","{CHARACTERNAME:1010}","{CHARACTERNAME:1010}"
"10032942","You're not sure why he's laughing. You pay him no mind, and continue on your way.","この戦士が何を笑っているのかわからなかった君は、無視してその場から立ち去ることにした。","你不明白他有什么好笑的，便懒得理会，继续赶路。"
"10032951","{CARDNAME:4510}","{CARDNAME:4510}","{CARDNAME:4510}"
"10032952","The warrior turns to face you. ""Let us see which of us is the stronger!"" he bellows.","{CARDNAME:4510}は君を見るなり、「どちらが強いか試してみるか」と声をかけてきた。","{CARDNAME:4510} 一见你便高声道：「来看看我们谁更强吧！」"
"10032961","{CHARACTERNAME:1010}","{CHARACTERNAME:1010}","{CHARACTERNAME:1010}"
"10032962","Will you fight him?","{CARDNAME:4510}と戦うか？","要和 {CARDNAME:4510} 战斗吗？"
"10032971","Bring It!","戦う","来吧！"
"10032972","You accept the warrior's invitation, eager to test your mettle.","君は自分の実力を試してみたくなり、{CARDNAME:4510}の誘いを受けることにした。","你也想试试自己的实力，便接受了 {CARDNAME:4510} 的挑战。"
"10032981","Absolutely Not","戦わない","免了"
"10032982","You decide you have nothing to gain by engaging this man in combat, and take your leave.","君はそんなことをしたところで何の得もないと、その場を去ることにした。","你觉得和这人打上一场毫无好处，转身离开。"
"10032991","{CARDNAME:4510}","{CARDNAME:4510}","{CARDNAME:4510}"
"10032992","""You are truly powerful,"" the warrior says, readily admitting his defeat. He hands you an exquisite piece of equipment.","{CARDNAME:4510}は素直に敗北を認め「君こそが真の強者だ」と言いながら、見事な装備品を差し出した。","{CARDNAME:4510} 干脆地认输：「你才是真正的强者。」随后递给你一件精良装备。"
"10033001","{CARDNAME:4510}","{CARDNAME:4510}","{CARDNAME:4510}"
"10033002","The next instant he's stamping the ground repeatedly in extreme frustration. ""I cannot BELIEVE I lost!""","その直後……{CARDNAME:4510}は突然「このボクが負けるなんて！」と、地団駄を踏んで悔しがりはじめた。","下一瞬，{CARDNAME:4510} 却气得直跺脚：「我怎么可能会输！」"
"10033011","{CARDNAME:4510}","{CARDNAME:4510}","{CARDNAME:4510}"
"10033012","""I bid you challenge me again some day, young lady,"" he continues—with a tinge of embarrassment—before returning to his training.","そして「またボクと戦ってね、姐さん」と少し恥ずかしそうに言うと、{CARDNAME:4510}は剣の素振りに戻った。","随后他又有些害羞地说道：「大姐，下次还要再和我打哦。」说完，{CARDNAME:4510} 便回去继续练剑。"
"10033021","{CARDNAME:4510}","{CARDNAME:4510}","{CARDNAME:4510}"
"10033022","""Grow stronger, young one,"" the warrior says encouragingly as he tends to your injuries.","{CARDNAME:4510}は「強くなれ、若者よ」と君達を励まし、少しだけ介抱してくれた。","{CARDNAME:4510} 一边替你们简单处理伤势，一边鼓励道：「变得更强吧，年轻人。」"
"10033031","{CARDNAME:4510}","{CARDNAME:4510}","{CARDNAME:4510}"
"10033032","The warrior brandishes his sword with passion and intensity. The sign beside him now reads, ""Challengers Welcome. Proof of Strength Not Required.""","{CARDNAME:4510}が、剣の素振りに励んでいる。そのそばには「挑戦者大歓迎、強さは不問」と書かれた看板が……","{CARDNAME:4510} 正热火朝天地练剑。旁边的牌子已经改成：「欢迎挑战，不限实力。」"
"10033041","{CARDNAME:4510}","{CARDNAME:4510}","{CARDNAME:4510}"
"10033042","He takes notice of you, and approaches. ""Please grant me the honor of sparring with you once more,"" he entreats.","{CARDNAME:4510}は君の存在に気付くやいなや、「どうかボクのお相手をしてください」と懇願してきた。","{CARDNAME:4510} 一发现你，立刻上前恳求：「请务必再和我切磋一次！」"
"10033051","{CHARACTERNAME:1010}","{CHARACTERNAME:1010}","{CHARACTERNAME:1010}"
"10033052","Will you challenge him again?","再び、{CARDNAME:4510}と戦うか？","要再次挑战 {CARDNAME:4510} 吗？"
"10033061","Bring It!","戦う","来吧！"
"10033062","Not one to turn down such a humble request, you ready your weapon.","そこまでお願いされたら仕方がないと、君は武器を構えた。","对方都如此诚恳了，你也不好拒绝，于是架起武器。"
"10033071","Absolutely Not","戦わない","免了"
"10033072","You're not in the mood for a fight. ""Another time,"" you respond, and walk away.","今は戦う気分ではなかったので、黒き戦士に「また今度」と返し、その場から立ち去った。","你现在没心情打架，只回了一句「下次吧」，便转身离开。"
"10033081","{CARDNAME:4510}","{CARDNAME:4510}","{CARDNAME:4510}"
"10033082","""You're so incredibly strong!"" he exclaims, fawning over you as he hands you your prize.","{CARDNAME:4510}は君に心酔した様子で、「やっぱり姐さんは強いや！」と言い、君に手合わせの謝礼をくれた。","{CARDNAME:4510} 一脸崇拜地说道：「果然还是大姐强！」随后把切磋的谢礼递给你。"
"10033091","{CARDNAME:4510}","{CARDNAME:4510}","{CARDNAME:4510}"
"10033092","The warrior leaps up and down with glee at having defeated you. He then tends to your injuries.","{CARDNAME:4510}は、君に勝てたことに飛び上がって喜んだ。さらに、君達の傷を少しだけ介抱してくれた。","{CARDNAME:4510} 因为赢了你，高兴得跳了起来，随后还帮你们简单处理了伤势。"
"10033101","","",""
"10033102","君達のＨＰが、
ＸＸ回復した！","君達のＨＰが、
ＸＸ回復した！","君達のＨＰが、
ＸＸ回復した！"
"10033111","Sandstorm","砂嵐","沙暴"
"10033112","A sudden gust of wind blasts you. The next instant, you find yourself engulfed in a sandstorm! You can hardly see.","突風が吹いた。身構える間も無く風は砂嵐となり、君達の周囲は真っ暗になる。","一阵狂风突然袭来。还没来得及防备，风便卷成沙暴，将四周遮得一片昏暗！"
"10033121","","",""
"10033122","Roll to see how much damage you take. A four or greater might even get you out unharmed.","ダイスの目によって砂嵐の被害が変化する。
４以上が出ればやり過ごせるだろう。","掷骰结果将决定沙暴造成的伤害。掷出 4 以上也许能毫发无伤地撑过去。"
"10033131","Sandstorm","砂嵐","沙暴"
"10033132","You all drop flat to the deck of the sandskiff and try to ride out the storm. Sand pounds the hull, making an awful sound.","君達は、砂船の甲板に伏せてやり過ごそうとした。船に大量の砂が叩きつけられる。もの凄い音だ……","你们趴在沙船甲板上硬撑。大量沙粒不断砸在船身上，发出骇人的声响。"
"10033141","Sandstorm","砂嵐","沙暴"
"10033142","After a time, the wind settles and the storm clears.","しばらく耐え忍ぶと、砂嵐は去っていった。","忍耐了一阵，风势终于减弱，沙暴散去。"
"10033151","{CHARACTERNAME:1010}","{CHARACTERNAME:1010}","{CHARACTERNAME:1010}"
"10033152","You take stock of your surroundings and notice something catching the sun's light. It's a bottle of curative!","砂船から周囲を見ると、近くにキラリと光る物が落ちている。どうやら薬ビンのようだ。","你环顾四周，发现附近有东西在阳光下闪亮。是一瓶药！"
"10033161","砂嵐","砂嵐","砂嵐"
"10033162","君達は、砂船の甲板に伏せてやり過ごそうとした。船に大量の砂が叩きつけられる。もの凄い音だ……","君達は、砂船の甲板に伏せてやり過ごそうとした。船に大量の砂が叩きつけられる。もの凄い音だ……","君達は、砂船の甲板に伏せてやり過ごそうとした。船に大量の砂が叩きつけられる。もの凄い音だ……"
"10033171","{CHARACTERNAME:1010}","{CHARACTERNAME:1010}","{CHARACTERNAME:1010}"
"10033172","The relentless wind lifts one of the trunks off the deck. Panicked, you reach out your hand and pull it back down.","すると、強風で荷物が巻き上げられてしまった。君は慌ててそれに手を伸ばす。","强风卷起甲板上的一件行李。你慌忙伸手，把它拽了回来。"
"10033181","{CHARACTERNAME:1010}","{CHARACTERNAME:1010}","{CHARACTERNAME:1010}"
"10033182","Sand mercilessly blasts your outstretched hand.","砂船から身を乗り出した君に、容赦なく砂嵐が襲い掛かる。","你探出船身的手臂遭到沙暴无情拍打。"
"10033191","{CHARACTERNAME:1010}","{CHARACTERNAME:1010}","{CHARACTERNAME:1010}"
"10033192","At last, the storm subsides. You manage to keep the trunk on the skiff, but your arm is covered in fine cuts and abrasions.","やがて砂嵐は止んだ。
君は荷物を守ることには成功したものの、擦り傷だらけになってしまった……","沙暴终于平息。你保住了行李，手臂却布满细小伤口和擦伤……"
"10033201","{CARDNAME:1030}","{CARDNAME:1030}","{CARDNAME:1030}"
"10033202","A further gust of wind rips open one of {CARDNAME:1030}'s trunks, scattering his documents to the wind. He grabs at them in a panic.","すると、強風で{CARDNAME:1030}の荷物の中から、書類が舞い散った。彼は慌ててそれに手を伸ばす。","又一阵狂风掀开 {CARDNAME:1030} 的行李，里面的文件漫天飞散。他慌忙伸手去抓。"
"10033211","{CARDNAME:1030}","{CARDNAME:1030}","{CARDNAME:1030}"
"10033212","He snatches them out of the air, screaming as sand blasts every inch of his body exposed above the sides of the skiff.","砂船から身を乗り出した{CARDNAME:1030}に、容赦なく砂嵐が襲い掛かる。彼は悲鳴を上げながらも、書類を掴んだ。","{CARDNAME:1030} 探出船身，任沙暴拍打全身，一边惨叫一边总算抓住了文件。"
"10033221","{CARDNAME:1030}","{CARDNAME:1030}","{CARDNAME:1030}"
"10033222","At last, the storm abates. {CARDNAME:1030} groans, papers crumpled in his abraded fists.","やがて砂嵐は止んだ。
{CARDNAME:1030}はぐしゃぐしゃの書類を握りしめ、擦り傷だらけでうなだれている……","沙暴终于平息。{CARDNAME:1030} 满身擦伤，手里攥着揉得皱巴巴的文件，垂头丧气……"
"10033231","{CHARACTERNAME:1010}","{CHARACTERNAME:1010}","{CHARACTERNAME:1010}"
"10033232","You soon feel your body lifting off the deck into the air! Your allies grab your arm else the storm whisk you away.","君は、ふわりと体が宙に浮く感覚を覚えた。風に飛ばされそうになった君の手を仲間が咄嗟に掴む。","你忽然感觉身体被风托离甲板！同伴赶紧抓住你的手，免得你被卷走。"
"10033241","{CHARACTERNAME:1010}","{CHARACTERNAME:1010}","{CHARACTERNAME:1010}"
"10033242","Sand blasts every inch of your body, but you're almost certain to die if you let go.","君達の体に容赦なく砂嵐が襲い掛かる。しかし、手を放せば待っているのは……おそらく死だ。","沙暴无情地拍打着你们，可要是松手，等着你的恐怕就是死。"
"10033251","{CHARACTERNAME:1010}","{CHARACTERNAME:1010}","{CHARACTERNAME:1010}"
"10033252","At last, the storm clears and you narrowly make it back onto the deck of the sandskiff. The entire party, however, has been thoroughly sandblasted.","やがて砂嵐は止み、かろうじて君の体は砂船の中に戻る……が、全員あちこち擦り傷だらけで酷い有様だ。","沙暴终于散去，你勉强回到沙船甲板上，可全员都被刮得遍体擦伤。"
"10033261","Thunder and Lightning","稲光と雷鳴","电光与雷鸣"
"10033262","Ominous clouds swirl above you, darkening the sky. A peal of thunder follows a brief flash of lightning. This is bad...","空に不吉な黒い雲が渦巻いている。稲光と雷鳴。君はとても嫌な予感がした。","不祥的黑云在头顶盘旋，天空骤然暗下。电光一闪，紧接着雷声炸响。情况不妙……"
"10033271","","",""
"10033272","Roll to see how much damage you take. A four or greater might even get you out unharmed.","ダイスの目によって落雷の被害が変化する。
４以上が出ればやり過ごせるだろう。","掷骰结果将决定雷击造成的伤害。掷出 4 以上也许能毫发无伤地躲过去。"
"10033281","Lightning Strike","落雷","雷击"
"10033282","Another flash, but this time the peal of thunder is nearly simultaneous. That was one close lightning strike!","閃光が走るのと同時に轟音が響く。雷は、君のすぐ近くに落ちたようだ。","又一道闪光划过，雷声几乎同时炸响。雷就落在你附近！"
"10033291","{CHARACTERNAME:1010}","{CHARACTERNAME:1010}","{CHARACTERNAME:1010}"
"10033292","In fact, the chunk of boulder missing nearby tells you exactly where it struck. Had you been standing there... You break out in a cold sweat.","落雷した場所は岩が削れてしまっている。もしそこに自分がいたならと想像し、君は冷や汗をかく。","旁边岩石缺掉的一大块清楚说明了落雷的位置。想到如果自己刚才站在那里……你不禁冒出冷汗。"
"10033301","{CHARACTERNAME:1010}","{CHARACTERNAME:1010}","{CHARACTERNAME:1010}"
"10033302","You can't take your eyes off the boulder... And good thing, too, because something is staring right back at you.","君が削れた岩肌を凝視していると、何かが顔を覗かせていることに気付いた。","你盯着被雷削开的岩壁，忽然发现里面似乎也有什么东西在「盯」着你。"
"10033311","Gold Coin","金貨","金币"
"10033312","You walk over and give the brittle rock another whack, revealing a gold coin. So THIS is what the lightning was after!","脆くなった岩を砕くと、それが金貨であることがわかった。雷はこの金属を目指して落ちたのだろうか。","你走过去敲碎已经变脆的岩石，里面竟露出一枚金币。难道雷就是冲着这块金属来的？"
"10033321","{CHARACTERNAME:1010} and Company","{CHARACTERNAME:1010}達一行","{CHARACTERNAME:1010} 一行"
"10033322","Everyone leaps out of the sandskiff and lies flat on the ground in a frenzied attempt to avoid being struck.","君達は自分に雷が落ちてこないよう、慌てて砂船から飛び出し、地面に伏せた。","众人慌忙跳下沙船，趴在地面上，试图躲开雷击。"
"10033331","Lightning Strike","落雷","雷击"
"10033332","The flash and impact are nearly simultaneous. You do indeed avoid a direct hit, but it strikes so close that the ground carries the current right through you...","光と衝撃は同時だった。直撃こそ免れたが、至近距離に落ちた雷は、地面を伝って君の身体に……","闪光与冲击几乎同时袭来。虽然没有被直接击中，但雷落得太近，电流顺着地面穿过了你……"
"10033341","{CHARACTERNAME:1010}","{CHARACTERNAME:1010}","{CHARACTERNAME:1010}"
"10033342","Your whole body tingles and aches, but it's better than taking a direct hit. Still a bit twitchy, you look up at the sky.","全身が痛む……しかし、直撃されるよりはずっとマシだっただろう。君はゾッとしながら空を仰いだ。","全身又麻又痛，但总比被雷直接劈中好。你仍有些抽搐着，抬头望向天空。"
"10033351","{CHARACTERNAME:1010}","{CHARACTERNAME:1010}","{CHARACTERNAME:1010}"
"10033352","Where will it strike next? You'll never know, because the dark clouds have already parted.","次はどこに落ちるのだろうかと不安がる君をよそに、黒い雲は晴れていった。","下一道雷会落在哪里？还没等你继续担心，黑云已经散开了。"
"10033361","Lightning Strike","落雷","雷击"
"10033362","The flash and crash assault your eyes and ears simultaneously. Lightning carves out a hunk from the face of nearby rock, sending pieces hurtling through the air...","眩い光と耳をつんざく衝撃音。近くの岩肌を雷が抉り取った。そして砕けた岩が弾け飛び……","刺眼闪光与震耳雷声同时袭来。雷击削碎了附近一块岩壁，碎石四散飞射……"
"10033371","{CARDNAME:1040}","{CARDNAME:1040}","{CARDNAME:1040}"
"10033372","They bounce directly off the prone {CARDNAME:1040}. That looked like it hurt...","吹き飛んだいくつもの岩が伏せている{CARDNAME:1040}に降り注ぐ。かなり痛そうだ。","飞散的碎石正好砸在趴着的 {CARDNAME:1040} 身上。看起来相当疼……"
"10033381","{CARDNAME:1040}","{CARDNAME:1040}","{CARDNAME:1040}"
"10033382","The dark clouds dissipate, releasing you from worrying where the next bolt will land. {CARDNAME:1040} didn't make it out unscathed, though.","やがて黒い雲は晴れ、君達は落雷の恐怖から解放された。しかし、{CARDNAME:1040}は傷を負ってしまった……","黑云终于散去，你们也摆脱了落雷的威胁。不过 {CARDNAME:1040} 还是受了伤……"
"10033391","Lightning Strike","落雷","雷击"
"10033392","As soon as you hit the ground, you feel the current rush through you. No one suffers a direct hit, but it's close enough that the ground makes sure you all feel the shock.","その直後、全身に激痛が走る。直撃こそ免れたが、至近距離に落ちた雷は、地面を伝って君達の身体に……","刚趴到地上，剧痛便窜遍全身。虽然没有直接被劈中，但近处落雷的电流仍沿地面传进了你们身体……"
"10033401","{CHARACTERNAME:1010} and Company","{CHARACTERNAME:1010}達一行","{CHARACTERNAME:1010} 一行"
"10033402","You all stand up, muscles involuntarily twitching as the current runs its course. You shudder to think what would've happened if that had been a direct hit...","君達の体が自分の意思に反してビクビクと動く。もしこれが直撃だったら、どうなっていたことだろう……","电流尚未完全散去，你们的肌肉不受控制地抽动着。想到如果刚才是直接命中，实在令人后怕……"
"10033411","{CHARACTERNAME:1010} and Company","{CHARACTERNAME:1010}達一行","{CHARACTERNAME:1010} 一行"
"10033412","The dark clouds break, and you all drag yourselves back to the sandskiff.","やがて黒い雲は晴れ、君達は痛む身体を引きずりながら砂船に戻った。","黑云终于散去，你们拖着疼痛的身体回到沙船。"
"10033421","Falling Snow","落雪","落雪"
"10033422","As you trudge through the snow, you hear a muffled ""thwup"" somewhere ahead. The sound of snow falling from the trees above.","君達が雪を踏みしめながら歩いていると、近くでドサッという鈍い音がした。木から雪が落ちた音だ。","你们踩着积雪前进时，前方忽然传来一声沉闷的「扑通」。像是树上的积雪落了下来。"
"10033431","Branch","木の枝","树枝"
"10033432","The next sound you hear is the crick-crack of a strained branch above your head. Uh-oh...","その直後、君達の頭上から木の枝がミシミシと軋む音が聞こえてくる。何だか嫌な予感が……","紧接着，头顶传来树枝不堪重负的嘎吱声。情况似乎不妙……"
"10033441","","",""
"10033442","Roll to see how much damage you take. A four or greater might even get you out unharmed.","ダイスの目によって、落雪による被害が変化する。
４以上が出ればやり過ごせるだろう。","掷骰结果将决定落雪造成的伤害。掷出 4 以上也许能毫发无伤地躲过去。"
"10033451","Falling Snow","落雪","落雪"
"10033452","The party leaps out of the way in all directions. You hear the heavy thud of a pile of snow behind you.","君達は素早くその場から飛びのいた。すると、背後から重たい雪の落ちる音が聞こえてくる。","众人立刻朝四面跳开，身后随即传来厚重积雪落地的闷响。"
"10033461","{CHARACTERNAME:1010} and Company","{CHARACTERNAME:1010}達一行","{CHARACTERNAME:1010} 一行"
"10033462","It would've buried you if you'd moved even a second later...","もし判断が少しでも遅れていたら、雪の下敷きになっていただろう……","再晚一步，恐怕就要被整堆雪埋住了……"
"10033471","{CHARACTERNAME:1010} and Company","{CHARACTERNAME:1010}達一行","{CHARACTERNAME:1010} 一行"
"10033472","You look back at the pile of snow and see that the branch sticking out of it has some fruit still attached!","君達が落雪した場所に目を凝らすと、太い木の枝が見えた。そこには、食べられそうな木の実が……","你回头看向雪堆，发现露在外面的树枝上竟还结着果实！"
"10033481","{CHARACTERNAME:1010} and Company","{CHARACTERNAME:1010}達一行","{CHARACTERNAME:1010} 一行"
"10033482","Pleased at their good fortune, everyone tosses a bit of the fruit into their mouths. It's...hard, but edible.","君達はこれ幸いと木の実を口に放り込む。随分と硬いが、食べられなくはない。","众人庆幸这份意外收获，各自把果子丢进嘴里。虽然硬得要命，但勉强能吃。"
"10033491","{CHARACTERNAME:1010}","{CHARACTERNAME:1010}","{CHARACTERNAME:1010}"
"10033492","You make a harried attempt to leap away, but your leg gets caught and you fall to the ground.","君は慌てて落雪から逃げようとするが、足がもつれて転んでしまった。","你慌忙想躲开落雪，却脚下一绊摔倒在地。"
"10033501","Falling Snow","落雪","落雪"
"10033502","Sure enough, the snow buries you, pinning you in place. You're certain frostbite is imminent...","案の定、君の上に冷たい雪がドサドサと落ちてきた。全身が雪に包まれ、凍傷になりそうだ……","果然，冰冷积雪劈头盖脸压在你身上，把你死死埋住。再这样下去恐怕要冻伤了……"
"10033511","{CHARACTERNAME:1010}","{CHARACTERNAME:1010}","{CHARACTERNAME:1010}"
"10033512","Your companions manage to free you, but you're already chilled to the bone...","その後、君は仲間から助け出されたが、身体が冷え切ってしまった……","同伴总算把你从雪里挖了出来，可你已经冻得浑身发冷……"
"10033521","{CARDNAME:1020}","{CARDNAME:1020}","{CARDNAME:1020}"
"10033522","""Look out!"" {CARDNAME:1020} shouts as he pushes you out of the way.","その直後、{CARDNAME:1020}が「危ない！」と叫びながら、君のことを突き飛ばした。","「危险！」{CARDNAME:1020} 大喊一声，把你推开。"
"10033531","{CARDNAME:1020}","{CARDNAME:1020}","{CARDNAME:1020}"
"10033532","The next instant, he's buried under the pile of snow that would've taken you out...","{CARDNAME:1020}は君の身代わりとなり、頭上から降り注ぐ落雪に埋まってしまった……","下一瞬，本该砸中你的积雪全部压在了 {CARDNAME:1020} 身上……"
"10033541","{CHARACTERNAME:1010}","{CHARACTERNAME:1010}","{CHARACTERNAME:1010}"
"10033542","You rush to free him from the snow and extend your thanks.","雪の中から{CARDNAME:1020}を救出した君は、「ありがとう」と礼を述べる。","你赶紧把 {CARDNAME:1020} 从雪中挖出来，向他道谢。"
"10033551","{CARDNAME:1020}","{CARDNAME:1020}","{CARDNAME:1020}"
"10033552","慌てて掘り起こそうと近寄ると、雪をかき分け、{CARDNAME:1020}が這い出てきた。","慌てて掘り起こそうと近寄ると、雪をかき分け、{CARDNAME:1020}が這い出てきた。","慌てて掘り起こそうと近寄ると、雪をかき分け、{CARDNAME:1020}が這い出てきた。"
"10033561","{CARDNAME:1020}","{CARDNAME:1020}","{CARDNAME:1020}"
"10033562","He's clearly taken a hit, but takes pains to make sure you're unharmed. ""Let's get out of here,"" he says.","落雪の直撃を食らった{CARDNAME:1020}だったが、君が無事なことを確認すると、「先を急ごう」と促した。","{CARDNAME:1020} 明明挨了重重一下，却先确认你没有受伤，随后说道：「赶紧走吧。」"
"10033571","{CHARACTERNAME:1010}","{CHARACTERNAME:1010}","{CHARACTERNAME:1010}"
"10033572","You all sense the danger and back away from the tree. Just when you think you're safe, you feel the ground beneath you give a little...","ここにいては危ない。仲間達に危険を知らせて木から離れると、突然視界が大きく揺れた。","众人察觉危险，立刻远离那棵树。正以为安全了，脚下的地面却忽然一沉……"
"10033581","{CHARACTERNAME:1010} and Company","{CHARACTERNAME:1010}達一行","{CHARACTERNAME:1010} 一行"
"10033582","You've backed yourselves onto a hole covered by the falling snow! The snow gives way, and you find yourselves at the bottom, covered in snow anyhow.","君達は、雪に覆われた深い穴の上に移動してしまったようだ。全員が穴に落ちて雪まみれになる。","原来你们退到了一个被落雪掩住的深坑上！积雪塌陷，众人一起跌进坑底，最后还是落得满身是雪。"
"10033591","{CHARACTERNAME:1010} and Company","{CHARACTERNAME:1010}達一行","{CHARACTERNAME:1010} 一行"
"10033592","Distressed and a little worse for wear, you scramble out of the hole and brush the snow off one another.","穴からどうにか這い出した君達は、酷い目に遭ったと意気消沈しながら、お互いの雪を払いあった……","你们狼狈地爬出深坑，一边垂头丧气地感叹倒霉，一边互相拍掉身上的雪……"
"10033601","Chest","宝箱","宝箱"
"10033602","You spot something half-buried in the sand, and manage to work it free. It's a treasure chest!","砂の中に何かが埋まっているのを見つけた。掘り返してみると、宝箱のようだ。","你发现沙里半埋着什么，费力挖出来一看——是个宝箱！"
"10033611","Chest","宝箱","宝箱"
"10033612","Alas, the lid is shut quite tight, and there's no keyhole in sight.","しかし、宝箱の蓋はしっかりと閉ざされており、カギ穴のようなものも見当たらない……","可惜箱盖锁得严严实实，连钥匙孔都找不到。"
"10033621","Chest","宝箱","宝箱"
"10033622","But you worked so hard to get it out of the sand... This chest is OPENING, you decide, even if you have to smash it to pieces!","せっかく見つけた宝箱だ。君達は壊してでも中を見てみることにした。","好不容易才从沙里挖出来，怎么也得看看里面！哪怕砸碎也要把它打开。"
"10033631","","",""
"10033632","Roll four or greater to open the chest.","ダイスの目によって、宝箱を開けることができる。４以上が出れば成功する。","掷出 4 以上即可打开宝箱。"
"10033641","{CHARACTERNAME:1010}","{CHARACTERNAME:1010}","{CHARACTERNAME:1010}"
"10033642","You take up your weapon and whack the chest with vigor, until... CRACK! You manage to break the lid!","君は、ガンガンと武器を箱に叩きつける。そして……遂に蓋を破壊することに成功した。","你抄起武器狠狠砸向宝箱。一下又一下——咔嚓！箱盖终于被砸开了！"
"10033651","Chest","宝箱","宝箱"
"10033652","Gold pieces tumble out onto the ground. You're not sure what the right way to open it was, but you consider this safe cracked.","箱から、じゃらりと金貨がこぼれ出す。正しい開け方はわからないが、この箱は金庫だったようだ。","金币哗啦啦滚到地上。虽不知道正确开法是什么，但这「金库」总算被你打开了。"
"10033661","Chest","宝箱","宝箱"
"10033662","A bunch of scrap comes clanking out of the chest. Was this just...a box full of garbage?","すると、じゃらじゃらと音を立ててガラクタが出てきた。これはもしかして、ごみ箱だったのだろうか？","一堆破烂叮叮当当地从箱里掉出来。难道这只是个装垃圾的箱子？"
"10033671","Comrade","仲間","同伴"
"10033672","""Wait, there's something here!"" One of your compatriots places something in your hand, snapping you out of your disappointment.","君が落胆していると、仲間がガラクタの中から「掘り出し物を見つけた」と言って、何かを差し出した。","「等等，这里有东西！」你正失望时，一名同伴从破烂堆里翻出东西，递到你手上。"
"10033681","{CHARACTERNAME:1010}","{CHARACTERNAME:1010}","{CHARACTERNAME:1010}"
"10033682","You take up your weapon and whack the chest with vigor. After a couple thwacks, the lid flies open!","君は、ガンガンと武器を箱に叩きつける。すると、不意に勢いよく蓋が開き……","你抄起武器狠狠干了宝箱几下。没砸几次，箱盖突然弹开！"
"10033691","Monster","魔物","魔物"
"10033692","The monster that was hiding inside leaps out! It must've nested inside to escape the heat.","中から魔物が飛び出してきた！どうやらこの箱は、砂漠の暑さから逃れるためのねぐらだったらしい。","藏在里面的魔物猛地跳了出来！看来它把这里当成了躲避炎热的巢穴。"
"10033701","Monster","魔物","魔物"
"10033702","Naturally, it attacks you for disturbing its peaceful slumber.","安眠を妨害されて怒った魔物は、当然ながら君達に襲い掛かってきた。","安稳觉被打扰，魔物自然怒气冲冲地朝你们扑了过来。"
"10033711","{CHARACTERNAME:1010} and Company","{CHARACTERNAME:1010}達一行","{CHARACTERNAME:1010} 一行"
"10033712","Thrilled at having felled another monster, the party continues on its way.","魔物を退けることができたと喜び、君達は旅路へと戻ることにした。","总算又消灭了一只魔物，众人心满意足地继续赶路。"
"10033721","{CHARACTERNAME:1010} and Company","{CHARACTERNAME:1010}達一行","{CHARACTERNAME:1010} 一行"
"10033722","The party gathers round the chest and takes turns hitting it with their weapons...to no avail.","君達は、代わる代わる武器で宝箱を叩いてみた。しかし、箱は頑丈すぎてびくともしない。","众人围住宝箱，轮番用武器猛砸……可它纹丝不动。"
"10033731","{CHARACTERNAME:1010} and Company","{CHARACTERNAME:1010}達一行","{CHARACTERNAME:1010} 一行"
"10033732","What's worse, you've all been thwacking away beneath a relentless sun. You are profoundly and very explicably exhausted.","炎天下の中で一心不乱に宝箱を叩いていた君達は、酷く体力を消耗してしまっていることに気付いた。","更糟的是，你们一直顶着烈日砸箱子，理所当然地累得筋疲力尽。"
"10033741","{CHARACTERNAME:1010} and Company","{CHARACTERNAME:1010}達一行","{CHARACTERNAME:1010} 一行"
"10033742","This isn't worth the effort. Pride wounded, you continue on your journey.","まったく割に合わない。バカらしくなった君達は、宝箱を諦めて旅路に戻ることにした……","这实在不划算。众人带着受挫的自尊放弃宝箱，继续上路……"
"10033751","{CHARACTERNAME:1010} and Company","{CHARACTERNAME:1010}達一行","{CHARACTERNAME:1010} 一行"
"10033752","Having kept you in check, the monster hops back into the chest. You pick yourselves up and take your leave, thankful to still be alive.","魔物は君達を牽制すると、宝箱の中へと戻った。命拾いした君達は、静かに立ち去ることにした……","魔物把你们逼退后，又跳回宝箱里。庆幸捡回一命的你们爬起来，悄悄离开。"
"10033761","Chest","宝箱","宝箱"
"10033762","The party happens upon a half-buried treasure chest. You dig it out, only to find it's locked.","雪の中に何かが埋まっているのを見付けた。掘り返してみると、それはカギの掛かった宝箱だった。","众人发现一个半埋在雪里的宝箱。挖出来后才发现，它上了锁。"
"10033771","{CARDNAME:1030} and {CHARACTERNAME:1010}","{CARDNAME:1030}と{CHARACTERNAME:1010}","{CARDNAME:1030} 和 {CHARACTERNAME:1010}"
"10033772","{CARDNAME:1030} boasts of his lockpicking skills. You take one look at it and announce that you could do it. Probably. You have no basis for this claim.","カギ開けは得意だと主張する{CARDNAME:1030}。君も根拠はないが「できそうな気がする」と思った。","{CARDNAME:1030} 自称很会开锁。你看了一眼，也毫无根据地觉得：「我大概也行。」"
"10033781","{CARDNAME:1020}","{CARDNAME:1020}","{CARDNAME:1020}"
"10033782","You ask {CARDNAME:1020} if he could open it. He scrunches his face. ""Lockpicking isn't my strong suit,"" he replies.","{CARDNAME:1020}にカギ開けはできるかを尋ねてみると、「得意とは言えないな」と難しい顔をしている。","你问 {CARDNAME:1020} 能不能开锁。他皱着脸答道：「开锁可不是我的强项。」"
"10033791","{CARDNAME:1040}","{CARDNAME:1040}","{CARDNAME:1040}"
"10033792","{CARDNAME:1040}, brimming with confidence, announces she can, ""Pick lock good!"" This is the first you've heard of her lockpicking prowess...","{CARDNAME:1040}は自信満々な様子で「カギアケ　トクイ！」と言っている。まったくの初耳だが……","{CARDNAME:1040} 自信满满地说道：「开锁，很擅长！」你还是第一次听说她有这种本事……"
"10033801","{CHARACTERNAME:1010}","{CHARACTERNAME:1010}","{CHARACTERNAME:1010}"
"10033802","Who shall open the chest?","誰が解錠を試みる？","要让谁来开锁？"
"10033811","{CHARACTERNAME:1010}","{CHARACTERNAME:1010}","{CHARACTERNAME:1010}"
"10033812","You slide your weapon into a small gap in the chest and lean hard on the hilt, hoping to pry it open.","君は武器の先端を箱の隙間に差し入れると、てこの原理で力を込めてみた。","你把武器尖端插进箱子的缝隙，用杠杆原理使劲往下压，想把它撬开。"
"10033821","{CARDNAME:1020}","{CARDNAME:1020}","{CARDNAME:1020}"
"10033822","""We spent all that time getting it out. You might as well try!"" you tell {CARDNAME:1020}, who agrees.","君が「せっかくだし試してみたらどうか」と提案すると、{CARDNAME:1020}は素直に承諾した。","你对 {CARDNAME:1020} 说：「好不容易挖出来了，不如试试？」他爽快地答应了。"
"10033831","{CARDNAME:1030}","{CARDNAME:1030}","{CARDNAME:1030}"
"10033832","{CARDNAME:1030} the Boastful tries his hand at picking the lock. If you're honest, he looks like he'd be great at this sort of thing.","自信ありげな{CARDNAME:1030}が解錠を試みることにした。こういったカラクリを解くのは大得意だそうだ。","自信满满的 {CARDNAME:1030} 决定试着开锁。老实说，这类机关看起来确实很适合他。"
"10033841","{CARDNAME:1040}","{CARDNAME:1040}","{CARDNAME:1040}"
"10033842","Feeling uneasy about your own abilities, you let Tralis take the lead. She smiles, nods, and gives the chest a swift kick!","君は不安に思いながらも、{CARDNAME:1040}に任せることにした。彼女は笑顔で頷くと、いきなり箱を蹴りつけた！","你对自己的本事有些没底，于是决定交给 {CARDNAME:1040}。她笑着点头，突然一脚踹向宝箱！"
"10033851","{CHARACTERNAME:1010}","{CHARACTERNAME:1010}","{CHARACTERNAME:1010}"
"10033852","It's not pretty, but it works! You hear the lock snap, and the lid swings open.","力技だったが、うまくいったようだ。カギの壊れる音がして蓋が開く。","办法粗暴，但确实有效！锁应声断裂，箱盖弹开。"
"10033861","{CHARACTERNAME:1010}","{CHARACTERNAME:1010}","{CHARACTERNAME:1010}"
"10033862","Inside, you find an item that should prove useful on your travels!","中には、旅の役に立ちそうなものが入っていた。","里面装着一件旅途中肯定派得上用场的东西！"
"10033871","{CHARACTERNAME:1010}","{CHARACTERNAME:1010}","{CHARACTERNAME:1010}"
"10033872","You lean in with all your weight, not caring one bit if you damage your weapon. You hear the lock snap within, and the lid snaps open violently.","武器が傷むのも厭わずに、君は力を込めた。すると、カギの壊れる音がして、勢いよく蓋が開く。","你毫不在乎武器会不会受损，把全身重量都压了上去。只听锁在内部咔嚓一声，箱盖猛地弹开。"
"10033881","Chest","宝箱","宝箱"
"10033882","The force of the chest opening sends gold pieces flying in all directions. You gather up every last one, looking quite pleased with yourself.","その衝撃で、中に入っていた金貨が飛び散る。君はほくほく顔でそれらを拾い集めた。","箱盖弹开的冲力把金币震得到处乱飞。你喜滋滋地一枚不漏全捡了起来。"
"10033891","{CHARACTERNAME:1010}","{CHARACTERNAME:1010}","{CHARACTERNAME:1010}"
"10033892","You borrow a couple of needlelike tools from {CARDNAME:1030}, shove them into the keyhole, and jiggle. You have no idea what you're doing.","{CARDNAME:1030}から針金のような道具を借りた君は、慣れない手つきでカギ穴をいじる。","你向 {CARDNAME:1030} 借来两根针状工具，塞进钥匙孔里胡乱拨弄。说实话，你完全不知道自己在干什么。"
"10033901","{CHARACTERNAME:1010}","{CHARACTERNAME:1010}","{CHARACTERNAME:1010}"
"10033902","You jiggle a little too hard, however, and the needle snaps in two, half still lodged in the keyhole.","しかし、力を入れすぎたのか、道具がカギ穴の中で折れてしまった……","可你一不小心用力过头，工具在钥匙孔里折断了，半截还卡在里面……"
"10033911","{CHARACTERNAME:1010}","{CHARACTERNAME:1010}","{CHARACTERNAME:1010}"
"10033912","You think about what you've done, bury the chest back in the snow, and pretend none of this ever happened.","君は少し考えた後、雪の中に宝箱を埋め戻し、何も見なかったことにした。","你思考了一会儿，把宝箱重新埋进雪里，决定当作什么都没发生。"
"10033921","{CARDNAME:1020}","{CARDNAME:1020}","{CARDNAME:1020}"
"10033922","{CARDNAME:1020} borrows two needlelike instruments from {CARDNAME:1030} and cautiously slides them into the keyhole.","{CARDNAME:1030}から針金のような道具を借りると、おぼつかない手つきでカギ穴をいじくる{CARDNAME:1020}。","{CARDNAME:1020} 向 {CARDNAME:1030} 借来两根针状工具，动作生疏地伸进钥匙孔。"
"10033931","{CARDNAME:1020}","{CARDNAME:1020}","{CARDNAME:1020}"
"10033932","They make a pleasant clicking sound as he moves them about, and in no time, the lock is open. He lifts the lid.","すると、カチリと小気味の良い音が鳴り、あっさりと解錠に成功した。蓋を開けてみると……","工具拨动时发出清脆的咔哒声。没多久，锁竟然开了。他掀起箱盖——"
"10033941","Chest","宝箱","宝箱"
"10033942","There's a sizeable gold nugget inside! {CARDNAME:1020} lets out a satisfied sigh, hands the tools back to {CARDNAME:1030}, and passes the gold nugget to you.","中には輝く金塊が。{CARDNAME:1020}は満足そうに大きく一息つくと、{CARDNAME:1030}に道具を返し、金塊を君に渡した。","里面竟是一大块金锭！{CARDNAME:1020} 满意地长舒一口气，把工具还给 {CARDNAME:1030}，又把金锭递给你。"
"10033951","","",""
"10033952","Ten minutes later...","─１０分後─","——10 分钟后——"
"10033961","{CARDNAME:1020}","{CARDNAME:1020}","{CARDNAME:1020}"
"10033962","The lock surrenders with a pleasant click, and the lid pops open.","不意にカチリと小気味の良い音が鳴り、蓋が開いた。","清脆的「咔哒」一声，锁终于屈服，箱盖弹开了。"
"10033971","Chest","宝箱","宝箱"
"10033972","Inside is a single ring. {CARDNAME:1020} hands it to you with a relieved look on his face.","箱の中には指輪がひとつ。ほっとした表情で、{CARDNAME:1020}はそれを君に手渡した。","箱里只有一枚戒指。{CARDNAME:1020} 露出如释重负的表情，把它递给你。"
"10033981","{CARDNAME:1020}","{CARDNAME:1020}","{CARDNAME:1020}"
"10033982","You hear a flat CLANK. The tool has snapped in half...","すると、ペキッという乾いた音がする。どうも針金が折れてしまったようだ……","只听「啪」的一声脆响，工具断成了两截……"
"10033991","Chest","宝箱","宝箱"
"10033992","Half of the needlelike tool remains lodged in the keyhole. You certainly won't be opening the chest now...","カギ穴の中には折れた針金が挟まったままになっている。これではもう宝箱は開けられないだろう……","半截针状工具还卡在钥匙孔里。这样肯定再也打不开了……"
"10034001","Chest","宝箱","宝箱"
"10034002","{CARDNAME:1020} thinks for a minute before quietly burying the chest in the snow. ""We never saw a chest,"" he says pointedly.","{CARDNAME:1020}は少し考えた後、雪の中に宝箱を埋め戻し、「宝箱なんて最初から無かったんだ」と言い放った。","{CARDNAME:1020} 想了一会儿，默默把宝箱重新埋进雪里，斩钉截铁地说道：「我们从没见过什么宝箱。」"
"10034011","{CARDNAME:1030}","{CARDNAME:1030}","{CARDNAME:1030}"
"10034012","He takes out two needlelike instruments and delicately inserts them into the keyhole. They make very satisfying clicking noises as he works.","{CARDNAME:1030}は針金のような道具を取り出すと、カチャカチャと小気味良い音を鳴らしながらカギ穴をいじくる。","{CARDNAME:1030} 掏出两根针状工具，小心插进钥匙孔，拨弄间发出悦耳的咔哒声。"
"10034021","{CARDNAME:1030}","{CARDNAME:1030}","{CARDNAME:1030}"
"10034022","With a final, metallic CLINK, the treasure chest opens! {CARDNAME:1030} turns to you, ""Told you I could do it,"" written all over his smug face.","すると、あっという間にカチリと音がして、宝箱が開いた。{CARDNAME:1030}は得意げな顔でこちらに振り向く。","最后一声清脆金属响后，宝箱打开了！{CARDNAME:1030} 得意地回头看你，脸上写满了「我就说我行吧」。"
"10034031","Chest","宝箱","宝箱"
"10034032","You peer into the chest and find something quite useful indeed!","君が箱の中を覗くと、旅の役に立ちそうな物が入っていた。","你往箱里一看，里面果然放着相当有用的东西！"
"10034041","{CARDNAME:1030}","{CARDNAME:1030}","{CARDNAME:1030}"
"10034042","{CARDNAME:1030} the Boastful tries his hand at picking the lock. If you're honest, he looks like he'd be great at this sort of thing.","自信ありげな{CARDNAME:1030}が解錠を試みることにした。こういったカラクリを解くのは大得意だそうだ。","自信满满的 {CARDNAME:1030} 决定试着开锁。老实说，这类机关看起来确实很适合他。"
"10034051","{CARDNAME:1030}","{CARDNAME:1030}","{CARDNAME:1030}"
"10034052","{CARDNAME:1030} quickly inserts two needlelike implements into the keyhole and begins moving them around. His expression sours.","早速{CARDNAME:1030}は、針金のような道具でカギ穴をいじくり始める。しかし、すぐに表情が曇りだした……","{CARDNAME:1030} 立刻把两根针状工具插进钥匙孔开始拨弄，可脸色很快沉了下来……"
"10034061","{CARDNAME:1030}","{CARDNAME:1030}","{CARDNAME:1030}"
"10034062","It's a rather complex lock, he says. It won't be easy to open...","どうやら、かなり複雑な構造のカギらしく、簡単には開けられないという。","他说这把锁结构相当复杂，恐怕没那么容易打开……"
"10034071","","",""
"10034072","Thirty minutes later...","─３０分後─","——30 分钟后——"
"10034081","{CARDNAME:1030}","{CARDNAME:1030}","{CARDNAME:1030}"
"10034082","Finally! {CARDNAME:1030} wipes the sweat from his palms and begins explaining, in painstaking detail, how complicated it was, and how good he is at this, and...","やっと解錠に成功した{CARDNAME:1030}は、手汗を拭いながら、自分の技術がいかに凄いかを長々と語り始めた……","终于！{CARDNAME:1030} 擦去手心的汗，开始滔滔不绝地解释这把锁有多复杂、自己的技术又有多高明……"
"10034091","{CARDNAME:1030}","{CARDNAME:1030}","{CARDNAME:1030}"
"10034092","{CARDNAME:1030} freezes. You ask what's wrong. ""It's a trap,"" he whispers ominously, and carefully removes his tools.","不意に{CARDNAME:1030}の手が止まった。どうしたのかと尋ねると、「罠です」と言ってそっと道具を引き抜いた。","{CARDNAME:1030} 突然僵住。你问怎么了，他低声道：「有陷阱。」随后小心抽出工具。"
"10034101","{CARDNAME:1030}","{CARDNAME:1030}","{CARDNAME:1030}"
"10034102","He explains that it may well explode if you try to open it. Whoever made this was very evil indeed.","どうもこの宝箱は、悪意を持って作られた罠らしい。不用意に開くと爆発するかもしれない、と……","他说，这宝箱很可能一打开就会爆炸。做出这种东西的人还真是恶毒。"
"10034111","{CHARACTERNAME:1010} and Company","{CHARACTERNAME:1010}達一行","{CHARACTERNAME:1010} 一行"
"10034112","The chest cannot be left in plain sight, you reason. The party digs a deep hole, buries the chest back in the snow, and leaves.","こんな危ないものを放置するわけにはいかない。君達は雪を深く掘ると、宝箱を埋めて立ち去った。","这种危险东西不能留在显眼处。众人挖了个深坑，把宝箱重新埋进雪里后离开。"
"10034121","{CARDNAME:1040}","{CARDNAME:1040}","{CARDNAME:1040}"
"10034122","Again, and again, and again she kicks. You can't get a word in edgewise, so you swallow your advice and leave her to it.","何度も何度も箱を蹴り衝撃を与える{CARDNAME:1040}。色々と言いたいことのあった君だが、諦めて好きにさせる。","{CARDNAME:1040} 一脚又一脚不停踹箱子。你本来有很多话想说，最后还是放弃，随她去了。"
"10034131","Chest","宝箱","宝箱"
"10034132","You notice the chest is now shaking on its own between kicks... The lid flies open, and out comes a monster!","すると……宝箱がブルブルッと震え、中から魔物が飛び出してきた！","两脚之间，你发现宝箱竟自己抖了起来……箱盖猛地弹开，一只魔物从里面窜出！"
"10034141","{CHARACTERNAME:1010} and {CARDNAME:1040}","{CHARACTERNAME:1010}と{CARDNAME:1040}","{CHARACTERNAME:1010} 和 {CARDNAME:1040}"
"10034142","Mouth agape, you ask if {CARDNAME:1040} knew there was a monster inside. ""Yep!"" she chirps, her smile impossibly wide.","箱の中に魔物がいると知っていたのか、と君は問う。すると{CARDNAME:1040}は満面の笑みで「ウン！」と答えた。","你目瞪口呆地问 {CARDNAME:1040} 是不是早就知道里面有魔物。她笑得无比灿烂：「嗯！」"
"10034151","{CHARACTERNAME:1010}","{CHARACTERNAME:1010}","{CHARACTERNAME:1010}"
"10034152","You really wish she'd said that sooner, but decide not to voice the complaint.","そういうことは先に言ってほしいと君は思ったが、口には出さなかった。","你真希望她早点说，但最后还是没把抱怨说出口。"
"10034161","{CARDNAME:1040}","{CARDNAME:1040}","{CARDNAME:1040}"
"10034162","The chest immediately breaks into splinters. You can only hope it managed to keep its contents intact...","そしてあっさりと、宝箱は粉々になった。もはや原形は留めていないが、中身は無事だろうか……","宝箱一下就碎成了木屑。只希望里面的东西还能完好无损……"
"10034171","{CARDNAME:1040}","{CARDNAME:1040}","{CARDNAME:1040}"
"10034172","""Ooh! Look!"" {CARDNAME:1040} shouts, holding up something she's fished from the wreckage. It's a fine-looking piece of equipment!","「ホラ見テ！」
残骸を漁る{CARDNAME:1040}が誇らしげに何かを掲げる。それは立派な装備品だった。","「快看！」{CARDNAME:1040} 从残骸里翻出一样东西，高高举起。是一件相当不错的装备！"
"10034181","{CARDNAME:1040}","{CARDNAME:1040}","{CARDNAME:1040}"
"10034182","Feeling uneasy about your own abilities, you let {CARDNAME:1040} take the lead. She smiles, nods, and begins mercilessly pounding on the chest with her fists.","君は不安に思いながらも、{CARDNAME:1040}に任せることにした。彼女は笑顔で頷き、箱をボコボコと叩く。","你对自己的开锁本事实在没信心，便让 {CARDNAME:1040} 来。她笑着点头，随后毫不留情地用拳头猛砸宝箱。"
"10034191","{CARDNAME:1040}","{CARDNAME:1040}","{CARDNAME:1040}"
"10034192","You ask what she's doing. She tilts her head. ""Box empty,"" she says dejectedly.","何をしているのか尋ねると{CARDNAME:1040}は首を傾げ、「コノ箱　カラッポダヨ」と残念そうに言った。","你问 {CARDNAME:1040} 在做什么。她歪着头，失望地说道：「箱子，是空的。」"
"10034201","{CARDNAME:1040}","{CARDNAME:1040}","{CARDNAME:1040}"
"10034202","You pick up the chest and give it a shake. Sure enough, it doesn't make a sound. It must be empty after all...","君は宝箱を持ち上げて振ってみた。すると確かに何も音がしない。本当に空っぽのようだ……","你把宝箱抱起来晃了晃，果然一点声音也没有。看来里面真的什么都没有……"
"10034211","{CHARACTERNAME:1010} and {CARDNAME:1040}","{CHARACTERNAME:1010}と{CARDNAME:1040}","{CHARACTERNAME:1010} 和 {CARDNAME:1040}"
"10034212","{CARDNAME:1040} picks up on your sudden disappointment. ""This happens,"" she says by way of encouragement.","ぬか喜びだったと落胆する君を、{CARDNAME:1040}は「ソウイウコト　アル」と慰めてくれた。","{CARDNAME:1040} 看出你空欢喜一场，安慰道：「这种事，也有。」"
"10034221","{CHARACTERNAME:1010} and Company","{CHARACTERNAME:1010}達一行","{CHARACTERNAME:1010} 一行"
"10034222","Having kept you in check, the monster hops back into the chest. You pick yourselves up and take your leave, thankful to still be alive.","魔物は君達を牽制すると、宝箱の中へと戻った。命拾いした君達は、静かに立ち去ることにした……","魔物把你们逼退后，又跳回宝箱里。庆幸捡回一命的你们爬起来，悄悄离开。"
"10034231","Buzzing Wings","羽音","振翅声"
"10034232","You take notice of an insect's buzzing wings. You wonder what kind of bug it is, only to see a monster flying in the air!","虫の羽音が聞こえる。なんだろうと思っていると魔物が飛んでくるのが見えた。","你听见昆虫振翅般的嗡嗡声，正想看看是什么虫子，却发现一只魔物飞了过来！"
"10034241","Monster","魔物","魔物"
"10034242","And it is VERY upset with you.","現れた魔物は、凄まじい怒気を発している……","而且它显然对你怒不可遏。"
"10034251","{CARDNAME:1030}","{CARDNAME:1030}","{CARDNAME:1030}"
"10034252","{CARDNAME:1030} breaks out in a sweat. ""Ooh, the way it's flying... It's out for revenge! It'll risk life and limb... This is bad!"" he yelps in fits and starts.","{CARDNAME:1030}が慌てた様子で「あの飛び方は……命を賭した報復行動の合図……かなり危険です！」と叫ぶ。","{CARDNAME:1030} 冒出冷汗，慌忙喊道：「那个飞法……是拼命复仇的征兆……非常危险！」"
"10034261","{CHARACTERNAME:1010}","{CHARACTERNAME:1010}","{CHARACTERNAME:1010}"
"10034262","The creature is clearly out for revenge! What will you do?","どうやらこの魔物は強い復讐心を持っているようだ。どうする？","这只魔物显然满怀复仇之心。怎么办？"
"10034271","Revenge Shall Be Mine","復讐するは我にあり","冤有头，债有主"
"10034272","""Revenge shall be MINE!"" you yell, readying your weapon.","君は「復讐したいのはこっちの方だ」と叫び、魔物に向かって武器を構えた。","你大喊：「该复仇的是我才对！」随即架起武器。"
"10034281","Live to Fight Another Day","君子危うきに近寄らず","好汉不吃眼前亏"
"10034282","You're the one who's out to get revenge. You tell yourself this as you flee, not wanting to risk a fight with such a fearsome foe.","復讐したいのはこちらだ。君はそう思いつつも、危険な相手と戦うことはないとその場から逃げ去った。","想复仇的明明是你。你一边这样告诉自己，一边觉得没必要和如此危险的对手拼命，转身逃走。"
"10034291","Monster","魔物","魔物"
"10034292","You approach the creature as it writhes in bitter agony, and seal it within a card.","魔物は口惜しそうに身もだえながら、カードへと吸い込まれていった。","魔物痛苦而不甘地扭动着身体，被吸进了卡牌。"
"10034301","{CHARACTERNAME:1010}","{CHARACTERNAME:1010}","{CHARACTERNAME:1010}"
"10034302","It's no secret why it came after you.","なぜこの魔物が自分達に強い復讐心を抱いたのか、君には容易に想像できた。","它为什么会找你复仇，其实并不难猜。"
"10034311","{CHARACTERNAME:1010}","{CHARACTERNAME:1010}","{CHARACTERNAME:1010}"
"10034312","You've trapped a great many monsters in your cards.","自分はこれまで数多くの魔物を倒したり、カードに封じたりしてきた。","迄今为止，你已经打倒并封印了许多魔物。"
"10034321","{CHARACTERNAME:1010}","{CHARACTERNAME:1010}","{CHARACTERNAME:1010}"
"10034322","Surely its family and friends are among them by now...","その中には、きっとこの魔物の家族や仲間も……","其中恐怕早就有它的家人和同伴……"
"10034331","{CHARACTERNAME:1010}","{CHARACTERNAME:1010}","{CHARACTERNAME:1010}"
"10034332","""I've lost people, too..."" you say softly, hanging your head briefly before looking up and continuing on your way.","「でもわたしだって……」
君は一瞬俯いた後、前を見つめて再び歩き出した。","「可我也失去过重要的人……」你低声说道，短暂垂下头，又重新抬眼继续前行。"
"10034341","Monster","魔物","魔物"
"10034342","The wretched beast briefly wriggles in agony on the floor, then breathes its last...","魔物は口惜しそうに身もだえたあと、そのまま息絶えてしまった……","那可怜的魔物在地上不甘地挣扎了片刻，最终断了气……"
"10034351","{CHARACTERNAME:1010}","{CHARACTERNAME:1010}","{CHARACTERNAME:1010}"
"10034352","You pick up something you see lying beside its corpse.","魔物の遺骸のそばに、何かが落ちている。君はそれを拾い上げた。","你看见它的尸体旁掉着什么，便捡了起来。"
"10034361","{CHARACTERNAME:1010} and Company","{CHARACTERNAME:1010}達一行","{CHARACTERNAME:1010} 一行"
"10034362","You turn and run, knowing you cannot win.","これは敵わないと思った君達は、すぐさまその場から逃げ出した……","你知道自己赢不了，立刻转身逃走。"
"10034371","Cloud of Dust","砂埃","沙尘"
"10034372","Something is kicking up a cloud of dust in the distance. You look a bit more closely, and see that it's a monster charging toward you at speed!","砂埃を上げて何かが突進してくる。よく見ると、魔物がものすごい勢いでこちらに向かってきていた。","远处有什么卷着滚滚沙尘冲来。仔细一看，竟是一只魔物正以惊人速度朝你冲刺！"
"10034381","Monster","魔物","魔物"
"10034382","And it is VERY upset with you.","現れた魔物は、凄まじい怒気を発している……","而且它显然对你怒不可遏。"
"10034391","{CARDNAME:1040}","{CARDNAME:1040}","{CARDNAME:1040}"
"10034392","""'You...take my...child...' it say,"" {CARDNAME:1040} whispers to you.","「自分ノ　子ドモ　オマエタチガ　奪ッタ……ッテ
言ッテル……？」と、{CARDNAME:1040}が呟く。","{CARDNAME:1040} 低声对你说：「它说……‘你们，夺走了，我的孩子’……」"
"10034401","{CHARACTERNAME:1010}","{CHARACTERNAME:1010}","{CHARACTERNAME:1010}"
"10034402","どうやらこの魔物は強い復讐心を持っているようだ。どうする？","どうやらこの魔物は強い復讐心を持っているようだ。どうする？","どうやらこの魔物は強い復讐心を持っているようだ。どうする？"
"10034411","Revenge Shall Be Mine","復讐するは我にあり","冤有头，债有主"
"10034412","""Your kind took my parents, and everyone I've ever loved!"" you scream, readying your weapon.","君は「わたしも親や大切な人達をお前達に奪われた」と叫び、魔物に向け武器を構えた。","你大喊：「我的父母，还有所有重要的人，也都被你们夺走了！」随即架起武器。"
"10034421","Live to Fight Another Day","君子危うきに近寄らず","好汉不吃眼前亏"
"10034422","If it wants its child back, it better be prepared to bring back everyone in your village... Especially your mother...","子供を返せと言うのなら、自分こそ村のみんなを……母を返してほしい……","它若想要回孩子，就先把你村里所有人还回来……尤其是你的母亲……"
"10034431","Monster","魔物","魔物"
"10034432","The monster squirms in agony before you as you seal it inside a card.","魔物は恨めしそうに身もだえながら、カードへと吸い込まれていった。","魔物在你面前痛苦而怨恨地扭动着，被封进了卡牌。"
"10034441","{CHARACTERNAME:1010}","{CHARACTERNAME:1010}","{CHARACTERNAME:1010}"
"10034442","It's no secret why it came after you.","なぜこの魔物が自分達に強い復讐心を抱いたのか、君には容易に想像できた。","它为什么会找你复仇，其实并不难猜。"
"10034451","{CHARACTERNAME:1010}","{CHARACTERNAME:1010}","{CHARACTERNAME:1010}"
"10034452","You've trapped a great many monsters in your cards.","自分はこれまで数多くの魔物を倒したり、カードに封じたりしてきた。","迄今为止，你已经打倒并封印了许多魔物。"
"10034461","{CHARACTERNAME:1010}","{CHARACTERNAME:1010}","{CHARACTERNAME:1010}"
"10034462","You have no doubt its children are among them.","その中に、きっとこの魔物の子供がいたのだろう……","它的孩子一定也在其中。"
"10034471","{CHARACTERNAME:1010}","{CHARACTERNAME:1010}","{CHARACTERNAME:1010}"
"10034472","""I've lost people, too..."" you say softly, hanging your head briefly before looking up and continuing on your way.","「でもわたしだって……」
君は一瞬俯いた後、前を見つめて再び歩き出した。","「可我也失去过重要的人……」你低声说道，短暂垂下头，又重新抬眼继续前行。"
"10034481","Monster","魔物","魔物"
"10034482","The wretched beast briefly wriggles in agony on the floor, then breathes its last...","魔物は口惜しそうに身もだえたあと、そのまま息絶えてしまった……","那可怜的魔物在地上不甘地挣扎了片刻，最终断了气……"
"10034491","{CHARACTERNAME:1010}","{CHARACTERNAME:1010}","{CHARACTERNAME:1010}"
"10034492","You pick up something you see lying beside its corpse.","魔物の遺骸のそばに、何かが落ちている。君はそれを拾い上げた。","你看见它的尸体旁掉着什么，便捡了起来。"
"10034501","{CHARACTERNAME:1010}","{CHARACTERNAME:1010}","{CHARACTERNAME:1010}"
"10034502","それまで魔物がいた場所を見ると、旅に役立ちそうな物が落ちていた。逃げる際に落としていったようだ。","それまで魔物がいた場所を見ると、旅に役立ちそうな物が落ちていた。逃げる際に落としていったようだ。","それまで魔物がいた場所を見ると、旅に役立ちそうな物が落ちていた。逃げる際に落としていったようだ。"
"10034511","{CHARACTERNAME:1010} and Company","{CHARACTERNAME:1010}達一行","{CHARACTERNAME:1010} 一行"
"10034512","You turn and run, knowing you cannot win.","これは敵わないと思った君達は、すぐさまその場から逃げ出した……","你知道自己赢不了，立刻转身逃走。"
"10034521","Live to Fight Another Day","君子危うきに近寄らず","好汉不吃眼前亏"
"10034522","You flee, not wanting to risk a fight with such a fearsome foe.","君は、危険な相手と戦うことはないとその場から逃げ去った。","你不愿冒险和如此危险的对手交战，转身逃走。"
"10034531","Mysterious Voice","謎の声","神秘声音"
"10034532","You hear a voice call out somewhere behind you, and turn to find its source. ""Gotcha!"" a furry monster says, looking you in the eye.","背後から何やら声がした。君が振り向くと、「見ツケタゾ！」と魔物が睨みをきかせている。","背后忽然传来声音。你回头寻找来源，只见一只毛茸茸的魔物瞪着你：「找到你了！」"
"10034541","Monster","魔物","魔物"
"10034542","And it is VERY upset with you.","現れた魔物は、凄まじい怒気を発している……","而且它显然对你怒不可遏。"
"10034551","Monster","魔物","魔物"
"10034552","This isn't just any monster. Not if it was able to cover its tracks well enough to sneak up on you.","そんな状態にありながら、気配を完全に消して背後から近付くとは、並の魔物ではなさそうだ……","这绝不是普通魔物。能如此彻底隐藏气息、悄无声息摸到你背后，绝非泛泛之辈……"
"10034561","Monster","魔物","魔物"
"10034562","""You took. My wife! You will pay!""","「吾輩カラ妻ヲ奪ッタ悪党メ！懲ラシメテヤル！」","「你们夺走了吾妻！恶徒，受死！」"
"10034571","{CHARACTERNAME:1010}","{CHARACTERNAME:1010}","{CHARACTERNAME:1010}"
"10034572","Wait...wife? You shuffle through the cards in your deck, and pull out the one with another Mouthy Furball sealed inside.","「妻？」君は同種の魔物を封じたカードを手に取り、まじまじと見る。だが、性別はまるでわからない。","「妻子？」你翻找卡牌，抽出那张封着另一只长嘴毛球的卡。可你根本看不出它的性别。"
"10034581","Monster","魔物","魔物"
"10034582","""Ahh! Beloved! I will free you. From curse!""","「アア！愛シキ我ガ妻ヨ！吾輩ガソノ呪縛カラ解キ放ッテアゲヨウ！」","「啊！吾爱！吾会把你从诅咒中解救出来！」"
"10034591","{CHARACTERNAME:1010}","{CHARACTERNAME:1010}","{CHARACTERNAME:1010}"
"10034592","どうやらこの魔物は強い復讐心を持っているようだ。どうする？","どうやらこの魔物は強い復讐心を持っているようだ。どうする？","どうやらこの魔物は強い復讐心を持っているようだ。どうする？"
"10034601","Revenge Shall Be Mine","復讐するは我にあり","冤有头，债有主"
"10034602","""You're not getting this card,"" you snap, and ready your weapon.","君は迷わず「このカードは渡さない」と答え、魔物に向かって武器を構えた。","你毫不犹豫地回道：「这张卡不会给你。」随即架起武器。"
"10034611","Live to Fight Another Day","君子危うきに近寄らず","好汉不吃眼前亏"
"10034612","You can't put a finger on why, but you don't want to go out of your way to tangle with this wee beast. You turn your back on it and run.","よくわからないが、危険な相手とわざわざ戦うことはない。君は魔物に背を向けて駆け出した。","说不上为什么，你并不想特意和这小家伙纠缠。没必要和危险对手硬碰硬，你转身便跑。"
"10034621","{CARDNAME:10320}","{CARDNAME:10320}","{CARDNAME:10320}"
"10034622","""I am coming. My love..."" the beast wheezes as you seal it in a card.","魔物は、「妻ヨ……吾輩モソチラヘ……」と悲痛な言葉を残して、カードへと吸い込まれていった。","「吾妻……吾也来陪你了……」魔物留下悲痛的话语，被吸入卡牌。"
"10034631","{CHARACTERNAME:1010}","{CHARACTERNAME:1010}","{CHARACTERNAME:1010}"
"10034632","You understand why they come for you. But you must stamp out every last ember, lest it become a fire.","なぜこの魔物が自分達に強い復讐心を抱いたのか、理解はできる。しかし、降り掛かる火の粉は払わねば。","你理解它为什么来复仇。但火星若不扑灭，终会烧成大火。既然已经烧到身上，就只能出手。"
"10034641","Monster","魔物","魔物"
"10034642","""So this...is how it ends..."" it sighs. You catch a flash of light out of the corner of your eye. Is the wife's card...glowing?","「……ココマデカ」
魔物が観念した瞬間、彼の妻が封じられたカードが光った……ような気がした。","「到此……为止了吗……」魔物认命地叹息。余光中似有光芒闪过——封着它妻子的卡牌，刚才是不是亮了？"
"10034651","Monster","魔物","魔物"
"10034652","The monster starts in amazement. With no longer a hint of the deathly state it was in, it flees, shouting as it goes...","魔物は突然、ハッとした表情をすると、瀕死とは思えない勢いで、叫びながら逃げていった。","魔物忽然一惊，随即以完全不像濒死的速度逃走，一边跑一边大喊——"
"10034661","Monster","魔物","魔物"
"10034662","""Beloved! I will defeat them! And nuzzle you once more! Until then. Be strong! Be strong!""","「オオ、妻ヨ。吾輩ハ必ズ勝ツ！勝ッテ、マタ君トもふもふシアウノダ！ソレマデ待ッテイテクレ……！」","「吾爱！吾一定会赢！赢了便再与你依偎在一起！在那之前，等着吾！一定要等着！」"
"10034671","{CHARACTERNAME:1010}","{CHARACTERNAME:1010}","{CHARACTERNAME:1010}"
"10034672","There's something on the ground where the monster once lay. You pick it up.","魔物がいた場所に、何かが落ちている。君はそれを拾い上げた。","魔物刚才倒下的地方落着什么。你把它捡了起来。"
"10034681","{CHARACTERNAME:1010} and Company","{CHARACTERNAME:1010}達一行","{CHARACTERNAME:1010} 一行"
"10034682","You turn and run, knowing you cannot win.","これは敵わないと思った君達は、すぐさまその場から逃げ出した……","你知道自己赢不了，立刻转身逃走。"
"10034691","Monster","魔物","魔物"
"10034692","""Wait!"" it shouts after you, but of course you do not obey.","魔物は「待テ！」と叫びながら追いかけてきたが、もちろん君達が待つことはなかった……","「等等！」魔物在身后大喊，可你们当然不会停下……"
"10034701","{CHARACTERNAME:1010}","{CHARACTERNAME:1010}","{CHARACTERNAME:1010}"
"10034702","Something catches the light in the sand. You pull it loose, revealing a somewhat tarnished bangle.","砂の中で何かがキラリと光る。拾い上げてみると、{CARDNAME:55004}だった。","沙里有什么闪了一下。你捡起来一看，是一只略显黯淡的 {CARDNAME:55004}。"
"10034711","{CARDNAME:1030}","{CARDNAME:1030}","{CARDNAME:1030}"
"10034712","""That might be the bangle capable of freeing the <highlight>{CARDNAME:4520}</highlight>,"" {CARDNAME:1030} blurts out.","すると{CARDNAME:1030}が、「これは<highlight>{CARDNAME:4520}</highlight>の封印を解く腕輪かもしれないですね」と、唐突に言い出した。","{CARDNAME:1030} 突然说道：「这或许就是能解除 <highlight>{CARDNAME:4520}</highlight> 封印的手镯。」"
"10034721","{CHARACTERNAME:1010}","{CHARACTERNAME:1010}","{CHARACTERNAME:1010}"
"10034722","What will you ask {CARDNAME:1030}?","{CARDNAME:1030}に何と聞く？","要问 {CARDNAME:1030} 什么？"
"10034731","Sandprowler...Czar?","{CARDNAME:4520}？","{CARDNAME:4520}？"
"10034732","To hear {CARDNAME:1030} tell it, the {CARDNAME:4520} was a monster that once ruled this region through fear and despair.","曰く、{CARDNAME:4520}とは、かつてこの一帯を恐怖に陥れた魔物の王のことだそうだ。","据 {CARDNAME:1030} 所说，{CARDNAME:4520} 是曾以恐惧统治这一带的魔物之王。"
"10034741","What Do You Mean, ""Free"" It?","封印？","「解除封印」是什么意思？"
"10034742","""Well, legend has it that the {CARDNAME:4520} is sealed in the <highlight>{CARDNAME:292330}</highlight>,"" {CARDNAME:1030} explains.","「伝承では、{CARDNAME:4520}は<highlight>{CARDNAME:292330}</highlight>に封印されたそうです」と{CARDNAME:1030}は言った。","{CARDNAME:1030} 解释道：「传说 {CARDNAME:4520} 被封印在 <highlight>{CARDNAME:292330}</highlight> 里。」"
"10034751","{CARDNAME:1030}","{CARDNAME:1030}","{CARDNAME:1030}"
"10034752","And he's careful to note that some monsters still revere this czar...","そして、いまだにその王を崇める魔物がいるとかいないとか……","而且直到现在，似乎仍有魔物崇拜这位王……"
"10034761","{CHARACTERNAME:1010}","{CHARACTERNAME:1010}","{CHARACTERNAME:1010}"
"10034762","If {CARDNAME:1030}'s telling the truth, then you're holding something pretty dangerous...","{CARDNAME:1030}の話が本当なら、かなり物騒な代物だが……","如果 {CARDNAME:1030} 说的是真的，那你手里的东西可相当危险……"
"10034771","{CHARACTERNAME:1010}","{CHARACTERNAME:1010}","{CHARACTERNAME:1010}"
"10034772","What will you do?","どうする？","怎么办？"
"10034781","Toss It","そんなもの捨ててしまおう","扔掉"
"10034782","You're not interested in any czars, sand-prowling or otherwise. You rear back and hurl it into the distance with all your might. Onward.","君は{CARDNAME:4520}なんて興味がないので、腕輪を思いっきり遠くに投げ捨て、旅路に戻ることにした。","你对什么 {CARDNAME:4520} 毫无兴趣，抡圆胳膊把手镯全力扔向远处，继续赶路。"
"10034791","Keep It. Could Be Valuable.","値打ち物なら持っていこう","也许值钱，留着吧"
"10034792","You figure it can't hurt to keep something so potentially valuable, and slip it into your pack.","君はそんな値打ち物なら持っていて損はないだろうと思い、腕輪をカバンにしまいこんだ。","这么值钱的东西留着总不会吃亏。你把手镯收进了背包。"
"10034801","{CARDNAME:1030}","{CARDNAME:1030}","{CARDNAME:1030}"
"10034802","""The {CARDNAME:4520} was a most fearsome beast...""","「{CARDNAME:4520}は、それはそれは恐ろしい魔物だったそうで……」","「据说 {CARDNAME:4520} 是极其可怕的魔物……」"
"10034811","{CHARACTERNAME:1010}","{CHARACTERNAME:1010}","{CHARACTERNAME:1010}"
"10034812","You sense another long {CARDNAME:1030} lecture coming, and start walking. You hear the sound of feet hurriedly whooshing through the sand as he tries to catch up.","君は長くなりそうな{CARDNAME:1030}の話を遮り、歩き出した。慌てて追ってくる{CARDNAME:1030}の足音がザッザッと響く。","你预感 {CARDNAME:1030} 又要长篇大论，直接打断他继续往前走。身后传来他慌忙追赶、踩过沙地的沙沙声。"
"10034821","{CHARACTERNAME:1010}","{CHARACTERNAME:1010}","{CHARACTERNAME:1010}"
"10034822","Those...were just his feet, right? Yeah. Had to be.","気のせいか、君にはその足音が{CARDNAME:1030}ひとりにしては多いように感じられた……","那……只是 {CARDNAME:1030} 一个人的脚步声吧？可听起来怎么好像多了几双脚……"
"10034831","{CHARACTERNAME:1010}","{CHARACTERNAME:1010}","{CHARACTERNAME:1010}"
"10034832","Something metallic stands out amid all the sand. You pick it up and find it looks awfully familiar. It's the bangle you threw away earlier!","砂の中で何かがキラリと光る。拾ってみると、見覚えのある{CARDNAME:55004}だった。","沙里有金属光泽一闪。你捡起一看，竟是之前扔掉的 {CARDNAME:55004}！"
"10034841","{CARDNAME:55004}","{CARDNAME:55004}","{CARDNAME:55004}"
"10034842","The one you'd need if you were going to, say, release the fearsome monster known as the {CARDNAME:4520}...","確かこれは、{CARDNAME:4520}と呼ばれた魔物の封印を解く為に必要な腕輪で……","就是那只据说能解除可怕魔物 {CARDNAME:4520} 封印的手镯……"
"10034851","{CARDNAME:55004}","{CARDNAME:55004}","{CARDNAME:55004}"
"10034852","Who is trapped in the <highlight>{CARDNAME:292330}</highlight>, as {CARDNAME:1030} so helpfully mentioned.","その王は<highlight>{CARDNAME:292330}</highlight>に封印されていると{CARDNAME:1030}は言っていた。","而且正如 {CARDNAME:1030} 所说，那位王就封印在 <highlight>{CARDNAME:292330}</highlight> 里。"
"10034861","{CHARACTERNAME:1010}","{CHARACTERNAME:1010}","{CHARACTERNAME:1010}"
"10034862","You threw it away once, and it's found you again. If there's such a thing as destiny, this is probably what it feels like.","投げ捨てた腕輪が再び手元に戻ってきたことに、何か因縁めいたものを感じる君だが……","明明已经扔掉，却又回到你手中。若真有所谓命运，大概就是这种感觉吧。"
"10034871","Huck It Again!","もう一度捨てる","再扔一次！"
"10034872","Destiny isn't always good, though. You hurl the bangle into the air, harder than you've ever hurled anything in your life, and walk on. May you never see it again.","悪い因縁は断つに限る。君は今度こそ巡り合わないよう、腕輪を全力でぶん投げると、旅路に戻った。","可命运也未必是好东西。你使出平生最大力气把手镯远远扔飞，继续赶路。最好永远别再见了。"
"10034881","Fine, I'll Keep It","やっぱり持っていく","算了，还是留着吧"
"10034882","And you can't always fight destiny. You slide the bangle into your pack.","君はこれも運命かもしれないと思い、腕輪をカバンにしまいこんだ。","有些命运似乎躲不过。你把手镯收进了背包。"
"10034891","Monster","魔物","魔物"
"10034892","A monster appears before you! It shuffles steadily toward you, its bloodshot eyes fixed on yours.","魔物が現れた！
魔物は血走った目で君を睨みながら、じりじりと近寄ってくる。","一只魔物出现在面前！它用布满血丝的眼睛死死瞪着你，一步步逼近。"
"10034901","Monster","魔物","魔物"
"10034902","""Break...seal...""","「フウイン……トク……」","「解开……封印……」"
"10034911","Monster","魔物","魔物"
"10034912","The monster mutters under its breath as it closes in and lunges at you!","魔物は何かを呟きながら、尋常ではない様子で襲い掛かってきた！","魔物一边低声念叨，一边以异常凶狠的模样扑了上来！"
"10034921","Monster","魔物","魔物"
"10034922","""The great Czar... Our leader..."" the monster hisses with its last breath.","魔物は「我ラガ主……{CARDNAME:4520}ヨ……」と言い残して事切れた。","魔物临死前嘶声说道：「我等之主……{CARDNAME:4520}……」"
"10034931","{CHARACTERNAME:1010}","{CHARACTERNAME:1010}","{CHARACTERNAME:1010}"
"10034932","You remove the tarnished bangle from your pack.","君はカバンに入れていた、{CARDNAME:55004}を取り出した。","你从背包里取出 {CARDNAME:55004}。"
"10034941","{CHARACTERNAME:1010}","{CHARACTERNAME:1010}","{CHARACTERNAME:1010}"
"10034942","From everything you've heard, the Czar is a frighteningly powerful monster. Were it to be revived...","{CARDNAME:4520}は、強大な魔物だという。もしそんな魔物が蘇ったとしたら……","据说 {CARDNAME:4520} 是极其强大的魔物。若这样的存在复活……"
"10034951","{CHARACTERNAME:1010}","{CHARACTERNAME:1010}","{CHARACTERNAME:1010}"
"10034952","""We have to kill it,"" you say bluntly.","「殺さなきゃ」
君はぽつりとそう呟いた。","「必须杀掉它。」你低声说道。"
"10034961","{CHARACTERNAME:1010}","{CHARACTERNAME:1010}","{CHARACTERNAME:1010}"
"10034962","You won't let the monsters take anything else from you. Not even this weird bangle.","魔物に何かを奪われるなど二度と経験したくない。たとえそれがわけのわからない腕輪だとしても……","你绝不想再被魔物夺走任何东西。哪怕只是一只莫名其妙的手镯。"
"10034971","{CHARACTERNAME:1010}","{CHARACTERNAME:1010}","{CHARACTERNAME:1010}"
"10034972","You take advantage of a hitch in the monster's movements and flee.","君は魔物の隙をつき、その場から逃げ出した。","你抓住魔物动作中的破绽，转身逃走。"
"10034981","Monster","魔物","魔物"
"10034982","""Czar... Great leader... Remind the world. What fear is...""","「我ラガ主……
{CARDNAME:4520}ヨ……コノ世ヲ再ビ恐怖ニ陥レマショウ」","「我等之主……{CARDNAME:4520}……让这世界再次陷入恐惧吧……」"
"10034991","{CHARACTERNAME:1010}","{CHARACTERNAME:1010}","{CHARACTERNAME:1010}"
"10034992","The monster lifts the bangle into the air, and the sun's rays cause it to glow with a faint light. Your vision slowly dims as you lose consciousness.","魔物が掲げた腕輪が、陽の光を反射して鈍く光る。君は意識が薄れゆく中、それをただただ眺めていた……","魔物高举手镯，阳光照在上面，泛起黯淡光芒。你的意识渐渐远去，只能呆呆望着它……"
"10035001","Weathered Stone Monument","古びた石碑","风化石碑"
"10035002","You come across a weathered stone monument. The letters ""S A... ...A R"" are written on it, and there's a hollow where something clearly used to rest.","古びた石碑がある。微かに残る「砂……王」という文字と、何かがはまっていたような窪みがあるが……","你发现一座风化石碑。上面依稀残留着「砂……王」几个字，还有一处明显曾嵌着什么的凹槽。"
"10035011","Weathered Stone Monument","古びた石碑","风化石碑"
"10035012","The area around the stone monument is littered with what appear to be monster bones...","そしてなぜか、石碑の周囲には魔物の骨らしき物が散乱している……","不知为何，石碑周围还散落着许多疑似魔物的骸骨……"
"10035021","{CHARACTERNAME:1010}","{CHARACTERNAME:1010}","{CHARACTERNAME:1010}"
"10035022","The whole thing just feels rather foreboding. You keep walking, eager to stop thinking about what happened here.","ただならぬ禍々しさを感じた君は、そそくさとその場から立ち去った。","这里处处透着不祥。你不愿多想发生过什么，匆匆离开。"
"10035031","Weathered Stone Monument","古びた石碑","风化石碑"
"10035032","A weathered stone monument. The letters ""S A... ...A R"" are barely legible, and there's a hollow where something used to sit.","古びた石碑だ。
「砂……王」という掠れた文字と、何かがはまっていたような窪みがある。","一座风化石碑。上面依稀可辨「砂……王」几个字，还有一处曾嵌着什么的凹槽。"
"10035041","{CHARACTERNAME:1010}","{CHARACTERNAME:1010}","{CHARACTERNAME:1010}"
"10035042","The whole thing feels ominous beyond words, but you dig around in your pack for something that might fit the monument's hollow.","君は禍々しさを感じながらも、窪みにはまりそうなものはないかと、カバンを漁ってみることにした。","石碑散发着难以言喻的不祥气息，但你还是翻起背包，想找找有没有能嵌进凹槽的东西。"
"10035051","{CHARACTERNAME:1010}","{CHARACTERNAME:1010}","{CHARACTERNAME:1010}"
"10035052","What will you insert?","窪みに何をはめる？","要把什么嵌进去？"
"10035061","{CHARACTERNAME:1010}","{CHARACTERNAME:1010}","{CHARACTERNAME:1010}"
"10035062","You fish an item out of your pack and stuff it into the hollow. Nothing happens. Guess that wasn't right!","君は手持ちの道具を窪みにあてがってみたが、どうにも形が合わない。これではないようだ。","你从背包里拿出一样道具，试着往凹槽里塞，可形状根本对不上。看来不是这个。"
"10035071","{CHARACTERNAME:1010}","{CHARACTERNAME:1010}","{CHARACTERNAME:1010}"
"10035072","Perhaps if you try to shove the item in this way... Or that way...? No, try as you might, it just won't fit.","君はどうにかして道具を窪みにはめられないか、試行錯誤してみたが、やっぱり無理だった……","要不这样塞……或者换个方向……？你反复尝试，还是怎么都嵌不进去。"
"10035081","{CHARACTERNAME:1010}","{CHARACTERNAME:1010}","{CHARACTERNAME:1010}"
"10035082","You take out your weapon and hold it near the hollow. Nope, you can already see the shapes are all wrong.","君は武器を取り出してみたものの、窪みにはめるまでもなく、形状が違いすぎることは明白だ……","你取出武器往凹槽旁一比。根本不用试，形状明显完全不对……"
"10035091","{CHARACTERNAME:1010}","{CHARACTERNAME:1010}","{CHARACTERNAME:1010}"
"10035092","In a flash of...something, you give the monument a solid whack. Nothing happens, of course.","君は何を思ったのか、武器を石碑に叩きつけた。しかし、当然ながら何も起こらなかった……","不知怎么想的，你抡起武器狠狠砸了石碑一下。当然，什么也没发生……"
"10035101","{CHARACTERNAME:1010}","{CHARACTERNAME:1010}","{CHARACTERNAME:1010}"
"10035102","Operating on a hunch, you reach for the tarnished bangle you picked up earlier, and slot it into the hollow. It fits perfectly.","君はある予感を持って、以前拾った{CARDNAME:55004}を窪みにはめてみた。やはり、ぴったりのようだ。","凭着某种预感，你取出之前捡到的 {CARDNAME:55004}，嵌进凹槽。严丝合缝。"
"10035111","{CARDNAME:1030}","{CARDNAME:1030}","{CARDNAME:1030}"
"10035112","""So the {CARDNAME:4520} IS sealed here..."" {CARDNAME:1030} says, his voice quivering.","「まさかここが{CARDNAME:4520}が封印されている場所……」と{CARDNAME:1030}が声を震わせる。","{CARDNAME:1030} 声音发颤：「难道这里就是封印 {CARDNAME:4520} 的地方……」"
"10035121","Monster","魔物","魔物"
"10035122","The monster bones littering the site begin to rattle...","その時、周囲に散乱していた魔物の骨がカタカタと音を立てて集まり始めた……","就在这时，四周散落的魔物白骨咔哒作响，开始自行聚拢……"
"10035131","{CHARACTERNAME:1010}","{CHARACTERNAME:1010}","{CHARACTERNAME:1010}"
"10035132","It sure looks like you've awoken the {CARDNAME:4520} from its slumber! There's no getting out of this fight!","どうやら君は、眠りについていた{CARDNAME:4520}の封印を解いてしまったようだ。戦いは避けられそうにない！","看来你真的解开封印，唤醒了沉睡的 {CARDNAME:4520}！这场战斗已经无法避免！"
"10035141","{CARDNAME:4520}","{CARDNAME:4520}","{CARDNAME:4520}"
"10035142","The {CARDNAME:4520} is but a pile of bones once more, its body thoroughly destroyed. The menacing energy you felt around the monument and bangle has also vanished.","{CARDNAME:4520}の体は砕け散り、ただの骨へと戻った。石碑や{CARDNAME:55004}からも、もはや何の力も感じられない。","{CARDNAME:4520} 的躯体彻底崩毁，再次化作一堆白骨。石碑和 {CARDNAME:55004} 上那股令人不安的力量也消失了。"
"10035151","Weathered Stone Monument","古びた石碑","风化石碑"
"10035152","Cracks form in the bangle, their crooked fingers reaching up every which way through the monument. It crumbles to dust in seconds.","次の刹那、石碑にはめられた腕輪に亀裂が走ったかと思うと、石碑ごと粉々に砕け散ってしまった……","嵌在石碑上的手镯忽然出现裂纹，裂痕飞快蔓延，转眼间连同石碑一起碎成粉末……"
"10035161","Chest","宝箱","宝箱"
"10035162","A treasure chest peeks out from beneath the rubble. Might this be the {CARDNAME:4520}'s treasure?","瓦礫と化した石碑の下から宝箱らしき物が顔を覗かせる。もしかすると{CARDNAME:4520}の宝かもしれない……！","碎成瓦砾的石碑下露出一个宝箱。难道这是 {CARDNAME:4520} 的宝藏？"
"10035171","Chest","宝箱","宝箱"
"10035172","You fling the chest open with glee, and find an exquisite accessory within!","君が喜び勇んで宝箱を開けると、中には見事な装備品が入っていた。","你兴冲冲地打开宝箱，里面竟是一件精美饰品！"
"10035181","{CARDNAME:4520}","{CARDNAME:4520}","{CARDNAME:4520}"
"10035182","""The world is mine. Once more! My first decree. All humans must die!""","「コノ世ヲ再ビ我ガ手ニ！マズハ人間共ヲ皆殺シダ」","「这个世界再次归我所有！第一道命令——杀光所有人类！」"
"10035191","{CHARACTERNAME:1010}","{CHARACTERNAME:1010}","{CHARACTERNAME:1010}"
"10035192","The {CARDNAME:4520}'s wretched laughter is the last thing you hear as life slowly drains from you...","{CARDNAME:4520}のおぞましい笑い声を聞きながら、君の命は静かに終焉を迎えた……","伴着 {CARDNAME:4520} 骇人的狂笑，你的生命一点点流逝……"
"10035201","","",""
"10035202","Actually, never mind.","やっぱりやめる","还是算了"
"10035211","{CHARACTERNAME:1010}","{CHARACTERNAME:1010}","{CHARACTERNAME:1010}"
"10035212","You get the sense that nothing good can come of putting anything into that hollow. So you don't, and continue on your way.","どことなくイヤな予感がした君は、窪みに何かをはめるのをやめて、立ち去ることにした。","你总觉得往凹槽里放东西不会有什么好事，于是什么也没放，继续赶路。"
"10035221","{CARDNAME:2110}","{CARDNAME:2110}","{CARDNAME:2110}"
"10035222","The merchant glances over at you with a troubled look on his face. You ask him if something is the matter.","商人の男が、何だか困ったような顔でこちらをチラチラと見ている。君がどうしたのかと尋ねると……","商人一脸为难，不时偷瞄你。你问他怎么了。"
"10035231","{CARDNAME:2110}","{CARDNAME:2110}","{CARDNAME:2110}"
"10035232","""For reasons I can't explain, I need a <highlight>wolf</highlight>. Could you catch one for me?"" he pleads.","「とある事情で<highlight>{CARDNAME:10810}</highlight>を探しているんだ。捕まえてきてくれないか」と、男は君に頼み込んできた。","「因为一些不能说的原因，我在找 <highlight>{CARDNAME:10810}</highlight>。能帮我抓一只吗？」他恳求道。"
"10035241","{CARDNAME:2110}","{CARDNAME:2110}","{CARDNAME:2110}"
"10035242","He then procures a picture and shows it to you. ""It looks like this...""","男は一枚の絵を取り出し、君に説明する。「こういうやつなんだが……」と。","他拿出一张图给你看：「就是长这样的……」"
"10035251","{CARDNAME:2110}","{CARDNAME:2110}","{CARDNAME:2110}"
"10035252","""I'd like one with a beautiful, shiny coat,"" he elaborates. ""It should be <highlight>two stars at the very least</highlight>!""","そして男は、「できれば毛並みの美しい個体がいい。そうだな、<highlight>星二つ以上</highlight>のやつを頼む」と言った。","他又补充：「最好毛色漂亮有光泽。嗯……至少得是 <highlight>2 星以上</highlight>。」"
"10035261","{CARDNAME:2110}","{CARDNAME:2110}","{CARDNAME:2110}"
"10035262","""Stars...?"" you ask, to which he explains that each monster has a star-based ranking. The stronger the monster, the more stars it has.","「……星？」と聞き返した君に、商人の男は魔物を星の数でランク付けしているのだと説明する。","「星？」你反问。商人解释说，魔物会按星数划分等级，越强的魔物星数越多。"
"10035271","{CARDNAME:2110}","{CARDNAME:2110}","{CARDNAME:2110}"
"10035272","""Of course, I shall see that you are handsomely rewarded for your effort,"" he tells you.","「もちろん謝礼はする」と男は言っているが……","「当然，不会让你白忙，我会好好答谢。」商人说道。"
"10035281","{CHARACTERNAME:1010}","{CHARACTERNAME:1010}","{CHARACTERNAME:1010}"
"10035282","Will you accept his request?","頼みを聞くか？","要接受他的委托吗？"
"10035291","Yes","頼みを聞く","是"
"10035292","You decide to accept his request, then take out a wolf card from your case.","君は男の頼みを聞き入れ、カードの束の中から{CARDNAME:10810}のカードを取り出して召喚した。","你决定接受委托，从卡牌中取出 {CARDNAME:10810} 的卡并将它召唤出来。"
"10035301","No","聞かない","否"
"10035302","You tell the man that you won't accept his request without a good reason.","君は、理由を話さなければ頼みは聞けない、と商人の男に返事した。","你告诉商人，不说明理由就别想让你帮忙。"
"10035311","{CARDNAME:2110}","{CARDNAME:2110}","{CARDNAME:2110}"
"10035312","A delighted smile stretches across his face, and he asks if he can have some of its fur. Once you hand a tuft over...","それを見た男は歓喜の笑みを浮かべ、少しだけ毛を取らせてほしいと頼む。
そして……","他顿时喜笑颜开，问能不能取一点它的毛。你交给他一撮后……"
"10035321","{CARDNAME:2110}","{CARDNAME:2110}","{CARDNAME:2110}"
"10035322","...he quickly entwines it with his own hair. ""Behold!"" he exclaims with a grin. ""I'm even more dashing than before, no?""","男は唐突に{CARDNAME:10810}の毛を頭髪に絡ませると、「見てくれ、よりオシャレになっただろう？」と君に言った。","……他立刻把 {CARDNAME:10810} 的毛编进自己的头发里，咧嘴笑道：「看看，是不是比以前更时髦了？」"
"10035331","{CARDNAME:2110}","{CARDNAME:2110}","{CARDNAME:2110}"
"10035332","""I need to make a good impression on all of our patrons. After all, I'm the first person they see, and how I look influences the credibility of this entire business,"" he explains.","「客はまず私の身なりを見る。それでこの商店全体の信頼度が変わってくるのでね」と、男は説明する。","他解释道：「客人最先看到的是我。我的打扮如何，会影响他们对整个商店的信任。」"
"10035341","{CARDNAME:2110}","{CARDNAME:2110}","{CARDNAME:2110}"
"10035342","After he's finished arranging the wolf fur on his head, he thanks you and hands you your reward.","男は{CARDNAME:10810}の毛が混ざった頭髪を整えてから、君に謝礼を手渡した。","他把混有 {CARDNAME:10810} 毛发的头发整理好，向你道谢并交给你报酬。"
"10035351","","",""
"10035352","You also received an <highlight>Apprentice Monster Tamer Certificate</highlight>!","さらに君は、
<highlight>見習い魔物使い</highlight>の
認定証をもらった！","此外，你还获得了<highlight>见习魔物使</highlight>认证证书！"
"10035361","{CARDNAME:2110}","{CARDNAME:2110}","{CARDNAME:2110}"
"10035362","The merchant, recognizing your monster-catching prowess, wants you to bring him an orc child next. Just like the wolf, he asks for one that's <highlight>two stars or above</highlight>.","君の実力を認めた商人の男は、「次は、<highlight>星二つ以上の{CARDNAME:10510}</highlight>を頼みたい」と続ける。","商人认可了你捕捉魔物的本事，接着说道：「下一只，请帮我抓 <highlight>2 星以上的 {CARDNAME:10510}</highlight>。」"
"10035371","{CARDNAME:2110}","{CARDNAME:2110}","{CARDNAME:2110}"
"10035372","Orc children are said to live in the desert, but dislike the sun's powerful rays and tend to hide away in dark places.","目当ての{CARDNAME:10510}は砂漠に棲息するという。しかし、強い日差しが苦手なのか、暗所を好むらしい。","据说 {CARDNAME:10510} 栖息在沙漠，但似乎不喜欢强烈阳光，更常躲在阴暗处。"
"10035381","{CHARACTERNAME:1010}","{CHARACTERNAME:1010}","{CHARACTERNAME:1010}"
"10035382","You make note of the information and bid the man farewell.","君は教えてもらった情報を手早くメモすると、男に別れを告げて立ち去った。","你迅速记下这些信息，与商人告别后离开。"
"10035391","{CARDNAME:2110}","{CARDNAME:2110}","{CARDNAME:2110}"
"10035392","The man furrows his brows. ""I wish I could tell you, truly..."" he murmurs.","しかし男は、困った顔でしきりに頭を撫でながら、
「そこを何とか……」と言って粘る。","商人皱着眉头，反复摸着脑袋：「这个实在不能说……就帮帮忙吧。」"
"10035401","","",""
"10035402","You can review monster data any time by selecting <highlight>Key Items</highlight> from the menu.","魔物の情報は、メニューの中の<highlight>大事なもの</highlight>からいつでも確認できます。","魔物信息随时可以在菜单的<highlight>「重要物品」</highlight>中查看。"
"10035411","{CARDNAME:2110}","{CARDNAME:2110}","{CARDNAME:2110}"
"10035412","""Have you captured an orc child?"" the merchant asks. ""Remember, it must be <highlight>two stars or above</highlight>!""","商人の男は、「<highlight>星二つ以上の{CARDNAME:10510}</highlight>を捕まえたのかい？」と、君に尋ねてきた。","商人问道：「抓到 <highlight>2 星以上的 {CARDNAME:10510}</highlight> 了吗？」"
"10035421","{CHARACTERNAME:1010}","{CHARACTERNAME:1010}","{CHARACTERNAME:1010}"
"10035422","You shake your head and take another look at your notes.","まだその魔物を捕まえられていない君は、手持ちのメモを見直した。","你还没抓到目标魔物，于是再次查看手里的笔记。"
"10035431","{CHARACTERNAME:1010}","{CHARACTERNAME:1010}","{CHARACTERNAME:1010}"
"10035432","""I'll have one for you soon,"" you reassure him, then take your leave.","君は「もうちょっと待ってほしい」と言い、その場を後にした。","你说道：「再等我一下。」随后离开。"
"10035441","{CHARACTERNAME:1010}","{CHARACTERNAME:1010}","{CHARACTERNAME:1010}"
"10035442","You take the card out from your case and summon the monster.","君はカードの束の中から、魔物カードを取り出し召喚する。","你从卡牌中取出魔物卡，将魔物召唤出来。"
"10035451","{CARDNAME:2110}","{CARDNAME:2110}","{CARDNAME:2110}"
"10035452","""Ahh, it's the right monster, but the wrong rank,"" the merchant tells you. ""Please get <highlight>one of a higher rank</highlight>.""","しかし商人の男は、「あ～惜しい！もっと<highlight>ランクが高いやつ</highlight>を捕まえてほしいんだ」と言う。","商人却说道：「啊～可惜！魔物没错，但请抓一只<highlight>等级更高的</highlight>。」"
"10035461","{CHARACTERNAME:1010}","{CHARACTERNAME:1010}","{CHARACTERNAME:1010}"
"10035462","You nod and turn on your heel, determined to capture an even more powerful beast.","君は、もう少し強い魔物を捕まえたら出直そうと、踵を返した。","你点点头，转身离开，准备抓到更强的魔物再来。"
"10035471","{CARDNAME:2110}","{CARDNAME:2110}","{CARDNAME:2110}"
"10035472","After you summon the beast, the merchant calls over the {CARDNAME:3511}.","君が魔物を召喚すると、商人の男は{CARDNAME:3511}を呼びつけた。","你召唤出魔物后，商人把 {CARDNAME:3511} 叫了过来。"
"10035481","{CARDNAME:3511}","{CARDNAME:3511}","{CARDNAME:3511}"
"10035482","The smithy looks at the orc child's weapon from every angle, all the while muttering, ""I see, I see...""","{CARDNAME:3511}は、{CARDNAME:10510}が持っている武器を八方から眺めながら、「なるほど……」と頷いている。","{CARDNAME:3511} 从各个角度仔细端详 {CARDNAME:10510} 的武器，嘴里不住念着：「原来如此……」"
"10035491","{CARDNAME:3511}","{CARDNAME:3511}","{CARDNAME:3511}"
"10035492","Apparently, he's been developing a hammer that even children could use in self-defense and wanted to use the orc child's weapon as reference.","何でも、「子供でも扱える護身用ハンマー」を開発中で、{CARDNAME:10510}の武器を素材にしたかったそうだ。","原来他正在开发「连孩子也能使用的防身锤」，想参考 {CARDNAME:10510} 使用的武器。"
"10035501","{CARDNAME:2110}","{CARDNAME:2110}","{CARDNAME:2110}"
"10035502","""Allow me to thank you on behalf of the smithy,"" the merchant says.","商人の男は、「武器屋に代わって私が」と、君に謝礼を差し出した。","商人说道：「我替武器店谢谢你。」随后递来报酬。"
"10035511","{CARDNAME:2110}","{CARDNAME:2110}","{CARDNAME:2110}"
"10035512","""I oversee the entire Roving Market and, as such, it is my duty to reward you.""","「この移動商店の元締めは私だ。だから謝礼も私が払うのだ」と言っている。","「这座移动商店由我统管，报酬自然也该由我来付。」商人解释道。"
"10035521","","",""
"10035522","You also received a <highlight>Rookie Monster Tamer Certificate</highlight>!","さらに君は、
<highlight>新人魔物使い</highlight>の
認定証をもらった！","此外，你还获得了<highlight>新人魔物使</highlight>认证证书！"
"10035531","{CARDNAME:2110}","{CARDNAME:2110}","{CARDNAME:2110}"
"10035532","""I may ask for your help again in the near future,"" he says with a smile. ""Until then.""","商人の男は、「近いうちにまた魔物探しを頼むよ」と言い、君に笑顔を向けた。","商人笑道：「过不了多久，可能还要拜托你找魔物。到时候再见。」"
"10035541","{CARDNAME:2110}","{CARDNAME:2110}","{CARDNAME:2110}"
"10035542","""Ah, perfect timing,"" the merchant says. ""I was hoping you'd catch me a venomslime. <highlight>Two stars or above</highlight>, as usual.""","商人の男は「丁度いいところに！次は<highlight>星二つ以上の{CARDNAME:10120}</highlight>を捕まえてきてほしい」と君に言った。","商人一见你便说道：「来得正好！下一只请帮我抓 <highlight>2 星以上的 {CARDNAME:10120}</highlight>。」"
"10035551","{CARDNAME:2110}","{CARDNAME:2110}","{CARDNAME:2110}"
"10035552","He then procures a picture and shows it to you. ""It looks like this...""","男は一枚の絵を取り出し、君に説明する。「こういうやつなんだが……」と。","他拿出一张图给你看：「就是长这样的……」"
"10035561","{CARDNAME:2110}","{CARDNAME:2110}","{CARDNAME:2110}"
"10035562","Apparently, its beautiful purple body has earned it the name ""jewel of the wasteland.""","美しい紫色をしたその体は「荒れ地の宝石」と称されるほどだという。","据说它漂亮的紫色身体甚至被称为「荒地的宝石」。"
"10035571","{CHARACTERNAME:1010}","{CHARACTERNAME:1010}","{CHARACTERNAME:1010}"
"10035572","You make note of the information and bid the man farewell.","君は教えてもらった情報を手早くメモすると、男に別れを告げて立ち去った。","你迅速记下这些信息，与商人告别后离开。"
"10035581","{CARDNAME:2110}","{CARDNAME:2110}","{CARDNAME:2110}"
"10035582","""Have you found a venomslime?"" the merchant asks. ""Remember, I need <highlight>one that's two stars or above</highlight>!""","商人の男は、「<highlight>星二つ以上の{CARDNAME:10120}</highlight>は見つかったか？」と、君に尋ねてきた。","商人问道：「找到 <highlight>2 星以上的 {CARDNAME:10120}</highlight> 了吗？」"
"10035591","{CARDNAME:2110}","{CARDNAME:2110}","{CARDNAME:2110}"
"10035592","The merchant looks at the summoned monster closely, then says he would like to take a bit of its outer layer.","君が魔物を召喚すると男はその美しい紫色を吟味し、少しだけ魔物の表皮を削らせてほしいと告げた。","你召唤出魔物后，商人仔细端详它漂亮的紫色，随后请求刮取一点表皮。"
"10035601","{CARDNAME:2110}","{CARDNAME:2110}","{CARDNAME:2110}"
"10035602","And then...","そして……","然后……"
"10035611","{CARDNAME:2110}","{CARDNAME:2110}","{CARDNAME:2110}"
"10035612","After scraping off a bit of its slime, he tells you that he plans to use it in a medicine. The more vivid the color, the higher the price he can sell it for.","魔物の表皮を慎重に削り取った男は、この紫色が美しいほど、高値で売れる薬になるのだと話した。","商人小心刮下一点表皮，说这种紫色越漂亮，制成的药就越能卖上高价。"
"10035621","{CARDNAME:2110}","{CARDNAME:2110}","{CARDNAME:2110}"
"10035622","""If I can successfully cultivate this, then..."" he murmurs, trailing off with a grin. After a moment, he clears his throat, then thanks you.","商人の男は「こいつの培養に成功すれば……」と笑みを浮かべた後、君に謝礼の品を差し出した。","「如果能成功培养这东西……」商人露出笑容，话说到一半便打住，随后清清嗓子，把谢礼递给你。"
"10035631","","",""
"10035632","You also received an <highlight>Established Monster Tamer Certificate</highlight>!","さらに君は、
<highlight>一人前の魔物使い</highlight>の
認定証をもらった！","此外，你还获得了<highlight>独当一面的魔物使</highlight>认证证书！"
"10035641","{CARDNAME:2110}","{CARDNAME:2110}","{CARDNAME:2110}"
"10035642","""I may ask for your help again in the near future,"" he says with a smile. ""Until then.""","商人の男は、「近いうちにまた魔物探しを頼むよ」と言い、君に笑顔を向けた。","商人笑道：「过不了多久，可能还要拜托你找魔物。到时候再见。」"
"10035651","{CARDNAME:2110}","{CARDNAME:2110}","{CARDNAME:2110}"
"10035652","""Hello there,"" the merchant greets. ""I have another request for you. Could you capture me a gargoyle? As always, it must be <highlight>two stars or above</highlight>.""","商人の男は、「また君に頼みがある。<highlight>星二つ以上の{CARDNAME:11910}</highlight>を捕まえてきてくれないか？」と言った。","商人招呼道：「又有件事想拜托你。能抓一只石像鬼来吗？和以前一样，要 <highlight>2 星以上的 {CARDNAME:11910}</highlight>。」"
"10035661","{CARDNAME:2110}","{CARDNAME:2110}","{CARDNAME:2110}"
"10035662","He then procures a picture and shows it to you. ""It looks like this...""","男は一枚の絵を取り出し、君に説明する。「こういうやつなんだが……」と。","他拿出一张图给你看：「就是长这样的……」"
"10035671","{CARDNAME:2110}","{CARDNAME:2110}","{CARDNAME:2110}"
"10035672","Gargoyles are said to inhabit old buildings such as religious ruins. They are dangerous monsters that pretend to be sculptures only to later attack adventurers.","{CARDNAME:11910}は、宗教的な遺跡などの古い建物を好み、彫像のふりをして冒険者を襲う困った魔物だという。","据说 {CARDNAME:11910} 喜欢宗教遗迹等古老建筑，会伪装成雕像袭击冒险者，是相当危险的魔物。"
"10035681","{CHARACTERNAME:1010}","{CHARACTERNAME:1010}","{CHARACTERNAME:1010}"
"10035682","You make note of the information and bid the man farewell.","君は教えてもらった情報を手早くメモすると、男に別れを告げて立ち去った。","你迅速记下这些信息，与商人告别后离开。"
"10035691","{CARDNAME:2110}","{CARDNAME:2110}","{CARDNAME:2110}"
"10035692","The merchant's eyes light up as you approach. ""So?"" he asks eagerly. ""Have you found a <highlight>two-star</highlight> gargoyle?""","商人の男は君を見ると、食い気味に「<highlight>星二つ以上の{CARDNAME:11910}</highlight>は、見つかったかね？」と声をかけてきた。","商人一见你便迫不及待地问：「怎么样？找到 <highlight>2 星以上的 {CARDNAME:11910}</highlight> 了吗？」"
"10035701","{CARDNAME:2110}","{CARDNAME:2110}","{CARDNAME:2110}"
"10035702","After you summon the monster, the merchant calls the innkeeper over to have a look at the beast.","君が魔物を召喚すると商人の男は{CARDNAME:3531}を呼びつけた。","你召唤出魔物后，商人把 {CARDNAME:3531} 叫来一起看。"
"10035711","{CARDNAME:3531}","{CARDNAME:3531}","{CARDNAME:3531}"
"10035712","She then places a large sack on the ground and asks if you can have the gargoyle stand on top of it.","女主人は、何かが詰まった袋を地面に置くと、{CARDNAME:11910}をこの上に乗せてくれないかと君に頼む。","女主人把一个装着东西的大袋子放到地上，请你让 {CARDNAME:11910} 站到上面。"
"10035721","{CARDNAME:11910}","{CARDNAME:11910}","{CARDNAME:11910}"
"10035722","Once it's on top, you hear countless cracking noises coming from inside the bag.","君の指図で{CARDNAME:11910}が袋の上に乗ると、「バキバキバキ」と、何かが砕ける音がした。","在你指挥下，{CARDNAME:11910} 往袋子上一站，里面顿时传来一连串「咔嚓咔嚓」的碎裂声。"
"10035731","{CARDNAME:3531}","{CARDNAME:3531}","{CARDNAME:3531}"
"10035732","""What a helpful creature,"" she remarks with a smile. ""It cracked open all these nuts in one go!""","女主人は、「硬い木の実をまとめて割ってくれるなんて、便利な魔物だね」と、にこやかに言った。","女主人笑道：「一下就把这么多硬果壳全压开了，真方便啊！」"
"10035741","{CARDNAME:2110}","{CARDNAME:2110}","{CARDNAME:2110}"
"10035742","""Thank you for your help. I can't imagine it's easy preparing snacks for all our guests,"" the merchant says, then hands you your reward.","「来客用の軽食を仕込むのも大変だからね」と、商人の男は女主人に代わって君に謝礼を差し出した。","商人说道：「给这么多客人准备零食也不容易，多谢你帮忙。」随后代女主人把报酬交给你。"
"10035751","","",""
"10035752","You also received a <highlight>Skilled Monster Tamer Certificate</highlight>!","さらに君は、
<highlight>中堅魔物使い</highlight>の
認定証をもらった！","此外，你还获得了<highlight>中坚魔物使</highlight>认证证书！"
"10035761","{CARDNAME:2110}","{CARDNAME:2110}","{CARDNAME:2110}"
"10035762","""I may ask for your help again in the near future,"" he says with a smile. ""Until then.""","商人の男は、「近いうちにまた魔物探しを頼むよ」と言い、君に笑顔を向けた。","商人笑道：「过不了多久，可能还要拜托你找魔物。到时候再见。」"
"10035771","{CARDNAME:2110}","{CARDNAME:2110}","{CARDNAME:2110}"
"10035772","""You there,"" the merchant says. ""Fetch me an ice tortoise—<highlight>three stars or above</highlight>—and make it snappy!""","商人の男は「君か。次は<highlight>星三つ以上の{CARDNAME:10930}</highlight>を捕まえてきてくれ」とぶしつけに言った。","商人毫不客气地说道：「下一只，给我抓 <highlight>3 星以上的 {CARDNAME:10930}</highlight>，动作快点。」"
"10035781","{CARDNAME:2110}","{CARDNAME:2110}","{CARDNAME:2110}"
"10035782","He then procures a picture and shows it to you. ""It looks like this...""","男は一枚の絵を取り出し、君に説明する。「こういうやつなんだが……」と。","他拿出一张图给你看：「就是长这样的……」"
"10035791","{CARDNAME:2110}","{CARDNAME:2110}","{CARDNAME:2110}"
"10035792","It sounds like he wants an even stronger monster than before. He tells you that it nests in cold areas, then all but shoos you away...","今までに頼んだ魔物よりもランクの高い個体が欲しいようだ。寒い地域に棲息しているらしいが……","看来他这次要比之前更强的魔物。据说目标栖息在寒冷地区。说完这些，他几乎是在催你赶紧出发……"
"10035801","{CHARACTERNAME:1010}","{CHARACTERNAME:1010}","{CHARACTERNAME:1010}"
"10035802","You make note of the information and bid the man farewell.","君は教えてもらった情報を手早くメモすると、男に別れを告げて立ち去った。","你迅速记下这些信息，与商人告别后离开。"
"10035811","{CARDNAME:2110}","{CARDNAME:2110}","{CARDNAME:2110}"
"10035812","""Have you found the tortoise?"" he inquires. ""<highlight>One that's three stars or above</highlight>?""","商人の男は、「<highlight>星三つ以上の{CARDNAME:10930}</highlight>は見つかったのか」と、君に尋ねてきた。","商人问道：「找到 <highlight>3 星以上的 {CARDNAME:10930}</highlight> 了吗？」"
"10035821","{CHARACTERNAME:1010}","{CHARACTERNAME:1010}","{CHARACTERNAME:1010}"
"10035822","You take the card out from your case and summon the monster.","君はカードの束の中から、魔物カードを取り出し召喚する。","你从卡牌中取出魔物卡，将魔物召唤出来。"
"10035831","{CARDNAME:2110}","{CARDNAME:2110}","{CARDNAME:2110}"
"10035832","""Ahh, it's the right monster, but the wrong rank,"" the merchant tells you. ""Please get <highlight>one of a higher rank</highlight>.""","しかし商人の男は、「あ～惜しい！もっと<highlight>ランクが高いやつ</highlight>を捕まえてほしいんだ」と言う。","商人却说道：「啊～可惜！魔物没错，但请抓一只<highlight>等级更高的</highlight>。」"
"10035841","{CHARACTERNAME:1010}","{CHARACTERNAME:1010}","{CHARACTERNAME:1010}"
"10035842","You nod and turn on your heel, determined to capture an even more powerful beast.","君は、もう少し強い魔物を捕まえたら出直そうと、踵を返した。","你点点头，转身离开，准备抓到更强的魔物再来。"
"10035851","{CARDNAME:2110}","{CARDNAME:2110}","{CARDNAME:2110}"
"10035852","Once the monster appears, the merchant summons the game parlor receptionist.","君が魔物を召喚すると、商人の男は{CARDNAME:3541}を呼びつけた。","你召唤出魔物后，商人把 {CARDNAME:3541} 叫了过来。"
"10035861","{CARDNAME:3541}","{CARDNAME:3541}","{CARDNAME:3541}"
"10035862","The receptionist then proceeds to line up what look to be cards upon the tortoise's back...","受付の男の子は、{CARDNAME:10930}の甲羅の上に、何かのお札を並べ始めた……","接待员随后把一些像卡牌的东西一张张摆到 {CARDNAME:10930} 的龟壳上……"
"10035871","{CARDNAME:3541}","{CARDNAME:3541}","{CARDNAME:3541}"
"10035872","After a moment, his shoulders slump. ""I knew it... That item shop girl and I were never meant to be...""","しばらくして、「やっぱりボクなんかじゃ、看板娘のあの子には……」と、男の子は落胆している。","过了一会儿，他垂下肩膀：「果然……我和道具店那个女孩根本没缘分……」"
"10035881","{CARDNAME:3541}","{CARDNAME:3541}","{CARDNAME:3541}"
"10035882","Apparently he'd heard that ice tortoise shells are good for divination, and wanted the creature to foretell his love life.","聞けば、{CARDNAME:10930}の甲羅が占いに使えると聞いて、どうしても恋の行方を占ってみたかったらしい。","原来他听说 {CARDNAME:10930} 的龟壳可以占卜，特别想用它算算自己的恋爱运。"
"10035891","{CARDNAME:2110}","{CARDNAME:2110}","{CARDNAME:2110}"
"10035892","""I don't believe in fortune telling. The future is yours to make!"" the merchant exclaims with a grin, then hands you a reward.","「占いなんかよりも、行動あるのみだ！」と、商人の男は笑いながら、君に謝礼を差し出した。","商人笑道：「我才不信什么占卜。未来要靠自己争取！」随后把报酬交给你。"
"10035901","","",""
"10035902","You also received a <highlight>Seasoned Monster Tamer Certificate</highlight>!","さらに君は、
<highlight>熟練の魔物使い</highlight>の
認定証をもらった！","此外，你还获得了<highlight>熟练魔物使</highlight>认证证书！"
"10035911","{CARDNAME:2110}","{CARDNAME:2110}","{CARDNAME:2110}"
"10035912","""I may ask for your help again in the near future,"" he says with a smile. ""Until then.""","商人の男は、「近いうちにまた魔物探しを頼むよ」と言い、君に笑顔を向けた。","商人笑道：「过不了多久，可能还要拜托你找魔物。到时候再见。」"
"10035921","{CARDNAME:2110}","{CARDNAME:2110}","{CARDNAME:2110}"
"10035922","""I've been waiting for you. This time, I need you to catch me a tailtoad. It must be <highlight>at least three stars</highlight>,"" he tells you.","商人の男は「よく来た。次は<highlight>星三つ以上の{CARDNAME:11410}</highlight>を捕まえてきてほしい」と、簡潔に用件を言った。","商人说道：「等你很久了。下一只请抓 <highlight>3 星以上的 {CARDNAME:11410}</highlight>。」"
"10035931","{CARDNAME:2110}","{CARDNAME:2110}","{CARDNAME:2110}"
"10035932","He then procures a picture and shows it to you. ""It looks like this...""","男は一枚の絵を取り出し、君に説明する。「こういうやつなんだが……」と。","他拿出一张图给你看：「就是长这样的……」"
"10035941","{CARDNAME:2110}","{CARDNAME:2110}","{CARDNAME:2110}"
"10035942","He explains that tailtoads love high places and live upon cliffs that ordinary humans can't scale.","お目当ての{CARDNAME:11410}は高い場所が好きだそうで、通常の人間では登れないような崖に棲みつくらしい。","据说 {CARDNAME:11410} 喜欢高处，栖息在普通人根本爬不上去的悬崖。"
"10035951","{CHARACTERNAME:1010}","{CHARACTERNAME:1010}","{CHARACTERNAME:1010}"
"10035952","You make note of the information and bid the man farewell.","君は教えてもらった情報を手早くメモすると、男に別れを告げて立ち去った。","你迅速记下这些信息，与商人告别后离开。"
"10035961","{CARDNAME:2110}","{CARDNAME:2110}","{CARDNAME:2110}"
"10035962","""Have you brought news of a <highlight>three-star</highlight> tailtoad?"" he asks, perhaps a tad overeagerly.","商人の男は「<highlight>星三つ以上の{CARDNAME:11410}</highlight>はまだかな……？」と、そわそわした様子で君に話し掛けてきた。","商人有些坐立不安地问：「<highlight>3 星以上的 {CARDNAME:11410}</highlight> 还没找到吗……？」"
"10035971","{CARDNAME:2110}","{CARDNAME:2110}","{CARDNAME:2110}"
"10035972","Upon seeing the creature, he quickly calls over the owner of the pet shop.","君が魔物を召喚すると、商人の男は{CARDNAME:3571}を呼びつけた。","你召唤出魔物后，商人立刻把 {CARDNAME:3571} 叫了过来。"
"10035981","{CARDNAME:3571}","{CARDNAME:3571}","{CARDNAME:3571}"
"10035982","The owner looks at the toad, then begs you for some of its mucus.","{CARDNAME:3571}は、{CARDNAME:11410}を見るなり、「こいつの粘液を譲ってくれ！」と頭を下げる。","{CARDNAME:3571} 一看见 {CARDNAME:11410}，便低头恳求：「能分我一点它的黏液吗！」"
"10035991","{CARDNAME:3571}","{CARDNAME:3571}","{CARDNAME:3571}"
"10035992","Apparently, one of his regulars constantly badgers him for the stuff.","聞けば、常連客に少し変わったご婦人がいて、{CARDNAME:11410}の粘液をしつこくせがまれているそうだ。","原来他有位颇为特别的常客，一直缠着他要 {CARDNAME:11410} 的黏液。"
"10036001","{CARDNAME:3571}","{CARDNAME:3571}","{CARDNAME:3571}"
"10036002","According to the customer, mucus from the powerful tailtoads does wonders for your skin.","ご婦人曰く、{CARDNAME:11410}の粘液……とくに高ランクの個体から採れるものは、とても美容に良いらしい。","据那位客人说，{CARDNAME:11410} 的黏液，尤其是高等级个体的，对美容极有好处。"
"10036011","{CHARACTERNAME:1010}","{CHARACTERNAME:1010}","{CHARACTERNAME:1010}"
"10036012","Though you can't quite comprehend why someone would want to slather any sort of mucus on their face and body, you give the owner what he asked for.","君は「こんなものを顔や体に塗るの……？」と内心思いつつも、粘液を少し採取させてあげた。","你心里嘀咕着「这种东西真要往脸和身上涂吗……」，还是让他取了一点黏液。"
"10036021","{CARDNAME:2110}","{CARDNAME:2110}","{CARDNAME:2110}"
"10036022","The merchant praises the shop owner for his dedication to meeting his customer's demands and presents you with your reward.","商人の男は「お客様の要望に全力で応えるその姿勢、実に天晴」と店主を褒め、君に謝礼を差し出した。","商人称赞店主「为了满足顾客要求全力以赴，实在了不起」，随后把报酬交给你。"
"10036031","","",""
"10036032","You also received an <highlight>Expert Monster Tamer Certificate</highlight>!","さらに君は、
<highlight>大物の魔物使い</highlight>の
認定証をもらった！","此外，你还获得了<highlight>大物魔物使</highlight>认证证书！"
"10036041","{CARDNAME:2110}","{CARDNAME:2110}","{CARDNAME:2110}"
"10036042","""I may ask for your help again in the near future,"" he says with a smile. ""Until then.""","商人の男は、「近いうちにまた魔物探しを頼むよ」と言い、君に笑顔を向けた。","商人笑道：「过不了多久，可能还要拜托你找魔物。到时候再见。」"
"10036051","{CARDNAME:2110}","{CARDNAME:2110}","{CARDNAME:2110}"
"10036052","""I need a magemoth, <highlight>three stars or higher</highlight>,"" he all but demands as you approach.","商人の男は、「<highlight>星三つ以上の{CARDNAME:12010}</highlight>が欲しい」と単刀直入に要望を言った。","你刚靠近，商人便直截了当地说道：「我要 <highlight>3 星以上的 {CARDNAME:12010}</highlight>。」"
"10036061","{CARDNAME:2110}","{CARDNAME:2110}","{CARDNAME:2110}"
"10036062","He then procures a picture and shows it to you. ""It looks like this...""","男は一枚の絵を取り出し、君に説明する。「こういうやつなんだが……」と。","他拿出一张图给你看：「就是长这样的……」"
"10036071","{CARDNAME:2110}","{CARDNAME:2110}","{CARDNAME:2110}"
"10036072","The beast is said to inhabit Newterra, and some specimens are rumored to have a certain precious material on their bodies.","新天地に棲息していると伝わる魔物で、「一部の個体からは貴重なアレが……」と、男は言った。","据说这种魔物栖息在新天地，而且部分个体身上还带着某种贵重材料。"
"10036081","{CHARACTERNAME:1010}","{CHARACTERNAME:1010}","{CHARACTERNAME:1010}"
"10036082","You make note of the information and bid the man farewell.","君は教えてもらった情報を手早くメモすると、男に別れを告げて立ち去った。","你迅速记下这些信息，与商人告别后离开。"
"10036091","{CARDNAME:2110}","{CARDNAME:2110}","{CARDNAME:2110}"
"10036092","""So did you get it?"" he asks with a hopeful look on his face. ""Did you capture a <highlight>three-star</highlight> magemoth?""","商人の男は期待を込めた様子で「<highlight>星三つ以上の{CARDNAME:12010}</highlight>は捕まったかね？」と君に尋ねた。","商人满怀期待地问：「怎么样？抓到 <highlight>3 星以上的 {CARDNAME:12010}</highlight> 了吗？」"
"10036101","{CARDNAME:2110}","{CARDNAME:2110}","{CARDNAME:2110}"
"10036102","Once you call forth the beast, the merchant tells the item shop girl to come over.","君が魔物を召喚すると、商人の男は{CARDNAME:3501}を呼びつけた。","你召唤出魔物后，商人把 {CARDNAME:3501} 叫了过来。"
"10036111","{CARDNAME:3501}","{CARDNAME:3501}","{CARDNAME:3501}"
"10036112","""I'll only take a few,"" she says before plucking off a handful of scales and storing them in a bottle.","{CARDNAME:3501}は、「ちょっといいかな」と言い、{CARDNAME:12010}の鱗粉を採取して薬ビンに収めた。","{CARDNAME:3501} 说道：「只取一点哦。」随后采下一些 {CARDNAME:12010} 的鳞粉，装进药瓶。"
"10036121","{CARDNAME:3501}","{CARDNAME:3501}","{CARDNAME:3501}"
"10036122","She gazes at the jar and whispers, ""With these, I can make a love potion for that game parlor—""","そして「これで惚れ薬を作って、遊戯場のあの人に飲ませれば……」と呟く。","她盯着瓶子小声嘀咕：「有这些就能做迷情药，再给游艺场那个人喝……」"
"10036131","{CARDNAME:2110}","{CARDNAME:2110}","{CARDNAME:2110}"
"10036132","""What's that?"" the merchant interjects in a booming voice. ""You're going to craft a panacea for the people, are you?""","商人の男は皆に聞こえる声で、「その鱗粉から万病に効く薬を作って、店で売るんだろう？」と言った。","商人突然提高嗓门打断她：「什么？你是要拿这些做包治百病的药，再卖给大家吧？」"
"10036141","{CARDNAME:3501}","{CARDNAME:3501}","{CARDNAME:3501}"
"10036142","The girl panics, having been found out. You realize she had intended to use the precious scales for her own purposes...","看板娘は慌てふためいている……どうやら、貴重な鱗粉を個人的な目的で使うつもりだったらしい……","女孩顿时慌了神。看来她本打算把珍贵鳞粉用在自己的私事上……"
"10036151","{CARDNAME:2110}","{CARDNAME:2110}","{CARDNAME:2110}"
"10036152","""A merchant ought to put her customers first,"" he says, gently chiding the girl, before presenting you with your reward.","「お客様第一が商売の基本だぞ」と、商人の男は看板娘を軽く諫めた後、君に謝礼を差し出した。","商人轻声训道：「做生意就得顾客第一。」随后把报酬交给你。"
"10036161","","",""
"10036162","You also received a <highlight>Master Monster Tamer Certificate</highlight>!","さらに君は、
<highlight>魔物使い師範代</highlight>の
認定証をもらった！","此外，你还获得了<highlight>魔物使代理师范</highlight>认证证书！"
"10036171","{CARDNAME:2110}","{CARDNAME:2110}","{CARDNAME:2110}"
"10036172","""I may ask for your help again in the near future,"" he says with a smile. ""Until then.""","商人の男は、「近いうちにまた魔物探しを頼むよ」と言い、君に笑顔を向けた。","商人笑道：「过不了多久，可能还要拜托你找魔物。到时候再见。」"
"10036181","{CARDNAME:2110}","{CARDNAME:2110}","{CARDNAME:2110}"
"10036182","The merchant tells you that this will be his last, but most difficult request, then asks you to bring him a <highlight>seastone</highlight>.","商人の男は、これが最後の頼みだと前置きし、「<highlight>{CARDNAME:12110}</highlight>を捕まえてほしい」と、君に告げた。","商人先说这是最后、也是最难的委托，随后请你抓一只 <highlight>{CARDNAME:12110}</highlight>。"
"10036191","{CARDNAME:2110}","{CARDNAME:2110}","{CARDNAME:2110}"
"10036192","He says that seastones are creatures of legend—oft written about, but scarcely seen.","{CARDNAME:12110}は伝説の生物として文献に載っている魔物で、本当に実在するのかもわからないらしい。","据说 {CARDNAME:12110} 是只存在于文献中的传说生物，甚至没人确定它是否真的存在。"
"10036201","{CARDNAME:2110}","{CARDNAME:2110}","{CARDNAME:2110}"
"10036202","He then pulls out a tome and flips to a certain page. ""They're rumored to look like this..."" he says.","男は文献を取り出すと、あるページを開いて言った。「{CARDNAME:12110}は、こういう姿らしいんだが……」と。","商人取出一本古籍，翻到其中一页：「据说 {CARDNAME:12110} 长这样……」"
"10036211","Old Tome","古い文献","古老文献"
"10036212","The book claims the beasts live in the dark depths of the earth, beyond the reach of humans.","さらにそこには、「人間が立ち入れない、とても暗い地底を好むと伝えられている」と記載されていた。","书中记载，这种魔物喜欢人类无法涉足的幽暗地底深处。"
"10036221","{CARDNAME:2110}","{CARDNAME:2110}","{CARDNAME:2110}"
"10036222","The merchant tells you that <highlight>any star ranking</highlight> will do this time, so long as you bring him a seastone.","男曰く「<highlight>星の数は問わない</highlight>ので、とにかく捕まえてきてほしい」とのことだ。","商人说这次<highlight>不限星级</highlight>，只要能抓到 {CARDNAME:12110} 就行。"
"10036231","{CHARACTERNAME:1010}","{CHARACTERNAME:1010}","{CHARACTERNAME:1010}"
"10036232","You make note of the information and bid the man farewell.","君は教えてもらった情報を手早くメモすると、男に別れを告げて立ち去った。","你迅速记下这些信息，与商人告别后离开。"
"10036241","{CARDNAME:2110}","{CARDNAME:2110}","{CARDNAME:2110}"
"10036242","""Could it be...?"" the merchant begins as you approach. ""Did you find a <highlight>seastone</highlight>!?""","商人の男は、「まさか……とうとう<highlight>{CARDNAME:12110}</highlight>を？」と、上ずった声で君に尋ねてきた。","你一靠近，商人便声音发颤地问：「难道……终于找到 <highlight>{CARDNAME:12110}</highlight> 了！？」"
"10036251","{CARDNAME:2110}","{CARDNAME:2110}","{CARDNAME:2110}"
"10036252","The beast manifests, and the man cries out in joy. ""So they really do exist!""","君が魔物を召喚すると、商人の男は「本当にいたのか……！」と驚嘆した。","魔物显现出来，商人惊喜大喊：「原来真的存在！」"
"10036261","Other Shopkeeps","商店の人々","商店众人"
"10036262","The other shopkeeps, who had been watching from afar, gather around the merchant upon hearing the commotion. It isn't long before they're as excited as he is.","その様子を遠巻きに見ていた商店の人々も、こちらに寄ってきて、なぜか歓喜に沸いている。","一直在远处观望的店员们听见动静，也纷纷围过来，很快便和商人一样兴奋。"
"10036271","{CARDNAME:2110}","{CARDNAME:2110}","{CARDNAME:2110}"
"10036272","""Please, please, I beg of you! I must have one of its antennae,"" he beseeches you, practically groveling at your feet.","男は、「{CARDNAME:12110}の触覚をぜひ私に譲ってほしい」と、地面に頭を擦り付けて君に頼み込んできた。","商人几乎要趴到地上恳求你：「拜托了！请一定分我一点 {CARDNAME:12110} 的触角！」"
"10036281","{CARDNAME:2110}","{CARDNAME:2110}","{CARDNAME:2110}"
"10036282","Between his endless pleas, he explains the legend of the seastone. Apparently, a single antenna grants its holder riches beyond their wildest dreams.","聞けば、その触覚を持つ者には、永遠の富がもたらされるという言い伝えがあるらしい。","他一边苦苦恳求，一边讲起传说：据说只要持有一小段这种触角，便能获得享之不尽的财富。"
"10036291","{CHARACTERNAME:1010}","{CHARACTERNAME:1010}","{CHARACTERNAME:1010}"
"10036292","""I suppose I could..."" you say, then trim off a bit of the antenna for the man.","君は「いつもお世話になってるし……」と、{CARDNAME:12110}の触覚を少し削ぎ落し、商人の男に手渡した。","「平时也受你不少照顾……」你说着，削下一小段 {CARDNAME:12110} 的触角交给商人。"
"10036301","{CARDNAME:2110}","{CARDNAME:2110}","{CARDNAME:2110}"
"10036302","""Thank you! Oh, what a joyous day! With this, the Roving Market shall thrive!"" he exclaims, then hands you your reward.","「これで商売繁盛間違いなし、移動商店の未来も安泰だ」と、商人の男は大喜びで君に謝礼を手渡す。","「太感谢了！有了这个，移动商店必定生意兴隆，前途无忧！」商人大喜过望，把报酬递给你。"
"10036311","{CARDNAME:2110}","{CARDNAME:2110}","{CARDNAME:2110}"
"10036312","Unable to contain their joy, the shopkeepers gather together to celebrate, the festivities lasting well into the night...","その後、男は商店の人々と共に、飲めや歌えの大騒ぎを続けた……","店里众人喜不自胜，聚在一起饮酒高歌，庆祝一直持续到深夜……"
"10036321","","",""
"10036322","The next day...","―翌日―","——第二天——"
"10036331","{CARDNAME:2110}","{CARDNAME:2110}","{CARDNAME:2110}"
"10036332","After waking from a long night of merrymaking, the merchant straightens his collar and thanks you once more.","酒盛りの酔いから醒めた商人の男は、襟を正すと、君に改めて礼を述べる。","一夜狂欢后酒醒的商人整好衣领，再次郑重向你道谢。"
"10036341","{CARDNAME:2110}","{CARDNAME:2110}","{CARDNAME:2110}"
"10036342","""Words cannot express how grateful I am to you for undertaking my impossible requests,"" he says.","「これまで、私の出した無理難題を幾度となく聞いてくれて大変感謝する」と。","他说道：「你一次又一次接下我的无理难题，实在感激不尽。」"
"10036351","{CARDNAME:2110}","{CARDNAME:2110}","{CARDNAME:2110}"
"10036352","He then withdraws something from his pocket and hands it to you.","そして懐からある物をスッと取り出し、君に渡す。","随后，他从怀里迅速取出一样东西，递给你。"
"10036361","","",""
"10036362","You received a <highlight>Legendary Monster Tamer Certificate</highlight>!","君は、
<highlight>伝説の魔物使い</highlight>の
認定証をもらった！","你获得了<highlight>传说魔物使</highlight>认证证书！"
"10036371","Other Shopkeeps","商店の人々","商店众人"
"10036372","As he does, the other shopkeeps peek their heads out of their stores. ""You truly are the second coming of the legendary monster tamer,"" he says. You can tell it's high praise.","商店の人々も、それぞれの店頭から身を乗り出し、
「君こそが伝説の魔物使いの再来だ」と褒め称える。","其他店员也从各自店门口探出身子。商人赞叹道：「你简直就是传说魔物使再世。」听得出来，这是极高的赞誉。"
"10036381","","",""
"10036382","Upon seeing all the shopkeeps, you ask...","そんな人々を見て、
君は……","看着这些人，你问道……"
"10036391","Legendary Monster Tamer?","伝説の魔物使い？","传说魔物使？"
"10036392","In hushed tones, the merchant tells you of how, long ago, there was someone known as the legendary monster tamer.","男は静かに語り始める。
遥か昔、伝説の魔物使いと呼ばれた男がいた事を。","商人压低声音，讲起很久以前一位被称为「传说魔物使」的人物。"
"10036401","Second Coming?","再来って何のこと？","「再世」是什么意思？"
"10036402","In hushed tones, the merchant tells you of how, long ago, there was someone known as the legendary monster tamer.","男は静かに語り始める。
遥か昔、伝説の魔物使いと呼ばれた男がいた事を。","商人压低声音，讲起很久以前一位被称为「传说魔物使」的人物。"
"10036411","{CARDNAME:2110}","{CARDNAME:2110}","{CARDNAME:2110}"
"10036412","He was a courageous man who saved the world with the aid of his obedient monsters.","その男は、とても従順な魔物を従えて、世界の危機を救った勇者だという。","据说那是一位勇者，率领无比听话的魔物，拯救了陷入危机的世界。"
"10036421","{CARDNAME:2110}","{CARDNAME:2110}","{CARDNAME:2110}"
"10036422","""I am a descendant of the one who helped craft that legend. Unfortunately, no proof remains...""","「私は、その魔物使いの伝説作りを手伝った仲間……の末裔なのだ。あいにく証拠は残っていないが……」","「我是当年参与铸就那段传说的同伴……的后代。可惜已经没有证据留下了……」"
"10036431","{CARDNAME:2110}","{CARDNAME:2110}","{CARDNAME:2110}"
"10036432","""You may become a legend in your own right soon,"" he says. ""And when that time comes...""","続けて男は、「近い将来、君も本当の伝説になるかもしれないな。もしそうなった時は」と言い……","他接着说：「或许不久后，你也会成为真正的传说。等到那一天……」"
"10036441","{CARDNAME:2110}","{CARDNAME:2110}","{CARDNAME:2110}"
"10036442","""Might I boast that I helped you along the way?"" he asks.","「私もその旅を手伝った仲間だと、大手を振って自慢していいだろうか？」と問いかけてくる。","「我能不能大大方方地吹嘘，说自己也是一路帮助过你的同伴？」他问道。"
"10036451","{CHARACTERNAME:1010}","{CHARACTERNAME:1010}","{CHARACTERNAME:1010}"
"10036452","How do you respond?","どう答える？","怎么回答？"
"10036461","Yes","首を縦に振る","是"
"10036462","You turn to the merchant and nod your head with a smile.","君は商人の男に向け、にこやかに首を縦に振る。","你面向商人，笑着点了点头。"
"10036471","No","首を横に振る","否"
"10036472","You turn to the merchant and shake your head.","君は商人の男に向け、渋い顔で首を横に振る。","你面向商人，板着脸摇了摇头。"
"10036481","{CARDNAME:2110}","{CARDNAME:2110}","{CARDNAME:2110}"
"10036482","The merchant responds with a grin of his own. ""Why, thank you. I'm so happy to hear that.""","すると男は満面の笑みで、「ありがとう、とても嬉しいよ」と言葉を返した。","商人顿时笑逐颜开：「谢谢！听你这么说，我太高兴了。」"
"10036491","{CARDNAME:2110}","{CARDNAME:2110}","{CARDNAME:2110}"
"10036492","His shoulders slump. ""Then I suppose I will boast in secret...""","すると男は肩を落として、「では、こっそり自慢するよ」と、とんちのような言葉を返した。","商人垂下肩膀：「那我就……偷偷吹嘘吧。」"
"10036501","{CHARACTERNAME:1010}","{CHARACTERNAME:1010}","{CHARACTERNAME:1010}"
"10036502","""......""","「……」","「……」"
"10036511","{CARDNAME:2110}","{CARDNAME:2110}","{CARDNAME:2110}"
"10036512","""Thank you for listening to my tale,"" he says softly. ""I hope to be of service on your journey, wherever it may take you.""","「……と、話は長くなったが、私はこれまで以上に、君達の旅を全力で手助けしていく」と男は宣誓した。","商人郑重说道：「……说了这么多，总之今后我也会比以往更加全力帮助你们的旅程。」"
"10036521","{CARDNAME:2110}","{CARDNAME:2110}","{CARDNAME:2110}"
"10036522","Not a moment later, he spreads his arms wide open and shouts, ""Now come! Stock up on whatever you need for your travels! Don't be shy!""","直後、男は両腕を広げて、「さあここで好きなだけ旅に必要な物を調えていってくれ！」と、君達を促す。","话音刚落，他便张开双臂大喊：「来吧！旅途中需要什么尽管在这里备齐，别客气！」"
"10036531","{CARDNAME:2110}","{CARDNAME:2110}","{CARDNAME:2110}"
"10036532","""To celebrate the occasion, everything is 10% off!""","「大盤振る舞いの、
　全品１割引きだ！」
　と、男は言った。","「今天大放血——全场九折！」"
"10036541","{CHARACTERNAME:1010} and Company","{CHARACTERNAME:1010}達一行","{CHARACTERNAME:1010} 一行"
"10036542","You feel your eyes widen in disbelief. ""I still have to pay!?"" your inner voice screams.","君達は心の中で、「金取るんかい！」と叫んだ……","你们在心里齐声大喊：「居然还要收钱！？」"
"10036551","","",""
"10036552","You can now purchase items for <highlight>10% off</highlight> at the Roving Market.","移動商店の商品が
<highlight>１割引き</highlight>で買えるように
なりました。","现在可以在移动商店以<highlight>九折</highlight>购买商品。"
"10036561","{CARDNAME:2110}","{CARDNAME:2110}","{CARDNAME:2110}"
"10036562","The merchant claims that he has created a list of monsters and their habitats thanks to your efforts.","君のおかげで魔物の棲息地に関する資料が作れたと、商人の男は喜んでいる。","商人很高兴，说托你的福已经整理出一份魔物及其栖息地资料。"
"10036571","{CARDNAME:2110}","{CARDNAME:2110}","{CARDNAME:2110}"
"10036572","To show his gratitude, he says he is more than happy to tell you what types of monsters inhabit each region.","そのお礼として、地域別にどんな魔物が棲息しているのか教えてくれるそうだ。","作为答谢，他愿意告诉你各个地区都栖息着哪些魔物。"
"10036581","{CHARACTERNAME:1010}","{CHARACTERNAME:1010}","{CHARACTERNAME:1010}"
"10036582","Which region will you ask about?","どの地域の魔物について
聞きたい？","想询问哪个地区的魔物？"
"10036591","{CARDNAME:90300}","{CARDNAME:90300}","{CARDNAME:90300}"
"10036592","","",""
"10036601","{CARDNAME:90310}","{CARDNAME:90310}","{CARDNAME:90310}"
"10036602","","",""
"10036611","{CARDNAME:90320}","{CARDNAME:90320}","{CARDNAME:90320}"
"10036612","","",""
"10036621","{CARDNAME:92360}","{CARDNAME:92360}","{CARDNAME:92360}"
"10036622","","",""
"10036631","{CARDNAME:90330}","{CARDNAME:90330}","{CARDNAME:90330}"
"10036632","","",""
"10036641","Next","次へ","下一步"
"10036642","","",""
"10036651","Previous","前へ","上一页"
"10036652","","",""
"10036661","Leave","やめる","取消"
"10036662","","",""
"10036671","View Next","次を見る","查看下一页"
"10036672","","",""
"10036681","View Previous","前を見る","查看上一页"
"10036682","","",""
"10036691","Quit Viewing","見るのをやめる","停止查看"
"10036692","","",""
"10036701","{CARDNAME:2110}","{CARDNAME:2110}","{CARDNAME:2110}"
"10036702","""The monsters that live there are..."" he begins as he lines up his pictures.","「その地域に棲息している魔物は……」と、男は絵を並べて見せてくれた。","「这个地区栖息的魔物有……」商人一边说，一边把图画排给你看。"
"10036711","{CARDNAME:2110}","{CARDNAME:2110}","{CARDNAME:2110}"
"10036712","The merchant looks up from his ledger and asks, ""Come to learn more about monsters, have you?""","商人の男は、帳簿から視線を外して君を見ると、「魔物の情報が欲しいのか？」と言った。","商人从账本上抬起视线：「想了解魔物情报吗？」"
"10036721","{CHARACTERNAME:1010}","{CHARACTERNAME:1010}","{CHARACTERNAME:1010}"
"10036722","You thrust your hand into your coin pouch, only to realize you haven't enough to buy anything.","買い物をしようとした君は気が付いた。今の所持金では何も買えないことに……","你把手伸进钱袋，才发现手头的钱连一样东西都买不起。"
"10036731","","",""
"10036732","Would you like some money?","お金が欲しいか？","想要钱吗？"
"10036741","I Want Money","お金が欲しい","想要钱"
"10036742","You obtain <highlight>20G</highlight>!","君は<highlight>２０Ｇ</highlight>を手に入れた！","获得 <highlight>20 G</highlight>！"
"10036751","No Thanks","いらない","不用"
"10036752","You say you don't want any money.","君はいらないと答えた。","你回答说不要钱。"
"10036761","宿屋","宿屋","宿屋"
"10036762","（動作確認用ダミーイベント）

体力が全回復した！","（動作確認用ダミーイベント）

体力が全回復した！","（動作確認用ダミーイベント）

体力が全回復した！"
"10036771","店主","店主","店主"
"10036772","店に行くと、店主が「ご用件は？」と声をかけてきた。","店に行くと、店主が「ご用件は？」と声をかけてきた。","店に行くと、店主が「ご用件は？」と声をかけてきた。"
"10036781","なにか　買う","なにか　買う","なにか　買う"
"10036782","","",""
"10036791","なにか　売る","なにか　売る","なにか　売る"
"10036792","","",""
"10036801","立ち去る","立ち去る","立ち去る"
"10036802","","",""
"10036811","","",""
"10036812","<b>Voice of
Cards</b>","<b>Voice of
Cards</b>","<b>Voice of Cards</b>"
"10036821","","",""
"10036822","<b>ドラゴン</b>","<b>ドラゴン</b>","<b>ドラゴン</b>"
"10036831","","",""
"10036832","<b>と</b>","<b>と</b>","<b>と</b>"
"10036841","","",""
"10036842","<b>陽気</b>","<b>陽気</b>","<b>陽気</b>"
"10036851","","",""
"10036852","<b>の</b>","<b>の</b>","<b>の</b>"
"10036861","","",""
"10036862","<b>島</b>","<b>島</b>","<b>島</b>"
"10036871","","",""
"10036872","釣りをイメージした<highlight>引っ張り選択肢</highlight>のテストです。
画面下のカードを長押ししてください。","釣りをイメージした<highlight>引っ張り選択肢</highlight>のテストです。
画面下のカードを長押ししてください。","釣りをイメージした<highlight>引っ張り選択肢</highlight>のテストです。
画面下のカードを長押ししてください。"
"10036881","メルブールを助ける","メルブールを助ける","メルブールを助ける"
"10036882","撓り続ける竿。バシャバシャと音をたてる水面。
２人で一気に引き上げると－－－

想像よりも小さい魚が釣れたが、その場でメルブールがぺろりと食べてしまった。","撓り続ける竿。バシャバシャと音をたてる水面。
２人で一気に引き上げると－－－

想像よりも小さい魚が釣れたが、その場でメルブールがぺろりと食べてしまった。","撓り続ける竿。バシャバシャと音をたてる水面。
２人で一気に引き上げると－－－

想像よりも小さい魚が釣れたが、その場でメルブールがぺろりと食べてしまった。"
"10036891","メルブールを助ける","メルブールを助ける","メルブールを助ける"
"10036892","竿は撓るが思ったよりも抵抗は強くない。
２人で一気に引き上げると－－－

引っかかっていたのは魚ではなく薬の瓶だったが、メルブールは嬉しそうだ。","竿は撓るが思ったよりも抵抗は強くない。
２人で一気に引き上げると－－－

引っかかっていたのは魚ではなく薬の瓶だったが、メルブールは嬉しそうだ。","竿は撓るが思ったよりも抵抗は強くない。
２人で一気に引き上げると－－－

引っかかっていたのは魚ではなく薬の瓶だったが、メルブールは嬉しそうだ。"
"10036901","クロエを助ける","クロエを助ける","クロエを助ける"
"10036902","撓り続ける竿。バシャバシャと音をたてる水面。
２人で一気に引き上げると－－－

小さい魚が釣れた。触りたくないと言うクロエに代わって針を外す羽目になった。","撓り続ける竿。バシャバシャと音をたてる水面。
２人で一気に引き上げると－－－

小さい魚が釣れた。触りたくないと言うクロエに代わって針を外す羽目になった。","撓り続ける竿。バシャバシャと音をたてる水面。
２人で一気に引き上げると－－－

小さい魚が釣れた。触りたくないと言うクロエに代わって針を外す羽目になった。"
"10036911","クロエを助ける","クロエを助ける","クロエを助ける"
"10036912","竿は撓るが思ったよりも抵抗は強くない。
２人で一気に引き上げると－－－

竿の先にいたのは薬の瓶だった。複雑そうな顔のクロエを横目に、君はその薬瓶を鞄にしまった。","竿は撓るが思ったよりも抵抗は強くない。
２人で一気に引き上げると－－－

竿の先にいたのは薬の瓶だった。複雑そうな顔のクロエを横目に、君はその薬瓶を鞄にしまった。","竿は撓るが思ったよりも抵抗は強くない。
２人で一気に引き上げると－－－

竿の先にいたのは薬の瓶だった。複雑そうな顔のクロエを横目に、君はその薬瓶を鞄にしまった。"
"10036921","リディを助ける","リディを助ける","リディを助ける"
"10036922","撓り続ける竿。バシャバシャと音をたてる水面。
２人で一気に引き上げると－－－

悲しいぐらい小さな魚が釣れた。これは金にならない！とリディは悔しがっている……","撓り続ける竿。バシャバシャと音をたてる水面。
２人で一気に引き上げると－－－

悲しいぐらい小さな魚が釣れた。これは金にならない！とリディは悔しがっている……","撓り続ける竿。バシャバシャと音をたてる水面。
２人で一気に引き上げると－－－

悲しいぐらい小さな魚が釣れた。これは金にならない！とリディは悔しがっている……"
"10036931","リディを助ける","リディを助ける","リディを助ける"
"10036932","竿は撓るが思ったよりも抵抗は強くない。
２人で一気に引き上げると－－－

なぜか魚ではなく空の薬瓶が釣れた。恨めしそうに針から瓶を外したリディは、勢いよく瓶を水に投げ込んだ。","竿は撓るが思ったよりも抵抗は強くない。
２人で一気に引き上げると－－－

なぜか魚ではなく空の薬瓶が釣れた。恨めしそうに針から瓶を外したリディは、勢いよく瓶を水に投げ込んだ。","竿は撓るが思ったよりも抵抗は強くない。
２人で一気に引き上げると－－－

なぜか魚ではなく空の薬瓶が釣れた。恨めしそうに針から瓶を外したリディは、勢いよく瓶を水に投げ込んだ。"
"10036941","ブルーノを助ける","ブルーノを助ける","ブルーノを助ける"
"10036942","撓り続ける竿。バシャバシャと音をたてる水面。
２人で一気に引き上げると－－－

非常に小さな魚が釣れた。ブルーノは魚をそっと針から外すと、可哀そうだからと水へ戻してあげた。","撓り続ける竿。バシャバシャと音をたてる水面。
２人で一気に引き上げると－－－

非常に小さな魚が釣れた。ブルーノは魚をそっと針から外すと、可哀そうだからと水へ戻してあげた。","撓り続ける竿。バシャバシャと音をたてる水面。
２人で一気に引き上げると－－－

非常に小さな魚が釣れた。ブルーノは魚をそっと針から外すと、可哀そうだからと水へ戻してあげた。"
"10036951","ブルーノを助ける","ブルーノを助ける","ブルーノを助ける"
"10036952","竿は撓るが思ったよりも抵抗は強くない。
２人で一気に引き上げると－－－

釣りあがったのは小さな薬瓶だった。お前の筋肉は見かけ倒しか？と君は呆れるが、ブルーノは気にせずマッスルポーズをしている。","竿は撓るが思ったよりも抵抗は強くない。
２人で一気に引き上げると－－－

釣りあがったのは小さな薬瓶だった。お前の筋肉は見かけ倒しか？と君は呆れるが、ブルーノは気にせずマッスルポーズをしている。","竿は撓るが思ったよりも抵抗は強くない。
２人で一気に引き上げると－－－

釣りあがったのは小さな薬瓶だった。お前の筋肉は見かけ倒しか？と君は呆れるが、ブルーノは気にせずマッスルポーズをしている。"
"10036961","","",""
"10036962","（強アタリパターン）
突然、君以外の仲間達の竿が一斉に水面へと強く撓る。仲間達が竿をあげようとするが、引きが強いのか苦戦しているようだ。誰を助ける？","（強アタリパターン）
突然、君以外の仲間達の竿が一斉に水面へと強く撓る。仲間達が竿をあげようとするが、引きが強いのか苦戦しているようだ。誰を助ける？","（強アタリパターン）
突然、君以外の仲間達の竿が一斉に水面へと強く撓る。仲間達が竿をあげようとするが、引きが強いのか苦戦しているようだ。誰を助ける？"
"10036971","メルブールを助ける","メルブールを助ける","メルブールを助ける"
"10036972","撓り続ける竿。水面は激しくバシャバシャと音を立て続けている。２人で一気に引き上げると－－－

想像を超える巨大な魚が釣れたが、その場でメルブールがぺろりと食べてしまった。","撓り続ける竿。水面は激しくバシャバシャと音を立て続けている。２人で一気に引き上げると－－－

想像を超える巨大な魚が釣れたが、その場でメルブールがぺろりと食べてしまった。","撓り続ける竿。水面は激しくバシャバシャと音を立て続けている。２人で一気に引き上げると－－－

想像を超える巨大な魚が釣れたが、その場でメルブールがぺろりと食べてしまった。"
"10036981","メルブールを助ける","メルブールを助ける","メルブールを助ける"
"10036982","引き上げようとした竿は重いが、意外と抵抗は強くない。２人で一気に引き上げると－－－

かかっていたのは魚ではなく、水がたっぷりと入ったバケツだった。メルブールの目が悲しそうに見える。","引き上げようとした竿は重いが、意外と抵抗は強くない。２人で一気に引き上げると－－－

かかっていたのは魚ではなく、水がたっぷりと入ったバケツだった。メルブールの目が悲しそうに見える。","引き上げようとした竿は重いが、意外と抵抗は強くない。２人で一気に引き上げると－－－

かかっていたのは魚ではなく、水がたっぷりと入ったバケツだった。メルブールの目が悲しそうに見える。"
"10036991","クロエを助ける","クロエを助ける","クロエを助ける"
"10036992","撓り続ける竿。水面は激しくバシャバシャと音を立て続けている。２人で一気に引き上げると－－－

見事な大きさの魚が釣れた！
それを見たメルブールのお腹が鳴ったので、みんなで美味しく食べることにした。","撓り続ける竿。水面は激しくバシャバシャと音を立て続けている。２人で一気に引き上げると－－－

見事な大きさの魚が釣れた！
それを見たメルブールのお腹が鳴ったので、みんなで美味しく食べることにした。","撓り続ける竿。水面は激しくバシャバシャと音を立て続けている。２人で一気に引き上げると－－－

見事な大きさの魚が釣れた！
それを見たメルブールのお腹が鳴ったので、みんなで美味しく食べることにした。"
"10037001","クロエを助ける","クロエを助ける","クロエを助ける"
"10037002","引き上げようとした竿は重いが、意外と抵抗は強くない。２人で一気に引き上げると－－－

竿の先にあったのは、謎の石造だった。笑いが止まらない君だったが、次の瞬間クロエが放った炎に包まれていた……","引き上げようとした竿は重いが、意外と抵抗は強くない。２人で一気に引き上げると－－－

竿の先にあったのは、謎の石造だった。笑いが止まらない君だったが、次の瞬間クロエが放った炎に包まれていた……","引き上げようとした竿は重いが、意外と抵抗は強くない。２人で一気に引き上げると－－－

竿の先にあったのは、謎の石造だった。笑いが止まらない君だったが、次の瞬間クロエが放った炎に包まれていた……"
"10037011","リディを助ける","リディを助ける","リディを助ける"
"10037012","撓り続ける竿。水面は激しくバシャバシャと音を立て続けている。２人で一気に引き上げると－－－

見事な大きさの魚が釣れた。これは金になるぞ！！と大喜びのリディは、早速売りつけようと相手を探している……","撓り続ける竿。水面は激しくバシャバシャと音を立て続けている。２人で一気に引き上げると－－－

見事な大きさの魚が釣れた。これは金になるぞ！！と大喜びのリディは、早速売りつけようと相手を探している……","撓り続ける竿。水面は激しくバシャバシャと音を立て続けている。２人で一気に引き上げると－－－

見事な大きさの魚が釣れた。これは金になるぞ！！と大喜びのリディは、早速売りつけようと相手を探している……"
"10037021","リディを助ける","リディを助ける","リディを助ける"
"10037022","引き上げようとした竿は重いが、意外と抵抗は強くない。２人で一気に引き上げると－－－

針に引っかかっていたのは長靴だった。あからさまにガッカリした表情のリディは、「お前にやる」とゴミを押し付けてきた……","引き上げようとした竿は重いが、意外と抵抗は強くない。２人で一気に引き上げると－－－

針に引っかかっていたのは長靴だった。あからさまにガッカリした表情のリディは、「お前にやる」とゴミを押し付けてきた……","引き上げようとした竿は重いが、意外と抵抗は強くない。２人で一気に引き上げると－－－

針に引っかかっていたのは長靴だった。あからさまにガッカリした表情のリディは、「お前にやる」とゴミを押し付けてきた……"
"10037031","ブルーノを助ける","ブルーノを助ける","ブルーノを助ける"
"10037032","撓り続ける竿。水面は激しくバシャバシャと音を立て続けている。２人で一気に引き上げると－－－

見事なサイズの薬魚が釣れた。オヤジに高値で売りつけようぜ、とブルーノはニヤニヤしている。","撓り続ける竿。水面は激しくバシャバシャと音を立て続けている。２人で一気に引き上げると－－－

見事なサイズの薬魚が釣れた。オヤジに高値で売りつけようぜ、とブルーノはニヤニヤしている。","撓り続ける竿。水面は激しくバシャバシャと音を立て続けている。２人で一気に引き上げると－－－

見事なサイズの薬魚が釣れた。オヤジに高値で売りつけようぜ、とブルーノはニヤニヤしている。"
"10037041","ブルーノを助ける","ブルーノを助ける","ブルーノを助ける"
"10037042","引き上げようとした竿は重いが、意外と抵抗は強くない。２人で一気に引き上げると－－－

水から出てきたのはかなり大きな石だった。よく引き上げられたな、と驚く君の横で、ブルーノは「筋肉は裏切らない！」と叫んでいる。","引き上げようとした竿は重いが、意外と抵抗は強くない。２人で一気に引き上げると－－－

水から出てきたのはかなり大きな石だった。よく引き上げられたな、と驚く君の横で、ブルーノは「筋肉は裏切らない！」と叫んでいる。","引き上げようとした竿は重いが、意外と抵抗は強くない。２人で一気に引き上げると－－－

水から出てきたのはかなり大きな石だった。よく引き上げられたな、と驚く君の横で、ブルーノは「筋肉は裏切らない！」と叫んでいる。"
"10037051","","",""
"10037052","通常選択肢、<highlight>選択したカードが上にあがるパターン</highlight>のテストです。
画面下に出ているカードから１枚選択してください。","通常選択肢、<highlight>選択したカードが上にあがるパターン</highlight>のテストです。
画面下に出ているカードから１枚選択してください。","通常選択肢、<highlight>選択したカードが上にあがるパターン</highlight>のテストです。
画面下に出ているカードから１枚選択してください。"
"10037061","","",""
"10037062","通常選択肢、<highlight>選択したカードがそのまま下がるパターン</highlight>のテストです。
画面下に出ているカードから１枚選択してください。","通常選択肢、<highlight>選択したカードがそのまま下がるパターン</highlight>のテストです。
画面下に出ているカードから１枚選択してください。","通常選択肢、<highlight>選択したカードがそのまま下がるパターン</highlight>のテストです。
画面下に出ているカードから１枚選択してください。"
"10037071","選択肢１","選択肢１","選択肢１"
"10037072","選択肢１のテキストが書いてある場合があるよ","選択肢１のテキストが書いてある場合があるよ","選択肢１のテキストが書いてある場合があるよ"
"10037081","選択肢２","選択肢２","選択肢２"
"10037082","選択肢２のテキストが書いてある場合があるよ","選択肢２のテキストが書いてある場合があるよ","選択肢２のテキストが書いてある場合があるよ"
"10037091","選択肢３","選択肢３","選択肢３"
"10037092","選択肢３のテキストが書いてある場合があるよ","選択肢３のテキストが書いてある場合があるよ","選択肢３のテキストが書いてある場合があるよ"
"10037101","選択肢４","選択肢４","選択肢４"
"10037102","選択肢４のテキストが書いてある場合があるよ","選択肢４のテキストが書いてある場合があるよ","選択肢４のテキストが書いてある場合があるよ"
"10037111","選択肢５","選択肢５","選択肢５"
"10037112","選択肢５のテキストが書いてある場合があるよ","選択肢５のテキストが書いてある場合があるよ","選択肢５のテキストが書いてある場合があるよ"
"10037121","","",""
"10037122","<highlight>中央に選択肢カードが表示されるパターン</highlight>のテストです。
決定ボタンを押して次に進み、表示されたカードから１枚選択してください。","<highlight>中央に選択肢カードが表示されるパターン</highlight>のテストです。
決定ボタンを押して次に進み、表示されたカードから１枚選択してください。","<highlight>中央に選択肢カードが表示されるパターン</highlight>のテストです。
決定ボタンを押して次に進み、表示されたカードから１枚選択してください。"
"10037131","","",""
"10037132","（仮テキスト）
ここでサブタイトルが表示されます","（仮テキスト）
ここでサブタイトルが表示されます","（仮テキスト）
ここでサブタイトルが表示されます"
"10037141","","",""
"10037142","（仮テキスト）
ここで１章予告ムービーが再生されます","（仮テキスト）
ここで１章予告ムービーが再生されます","（仮テキスト）
ここで１章予告ムービーが再生されます"
"10037151","","",""
"10037152","（仮テキスト）
ここで３章予告ムービーが再生されます","（仮テキスト）
ここで３章予告ムービーが再生されます","（仮テキスト）
ここで３章予告ムービーが再生されます"
"10037161","","",""
"10037162","（仮テキスト）
ここで４章予告ムービーが再生されます","（仮テキスト）
ここで４章予告ムービーが再生されます","（仮テキスト）
ここで４章予告ムービーが再生されます"
"10037171","","",""
"10037172","（仮テキスト）
ここで５章予告ムービーが再生されます","（仮テキスト）
ここで５章予告ムービーが再生されます","（仮テキスト）
ここで５章予告ムービーが再生されます"
"10037181","","",""
"10037182","（仮テキスト）
ここで６章予告ムービーが再生されます","（仮テキスト）
ここで６章予告ムービーが再生されます","（仮テキスト）
ここで６章予告ムービーが再生されます"
"10037191","","",""
"10037192","彫像を同じ方向に連続で動かすことはできません","彫像を同じ方向に連続で動かすことはできません","彫像を同じ方向に連続で動かすことはできません"
"10037201","","",""
"10037202","トロッコに乗りますか？","トロッコに乗りますか？","トロッコに乗りますか？"
"10037211","","",""
"10037212","","遠くから金属音が聞こえてきた。どうやらレールの接続を切り替える装置のようだ。(仮テキスト）",""
"10037221","","",""
"10037222","彫像を上方向に動かしますか？","彫像を上方向に動かしますか？","彫像を上方向に動かしますか？"
"10037231","","",""
"10037232","彫像を左方向に動かしますか？","彫像を左方向に動かしますか？","彫像を左方向に動かしますか？"
"10037241","","",""
"10037242","彫像を右方向に動かしますか？","彫像を右方向に動かしますか？","彫像を右方向に動かしますか？"
"10037251","","",""
"10037252","レバーを切り替えてトロッコの進路を切り替えることができるようです

レバーを切り替えますか？","レバーを切り替えてトロッコの進路を切り替えることができるようです

レバーを切り替えますか？","レバーを切り替えてトロッコの進路を切り替えることができるようです

レバーを切り替えますか？"
"10037261","","",""
"10037262","トロッコの動作確認はここまでです","トロッコの動作確認はここまでです","トロッコの動作確認はここまでです"
"10037271","","",""
"10037272","彫像ギミックの確認はここまでです","彫像ギミックの確認はここまでです","彫像ギミックの確認はここまでです"
"10037281","","",""
"10037282","こちらは彫像をゴールまで動かすギミックとなります","こちらは彫像をゴールまで動かすギミックとなります","こちらは彫像をゴールまで動かすギミックとなります"
"10037291","","",""
"10037292","こちらが彫像です","こちらが彫像です","こちらが彫像です"
"10037301","","",""
"10037302","ここがゴールとなります","ここがゴールとなります","ここがゴールとなります"
"10037311","","",""
"10037312","この方向床に乗ると、その方向に彫像が動きます","この方向床に乗ると、その方向に彫像が動きます","この方向床に乗ると、その方向に彫像が動きます"
"10037321","","",""
"10037322","ただし、同じ方向に連続で彫像を動かすことはできないので注意してください","ただし、同じ方向に連続で彫像を動かすことはできないので注意してください","ただし、同じ方向に連続で彫像を動かすことはできないので注意してください"
"10037331","","",""
"10037332","扉に鍵がかかっていて開かないようだ

彫像をゴールまで動かして扉を開けよう","扉に鍵がかかっていて開かないようだ

彫像をゴールまで動かして扉を開けよう","扉に鍵がかかっていて開かないようだ

彫像をゴールまで動かして扉を開けよう"
"10037341","","",""
"10037342","正しい組み合わせを選んだようだ","正しい組み合わせを選んだようだ","正しい組み合わせを選んだようだ"
"10037351","","",""
"10037352","この組み合わせは違うようだ","この組み合わせは違うようだ","この組み合わせは違うようだ"
"10037361","","",""
"10037362","もう片方の組み合わせを選択しよう","もう片方の組み合わせを選択しよう","もう片方の組み合わせを選択しよう"
"10037371","","",""
"10037372","壁があるため、その方向に彫像を動かすことはできないようだ","壁があるため、その方向に彫像を動かすことはできないようだ","壁があるため、その方向に彫像を動かすことはできないようだ"
"10037381","板を置く","板を置く","板を置く"
"10037382","","",""
"10037391","板を取り除く","板を取り除く","板を取り除く"
"10037392","","",""
"10037401","","",""
"10037402","どこに板を置きますか？","どこに板を置きますか？","どこに板を置きますか？"
"10037411","","",""
"10037412","どこの板を取り除きますか？","どこの板を取り除きますか？","どこの板を取り除きますか？"
"10037421","上側に板を置く","上側に板を置く","上側に板を置く"
"10037422","","",""
"10037431","下側に板を置く","下側に板を置く","下側に板を置く"
"10037432","","",""
"10037441","左側に板を置く","左側に板を置く","左側に板を置く"
"10037442","","",""
"10037451","右側に板を置く","右側に板を置く","右側に板を置く"
"10037452","","",""
"10037461","上側","上側","上側"
"10037462","","",""
"10037471","下側","下側","下側"
"10037472","","",""
"10037481","左側","左側","左側"
"10037482","","",""
"10037491","右側","右側","右側"
"10037492","","",""
"10037501","","",""
"10037502","板を置いて渡ることができそうだ

さて、どうする？","板を置いて渡ることができそうだ

さて、どうする？","板を置いて渡ることができそうだ

さて、どうする？"
"10037511","","",""
"10037512","どの板を置くか選んでください","どの板を置くか選んでください","どの板を置くか選んでください"
"10037521","","",""
"10037522","あらたに板を置くか、もしくは、既に置かれている板を取り除くか、選んでください
","あらたに板を置くか、もしくは、既に置かれている板を取り除くか、選んでください
","あらたに板を置くか、もしくは、既に置かれている板を取り除くか、選んでください"
"10037531","","",""
"10037532","板が繋がらないため、その方向に板を置くことはできません","板が繋がらないため、その方向に板を置くことはできません","板が繋がらないため、その方向に板を置くことはできません"
"10037541","","",""
"10037542","板を置く場所がないようだ

板を置きなおして、うまく進路を見つけてみよう","板を置く場所がないようだ

板を置きなおして、うまく進路を見つけてみよう","板を置く場所がないようだ

板を置きなおして、うまく進路を見つけてみよう"
"10037551","","",""
"10037552","残りの組み合わせを探しだそう","残りの組み合わせを探しだそう","残りの組み合わせを探しだそう"
"10037561","","",""
"10037562","全ての組み合わせを探し当てた","全ての組み合わせを探し当てた","全ての組み合わせを探し当てた"
"10037571","何もしない","何もしない","何もしない"
"10037572","","",""
"10037581","","",""
"10037582","こちらは、板を繋げて燃える水の上を渡るギミックとなります","こちらは、板を繋げて燃える水の上を渡るギミックとなります","こちらは、板を繋げて燃える水の上を渡るギミックとなります"
"10037591","","",""
"10037592","このような板を水面に設置しながら水面上を進みます","このような板を水面に設置しながら水面上を進みます","このような板を水面に設置しながら水面上を進みます"
"10037601","","",""
"10037602","例えば…","例えば…","例えば…"
"10037611","","",""
"10037612","このように、板と板が繋がっているところは進行することができますが…","このように、板と板が繋がっているところは進行することができますが…","このように、板と板が繋がっているところは進行することができますが…"
"10037621","","",""
"10037622","板と板が繋がっていないところは進むことができません
注意してください","板と板が繋がっていないところは進むことができません
注意してください","板と板が繋がっていないところは進むことができません
注意してください"
"10037631","","",""
"10037632","なお、使用できる板の数には限りがあります","なお、使用できる板の数には限りがあります","なお、使用できる板の数には限りがあります"
"10037641","","",""
"10037642","こちらの板は4枚まで使用できます","こちらの板は4枚まで使用できます","こちらの板は4枚まで使用できます"
"10037651","","",""
"10037652","こちらの板は1枚のみ使用できます","こちらの板は1枚のみ使用できます","こちらの板は1枚のみ使用できます"
"10037661","","",""
"10037662","こちらの板も1枚のみ使用できます","こちらの板も1枚のみ使用できます","こちらの板も1枚のみ使用できます"
"10037671","","",""
"10037672","頭上から岩が落下してきた！
岩に当たらないように進もう","頭上から岩が落下してきた！
岩に当たらないように進もう","頭上から岩が落下してきた！
岩に当たらないように進もう"
"10037681","","",""
"10037682","落下した岩に接触してしまった

HPが1減った","落下した岩に接触してしまった

HPが1減った","落下した岩に接触してしまった

HPが1減った"
"10037691","","",""
"10037692","岩は地上に落下していった","岩は地上に落下していった","岩は地上に落下していった"
"10037701","","",""
"10037702","ここはロッククライミングギミックとなります","ここはロッククライミングギミックとなります","ここはロッククライミングギミックとなります"
"10037711","","",""
"10037712","落下する岩を避けながら頂上を目指してください","落下する岩を避けながら頂上を目指してください","落下する岩を避けながら頂上を目指してください"
"10037721","","",""
"10037722","落下する岩は、プレイヤーが進むたびに1マスずつ下に落下してきます","落下する岩は、プレイヤーが進むたびに1マスずつ下に落下してきます","落下する岩は、プレイヤーが進むたびに1マスずつ下に落下してきます"
"10037731","","",""
"10037732","ギミック確認はここまでとなります","ギミック確認はここまでとなります","ギミック確認はここまでとなります"
"10037741","最初からやり直す","最初からやり直す","最初からやり直す"
"10037742","","",""
"10037751","","",""
"10037752","こちらは、伏せられたカードから同じ絵柄のカードを探し当てるギミックとなります","こちらは、伏せられたカードから同じ絵柄のカードを探し当てるギミックとなります","こちらは、伏せられたカードから同じ絵柄のカードを探し当てるギミックとなります"
"10037761","","",""
"10037762","最初にカードの配置がシャッフルされます","最初にカードの配置がシャッフルされます","最初にカードの配置がシャッフルされます"
"10037771","","",""
"10037772","カードの配置をよく覚えておきましょう

準備が整ったらシャッフルを開始ししてください","カードの配置をよく覚えておきましょう

準備が整ったらシャッフルを開始ししてください","カードの配置をよく覚えておきましょう

準備が整ったらシャッフルを開始ししてください"
"10037781","シャッフル開始","シャッフル開始","シャッフル開始"
"10037782","","",""
"10037791","","",""
"10037792","シャッフルが終わりました

同じ絵柄のカードを探し当てましょう","シャッフルが終わりました

同じ絵柄のカードを探し当てましょう","シャッフルが終わりました

同じ絵柄のカードを探し当てましょう"
"10037801","","",""
"10037802","扉には鍵がかかっているようだ（仮）","扉には鍵がかかっているようだ（仮）","扉には鍵がかかっているようだ（仮）"
"10037811","","",""
"10037812","持っていた鍵を使って扉を開けることができた！（仮）","持っていた鍵を使って扉を開けることができた！（仮）","持っていた鍵を使って扉を開けることができた！（仮）"
"10037821","","",""
"10037822","板を手に入れた！","板を手に入れた！","板を手に入れた！"
"10037831","","",""
"10037832","","こちらは
バラバラにちぎれた地図を1枚に繋ぎあわせるギミックとなります",""
"10037841","","",""
"10037842","","1枚の地図になるように並び替えてみましょう",""
"10037851","","",""
"10037852","","地図を繋ぎあわせることができたようだ！",""
"10037861","","",""
"10037862","","地図をうまく繋ぎあわせることができなかった
もう一度試してみよう",""
"10037871","","",""
"10037872","Enter {CARDNAME:91360}?","「{CARDNAME:91360}」(町環境音無し)に入りますか？","进入 {CARDNAME:91360} 吗？"
"10037881","1F","1階に行く","前往 1 层"
"10037882","","",""
"10037891","2F","2階に行く","前往 2 层"
"10037892","","",""
"10037901","3F","3階に行く","前往 3 层"
"10037902","","",""
"10037911","4F","4階に行く","前往 4 层"
"10037912","","",""
"10037921","B1","地下1階に行く","前往地下 1 层"
"10037922","","",""
"10037931","B2","地下2階に行く","前往地下 2 层"
"10037932","","",""
"10037941","B3","地下3階に行く","前往地下 3 层"
"10037942","","",""
"10037951","B4","地下4階に行く","前往地下 4 层"
"10037952","","",""
"10037961","B5","地下5階に行く","前往地下 5 层"
"10037962","","",""
"10037971","Urbania","古代都市(地下6階)
に行く","前往古代都市（地下 6 层）"
"10037972","","",""
"10037981","Deciding Grounds","決戦の地へ行く","决战之地"
"10037982","","",""
"10037991","Cinema","映画館へ行く","前往电影院"
"10037992","","",""
"10038001","44F","地上44階へ行く","前往地上 44 层"
"10038002","","",""
"10038011","45F","地上45階へ行く","前往地上 45 层"
"10038012","","",""
"10038021","Midpoint","外壁・中層へ行く","前往外壁中层"
"10038022","","",""
"10038031","72F","地上72階へ行く","前往地上 72 层"
"10038032","","",""
"10038041","Upper Reaches","外壁・上層へ行く","前往外壁上层"
"10038042","","",""
"10038051","99F","地上99階へ行く","前往地上 99 层"
"10038052","","",""
"10038061","Top","最上階へ行く","前往最上层"
"10038062","","",""
"10038071","Next","次のページへ","下一步"
"10038072","","",""
"10038081","Previous","前のページへ","上一页"
"10038082","","",""
"10038091","Approach（
Snowstorm）","入り口（吹雪あり）
へ行く","前往入口（有暴风雪）"
"10038092","","",""
"10038101","Approach（There is no snowstorm）","入り口（吹雪なし）
へ行く","前往入口（无暴风雪）"
"10038102","","",""
"10038111","Midpoint（There is no snowstorm）","外壁・中層（吹雪なし）
へ行く","前往外壁中层（无暴风雪）"
"10038112","","",""
"10038121","Upper Reaches（There is no snowstorm）","外壁・上層（吹雪なし）
へ行く","前往外壁上层（无暴风雪）"
"10038122","","",""
"10038131","Underground Passage","地下通路(地下1階)
に行く","地下通道"
"10038132","","",""
"10038141","EID_c080_00100 MAP","最下層1(EP用マップ)
へ行く","前往最下层 1（EP 用地图）"
"10038142","","",""
"10038151","EID_c080_00300 MAP","最下層2(EP用マップ)
へ行く","前往最下层 2（EP 用地图）"
"10038152","","",""
"10038161","The Depths","地下の深層(EXD)
へ行く","前往地下深层（EXD）"
"10038162","","",""
